{
	"credit": "Made with Blockbench",
	"textures": {
		"1": "./sai",
		"particle": "./sai"
	},
	"elements": [
		{
			"from": [6.625, 2.6, 6.75],
			"to": [8.875, 3.35, 8.225],
			"rotation": {"angle": 0, "axis": "y", "origin": [0, 1, 4]},
			"faces": {
				"north": {"uv": [5.75, 13.375, 4.625, 13.75], "texture": "#1"},
				"east": {"uv": [5.625, 13.375, 5.75, 13.75], "texture": "#1"},
				"south": {"uv": [4.625, 13.375, 5.75, 13.75], "texture": "#1"},
				"west": {"uv": [4.625, 13.375, 4.75, 13.75], "texture": "#1"},
				"up": {"uv": [4.625, 13.375, 5.75, 13.5], "texture": "#1"},
				"down": {"uv": [5.75, 13.625, 4.625, 13.75], "rotation": 180, "texture": "#1"}
			}
		},
		{
			"from": [6.625, -5.9, 6.875],
			"to": [8.875, -4.4, 8.1],
			"rotation": {"angle": 0, "axis": "y", "origin": [0, 1, 4]},
			"faces": {
				"north": {"uv": [12.25, 11.5, 11.125, 12.25], "texture": "#1"},
				"east": {"uv": [12.25, 11.5, 13.25, 12.25], "texture": "#1"},
				"south": {"uv": [11.125, 11.5, 12.25, 12.25], "texture": "#1"},
				"west": {"uv": [10.125, 11.5, 11.125, 12.25], "texture": "#1"},
				"up": {"uv": [11.125, 11.5, 12.25, 11.625], "texture": "#1"},
				"down": {"uv": [12.25, 12.125, 11.125, 12.25], "rotation": 180, "texture": "#1"}
			}
		},
		{
			"from": [5.875, -6.9, 7.175],
			"to": [9.625, -6.65, 7.8],
			"rotation": {"angle": 0, "axis": "y", "origin": [0, 1, 4]},
			"faces": {
				"north": {"uv": [12.625, 12.625, 10.75, 12.75], "texture": "#1"},
				"east": {"uv": [12.5, 12.625, 12.625, 12.75], "texture": "#1"},
				"south": {"uv": [10.75, 12.625, 12.625, 12.75], "texture": "#1"},
				"west": {"uv": [10.75, 12.625, 10.875, 12.75], "texture": "#1"},
				"up": {"uv": [10.75, 12.625, 12.625, 12.75], "texture": "#1"},
				"down": {"uv": [12.625, 12.625, 10.75, 12.75], "rotation": 180, "texture": "#1"}
			}
		},
		{
			"from": [6.125, -7.15, 7.175],
			"to": [9.375, -6.9, 7.8],
			"rotation": {"angle": 0, "axis": "y", "origin": [0, 1, 4]},
			"faces": {
				"north": {"uv": [12.5, 12.75, 10.875, 12.875], "texture": "#1"},
				"east": {"uv": [12.375, 12.75, 12.5, 12.875], "texture": "#1"},
				"south": {"uv": [10.875, 12.75, 12.5, 12.875], "texture": "#1"},
				"west": {"uv": [10.875, 12.75, 11, 12.875], "texture": "#1"},
				"up": {"uv": [10.875, 12.75, 12.5, 12.875], "texture": "#1"},
				"down": {"uv": [12.5, 12.75, 10.875, 12.875], "rotation": 180, "texture": "#1"}
			}
		},
		{
			"from": [6.375, -7.4, 7.175],
			"to": [9.125, -7.15, 7.8],
			"rotation": {"angle": 0, "axis": "y", "origin": [0, 1, 4]},
			"faces": {
				"north": {"uv": [12.375, 12.875, 11, 13], "texture": "#1"},
				"east": {"uv": [12.25, 12.875, 12.375, 13], "texture": "#1"},
				"south": {"uv": [11, 12.875, 12.375, 13], "texture": "#1"},
				"west": {"uv": [11, 12.875, 11.125, 13], "texture": "#1"},
				"up": {"uv": [11, 12.875, 12.375, 13], "texture": "#1"},
				"down": {"uv": [12.375, 12.875, 11, 13], "rotation": 180, "texture": "#1"}
			}
		},
		{
			"from": [6.625, -7.65, 7.175],
			"to": [8.875, -7.4, 7.8],
			"rotation": {"angle": 0, "axis": "y", "origin": [0, 1, 4]},
			"faces": {
				"north": {"uv": [12.25, 13, 11.125, 13.125], "texture": "#1"},
				"east": {"uv": [12.125, 13, 12.25, 13.125], "texture": "#1"},
				"south": {"uv": [11.125, 13, 12.25, 13.125], "texture": "#1"},
				"west": {"uv": [11.125, 13, 11.25, 13.125], "texture": "#1"},
				"up": {"uv": [11.125, 13, 12.25, 13.125], "texture": "#1"},
				"down": {"uv": [12.25, 13, 11.125, 13.125], "rotation": 180, "texture": "#1"}
			}
		},
		{
			"from": [6.875, -7.9, 7.175],
			"to": [8.625, -7.65, 7.8],
			"rotation": {"angle": 0, "axis": "y", "origin": [0, 1, 4]},
			"faces": {
				"north": {"uv": [12.125, 13.125, 11.25, 13.25], "texture": "#1"},
				"east": {"uv": [12, 13.125, 12.125, 13.25], "texture": "#1"},
				"south": {"uv": [11.25, 13.125, 12.125, 13.25], "texture": "#1"},
				"west": {"uv": [11.25, 13.125, 11.375, 13.25], "texture": "#1"},
				"up": {"uv": [11.25, 13.125, 12.125, 13.25], "texture": "#1"},
				"down": {"uv": [12.125, 13.125, 11.25, 13.25], "rotation": 180, "texture": "#1"}
			}
		},
		{
			"from": [7.125, -8.15, 7.175],
			"to": [8.375, -7.9, 7.8],
			"rotation": {"angle": 0, "axis": "y", "origin": [0, 1, 4]},
			"faces": {
				"north": {"uv": [12, 13.25, 11.375, 13.375], "texture": "#1"},
				"east": {"uv": [11.875, 13.25, 12, 13.375], "texture": "#1"},
				"south": {"uv": [11.375, 13.25, 12, 13.375], "texture": "#1"},
				"west": {"uv": [11.375, 13.25, 11.5, 13.375], "texture": "#1"},
				"up": {"uv": [11.375, 13.25, 12, 13.375], "texture": "#1"},
				"down": {"uv": [12, 13.25, 11.375, 13.375], "rotation": 180, "texture": "#1"}
			}
		},
		{
			"from": [7.375, -8.4, 7.175],
			"to": [8.125, -8.15, 7.8],
			"rotation": {"angle": 0, "axis": "y", "origin": [0, 1, 4]},
			"faces": {
				"north": {"uv": [11.875, 13.375, 11.5, 13.5], "texture": "#1"},
				"east": {"uv": [11.75, 13.375, 11.875, 13.5], "texture": "#1"},
				"south": {"uv": [11.5, 13.375, 11.875, 13.5], "texture": "#1"},
				"west": {"uv": [11.5, 13.375, 11.625, 13.5], "texture": "#1"},
				"up": {"uv": [11.5, 13.375, 11.875, 13.5], "texture": "#1"},
				"down": {"uv": [11.875, 13.375, 11.5, 13.5], "rotation": 180, "texture": "#1"}
			}
		},
		{
			"from": [7.625, -8.65, 7.175],
			"to": [7.875, -8.4, 7.8],
			"rotation": {"angle": 0, "axis": "y", "origin": [0, 1, 4]},
			"faces": {
				"north": {"uv": [11.75, 13.5, 11.625, 13.625], "texture": "#1"},
				"east": {"uv": [11.625, 13.5, 11.75, 13.625], "texture": "#1"},
				"south": {"uv": [11.625, 13.5, 11.75, 13.625], "texture": "#1"},
				"west": {"uv": [11.625, 13.5, 11.75, 13.625], "texture": "#1"},
				"up": {"uv": [11.625, 13.5, 11.75, 13.625], "texture": "#1"},
				"down": {"uv": [11.75, 13.5, 11.625, 13.625], "rotation": 180, "texture": "#1"}
			}
		},
		{
			"from": [6.875, 4.35, 7.275],
			"to": [8.625, 4.6, 7.7],
			"rotation": {"angle": 0, "axis": "y", "origin": [0, 1, 4]},
			"faces": {
				"north": {"uv": [5.625, 12.75, 4.75, 12.875], "texture": "#1"},
				"east": {"uv": [5.5, 12.75, 5.625, 12.875], "texture": "#1"},
				"south": {"uv": [4.75, 12.75, 5.625, 12.875], "texture": "#1"},
				"west": {"uv": [4.75, 12.75, 4.875, 12.875], "texture": "#1"},
				"up": {"uv": [4.75, 12.75, 5.625, 12.875], "texture": "#1"},
				"down": {"uv": [5.625, 12.75, 4.75, 12.875], "rotation": 180, "texture": "#1"}
			}
		},
		{
			"from": [7.625, 3.85, 6.825],
			"to": [7.875, 4.1, 8.175],
			"rotation": {"angle": 0, "axis": "y", "origin": [0, 1, 4]},
			"faces": {
				"north": {"uv": [5.25, 13, 5.125, 13.125], "texture": "#1"},
				"east": {"uv": [5.125, 13, 5.25, 13.125], "texture": "#1"},
				"south": {"uv": [5.125, 13, 5.25, 13.125], "texture": "#1"},
				"west": {"uv": [5.125, 13, 5.25, 13.125], "texture": "#1"},
				"up": {"uv": [5.125, 13, 5.25, 13.125], "texture": "#1"},
				"down": {"uv": [5.25, 13, 5.125, 13.125], "rotation": 180, "texture": "#1"}
			}
		},
		{
			"from": [7.375, 4.1, 6.975],
			"to": [8.125, 4.35, 8.025],
			"rotation": {"angle": 0, "axis": "y", "origin": [0, 1, 4]},
			"faces": {
				"north": {"uv": [5.375, 12.875, 5, 13], "texture": "#1"},
				"east": {"uv": [5.25, 12.875, 5.375, 13], "texture": "#1"},
				"south": {"uv": [5, 12.875, 5.375, 13], "texture": "#1"},
				"west": {"uv": [5, 12.875, 5.125, 13], "texture": "#1"},
				"up": {"uv": [5, 12.875, 5.375, 13], "texture": "#1"},
				"down": {"uv": [5.375, 12.875, 5, 13], "rotation": 180, "texture": "#1"}
			}
		},
		{
			"from": [7.125, 4.35, 7.15],
			"to": [8.375, 4.6, 7.875],
			"rotation": {"angle": 0, "axis": "y", "origin": [0, 1, 4]},
			"faces": {
				"north": {"uv": [5.5, 12.75, 4.875, 12.875], "texture": "#1"},
				"east": {"uv": [5.375, 12.75, 5.5, 12.875], "texture": "#1"},
				"south": {"uv": [4.875, 12.75, 5.5, 12.875], "texture": "#1"},
				"west": {"uv": [4.875, 12.75, 5, 12.875], "texture": "#1"},
				"up": {"uv": [4.875, 12.75, 5.5, 12.875], "texture": "#1"},
				"down": {"uv": [5.5, 12.75, 4.875, 12.875], "rotation": 180, "texture": "#1"}
			}
		},
		{
			"from": [7.625, 4.1, 6.825],
			"to": [7.875, 4.35, 8.175],
			"rotation": {"angle": 0, "axis": "y", "origin": [0, 1, 4]},
			"faces": {
				"north": {"uv": [5.25, 12.875, 5.125, 13], "texture": "#1"},
				"east": {"uv": [5.125, 12.875, 5.25, 13], "texture": "#1"},
				"south": {"uv": [5.125, 12.875, 5.25, 13], "texture": "#1"},
				"west": {"uv": [5.125, 12.875, 5.25, 13], "texture": "#1"},
				"up": {"uv": [5.125, 12.875, 5.25, 13], "texture": "#1"},
				"down": {"uv": [5.25, 12.875, 5.125, 13], "rotation": 180, "texture": "#1"}
			}
		},
		{
			"from": [7.375, 4.35, 6.975],
			"to": [8.125, 4.6, 8.025],
			"rotation": {"angle": 0, "axis": "y", "origin": [0, 1, 4]},
			"faces": {
				"north": {"uv": [5.375, 12.75, 5, 12.875], "texture": "#1"},
				"east": {"uv": [5.25, 12.75, 5.375, 12.875], "texture": "#1"},
				"south": {"uv": [5, 12.75, 5.375, 12.875], "texture": "#1"},
				"west": {"uv": [5, 12.75, 5.125, 12.875], "texture": "#1"},
				"up": {"uv": [5, 12.75, 5.375, 12.875], "texture": "#1"},
				"down": {"uv": [5.375, 12.75, 5, 12.875], "rotation": 180, "texture": "#1"}
			}
		},
		{
			"from": [7.625, 4.35, 6.825],
			"to": [7.875, 4.6, 8.175],
			"rotation": {"angle": 0, "axis": "y", "origin": [0, 1, 4]},
			"faces": {
				"north": {"uv": [5.25, 12.75, 5.125, 12.875], "texture": "#1"},
				"east": {"uv": [5.125, 12.75, 5.25, 12.875], "texture": "#1"},
				"south": {"uv": [5.125, 12.75, 5.25, 12.875], "texture": "#1"},
				"west": {"uv": [5.125, 12.75, 5.25, 12.875], "texture": "#1"},
				"up": {"uv": [5.125, 12.75, 5.25, 12.875], "texture": "#1"},
				"down": {"uv": [5.25, 12.75, 5.125, 12.875], "rotation": 180, "texture": "#1"}
			}
		},
		{
			"from": [7.125, 4.1, 7.15],
			"to": [8.375, 4.35, 7.875],
			"rotation": {"angle": 0, "axis": "y", "origin": [0, 1, 4]},
			"faces": {
				"north": {"uv": [5.5, 12.875, 4.875, 13], "texture": "#1"},
				"east": {"uv": [5.375, 12.875, 5.5, 13], "texture": "#1"},
				"south": {"uv": [4.875, 12.875, 5.5, 13], "texture": "#1"},
				"west": {"uv": [4.875, 12.875, 5, 13], "texture": "#1"},
				"up": {"uv": [4.875, 12.875, 5.5, 13], "texture": "#1"},
				"down": {"uv": [5.5, 12.875, 4.875, 13], "rotation": 180, "texture": "#1"}
			}
		},
		{
			"from": [7.375, 3.85, 6.975],
			"to": [8.125, 4.1, 8.025],
			"rotation": {"angle": 0, "axis": "y", "origin": [0, 1, 4]},
			"faces": {
				"north": {"uv": [5.375, 13, 5, 13.125], "texture": "#1"},
				"east": {"uv": [5.25, 13, 5.375, 13.125], "texture": "#1"},
				"south": {"uv": [5, 13, 5.375, 13.125], "texture": "#1"},
				"west": {"uv": [5, 13, 5.125, 13.125], "texture": "#1"},
				"up": {"uv": [5, 13, 5.375, 13.125], "texture": "#1"},
				"down": {"uv": [5.375, 13, 5, 13.125], "rotation": 180, "texture": "#1"}
			}
		},
		{
			"from": [7.625, 3.6, 6.825],
			"to": [7.875, 3.85, 8.175],
			"rotation": {"angle": 0, "axis": "y", "origin": [0, 1, 4]},
			"faces": {
				"north": {"uv": [5.25, 13.125, 5.125, 13.25], "texture": "#1"},
				"east": {"uv": [5.125, 13.125, 5.25, 13.25], "texture": "#1"},
				"south": {"uv": [5.125, 13.125, 5.25, 13.25], "texture": "#1"},
				"west": {"uv": [5.125, 13.125, 5.25, 13.25], "texture": "#1"},
				"up": {"uv": [5.125, 13.125, 5.25, 13.25], "texture": "#1"},
				"down": {"uv": [5.25, 13.125, 5.125, 13.25], "rotation": 180, "texture": "#1"}
			}
		},
		{
			"from": [6.875, -6.65, 7],
			"to": [8.625, -5.9, 7.95],
			"rotation": {"angle": 0, "axis": "y", "origin": [0, 1, 4]},
			"faces": {
				"north": {"uv": [12.125, 12.25, 11.25, 12.625], "texture": "#1"},
				"east": {"uv": [12, 12.25, 12.125, 12.625], "texture": "#1"},
				"south": {"uv": [11.25, 12.25, 12.125, 12.625], "texture": "#1"},
				"west": {"uv": [11.25, 12.25, 11.375, 12.625], "texture": "#1"},
				"up": {"uv": [11.25, 12.25, 12.125, 12.375], "texture": "#1"},
				"down": {"uv": [12.125, 12.5, 11.25, 12.625], "rotation": 180, "texture": "#1"}
			}
		},
		{
			"from": [7.125, 1.85, 6.75],
			"to": [8.375, 2.6, 8.225],
			"rotation": {"angle": 0, "axis": "y", "origin": [0, 1, 4]},
			"faces": {
				"north": {"uv": [5.5, 13.75, 4.875, 14.125], "texture": "#1"},
				"east": {"uv": [5.375, 13.75, 5.5, 14.125], "texture": "#1"},
				"south": {"uv": [4.875, 13.75, 5.5, 14.125], "texture": "#1"},
				"west": {"uv": [4.875, 13.75, 5, 14.125], "texture": "#1"},
				"up": {"uv": [4.875, 13.75, 5.5, 13.875], "texture": "#1"},
				"down": {"uv": [5.5, 14, 4.875, 14.125], "rotation": 180, "texture": "#1"}
			}
		},
		{
			"from": [7.375, 1.1, 6.75],
			"to": [8.125, 1.85, 8.225],
			"rotation": {"angle": 0, "axis": "y", "origin": [0, 1, 4]},
			"faces": {
				"north": {"uv": [5.375, 14.125, 5, 14.5], "texture": "#1"},
				"east": {"uv": [5.25, 14.125, 5.375, 14.5], "texture": "#1"},
				"south": {"uv": [5, 14.125, 5.375, 14.5], "texture": "#1"},
				"west": {"uv": [5, 14.125, 5.125, 14.5], "texture": "#1"},
				"up": {"uv": [5, 14.125, 5.375, 14.25], "texture": "#1"},
				"down": {"uv": [5.375, 14.375, 5, 14.5], "rotation": 180, "texture": "#1"}
			}
		},
		{
			"from": [7.625, 0.35, 6.75],
			"to": [7.875, 1.1, 8.225],
			"rotation": {"angle": 0, "axis": "y", "origin": [0, 1, 4]},
			"faces": {
				"north": {"uv": [5.25, 14.5, 5.125, 14.875], "texture": "#1"},
				"east": {"uv": [5.125, 14.5, 5.25, 14.875], "texture": "#1"},
				"south": {"uv": [5.125, 14.5, 5.25, 14.875], "texture": "#1"},
				"west": {"uv": [5.125, 14.5, 5.25, 14.875], "texture": "#1"},
				"up": {"uv": [5.125, 14.5, 5.25, 14.625], "texture": "#1"},
				"down": {"uv": [5.25, 14.75, 5.125, 14.875], "rotation": 180, "texture": "#1"}
			}
		},
		{
			"from": [6.625, 3.35, 6.75],
			"to": [8.875, 3.6, 8.225],
			"rotation": {"angle": 0, "axis": "y", "origin": [0, 1, 4]},
			"faces": {
				"north": {"uv": [5.75, 13.25, 4.625, 13.375], "texture": "#1"},
				"east": {"uv": [5.625, 13.25, 5.75, 13.375], "texture": "#1"},
				"south": {"uv": [4.625, 13.25, 5.75, 13.375], "texture": "#1"},
				"west": {"uv": [4.625, 13.25, 4.75, 13.375], "texture": "#1"},
				"up": {"uv": [4.625, 13.25, 5.75, 13.375], "texture": "#1"},
				"down": {"uv": [5.75, 13.25, 4.625, 13.375], "rotation": 180, "texture": "#1"}
			}
		},
		{
			"from": [7.875, 3.6, 6.75],
			"to": [8.875, 3.85, 8.225],
			"rotation": {"angle": 0, "axis": "y", "origin": [0, 1, 4]},
			"faces": {
				"north": {"uv": [5.75, 13.125, 5.25, 13.25], "texture": "#1"},
				"east": {"uv": [5.625, 13.125, 5.75, 13.25], "texture": "#1"},
				"south": {"uv": [5.25, 13.125, 5.75, 13.25], "texture": "#1"},
				"west": {"uv": [5.25, 13.125, 5.375, 13.25], "texture": "#1"},
				"up": {"uv": [5.25, 13.125, 5.75, 13.25], "texture": "#1"},
				"down": {"uv": [5.75, 13.125, 5.25, 13.25], "rotation": 180, "texture": "#1"}
			}
		},
		{
			"from": [6.625, 3.6, 6.75],
			"to": [7.625, 3.85, 8.225],
			"rotation": {"angle": 0, "axis": "y", "origin": [0, 1, 4]},
			"faces": {
				"north": {"uv": [5.125, 13.125, 4.625, 13.25], "texture": "#1"},
				"east": {"uv": [5, 13.125, 5.125, 13.25], "texture": "#1"},
				"south": {"uv": [4.625, 13.125, 5.125, 13.25], "texture": "#1"},
				"west": {"uv": [4.625, 13.125, 4.75, 13.25], "texture": "#1"},
				"up": {"uv": [4.625, 13.125, 5.125, 13.25], "texture": "#1"},
				"down": {"uv": [5.125, 13.125, 4.625, 13.25], "rotation": 180, "texture": "#1"}
			}
		},
		{
			"from": [8.125, 3.85, 6.75],
			"to": [8.875, 4.1, 8.225],
			"rotation": {"angle": 0, "axis": "y", "origin": [0, 1, 4]},
			"faces": {
				"north": {"uv": [5.75, 13, 5.375, 13.125], "texture": "#1"},
				"east": {"uv": [5.625, 13, 5.75, 13.125], "texture": "#1"},
				"south": {"uv": [5.375, 13, 5.75, 13.125], "texture": "#1"},
				"west": {"uv": [5.375, 13, 5.5, 13.125], "texture": "#1"},
				"up": {"uv": [5.375, 13, 5.75, 13.125], "texture": "#1"},
				"down": {"uv": [5.75, 13, 5.375, 13.125], "rotation": 180, "texture": "#1"}
			}
		},
		{
			"from": [8.625, 4.35, 6.75],
			"to": [8.875, 4.6, 8.225],
			"rotation": {"angle": 0, "axis": "y", "origin": [0, 1, 4]},
			"faces": {
				"north": {"uv": [5.75, 12.75, 5.625, 12.875], "texture": "#1"},
				"east": {"uv": [5.625, 12.75, 5.75, 12.875], "texture": "#1"},
				"south": {"uv": [5.625, 12.75, 5.75, 12.875], "texture": "#1"},
				"west": {"uv": [5.625, 12.75, 5.75, 12.875], "texture": "#1"},
				"up": {"uv": [5.625, 12.75, 5.75, 12.875], "texture": "#1"},
				"down": {"uv": [5.75, 12.75, 5.625, 12.875], "rotation": 180, "texture": "#1"}
			}
		},
		{
			"from": [6.625, 4.35, 6.75],
			"to": [6.875, 4.6, 8.225],
			"rotation": {"angle": 0, "axis": "y", "origin": [0, 1, 4]},
			"faces": {
				"north": {"uv": [4.75, 12.75, 4.625, 12.875], "texture": "#1"},
				"east": {"uv": [4.625, 12.75, 4.75, 12.875], "texture": "#1"},
				"south": {"uv": [4.625, 12.75, 4.75, 12.875], "texture": "#1"},
				"west": {"uv": [4.625, 12.75, 4.75, 12.875], "texture": "#1"},
				"up": {"uv": [4.625, 12.75, 4.75, 12.875], "texture": "#1"},
				"down": {"uv": [4.75, 12.75, 4.625, 12.875], "rotation": 180, "texture": "#1"}
			}
		},
		{
			"from": [8.375, 4.1, 6.75],
			"to": [8.875, 4.35, 8.225],
			"rotation": {"angle": 0, "axis": "y", "origin": [0, 1, 4]},
			"faces": {
				"north": {"uv": [5.75, 12.875, 5.5, 13], "texture": "#1"},
				"east": {"uv": [5.625, 12.875, 5.75, 13], "texture": "#1"},
				"south": {"uv": [5.5, 12.875, 5.75, 13], "texture": "#1"},
				"west": {"uv": [5.5, 12.875, 5.625, 13], "texture": "#1"},
				"up": {"uv": [5.5, 12.875, 5.75, 13], "texture": "#1"},
				"down": {"uv": [5.75, 12.875, 5.5, 13], "rotation": 180, "texture": "#1"}
			}
		},
		{
			"from": [6.625, 4.1, 6.75],
			"to": [7.125, 4.35, 8.225],
			"rotation": {"angle": 0, "axis": "y", "origin": [0, 1, 4]},
			"faces": {
				"north": {"uv": [4.875, 12.875, 4.625, 13], "texture": "#1"},
				"east": {"uv": [4.75, 12.875, 4.875, 13], "texture": "#1"},
				"south": {"uv": [4.625, 12.875, 4.875, 13], "texture": "#1"},
				"west": {"uv": [4.625, 12.875, 4.75, 13], "texture": "#1"},
				"up": {"uv": [4.625, 12.875, 4.875, 13], "texture": "#1"},
				"down": {"uv": [4.875, 12.875, 4.625, 13], "rotation": 180, "texture": "#1"}
			}
		},
		{
			"from": [6.625, 3.85, 6.75],
			"to": [7.375, 4.1, 8.225],
			"rotation": {"angle": 0, "axis": "y", "origin": [0, 1, 4]},
			"faces": {
				"north": {"uv": [5, 13, 4.625, 13.125], "texture": "#1"},
				"east": {"uv": [4.875, 13, 5, 13.125], "texture": "#1"},
				"south": {"uv": [4.625, 13, 5, 13.125], "texture": "#1"},
				"west": {"uv": [4.625, 13, 4.75, 13.125], "texture": "#1"},
				"up": {"uv": [4.625, 13, 5, 13.125], "texture": "#1"},
				"down": {"uv": [5, 13, 4.625, 13.125], "rotation": 180, "texture": "#1"}
			}
		},
		{
			"from": [6.625, 4.6, 7.425],
			"to": [8.875, 12.6, 7.575],
			"rotation": {"angle": 0, "axis": "y", "origin": [0, 1, 4]},
			"faces": {
				"north": {"uv": [5.75, 8.75, 4.625, 12.75], "texture": "#1"},
				"east": {"uv": [5.625, 8.75, 5.75, 12.75], "texture": "#1"},
				"south": {"uv": [4.625, 8.75, 5.75, 12.75], "texture": "#1"},
				"west": {"uv": [4.625, 8.75, 4.75, 12.75], "texture": "#1"},
				"up": {"uv": [4.625, 8.75, 5.75, 8.875], "texture": "#1"},
				"down": {"uv": [5.75, 12.625, 4.625, 12.75], "rotation": 180, "texture": "#1"}
			}
		},
		{
			"from": [6.875, 4.6, 7.275],
			"to": [8.625, 12.6, 7.7],
			"rotation": {"angle": 0, "axis": "y", "origin": [0, 1, 4]},
			"faces": {
				"north": {"uv": [5.625, 8.75, 4.75, 12.75], "texture": "#1"},
				"east": {"uv": [5.5, 8.75, 5.625, 12.75], "texture": "#1"},
				"south": {"uv": [4.75, 8.75, 5.625, 12.75], "texture": "#1"},
				"west": {"uv": [4.75, 8.75, 4.875, 12.75], "texture": "#1"},
				"up": {"uv": [4.75, 8.75, 5.625, 8.875], "texture": "#1"},
				"down": {"uv": [5.625, 12.625, 4.75, 12.75], "rotation": 180, "texture": "#1"}
			}
		},
		{
			"from": [7.625, 19.35, 7.125],
			"to": [7.875, 25.1, 7.875],
			"rotation": {"angle": 0, "axis": "y", "origin": [0, 1, 4]},
			"faces": {
				"north": {"uv": [5.25, 2.5, 5.125, 5.375], "texture": "#1"},
				"east": {"uv": [5.125, 2.5, 5.25, 5.375], "texture": "#1"},
				"south": {"uv": [5.125, 2.5, 5.25, 5.375], "texture": "#1"},
				"west": {"uv": [5.125, 2.5, 5.25, 5.375], "texture": "#1"},
				"up": {"uv": [5.125, 2.5, 5.25, 2.625], "texture": "#1"},
				"down": {"uv": [5.25, 5.25, 5.125, 5.375], "rotation": 180, "texture": "#1"}
			}
		},
		{
			"from": [7.375, 12.6, 7.125],
			"to": [8.125, 19.35, 7.875],
			"rotation": {"angle": 0, "axis": "y", "origin": [0, 1, 4]},
			"faces": {
				"north": {"uv": [5.375, 5.375, 5, 8.75], "texture": "#1"},
				"east": {"uv": [5.25, 5.375, 5.375, 8.75], "texture": "#1"},
				"south": {"uv": [5, 5.375, 5.375, 8.75], "texture": "#1"},
				"west": {"uv": [5, 5.375, 5.125, 8.75], "texture": "#1"},
				"up": {"uv": [5, 5.375, 5.375, 5.5], "texture": "#1"},
				"down": {"uv": [5.375, 8.625, 5, 8.75], "rotation": 180, "texture": "#1"}
			}
		},
		{
			"from": [7.375, 4.6, 6.975],
			"to": [8.125, 12.6, 8.025],
			"rotation": {"angle": 0, "axis": "y", "origin": [0, 1, 4]},
			"faces": {
				"north": {"uv": [5.375, 8.75, 5, 12.75], "texture": "#1"},
				"east": {"uv": [5.25, 8.75, 5.375, 12.75], "texture": "#1"},
				"south": {"uv": [5, 8.75, 5.375, 12.75], "texture": "#1"},
				"west": {"uv": [5, 8.75, 5.125, 12.75], "texture": "#1"},
				"up": {"uv": [5, 8.75, 5.375, 8.875], "texture": "#1"},
				"down": {"uv": [5.375, 12.625, 5, 12.75], "rotation": 180, "texture": "#1"}
			}
		},
		{
			"from": [7.625, 4.6, 6.825],
			"to": [7.875, 12.6, 8.175],
			"rotation": {"angle": 0, "axis": "y", "origin": [0, 1, 4]},
			"faces": {
				"north": {"uv": [5.25, 8.75, 5.125, 12.75], "texture": "#1"},
				"east": {"uv": [5.125, 8.75, 5.25, 12.75], "texture": "#1"},
				"south": {"uv": [5.125, 8.75, 5.25, 12.75], "texture": "#1"},
				"west": {"uv": [5.125, 8.75, 5.25, 12.75], "texture": "#1"},
				"up": {"uv": [5.125, 8.75, 5.25, 8.875], "texture": "#1"},
				"down": {"uv": [5.25, 12.625, 5.125, 12.75], "rotation": 180, "texture": "#1"}
			}
		},
		{
			"from": [7.625, 12.6, 6.975],
			"to": [7.875, 19.35, 8.025],
			"rotation": {"angle": 0, "axis": "y", "origin": [0, 1, 4]},
			"faces": {
				"north": {"uv": [5.25, 5.375, 5.125, 8.75], "texture": "#1"},
				"east": {"uv": [5.125, 5.375, 5.25, 8.75], "texture": "#1"},
				"south": {"uv": [5.125, 5.375, 5.25, 8.75], "texture": "#1"},
				"west": {"uv": [5.125, 5.375, 5.25, 8.75], "texture": "#1"},
				"up": {"uv": [5.125, 5.375, 5.25, 5.5], "texture": "#1"},
				"down": {"uv": [5.25, 8.625, 5.125, 8.75], "rotation": 180, "texture": "#1"}
			}
		},
		{
			"from": [7.125, 4.6, 7.125],
			"to": [8.375, 12.6, 7.875],
			"rotation": {"angle": 0, "axis": "y", "origin": [0, 1, 4]},
			"faces": {
				"north": {"uv": [5.5, 8.75, 4.875, 12.75], "texture": "#1"},
				"east": {"uv": [5.375, 8.75, 5.5, 12.75], "texture": "#1"},
				"south": {"uv": [4.875, 8.75, 5.5, 12.75], "texture": "#1"},
				"west": {"uv": [4.875, 8.75, 5, 12.75], "texture": "#1"},
				"up": {"uv": [4.875, 8.75, 5.5, 8.875], "texture": "#1"},
				"down": {"uv": [5.5, 12.625, 4.875, 12.75], "rotation": 180, "texture": "#1"}
			}
		},
		{
			"from": [7.125, 12.6, 7.275],
			"to": [8.375, 19.35, 7.7],
			"rotation": {"angle": 0, "axis": "y", "origin": [0, 1, 4]},
			"faces": {
				"north": {"uv": [5.5, 5.375, 4.875, 8.75], "texture": "#1"},
				"east": {"uv": [5.375, 5.375, 5.5, 8.75], "texture": "#1"},
				"south": {"uv": [4.875, 5.375, 5.5, 8.75], "texture": "#1"},
				"west": {"uv": [4.875, 5.375, 5, 8.75], "texture": "#1"},
				"up": {"uv": [4.875, 5.375, 5.5, 5.5], "texture": "#1"},
				"down": {"uv": [5.5, 8.625, 4.875, 8.75], "rotation": 180, "texture": "#1"}
			}
		},
		{
			"from": [6.875, 12.6, 7.425],
			"to": [8.625, 19.35, 7.575],
			"rotation": {"angle": 0, "axis": "y", "origin": [0, 1, 4]},
			"faces": {
				"north": {"uv": [5.625, 5.375, 4.75, 8.75], "texture": "#1"},
				"east": {"uv": [5.5, 5.375, 5.625, 8.75], "texture": "#1"},
				"south": {"uv": [4.75, 5.375, 5.625, 8.75], "texture": "#1"},
				"west": {"uv": [4.75, 5.375, 4.875, 8.75], "texture": "#1"},
				"up": {"uv": [4.75, 5.375, 5.625, 5.5], "texture": "#1"},
				"down": {"uv": [5.625, 8.625, 4.75, 8.75], "rotation": 180, "texture": "#1"}
			}
		},
		{
			"from": [7.375, 19.35, 7.275],
			"to": [8.125, 25.1, 7.7],
			"rotation": {"angle": 0, "axis": "y", "origin": [0, 1, 4]},
			"faces": {
				"north": {"uv": [5.375, 2.5, 5, 5.375], "texture": "#1"},
				"east": {"uv": [5.25, 2.5, 5.375, 5.375], "texture": "#1"},
				"south": {"uv": [5, 2.5, 5.375, 5.375], "texture": "#1"},
				"west": {"uv": [5, 2.5, 5.125, 5.375], "texture": "#1"},
				"up": {"uv": [5, 2.5, 5.375, 2.625], "texture": "#1"},
				"down": {"uv": [5.375, 5.25, 5, 5.375], "rotation": 180, "texture": "#1"}
			}
		},
		{
			"from": [7.375, 25.1, 7.425],
			"to": [8.125, 28.1, 7.575],
			"rotation": {"angle": 0, "axis": "y", "origin": [0, 1, 4]},
			"faces": {
				"north": {"uv": [5.375, 1, 5, 2.5], "texture": "#1"},
				"east": {"uv": [5.25, 1, 5.375, 2.5], "texture": "#1"},
				"south": {"uv": [5, 1, 5.375, 2.5], "texture": "#1"},
				"west": {"uv": [5, 1, 5.125, 2.5], "texture": "#1"},
				"up": {"uv": [5, 1, 5.375, 1.125], "texture": "#1"},
				"down": {"uv": [5.375, 2.375, 5, 2.5], "rotation": 180, "texture": "#1"}
			}
		},
		{
			"from": [7.625, 25.1, 7.275],
			"to": [7.875, 28.1, 7.7],
			"rotation": {"angle": 0, "axis": "y", "origin": [0, 1, 4]},
			"faces": {
				"north": {"uv": [5.25, 1, 5.125, 2.5], "texture": "#1"},
				"east": {"uv": [5.125, 1, 5.25, 2.5], "texture": "#1"},
				"south": {"uv": [5.125, 1, 5.25, 2.5], "texture": "#1"},
				"west": {"uv": [5.125, 1, 5.25, 2.5], "texture": "#1"},
				"up": {"uv": [5.125, 1, 5.25, 1.125], "texture": "#1"},
				"down": {"uv": [5.25, 2.375, 5.125, 2.5], "rotation": 180, "texture": "#1"}
			}
		},
		{
			"from": [7.625, 28.1, 7.425],
			"to": [7.875, 29.85, 7.575],
			"rotation": {"angle": 0, "axis": "y", "origin": [0, 1, 4]},
			"faces": {
				"north": {"uv": [5.25, 0.125, 5.125, 1], "texture": "#1"},
				"east": {"uv": [5.125, 0.125, 5.25, 1], "texture": "#1"},
				"south": {"uv": [5.125, 0.125, 5.25, 1], "texture": "#1"},
				"west": {"uv": [5.125, 0.125, 5.25, 1], "texture": "#1"},
				"up": {"uv": [5.125, 0.125, 5.25, 0.25], "texture": "#1"},
				"down": {"uv": [5.25, 0.875, 5.125, 1], "rotation": 180, "texture": "#1"}
			}
		},
		{
			"from": [7.125, 19.35, 7.425],
			"to": [8.375, 25.1, 7.575],
			"rotation": {"angle": 0, "axis": "y", "origin": [0, 1, 4]},
			"faces": {
				"north": {"uv": [5.5, 2.5, 4.875, 5.375], "texture": "#1"},
				"east": {"uv": [5.375, 2.5, 5.5, 5.375], "texture": "#1"},
				"south": {"uv": [4.875, 2.5, 5.5, 5.375], "texture": "#1"},
				"west": {"uv": [4.875, 2.5, 5, 5.375], "texture": "#1"},
				"up": {"uv": [4.875, 2.5, 5.5, 2.625], "texture": "#1"},
				"down": {"uv": [5.5, 5.25, 4.875, 5.375], "rotation": 180, "texture": "#1"}
			}
		},
		{
			"from": [4.625, 1.85, 7.125],
			"to": [5.875, 3.6, 7.85],
			"rotation": {"angle": 22.5, "axis": "z", "origin": [0.75, 1, 4]},
			"faces": {
				"north": {"uv": [3.375, 11.875, 2.75, 12.75], "texture": "#1"},
				"east": {"uv": [3.25, 11.875, 3.375, 12.75], "texture": "#1"},
				"south": {"uv": [2.75, 11.875, 3.375, 12.75], "texture": "#1"},
				"west": {"uv": [2.75, 11.875, 2.875, 12.75], "texture": "#1"},
				"up": {"uv": [2.75, 11.875, 3.375, 12], "texture": "#1"},
				"down": {"uv": [3.375, 12.625, 2.75, 12.75], "rotation": 180, "texture": "#1"}
			}
		},
		{
			"from": [12.875, 8.95, 7.35],
			"to": [13.125, 9.95, 7.65],
			"rotation": {"angle": 0, "axis": "y", "origin": [0, 1, 4]},
			"faces": {
				"north": {"uv": [7.5, 9.25, 7.375, 9.75], "texture": "#1"},
				"east": {"uv": [7.375, 9.25, 7.5, 9.75], "texture": "#1"},
				"south": {"uv": [7.375, 9.25, 7.5, 9.75], "texture": "#1"},
				"west": {"uv": [7.375, 9.25, 7.5, 9.75], "texture": "#1"},
				"up": {"uv": [7.375, 9.25, 7.5, 9.375], "texture": "#1"},
				"down": {"uv": [7.5, 9.625, 7.375, 9.75], "rotation": 180, "texture": "#1"}
			}
		},
		{
			"from": [12.625, 7.2, 7.275],
			"to": [13.125, 8.95, 7.7],
			"rotation": {"angle": 0, "axis": "y", "origin": [0, 1, 4]},
			"faces": {
				"north": {"uv": [7.5, 9.75, 7.25, 10.625], "texture": "#1"},
				"east": {"uv": [7.375, 9.75, 7.5, 10.625], "texture": "#1"},
				"south": {"uv": [7.25, 9.75, 7.5, 10.625], "texture": "#1"},
				"west": {"uv": [7.25, 9.75, 7.375, 10.625], "texture": "#1"},
				"up": {"uv": [7.25, 9.75, 7.5, 9.875], "texture": "#1"},
				"down": {"uv": [7.5, 10.5, 7.25, 10.625], "rotation": 180, "texture": "#1"}
			}
		},
		{
			"from": [9.25, 11, 7.175],
			"to": [9.75, 11.75, 7.8],
			"rotation": {"angle": -22.5, "axis": "z", "origin": [0, 1, 4]},
			"faces": {
				"north": {"uv": [7.625, 10.625, 7.375, 11], "texture": "#1"},
				"east": {"uv": [7.5, 10.625, 7.625, 11], "texture": "#1"},
				"south": {"uv": [7.375, 10.625, 7.625, 11], "texture": "#1"},
				"west": {"uv": [7.375, 10.625, 7.5, 11], "texture": "#1"},
				"up": {"uv": [7.375, 10.625, 7.625, 10.75], "texture": "#1"},
				"down": {"uv": [7.625, 10.875, 7.375, 11], "rotation": 180, "texture": "#1"}
			}
		},
		{
			"from": [9, 10.25, 7.175],
			"to": [9.75, 11, 7.8],
			"rotation": {"angle": -22.5, "axis": "z", "origin": [0, 1, 4]},
			"faces": {
				"north": {"uv": [7.625, 11, 7.25, 11.375], "texture": "#1"},
				"east": {"uv": [7.5, 11, 7.625, 11.375], "texture": "#1"},
				"south": {"uv": [7.25, 11, 7.625, 11.375], "texture": "#1"},
				"west": {"uv": [7.25, 11, 7.375, 11.375], "texture": "#1"},
				"up": {"uv": [7.25, 11, 7.625, 11.125], "texture": "#1"},
				"down": {"uv": [7.625, 11.25, 7.25, 11.375], "rotation": 180, "texture": "#1"}
			}
		},
		{
			"from": [8.75, 9.25, 7.175],
			"to": [9.75, 10.25, 7.8],
			"rotation": {"angle": -22.5, "axis": "z", "origin": [0, 1, 4]},
			"faces": {
				"north": {"uv": [7.625, 11.375, 7.125, 11.875], "texture": "#1"},
				"east": {"uv": [7.5, 11.375, 7.625, 11.875], "texture": "#1"},
				"south": {"uv": [7.125, 11.375, 7.625, 11.875], "texture": "#1"},
				"west": {"uv": [7.125, 11.375, 7.25, 11.875], "texture": "#1"},
				"up": {"uv": [7.125, 11.375, 7.625, 11.5], "texture": "#1"},
				"down": {"uv": [7.625, 11.75, 7.125, 11.875], "rotation": 180, "texture": "#1"}
			}
		},
		{
			"from": [8.5, 7.5, 7.125],
			"to": [9.75, 9.25, 7.85],
			"rotation": {"angle": -22.5, "axis": "z", "origin": [0, 1, 4]},
			"faces": {
				"north": {"uv": [7.625, 11.875, 7, 12.75], "texture": "#1"},
				"east": {"uv": [7.5, 11.875, 7.625, 12.75], "texture": "#1"},
				"south": {"uv": [7, 11.875, 7.625, 12.75], "texture": "#1"},
				"west": {"uv": [7, 11.875, 7.125, 12.75], "texture": "#1"},
				"up": {"uv": [7, 11.875, 7.625, 12], "texture": "#1"},
				"down": {"uv": [7.625, 12.625, 7, 12.75], "rotation": 180, "texture": "#1"}
			}
		},
		{
			"from": [4.625, 3.6, 7.175],
			"to": [5.625, 4.6, 7.8],
			"rotation": {"angle": 22.5, "axis": "z", "origin": [0.75, 1, 4]},
			"faces": {
				"north": {"uv": [3.25, 11.375, 2.75, 11.875], "texture": "#1"},
				"east": {"uv": [3.125, 11.375, 3.25, 11.875], "texture": "#1"},
				"south": {"uv": [2.75, 11.375, 3.25, 11.875], "texture": "#1"},
				"west": {"uv": [2.75, 11.375, 2.875, 11.875], "texture": "#1"},
				"up": {"uv": [2.75, 11.375, 3.25, 11.5], "texture": "#1"},
				"down": {"uv": [3.25, 11.75, 2.75, 11.875], "rotation": 180, "texture": "#1"}
			}
		},
		{
			"from": [4.325, 2.85, 7.275],
			"to": [4.625, 3.6, 7.7],
			"rotation": {"angle": 22.5, "axis": "z", "origin": [0.75, 1, 4]},
			"faces": {
				"north": {"uv": [2.75, 12, 2.5, 12.375], "texture": "#1"},
				"east": {"uv": [2.625, 12, 2.75, 12.375], "texture": "#1"},
				"south": {"uv": [2.5, 12, 2.75, 12.375], "texture": "#1"},
				"west": {"uv": [2.5, 12, 2.625, 12.375], "texture": "#1"},
				"up": {"uv": [2.5, 12, 2.75, 12.125], "texture": "#1"},
				"down": {"uv": [2.75, 12.25, 2.5, 12.375], "rotation": 180, "texture": "#1"}
			}
		},
		{
			"from": [10.8, 8.225, 7.225],
			"to": [11.05, 9.225, 7.75],
			"rotation": {"angle": -22.5, "axis": "z", "origin": [0.75, 1, 4]},
			"faces": {
				"north": {"uv": [8.375, 11.875, 8.25, 12.375], "texture": "#1"},
				"east": {"uv": [8.25, 11.875, 8.375, 12.375], "texture": "#1"},
				"south": {"uv": [8.25, 11.875, 8.375, 12.375], "texture": "#1"},
				"west": {"uv": [8.25, 11.875, 8.375, 12.375], "texture": "#1"},
				"up": {"uv": [8.25, 11.875, 8.375, 12], "texture": "#1"},
				"down": {"uv": [8.375, 12.25, 8.25, 12.375], "rotation": 180, "texture": "#1"}
			}
		},
		{
			"from": [11.05, 8.725, 7.275],
			"to": [11.3, 8.975, 7.7],
			"rotation": {"angle": -22.5, "axis": "z", "origin": [0.75, 1, 4]},
			"faces": {
				"north": {"uv": [8.5, 12, 8.375, 12.125], "texture": "#1"},
				"east": {"uv": [8.375, 12, 8.5, 12.125], "texture": "#1"},
				"south": {"uv": [8.375, 12, 8.5, 12.125], "texture": "#1"},
				"west": {"uv": [8.375, 12, 8.5, 12.125], "texture": "#1"},
				"up": {"uv": [8.375, 12, 8.5, 12.125], "texture": "#1"},
				"down": {"uv": [8.5, 12, 8.375, 12.125], "rotation": 180, "texture": "#1"}
			}
		},
		{
			"from": [10.55, 7.725, 7.175],
			"to": [10.8, 9.475, 7.8],
			"rotation": {"angle": -22.5, "axis": "z", "origin": [0.75, 1, 4]},
			"faces": {
				"north": {"uv": [8.25, 11.75, 8.125, 12.625], "texture": "#1"},
				"east": {"uv": [8.125, 11.75, 8.25, 12.625], "texture": "#1"},
				"south": {"uv": [8.125, 11.75, 8.25, 12.625], "texture": "#1"},
				"west": {"uv": [8.125, 11.75, 8.25, 12.625], "texture": "#1"},
				"up": {"uv": [8.125, 11.75, 8.25, 11.875], "texture": "#1"},
				"down": {"uv": [8.25, 12.5, 8.125, 12.625], "rotation": 180, "texture": "#1"}
			}
		},
		{
			"from": [10.3, 7.225, 7.125],
			"to": [10.55, 9.725, 7.85],
			"rotation": {"angle": -22.5, "axis": "z", "origin": [0.75, 1, 4]},
			"faces": {
				"north": {"uv": [8.125, 11.625, 8, 12.875], "texture": "#1"},
				"east": {"uv": [8, 11.625, 8.125, 12.875], "texture": "#1"},
				"south": {"uv": [8, 11.625, 8.125, 12.875], "texture": "#1"},
				"west": {"uv": [8, 11.625, 8.125, 12.875], "texture": "#1"},
				"up": {"uv": [8, 11.625, 8.125, 11.75], "texture": "#1"},
				"down": {"uv": [8.125, 12.75, 8, 12.875], "rotation": 180, "texture": "#1"}
			}
		},
		{
			"from": [10.05, 6.975, 7.075],
			"to": [10.3, 9.975, 7.9],
			"rotation": {"angle": -22.5, "axis": "z", "origin": [0.75, 1, 4]},
			"faces": {
				"north": {"uv": [8, 11.5, 7.875, 13], "texture": "#1"},
				"east": {"uv": [7.875, 11.5, 8, 13], "texture": "#1"},
				"south": {"uv": [7.875, 11.5, 8, 13], "texture": "#1"},
				"west": {"uv": [7.875, 11.5, 8, 13], "texture": "#1"},
				"up": {"uv": [7.875, 11.5, 8, 11.625], "texture": "#1"},
				"down": {"uv": [8, 12.875, 7.875, 13], "rotation": 180, "texture": "#1"}
			}
		},
		{
			"from": [9.825, 8.1, 7.275],
			"to": [10.125, 8.85, 7.7],
			"rotation": {"angle": -22.5, "axis": "z", "origin": [0.75, 1, 4]},
			"faces": {
				"north": {"uv": [7.875, 12, 7.625, 12.375], "texture": "#1"},
				"east": {"uv": [7.75, 12, 7.875, 12.375], "texture": "#1"},
				"south": {"uv": [7.625, 12, 7.875, 12.375], "texture": "#1"},
				"west": {"uv": [7.625, 12, 7.75, 12.375], "texture": "#1"},
				"up": {"uv": [7.625, 12, 7.875, 12.125], "texture": "#1"},
				"down": {"uv": [7.875, 12.25, 7.625, 12.375], "rotation": 180, "texture": "#1"}
			}
		},
		{
			"from": [4.125, 1.625, 7.075],
			"to": [4.375, 4.625, 7.9],
			"rotation": {"angle": 22.5, "axis": "z", "origin": [0.75, 1, 4]},
			"faces": {
				"north": {"uv": [2.5, 11.5, 2.375, 13], "texture": "#1"},
				"east": {"uv": [2.375, 11.5, 2.5, 13], "texture": "#1"},
				"south": {"uv": [2.375, 11.5, 2.5, 13], "texture": "#1"},
				"west": {"uv": [2.375, 11.5, 2.5, 13], "texture": "#1"},
				"up": {"uv": [2.375, 11.5, 2.5, 11.625], "texture": "#1"},
				"down": {"uv": [2.5, 12.875, 2.375, 13], "rotation": 180, "texture": "#1"}
			}
		},
		{
			"from": [3.875, 1.875, 7.125],
			"to": [4.125, 4.375, 7.85],
			"rotation": {"angle": 22.5, "axis": "z", "origin": [0.75, 1, 4]},
			"faces": {
				"north": {"uv": [2.375, 11.625, 2.25, 12.875], "texture": "#1"},
				"east": {"uv": [2.25, 11.625, 2.375, 12.875], "texture": "#1"},
				"south": {"uv": [2.25, 11.625, 2.375, 12.875], "texture": "#1"},
				"west": {"uv": [2.25, 11.625, 2.375, 12.875], "texture": "#1"},
				"up": {"uv": [2.25, 11.625, 2.375, 11.75], "texture": "#1"},
				"down": {"uv": [2.375, 12.75, 2.25, 12.875], "rotation": 180, "texture": "#1"}
			}
		},
		{
			"from": [3.625, 2.375, 7.175],
			"to": [3.875, 4.125, 7.8],
			"rotation": {"angle": 22.5, "axis": "z", "origin": [0.75, 1, 4]},
			"faces": {
				"north": {"uv": [2.25, 11.75, 2.125, 12.625], "texture": "#1"},
				"east": {"uv": [2.125, 11.75, 2.25, 12.625], "texture": "#1"},
				"south": {"uv": [2.125, 11.75, 2.25, 12.625], "texture": "#1"},
				"west": {"uv": [2.125, 11.75, 2.25, 12.625], "texture": "#1"},
				"up": {"uv": [2.125, 11.75, 2.25, 11.875], "texture": "#1"},
				"down": {"uv": [2.25, 12.5, 2.125, 12.625], "rotation": 180, "texture": "#1"}
			}
		},
		{
			"from": [3.375, 2.875, 7.225],
			"to": [3.625, 3.875, 7.75],
			"rotation": {"angle": 22.5, "axis": "z", "origin": [0.75, 1, 4]},
			"faces": {
				"north": {"uv": [2.125, 11.875, 2, 12.375], "texture": "#1"},
				"east": {"uv": [2, 11.875, 2.125, 12.375], "texture": "#1"},
				"south": {"uv": [2, 11.875, 2.125, 12.375], "texture": "#1"},
				"west": {"uv": [2, 11.875, 2.125, 12.375], "texture": "#1"},
				"up": {"uv": [2, 11.875, 2.125, 12], "texture": "#1"},
				"down": {"uv": [2.125, 12.25, 2, 12.375], "rotation": 180, "texture": "#1"}
			}
		},
		{
			"from": [3.125, 3.375, 7.275],
			"to": [3.375, 3.625, 7.7],
			"rotation": {"angle": 22.5, "axis": "z", "origin": [0.75, 1, 4]},
			"faces": {
				"north": {"uv": [2, 12, 1.875, 12.125], "texture": "#1"},
				"east": {"uv": [1.875, 12, 2, 12.125], "texture": "#1"},
				"south": {"uv": [1.875, 12, 2, 12.125], "texture": "#1"},
				"west": {"uv": [1.875, 12, 2, 12.125], "texture": "#1"},
				"up": {"uv": [1.875, 12, 2, 12.125], "texture": "#1"},
				"down": {"uv": [2, 12, 1.875, 12.125], "rotation": 180, "texture": "#1"}
			}
		},
		{
			"from": [4.625, 5.35, 7.175],
			"to": [5.125, 6.1, 7.8],
			"rotation": {"angle": 22.5, "axis": "z", "origin": [0.75, 1, 4]},
			"faces": {
				"north": {"uv": [3, 10.625, 2.75, 11], "texture": "#1"},
				"east": {"uv": [2.875, 10.625, 3, 11], "texture": "#1"},
				"south": {"uv": [2.75, 10.625, 3, 11], "texture": "#1"},
				"west": {"uv": [2.75, 10.625, 2.875, 11], "texture": "#1"},
				"up": {"uv": [2.75, 10.625, 3, 10.75], "texture": "#1"},
				"down": {"uv": [3, 10.875, 2.75, 11], "rotation": 180, "texture": "#1"}
			}
		},
		{
			"from": [2.375, 8.95, 7.35],
			"to": [2.625, 9.95, 7.65],
			"rotation": {"angle": 0, "axis": "y", "origin": [0.75, 1, 4]},
			"faces": {
				"north": {"uv": [3, 9.25, 2.875, 9.75], "texture": "#1"},
				"east": {"uv": [2.875, 9.25, 3, 9.75], "texture": "#1"},
				"south": {"uv": [2.875, 9.25, 3, 9.75], "texture": "#1"},
				"west": {"uv": [2.875, 9.25, 3, 9.75], "texture": "#1"},
				"up": {"uv": [2.875, 9.25, 3, 9.375], "texture": "#1"},
				"down": {"uv": [3, 9.625, 2.875, 9.75], "rotation": 180, "texture": "#1"}
			}
		},
		{
			"from": [2.375, 7.2, 7.275],
			"to": [2.875, 8.95, 7.7],
			"rotation": {"angle": 0, "axis": "y", "origin": [0.75, 1, 4]},
			"faces": {
				"north": {"uv": [3.125, 9.75, 2.875, 10.625], "texture": "#1"},
				"east": {"uv": [3, 9.75, 3.125, 10.625], "texture": "#1"},
				"south": {"uv": [2.875, 9.75, 3.125, 10.625], "texture": "#1"},
				"west": {"uv": [2.875, 9.75, 3, 10.625], "texture": "#1"},
				"up": {"uv": [2.875, 9.75, 3.125, 9.875], "texture": "#1"},
				"down": {"uv": [3.125, 10.5, 2.875, 10.625], "rotation": 180, "texture": "#1"}
			}
		},
		{
			"from": [4.625, 4.6, 7.175],
			"to": [5.375, 5.35, 7.8],
			"rotation": {"angle": 22.5, "axis": "z", "origin": [0.75, 1, 4]},
			"faces": {
				"north": {"uv": [3.125, 11, 2.75, 11.375], "texture": "#1"},
				"east": {"uv": [3, 11, 3.125, 11.375], "texture": "#1"},
				"south": {"uv": [2.75, 11, 3.125, 11.375], "texture": "#1"},
				"west": {"uv": [2.75, 11, 2.875, 11.375], "texture": "#1"},
				"up": {"uv": [2.75, 11, 3.125, 11.125], "texture": "#1"},
				"down": {"uv": [3.125, 11.25, 2.75, 11.375], "rotation": 180, "texture": "#1"}
			}
		},
		{
			"from": [4.125, 3.35, 7.025],
			"to": [6.625, 4.6, 7.95],
			"rotation": {"angle": 0, "axis": "y", "origin": [0, 1, 4]},
			"faces": {
				"north": {"uv": [4.625, 12.75, 3.375, 13.375], "texture": "#1"},
				"east": {"uv": [4.5, 12.75, 4.625, 13.375], "texture": "#1"},
				"south": {"uv": [3.375, 12.75, 4.625, 13.375], "texture": "#1"},
				"west": {"uv": [3.375, 12.75, 3.5, 13.375], "texture": "#1"},
				"up": {"uv": [3.375, 12.75, 4.625, 12.875], "texture": "#1"},
				"down": {"uv": [4.625, 13.25, 3.375, 13.375], "rotation": 180, "texture": "#1"}
			}
		},
		{
			"from": [8.875, 3.35, 7.025],
			"to": [11.375, 4.6, 7.95],
			"rotation": {"angle": 0, "axis": "y", "origin": [0, 1, 4]},
			"faces": {
				"north": {"uv": [7, 12.75, 5.75, 13.375], "texture": "#1"},
				"east": {"uv": [6.875, 12.75, 7, 13.375], "texture": "#1"},
				"south": {"uv": [5.75, 12.75, 7, 13.375], "texture": "#1"},
				"west": {"uv": [5.75, 12.75, 5.875, 13.375], "texture": "#1"},
				"up": {"uv": [5.75, 12.75, 7, 12.875], "texture": "#1"},
				"down": {"uv": [7, 13.25, 5.75, 13.375], "rotation": 180, "texture": "#1"}
			}
		},
		{
			"from": [6.9, -4.45, 6.9],
			"to": [8.6, 2.625, 8.075],
			"faces": {
				"north": {"uv": [12.125, 7.625, 11.25, 11.5], "texture": "#1"},
				"east": {"uv": [12.125, 7.625, 12.75, 11.5], "texture": "#1"},
				"south": {"uv": [11.25, 7.625, 12.125, 11.5], "texture": "#1"},
				"west": {"uv": [10.625, 7.625, 11.25, 11.5], "texture": "#1"},
				"up": {"uv": [0, 0, 0, 0], "texture": "#1"},
				"down": {"uv": [0, 0, 0, 0], "texture": "#1"}
			}
		}
	],
	"gui_light": "front",
	"display": {
		"thirdperson_righthand": {
			"rotation": [0, -90, 0],
			"translation": [-0.75, 2, 1.5],
			"scale": [0.45, 0.45, 0.45]
		},
		"thirdperson_lefthand": {
			"rotation": [0, 90, 0],
			"translation": [-0.2, 2, 1.5],
			"scale": [0.45, 0.45, 0.45]
		},
		"firstperson_righthand": {
			"rotation": [55, -90, 60],
			"translation": [-1.25, 4, 1.5],
			"scale": [0.35, 0.35, 0.35]
		},
		"firstperson_lefthand": {
			"rotation": [-65, 90, 60],
			"translation": [-0.75, 4, 1.5],
			"scale": [0.35, 0.35, 0.35]
		},
		"ground": {
			"rotation": [-45, 90, 0],
			"translation": [0, 1, 0],
			"scale": [0.3, 0.3, 0.3]
		},
		"gui": {
			"rotation": [0, 0, -45],
			"translation": [-1, -1.25, 0],
			"scale": [0.6, 0.6, 0.6]
		},
		"head": {
			"translation": [0, 9.75, 0]
		},
		"fixed": {
			"rotation": [180, 0, 135],
			"translation": [0.5, -0.75, 0],
			"scale": [0.5, 0.5, 0.5]
		}
	}
}