{
	"credit": "Made with Blockbench",
	"textures": {
		"0": "./kite_shield_back",
		"1": "./kite_shield",
		"particle": "./kite_shield"
	},
	"elements": [
		{
			"from": [7.65, 6.5, 4.9],
			"to": [8.4, 10.25, 5.5],
			"rotation": {"angle": 0, "axis": "y", "origin": [8.025, 7.875, 7.4]},
			"faces": {
				"north": {"uv": [12.25, 3.25, 13, 7], "texture": "#0"},
				"east": {"uv": [12.75, 3.25, 13, 7], "texture": "#0"},
				"south": {"uv": [13, 3.25, 12.25, 7], "texture": "#0"},
				"west": {"uv": [12.25, 3.25, 12.5, 7], "texture": "#0"},
				"up": {"uv": [13, 3.25, 12.25, 3.5], "texture": "#0"},
				"down": {"uv": [13, 6.75, 12.25, 7], "texture": "#0"}
			}
		},
		{
			"from": [7.65, 10.25, 5.25],
			"to": [8.4, 10.75, 7.1],
			"rotation": {"angle": 0, "axis": "y", "origin": [8.025, 7.875, 7.4]},
			"faces": {
				"north": {"uv": [12.25, 3, 13, 3.25], "texture": "#0"},
				"east": {"uv": [12.75, 2.75, 13, 3.25], "texture": "#0"},
				"south": {"uv": [13, 2.75, 12.25, 3], "texture": "#0"},
				"west": {"uv": [12.25, 2.75, 12.5, 3.25], "texture": "#0"},
				"up": {"uv": [13, 2.75, 12.25, 3.25], "texture": "#0"},
				"down": {"uv": [13, 2.75, 12.25, 3.25], "texture": "#0"}
			}
		},
		{
			"from": [7.65, 6, 5.25],
			"to": [8.4, 6.5, 7.1],
			"rotation": {"angle": 0, "axis": "y", "origin": [8.025, 7.875, 7.4]},
			"faces": {
				"north": {"uv": [12.25, 7.25, 13, 7.5], "texture": "#0"},
				"east": {"uv": [12.75, 7, 13, 7.5], "texture": "#0"},
				"south": {"uv": [13, 7, 12.25, 7.25], "texture": "#0"},
				"west": {"uv": [12.25, 7, 12.5, 7.5], "texture": "#0"},
				"up": {"uv": [13, 7, 12.25, 7.5], "texture": "#0"},
				"down": {"uv": [13, 7, 12.25, 7.5], "texture": "#0"}
			}
		},
		{
			"from": [3.9, 7.75, 6.95],
			"to": [4.4, 11, 7.5],
			"rotation": {"angle": 0, "axis": "y", "origin": [7.65, 0.6, 14]},
			"faces": {
				"north": {"uv": [4.25, 3.5, 3.75, 6.75], "texture": "#0"},
				"east": {"uv": [4.25, 3.5, 4, 6.75], "texture": "#1"},
				"south": {"uv": [3.75, 3.5, 4.25, 6.75], "texture": "#1"},
				"west": {"uv": [4, 3.5, 3.75, 6.75], "texture": "#1"},
				"up": {"uv": [3.75, 3.5, 4.25, 3.75], "texture": "#1"},
				"down": {"uv": [3.75, 6.5, 4.25, 6.75], "texture": "#1"}
			}
		},
		{
			"from": [11.65, 7.75, 6.95],
			"to": [12.15, 11, 7.5],
			"rotation": {"angle": 0, "axis": "y", "origin": [22.15, 0.6, 14]},
			"faces": {
				"north": {"uv": [12, 3.5, 11.5, 6.75], "texture": "#0"},
				"east": {"uv": [12, 3.5, 11.75, 6.75], "texture": "#1"},
				"south": {"uv": [11.5, 3.5, 12, 6.75], "texture": "#1"},
				"west": {"uv": [11.75, 3.5, 11.5, 6.75], "texture": "#1"},
				"up": {"uv": [11.5, 3.5, 12, 3.75], "texture": "#1"},
				"down": {"uv": [11.5, 6.5, 12, 6.75], "texture": "#1"}
			}
		},
		{
			"from": [4.15, 11, 6.95],
			"to": [4.65, 11.75, 7.5],
			"rotation": {"angle": 0, "axis": "y", "origin": [8.15, 0.6, 14]},
			"faces": {
				"north": {"uv": [4.5, 2.75, 4, 3.5], "texture": "#0"},
				"east": {"uv": [4.5, 2.75, 4.25, 3.5], "texture": "#1"},
				"south": {"uv": [4, 2.75, 4.5, 3.5], "texture": "#1"},
				"west": {"uv": [4.25, 2.75, 4, 3.5], "texture": "#1"},
				"up": {"uv": [4, 2.75, 4.5, 3], "texture": "#1"},
				"down": {"uv": [4, 3.25, 4.5, 3.5], "texture": "#1"}
			}
		},
		{
			"from": [4.4, 11.75, 6.95],
			"to": [4.9, 12.25, 7.5],
			"rotation": {"angle": 0, "axis": "y", "origin": [8.65, 0.6, 14]},
			"faces": {
				"north": {"uv": [4.75, 2.25, 4.25, 2.75], "texture": "#0"},
				"east": {"uv": [4.75, 2.25, 4.5, 2.75], "texture": "#1"},
				"south": {"uv": [4.25, 2.25, 4.75, 2.75], "texture": "#1"},
				"west": {"uv": [4.5, 2.25, 4.25, 2.75], "texture": "#1"},
				"up": {"uv": [4.25, 2.25, 4.75, 2.5], "texture": "#1"},
				"down": {"uv": [4.25, 2.5, 4.75, 2.75], "texture": "#1"}
			}
		},
		{
			"from": [4.65, 12.25, 6.95],
			"to": [5.15, 12.75, 7.5],
			"rotation": {"angle": 0, "axis": "y", "origin": [8.9, 1.1, 14]},
			"faces": {
				"north": {"uv": [5, 1.75, 4.5, 2.25], "texture": "#0"},
				"east": {"uv": [5, 1.75, 4.75, 2.25], "texture": "#1"},
				"south": {"uv": [4.5, 1.75, 5, 2.25], "texture": "#1"},
				"west": {"uv": [4.75, 1.75, 4.5, 2.25], "texture": "#1"},
				"up": {"uv": [4.5, 1.75, 5, 2], "texture": "#1"},
				"down": {"uv": [4.5, 2, 5, 2.25], "texture": "#1"}
			}
		},
		{
			"from": [5.9, 13.5, 6.95],
			"to": [6.4, 14, 7.5],
			"rotation": {"angle": 0, "axis": "y", "origin": [10.15, 2.35, 14]},
			"faces": {
				"north": {"uv": [6.25, 0.5, 5.75, 1], "texture": "#0"},
				"east": {"uv": [6.25, 0.5, 6, 1], "texture": "#1"},
				"south": {"uv": [5.75, 0.5, 6.25, 1], "texture": "#1"},
				"west": {"uv": [6, 0.5, 5.75, 1], "texture": "#1"},
				"up": {"uv": [5.75, 0.5, 6.25, 0.75], "texture": "#1"},
				"down": {"uv": [5.75, 0.75, 6.25, 1], "texture": "#1"}
			}
		},
		{
			"from": [9.65, 13.5, 6.95],
			"to": [10.15, 14, 7.5],
			"rotation": {"angle": 0, "axis": "y", "origin": [13.9, 2.35, 14]},
			"faces": {
				"north": {"uv": [10, 0.5, 9.5, 1], "texture": "#0"},
				"east": {"uv": [10, 0.5, 9.75, 1], "texture": "#1"},
				"south": {"uv": [9.5, 0.5, 10, 1], "texture": "#1"},
				"west": {"uv": [9.75, 0.5, 9.5, 1], "texture": "#1"},
				"up": {"uv": [9.5, 0.5, 10, 0.75], "texture": "#1"},
				"down": {"uv": [9.5, 0.75, 10, 1], "texture": "#1"}
			}
		},
		{
			"from": [6.4, 13.75, 6.95],
			"to": [6.9, 14.25, 7.5],
			"rotation": {"angle": 0, "axis": "y", "origin": [10.65, 2.6, 14]},
			"faces": {
				"north": {"uv": [6.75, 0.25, 6.25, 0.75], "texture": "#0"},
				"east": {"uv": [6.75, 0.25, 6.5, 0.75], "texture": "#1"},
				"south": {"uv": [6.25, 0.25, 6.75, 0.75], "texture": "#1"},
				"west": {"uv": [6.5, 0.25, 6.25, 0.75], "texture": "#1"},
				"up": {"uv": [6.25, 0.25, 6.75, 0.5], "texture": "#1"},
				"down": {"uv": [6.25, 0.5, 6.75, 0.75], "texture": "#1"}
			}
		},
		{
			"from": [9.15, 13.75, 6.95],
			"to": [9.65, 14.25, 7.5],
			"rotation": {"angle": 0, "axis": "y", "origin": [13.4, 2.6, 14]},
			"faces": {
				"north": {"uv": [9.5, 0.25, 9, 0.75], "texture": "#0"},
				"east": {"uv": [9.5, 0.25, 9.25, 0.75], "texture": "#1"},
				"south": {"uv": [9, 0.25, 9.5, 0.75], "texture": "#1"},
				"west": {"uv": [9.25, 0.25, 9, 0.75], "texture": "#1"},
				"up": {"uv": [9, 0.25, 9.5, 0.5], "texture": "#1"},
				"down": {"uv": [9, 0.5, 9.5, 0.75], "texture": "#1"}
			}
		},
		{
			"from": [11.4, 11, 6.95],
			"to": [11.9, 11.75, 7.5],
			"rotation": {"angle": 0, "axis": "y", "origin": [21.65, 0.6, 14]},
			"faces": {
				"north": {"uv": [11.75, 2.75, 11.25, 3.5], "texture": "#0"},
				"east": {"uv": [11.75, 2.75, 11.5, 3.5], "texture": "#1"},
				"south": {"uv": [11.25, 2.75, 11.75, 3.5], "texture": "#1"},
				"west": {"uv": [11.5, 2.75, 11.25, 3.5], "texture": "#1"},
				"up": {"uv": [11.25, 2.75, 11.75, 3], "texture": "#1"},
				"down": {"uv": [11.25, 3.25, 11.75, 3.5], "texture": "#1"}
			}
		},
		{
			"from": [4.15, 6.75, 6.95],
			"to": [4.65, 7.75, 7.5],
			"rotation": {"angle": 0, "axis": "y", "origin": [8.15, 1.6, 14]},
			"faces": {
				"north": {"uv": [4.5, 6.75, 4, 7.75], "texture": "#0"},
				"east": {"uv": [4.5, 6.75, 4.25, 7.75], "texture": "#1"},
				"south": {"uv": [4, 6.75, 4.5, 7.75], "texture": "#1"},
				"west": {"uv": [4.25, 6.75, 4, 7.75], "texture": "#1"},
				"up": {"uv": [4, 6.75, 4.5, 7], "texture": "#1"},
				"down": {"uv": [4, 7.5, 4.5, 7.75], "texture": "#1"}
			}
		},
		{
			"from": [11.15, 6, 6.95],
			"to": [11.65, 6.75, 7.5],
			"rotation": {"angle": 0, "axis": "y", "origin": [20.4, 3.85, 14]},
			"faces": {
				"north": {"uv": [11.5, 7.75, 11, 8.5], "texture": "#0"},
				"east": {"uv": [11.5, 7.75, 11.25, 8.5], "texture": "#1"},
				"south": {"uv": [11, 7.75, 11.5, 8.5], "texture": "#1"},
				"west": {"uv": [11.25, 7.75, 11, 8.5], "texture": "#1"},
				"up": {"uv": [11, 7.75, 11.5, 8], "texture": "#1"},
				"down": {"uv": [11, 8.25, 11.5, 8.5], "texture": "#1"}
			}
		},
		{
			"from": [10.9, 5.25, 6.95],
			"to": [11.4, 6, 7.5],
			"rotation": {"angle": 0, "axis": "y", "origin": [19.9, 3.85, 14]},
			"faces": {
				"north": {"uv": [11.25, 8.5, 10.75, 9.25], "texture": "#0"},
				"east": {"uv": [11.25, 8.5, 11, 9.25], "texture": "#1"},
				"south": {"uv": [10.75, 8.5, 11.25, 9.25], "texture": "#1"},
				"west": {"uv": [11, 8.5, 10.75, 9.25], "texture": "#1"},
				"up": {"uv": [10.75, 8.5, 11.25, 8.75], "texture": "#1"},
				"down": {"uv": [10.75, 9, 11.25, 9.25], "texture": "#1"}
			}
		},
		{
			"from": [9.15, 1.5, 6.95],
			"to": [9.65, 2, 7.5],
			"rotation": {"angle": 0, "axis": "y", "origin": [17.65, 1.35, 14]},
			"faces": {
				"north": {"uv": [9.5, 12.5, 9, 13], "texture": "#0"},
				"east": {"uv": [9.5, 12.5, 9.25, 13], "texture": "#1"},
				"south": {"uv": [9, 12.5, 9.5, 13], "texture": "#1"},
				"west": {"uv": [9.25, 12.5, 9, 13], "texture": "#1"},
				"up": {"uv": [9, 12.5, 9.5, 12.75], "texture": "#1"},
				"down": {"uv": [9, 12.75, 9.5, 13], "texture": "#1"}
			}
		},
		{
			"from": [8.9, 1, 6.95],
			"to": [9.4, 1.5, 7.5],
			"rotation": {"angle": 0, "axis": "y", "origin": [17.15, 1.35, 14]},
			"faces": {
				"north": {"uv": [9.25, 13, 8.75, 13.5], "texture": "#0"},
				"east": {"uv": [9.25, 13, 9, 13.5], "texture": "#1"},
				"south": {"uv": [8.75, 13, 9.25, 13.5], "texture": "#1"},
				"west": {"uv": [9, 13, 8.75, 13.5], "texture": "#1"},
				"up": {"uv": [8.75, 13, 9.25, 13.25], "texture": "#1"},
				"down": {"uv": [8.75, 13.25, 9.25, 13.5], "texture": "#1"}
			}
		},
		{
			"from": [8.65, 0.5, 6.95],
			"to": [9.15, 1, 7.5],
			"rotation": {"angle": 0, "axis": "y", "origin": [16.65, 1.35, 14]},
			"faces": {
				"north": {"uv": [9, 13.5, 8.5, 14], "texture": "#0"},
				"east": {"uv": [9, 13.5, 8.75, 14], "texture": "#1"},
				"south": {"uv": [8.5, 13.5, 9, 14], "texture": "#1"},
				"west": {"uv": [8.75, 13.5, 8.5, 14], "texture": "#1"},
				"up": {"uv": [8.5, 13.5, 9, 13.75], "texture": "#1"},
				"down": {"uv": [8.5, 13.75, 9, 14], "texture": "#1"}
			}
		},
		{
			"from": [8.4, 0, 6.95],
			"to": [8.9, 0.5, 7.5],
			"rotation": {"angle": 0, "axis": "y", "origin": [16.15, 1.35, 14]},
			"faces": {
				"north": {"uv": [8.75, 14, 8.25, 14.5], "texture": "#0"},
				"east": {"uv": [8.75, 14, 8.5, 14.5], "texture": "#1"},
				"south": {"uv": [8.25, 14, 8.75, 14.5], "texture": "#1"},
				"west": {"uv": [8.5, 14, 8.25, 14.5], "texture": "#1"},
				"up": {"uv": [8.25, 14, 8.75, 14.25], "texture": "#1"},
				"down": {"uv": [8.25, 14.25, 8.75, 14.5], "texture": "#1"}
			}
		},
		{
			"from": [8.15, -0.5, 6.95],
			"to": [8.65, 0, 7.5],
			"rotation": {"angle": 0, "axis": "y", "origin": [15.65, 1.35, 14]},
			"faces": {
				"north": {"uv": [8.5, 14.5, 8, 15], "texture": "#0"},
				"east": {"uv": [8.5, 14.5, 8.25, 15], "texture": "#1"},
				"south": {"uv": [8, 14.5, 8.5, 15], "texture": "#1"},
				"west": {"uv": [8.25, 14.5, 8, 15], "texture": "#1"},
				"up": {"uv": [8, 14.5, 8.5, 14.75], "texture": "#1"},
				"down": {"uv": [8, 14.75, 8.5, 15], "texture": "#1"}
			}
		},
		{
			"from": [10.4, 4, 6.95],
			"to": [10.9, 4.5, 7.5],
			"rotation": {"angle": 0, "axis": "y", "origin": [18.9, 3.85, 14]},
			"faces": {
				"north": {"uv": [10.75, 10, 10.25, 10.5], "texture": "#0"},
				"east": {"uv": [10.75, 10, 10.5, 10.5], "texture": "#1"},
				"south": {"uv": [10.25, 10, 10.75, 10.5], "texture": "#1"},
				"west": {"uv": [10.5, 10, 10.25, 10.5], "texture": "#1"},
				"up": {"uv": [10.25, 10, 10.75, 10.25], "texture": "#1"},
				"down": {"uv": [10.25, 10.25, 10.75, 10.5], "texture": "#1"}
			}
		},
		{
			"from": [10.15, 3.5, 6.95],
			"to": [10.65, 4, 7.5],
			"rotation": {"angle": 0, "axis": "y", "origin": [18.4, 3.85, 14]},
			"faces": {
				"north": {"uv": [10.5, 10.5, 10, 11], "texture": "#0"},
				"east": {"uv": [10.5, 10.5, 10.25, 11], "texture": "#1"},
				"south": {"uv": [10, 10.5, 10.5, 11], "texture": "#1"},
				"west": {"uv": [10.25, 10.5, 10, 11], "texture": "#1"},
				"up": {"uv": [10, 10.5, 10.5, 10.75], "texture": "#1"},
				"down": {"uv": [10, 10.75, 10.5, 11], "texture": "#1"}
			}
		},
		{
			"from": [9.9, 3, 6.95],
			"to": [10.4, 3.5, 7.5],
			"rotation": {"angle": 0, "axis": "y", "origin": [17.9, 3.85, 14]},
			"faces": {
				"north": {"uv": [10.25, 11, 9.75, 11.5], "texture": "#0"},
				"east": {"uv": [10.25, 11, 10, 11.5], "texture": "#1"},
				"south": {"uv": [9.75, 11, 10.25, 11.5], "texture": "#1"},
				"west": {"uv": [10, 11, 9.75, 11.5], "texture": "#1"},
				"up": {"uv": [9.75, 11, 10.25, 11.25], "texture": "#1"},
				"down": {"uv": [9.75, 11.25, 10.25, 11.5], "texture": "#1"}
			}
		},
		{
			"from": [9.65, 2.5, 6.95],
			"to": [10.15, 3, 7.5],
			"rotation": {"angle": 0, "axis": "y", "origin": [17.4, 3.85, 14]},
			"faces": {
				"north": {"uv": [10, 11.5, 9.5, 12], "texture": "#0"},
				"east": {"uv": [10, 11.5, 9.75, 12], "texture": "#1"},
				"south": {"uv": [9.5, 11.5, 10, 12], "texture": "#1"},
				"west": {"uv": [9.75, 11.5, 9.5, 12], "texture": "#1"},
				"up": {"uv": [9.5, 11.5, 10, 11.75], "texture": "#1"},
				"down": {"uv": [9.5, 11.75, 10, 12], "texture": "#1"}
			}
		},
		{
			"from": [9.4, 2, 6.95],
			"to": [9.9, 2.5, 7.5],
			"rotation": {"angle": 0, "axis": "y", "origin": [16.9, 3.85, 14]},
			"faces": {
				"north": {"uv": [9.75, 12, 9.25, 12.5], "texture": "#0"},
				"east": {"uv": [9.75, 12, 9.5, 12.5], "texture": "#1"},
				"south": {"uv": [9.25, 12, 9.75, 12.5], "texture": "#1"},
				"west": {"uv": [9.5, 12, 9.25, 12.5], "texture": "#1"},
				"up": {"uv": [9.25, 12, 9.75, 12.25], "texture": "#1"},
				"down": {"uv": [9.25, 12.25, 9.75, 12.5], "texture": "#1"}
			}
		},
		{
			"from": [6.4, 1.5, 6.95],
			"to": [6.9, 2, 7.5],
			"rotation": {"angle": 0, "axis": "y", "origin": [12.15, 1.35, 14]},
			"faces": {
				"north": {"uv": [6.75, 12.5, 6.25, 13], "texture": "#0"},
				"east": {"uv": [6.75, 12.5, 6.5, 13], "texture": "#1"},
				"south": {"uv": [6.25, 12.5, 6.75, 13], "texture": "#1"},
				"west": {"uv": [6.5, 12.5, 6.25, 13], "texture": "#1"},
				"up": {"uv": [6.25, 12.5, 6.75, 12.75], "texture": "#1"},
				"down": {"uv": [6.25, 12.75, 6.75, 13], "texture": "#1"}
			}
		},
		{
			"from": [6.65, 1, 6.95],
			"to": [7.15, 1.5, 7.5],
			"rotation": {"angle": 0, "axis": "y", "origin": [12.65, 1.35, 14]},
			"faces": {
				"north": {"uv": [7, 13, 6.5, 13.5], "texture": "#0"},
				"east": {"uv": [7, 13, 6.75, 13.5], "texture": "#1"},
				"south": {"uv": [6.5, 13, 7, 13.5], "texture": "#1"},
				"west": {"uv": [6.75, 13, 6.5, 13.5], "texture": "#1"},
				"up": {"uv": [6.5, 13, 7, 13.25], "texture": "#1"},
				"down": {"uv": [6.5, 13.25, 7, 13.5], "texture": "#1"}
			}
		},
		{
			"from": [6.15, 2, 6.95],
			"to": [6.65, 2.5, 7.5],
			"rotation": {"angle": 0, "axis": "y", "origin": [12.9, 3.85, 14]},
			"faces": {
				"north": {"uv": [6.5, 12, 6, 12.5], "texture": "#0"},
				"east": {"uv": [6.5, 12, 6.25, 12.5], "texture": "#1"},
				"south": {"uv": [6, 12, 6.5, 12.5], "texture": "#1"},
				"west": {"uv": [6.25, 12, 6, 12.5], "texture": "#1"},
				"up": {"uv": [6, 12, 6.5, 12.25], "texture": "#1"},
				"down": {"uv": [6, 12.25, 6.5, 12.5], "texture": "#1"}
			}
		},
		{
			"from": [5.9, 2.5, 6.95],
			"to": [6.4, 3, 7.5],
			"rotation": {"angle": 0, "axis": "y", "origin": [12.4, 3.85, 14]},
			"faces": {
				"north": {"uv": [6.25, 11.5, 5.75, 12], "texture": "#0"},
				"east": {"uv": [6.25, 11.5, 6, 12], "texture": "#1"},
				"south": {"uv": [5.75, 11.5, 6.25, 12], "texture": "#1"},
				"west": {"uv": [6, 11.5, 5.75, 12], "texture": "#1"},
				"up": {"uv": [5.75, 11.5, 6.25, 11.75], "texture": "#1"},
				"down": {"uv": [5.75, 11.75, 6.25, 12], "texture": "#1"}
			}
		},
		{
			"from": [5.65, 3, 6.95],
			"to": [6.15, 3.5, 7.5],
			"rotation": {"angle": 0, "axis": "y", "origin": [11.9, 3.85, 14]},
			"faces": {
				"north": {"uv": [6, 11, 5.5, 11.5], "texture": "#0"},
				"east": {"uv": [6, 11, 5.75, 11.5], "texture": "#1"},
				"south": {"uv": [5.5, 11, 6, 11.5], "texture": "#1"},
				"west": {"uv": [5.75, 11, 5.5, 11.5], "texture": "#1"},
				"up": {"uv": [5.5, 11, 6, 11.25], "texture": "#1"},
				"down": {"uv": [5.5, 11.25, 6, 11.5], "texture": "#1"}
			}
		},
		{
			"from": [5.15, 4, 6.95],
			"to": [5.65, 4.5, 7.5],
			"rotation": {"angle": 0, "axis": "y", "origin": [10.9, 3.85, 14]},
			"faces": {
				"north": {"uv": [5.5, 10, 5, 10.5], "texture": "#0"},
				"east": {"uv": [5.5, 10, 5.25, 10.5], "texture": "#1"},
				"south": {"uv": [5, 10, 5.5, 10.5], "texture": "#1"},
				"west": {"uv": [5.25, 10, 5, 10.5], "texture": "#1"},
				"up": {"uv": [5, 10, 5.5, 10.25], "texture": "#1"},
				"down": {"uv": [5, 10.25, 5.5, 10.5], "texture": "#1"}
			}
		},
		{
			"from": [5.4, 3.5, 6.95],
			"to": [5.9, 4, 7.5],
			"rotation": {"angle": 0, "axis": "y", "origin": [11.4, 3.85, 14]},
			"faces": {
				"north": {"uv": [5.75, 10.5, 5.25, 11], "texture": "#0"},
				"east": {"uv": [5.75, 10.5, 5.5, 11], "texture": "#1"},
				"south": {"uv": [5.25, 10.5, 5.75, 11], "texture": "#1"},
				"west": {"uv": [5.5, 10.5, 5.25, 11], "texture": "#1"},
				"up": {"uv": [5.25, 10.5, 5.75, 10.75], "texture": "#1"},
				"down": {"uv": [5.25, 10.75, 5.75, 11], "texture": "#1"}
			}
		},
		{
			"from": [6.9, 0.5, 6.95],
			"to": [7.4, 1, 7.5],
			"rotation": {"angle": 0, "axis": "y", "origin": [13.15, 1.35, 14]},
			"faces": {
				"north": {"uv": [7.25, 13.5, 6.75, 14], "texture": "#0"},
				"east": {"uv": [7.25, 13.5, 7, 14], "texture": "#1"},
				"south": {"uv": [6.75, 13.5, 7.25, 14], "texture": "#1"},
				"west": {"uv": [7, 13.5, 6.75, 14], "texture": "#1"},
				"up": {"uv": [6.75, 13.5, 7.25, 13.75], "texture": "#1"},
				"down": {"uv": [6.75, 13.75, 7.25, 14], "texture": "#1"}
			}
		},
		{
			"from": [7.65, -1, 6.95],
			"to": [8.4, -0.5, 7.5],
			"rotation": {"angle": 0, "axis": "y", "origin": [14.9, 1.35, 14]},
			"faces": {
				"north": {"uv": [8.25, 15, 7.5, 15.5], "texture": "#0"},
				"east": {"uv": [8.25, 15, 8, 15.5], "texture": "#1"},
				"south": {"uv": [7.5, 15, 8.25, 15.5], "texture": "#1"},
				"west": {"uv": [7.75, 15, 7.5, 15.5], "texture": "#1"},
				"up": {"uv": [7.5, 15, 8.25, 15.25], "texture": "#1"},
				"down": {"uv": [7.5, 15.25, 8.25, 15.5], "texture": "#1"}
			}
		},
		{
			"from": [7.4, -0.5, 6.95],
			"to": [7.9, 0, 7.5],
			"rotation": {"angle": 0, "axis": "y", "origin": [14.15, 1.35, 14]},
			"faces": {
				"north": {"uv": [7.75, 14.5, 7.25, 15], "texture": "#0"},
				"east": {"uv": [7.75, 14.5, 7.5, 15], "texture": "#1"},
				"south": {"uv": [7.25, 14.5, 7.75, 15], "texture": "#1"},
				"west": {"uv": [7.5, 14.5, 7.25, 15], "texture": "#1"},
				"up": {"uv": [7.25, 14.5, 7.75, 14.75], "texture": "#1"},
				"down": {"uv": [7.25, 14.75, 7.75, 15], "texture": "#1"}
			}
		},
		{
			"from": [7.9, -1.5, 6.95],
			"to": [8.15, -1, 7.5],
			"rotation": {"angle": 0, "axis": "y", "origin": [14.9, 1.35, 14]},
			"faces": {
				"north": {"uv": [8, 15.5, 7.75, 16], "texture": "#0"},
				"east": {"uv": [8, 15.5, 7.75, 16], "texture": "#1"},
				"south": {"uv": [7.75, 15.5, 8, 16], "texture": "#1"},
				"west": {"uv": [8, 15.5, 7.75, 16], "texture": "#1"},
				"up": {"uv": [7.75, 15.5, 8, 15.75], "texture": "#1"},
				"down": {"uv": [7.75, 15.75, 8, 16], "texture": "#1"}
			}
		},
		{
			"from": [7.15, 0, 6.95],
			"to": [7.65, 0.5, 7.5],
			"rotation": {"angle": 0, "axis": "y", "origin": [13.65, 1.35, 14]},
			"faces": {
				"north": {"uv": [7.5, 14, 7, 14.5], "texture": "#0"},
				"east": {"uv": [7.5, 14, 7.25, 14.5], "texture": "#1"},
				"south": {"uv": [7, 14, 7.5, 14.5], "texture": "#1"},
				"west": {"uv": [7.25, 14, 7, 14.5], "texture": "#1"},
				"up": {"uv": [7, 14, 7.5, 14.25], "texture": "#1"},
				"down": {"uv": [7, 14.25, 7.5, 14.5], "texture": "#1"}
			}
		},
		{
			"from": [10.65, 4.5, 6.95],
			"to": [11.15, 5.25, 7.5],
			"rotation": {"angle": 0, "axis": "y", "origin": [19.4, 3.85, 14]},
			"faces": {
				"north": {"uv": [11, 9.25, 10.5, 10], "texture": "#0"},
				"east": {"uv": [11, 9.25, 10.75, 10], "texture": "#1"},
				"south": {"uv": [10.5, 9.25, 11, 10], "texture": "#1"},
				"west": {"uv": [10.75, 9.25, 10.5, 10], "texture": "#1"},
				"up": {"uv": [10.5, 9.25, 11, 9.5], "texture": "#1"},
				"down": {"uv": [10.5, 9.75, 11, 10], "texture": "#1"}
			}
		},
		{
			"from": [4.9, 4.5, 6.95],
			"to": [5.4, 5.25, 7.5],
			"rotation": {"angle": 0, "axis": "y", "origin": [10.4, 3.85, 14]},
			"faces": {
				"north": {"uv": [5.25, 9.25, 4.75, 10], "texture": "#0"},
				"east": {"uv": [5.25, 9.25, 5, 10], "texture": "#1"},
				"south": {"uv": [4.75, 9.25, 5.25, 10], "texture": "#1"},
				"west": {"uv": [5, 9.25, 4.75, 10], "texture": "#1"},
				"up": {"uv": [4.75, 9.25, 5.25, 9.5], "texture": "#1"},
				"down": {"uv": [4.75, 9.75, 5.25, 10], "texture": "#1"}
			}
		},
		{
			"from": [4.65, 5.25, 6.95],
			"to": [5.15, 6, 7.5],
			"rotation": {"angle": 0, "axis": "y", "origin": [9.9, 3.85, 14]},
			"faces": {
				"north": {"uv": [5, 8.5, 4.5, 9.25], "texture": "#0"},
				"east": {"uv": [5, 8.5, 4.75, 9.25], "texture": "#1"},
				"south": {"uv": [4.5, 8.5, 5, 9.25], "texture": "#1"},
				"west": {"uv": [4.75, 8.5, 4.5, 9.25], "texture": "#1"},
				"up": {"uv": [4.5, 8.5, 5, 8.75], "texture": "#1"},
				"down": {"uv": [4.5, 9, 5, 9.25], "texture": "#1"}
			}
		},
		{
			"from": [4.4, 6, 6.95],
			"to": [4.9, 6.75, 7.5],
			"rotation": {"angle": 0, "axis": "y", "origin": [9.4, 3.85, 14]},
			"faces": {
				"north": {"uv": [4.75, 7.75, 4.25, 8.5], "texture": "#0"},
				"east": {"uv": [4.75, 7.75, 4.5, 8.5], "texture": "#1"},
				"south": {"uv": [4.25, 7.75, 4.75, 8.5], "texture": "#1"},
				"west": {"uv": [4.5, 7.75, 4.25, 8.5], "texture": "#1"},
				"up": {"uv": [4.25, 7.75, 4.75, 8], "texture": "#1"},
				"down": {"uv": [4.25, 8.25, 4.75, 8.5], "texture": "#1"}
			}
		},
		{
			"from": [11.4, 6.75, 6.95],
			"to": [11.9, 7.75, 7.5],
			"rotation": {"angle": 0, "axis": "y", "origin": [21.65, 1.6, 14]},
			"faces": {
				"north": {"uv": [11.75, 6.75, 11.25, 7.75], "texture": "#0"},
				"east": {"uv": [11.75, 6.75, 11.5, 7.75], "texture": "#1"},
				"south": {"uv": [11.25, 6.75, 11.75, 7.75], "texture": "#1"},
				"west": {"uv": [11.5, 6.75, 11.25, 7.75], "texture": "#1"},
				"up": {"uv": [11.25, 6.75, 11.75, 7], "texture": "#1"},
				"down": {"uv": [11.25, 7.5, 11.75, 7.75], "texture": "#1"}
			}
		},
		{
			"from": [11.15, 11.75, 6.95],
			"to": [11.65, 12.25, 7.5],
			"rotation": {"angle": 0, "axis": "y", "origin": [21.15, 0.6, 14]},
			"faces": {
				"north": {"uv": [11.5, 2.25, 11, 2.75], "texture": "#0"},
				"east": {"uv": [11.5, 2.25, 11.25, 2.75], "texture": "#1"},
				"south": {"uv": [11, 2.25, 11.5, 2.75], "texture": "#1"},
				"west": {"uv": [11.25, 2.25, 11, 2.75], "texture": "#1"},
				"up": {"uv": [11, 2.25, 11.5, 2.5], "texture": "#1"},
				"down": {"uv": [11, 2.5, 11.5, 2.75], "texture": "#1"}
			}
		},
		{
			"from": [10.9, 12.25, 6.95],
			"to": [11.4, 12.75, 7.5],
			"rotation": {"angle": 0, "axis": "y", "origin": [20.9, 1.1, 14]},
			"faces": {
				"north": {"uv": [11.25, 1.75, 10.75, 2.25], "texture": "#0"},
				"east": {"uv": [11.25, 1.75, 11, 2.25], "texture": "#1"},
				"south": {"uv": [10.75, 1.75, 11.25, 2.25], "texture": "#1"},
				"west": {"uv": [11, 1.75, 10.75, 2.25], "texture": "#1"},
				"up": {"uv": [10.75, 1.75, 11.25, 2], "texture": "#1"},
				"down": {"uv": [10.75, 2, 11.25, 2.25], "texture": "#1"}
			}
		},
		{
			"from": [4.9, 12.75, 6.95],
			"to": [5.4, 13, 7.5],
			"rotation": {"angle": 0, "axis": "y", "origin": [9.4, 1.1, 14]},
			"faces": {
				"north": {"uv": [5.25, 1.5, 4.75, 1.75], "texture": "#0"},
				"east": {"uv": [5.25, 1.5, 5, 1.75], "texture": "#1"},
				"south": {"uv": [4.75, 1.5, 5.25, 1.75], "texture": "#1"},
				"west": {"uv": [5, 1.5, 4.75, 1.75], "texture": "#1"},
				"up": {"uv": [4.75, 1.5, 5.25, 1.75], "texture": "#1"},
				"down": {"uv": [4.75, 1.5, 5.25, 1.75], "texture": "#1"}
			}
		},
		{
			"from": [5.65, 13, 7.075],
			"to": [10.4, 13.25, 7.375],
			"rotation": {"angle": 0, "axis": "y", "origin": [14.9, 1.35, 14]},
			"faces": {
				"north": {"uv": [10.25, 1.25, 5.5, 1.5], "texture": "#0"},
				"south": {"uv": [5.5, 1.25, 10.25, 1.5], "texture": "#1"}
			}
		},
		{
			"from": [10.4, 13, 6.95],
			"to": [10.9, 13.25, 7.5],
			"rotation": {"angle": 0, "axis": "y", "origin": [20.15, 1.35, 14]},
			"faces": {
				"north": {"uv": [10.75, 1.25, 10.25, 1.5], "texture": "#0"},
				"east": {"uv": [10.75, 1.25, 10.5, 1.5], "texture": "#1"},
				"south": {"uv": [10.25, 1.25, 10.75, 1.5], "texture": "#1"},
				"west": {"uv": [10.5, 1.25, 10.25, 1.5], "texture": "#1"},
				"up": {"uv": [10.25, 1.25, 10.75, 1.5], "texture": "#1"},
				"down": {"uv": [10.25, 1.25, 10.75, 1.5], "texture": "#1"}
			}
		},
		{
			"from": [5.15, 13, 6.95],
			"to": [5.65, 13.25, 7.5],
			"rotation": {"angle": 0, "axis": "y", "origin": [9.65, 1.35, 14]},
			"faces": {
				"north": {"uv": [5.5, 1.25, 5, 1.5], "texture": "#0"},
				"east": {"uv": [5.5, 1.25, 5.25, 1.5], "texture": "#1"},
				"south": {"uv": [5, 1.25, 5.5, 1.5], "texture": "#1"},
				"west": {"uv": [5.25, 1.25, 5, 1.5], "texture": "#1"},
				"up": {"uv": [5, 1.25, 5.5, 1.5], "texture": "#1"},
				"down": {"uv": [5, 1.25, 5.5, 1.5], "texture": "#1"}
			}
		},
		{
			"from": [10.15, 13.25, 6.95],
			"to": [10.65, 13.5, 7.5],
			"rotation": {"angle": 0, "axis": "y", "origin": [19.9, 1.6, 14]},
			"faces": {
				"north": {"uv": [10.5, 1, 10, 1.25], "texture": "#0"},
				"east": {"uv": [10.5, 1, 10.25, 1.25], "texture": "#1"},
				"south": {"uv": [10, 1, 10.5, 1.25], "texture": "#1"},
				"west": {"uv": [10.25, 1, 10, 1.25], "texture": "#1"},
				"up": {"uv": [10, 1, 10.5, 1.25], "texture": "#1"},
				"down": {"uv": [10, 1, 10.5, 1.25], "texture": "#1"}
			}
		},
		{
			"from": [5.9, 13.25, 7.075],
			"to": [10.15, 13.5, 7.375],
			"rotation": {"angle": 0, "axis": "y", "origin": [14.9, 1.6, 14]},
			"faces": {
				"north": {"uv": [10, 1, 5.75, 1.25], "texture": "#0"},
				"south": {"uv": [5.75, 1, 10, 1.25], "texture": "#1"}
			}
		},
		{
			"from": [6.4, 13.5, 7.075],
			"to": [9.65, 13.75, 7.375],
			"rotation": {"angle": 0, "axis": "y", "origin": [14.9, 1.85, 14]},
			"faces": {
				"north": {"uv": [9.5, 0.75, 6.25, 1], "texture": "#0"},
				"south": {"uv": [6.25, 0.75, 9.5, 1], "texture": "#1"}
			}
		},
		{
			"from": [5.4, 13.25, 6.95],
			"to": [5.9, 13.5, 7.5],
			"rotation": {"angle": 0, "axis": "y", "origin": [9.9, 1.6, 14]},
			"faces": {
				"north": {"uv": [5.75, 1, 5.25, 1.25], "texture": "#0"},
				"east": {"uv": [5.75, 1, 5.5, 1.25], "texture": "#1"},
				"south": {"uv": [5.25, 1, 5.75, 1.25], "texture": "#1"},
				"west": {"uv": [5.5, 1, 5.25, 1.25], "texture": "#1"},
				"up": {"uv": [5.25, 1, 5.75, 1.25], "texture": "#1"},
				"down": {"uv": [5.25, 1, 5.75, 1.25], "texture": "#1"}
			}
		},
		{
			"from": [10.15, 13.5, 6.95],
			"to": [10.4, 13.75, 7.5],
			"rotation": {"angle": 0, "axis": "y", "origin": [19.65, 1.85, 14]},
			"faces": {
				"north": {"uv": [10.25, 0.75, 10, 1], "texture": "#0"},
				"east": {"uv": [10.25, 0.75, 10, 1], "texture": "#1"},
				"south": {"uv": [10, 0.75, 10.25, 1], "texture": "#1"},
				"west": {"uv": [10.25, 0.75, 10, 1], "texture": "#1"},
				"up": {"uv": [10, 0.75, 10.25, 1], "texture": "#1"},
				"down": {"uv": [10, 0.75, 10.25, 1], "texture": "#1"}
			}
		},
		{
			"from": [5.65, 13.5, 6.95],
			"to": [5.9, 13.75, 7.5],
			"rotation": {"angle": 0, "axis": "y", "origin": [9.9, 1.85, 14]},
			"faces": {
				"north": {"uv": [5.75, 0.75, 5.5, 1], "texture": "#0"},
				"east": {"uv": [5.75, 0.75, 5.5, 1], "texture": "#1"},
				"south": {"uv": [5.5, 0.75, 5.75, 1], "texture": "#1"},
				"west": {"uv": [5.75, 0.75, 5.5, 1], "texture": "#1"},
				"up": {"uv": [5.5, 0.75, 5.75, 1], "texture": "#1"},
				"down": {"uv": [5.5, 0.75, 5.75, 1], "texture": "#1"}
			}
		},
		{
			"from": [10.65, 12.75, 6.95],
			"to": [11.15, 13, 7.5],
			"rotation": {"angle": 0, "axis": "y", "origin": [20.4, 1.1, 14]},
			"faces": {
				"north": {"uv": [11, 1.5, 10.5, 1.75], "texture": "#0"},
				"east": {"uv": [11, 1.5, 10.75, 1.75], "texture": "#1"},
				"south": {"uv": [10.5, 1.5, 11, 1.75], "texture": "#1"},
				"west": {"uv": [10.75, 1.5, 10.5, 1.75], "texture": "#1"},
				"up": {"uv": [10.5, 1.5, 11, 1.75], "texture": "#1"},
				"down": {"uv": [10.5, 1.5, 11, 1.75], "texture": "#1"}
			}
		},
		{
			"from": [6.9, 14, 6.95],
			"to": [9.15, 14.5, 7.5],
			"rotation": {"angle": 0, "axis": "y", "origin": [14.9, 1.35, 14]},
			"faces": {
				"north": {"uv": [9, 0, 6.75, 0.5], "texture": "#0"},
				"east": {"uv": [9, 0, 8.75, 0.5], "texture": "#1"},
				"south": {"uv": [6.75, 0, 9, 0.5], "texture": "#1"},
				"west": {"uv": [7, 0, 6.75, 0.5], "texture": "#1"},
				"up": {"uv": [6.75, 0, 9, 0.25], "texture": "#1"},
				"down": {"uv": [6.75, 0.25, 9, 0.5], "texture": "#1"}
			}
		},
		{
			"from": [8.65, 8.5, 7.375],
			"to": [8.9, 10.25, 7.575],
			"rotation": {"angle": 0, "axis": "y", "origin": [16.425, 0.85, 14]},
			"faces": {
				"north": {"uv": [8.75, 4.25, 8.5, 6], "texture": "#0"},
				"east": {"uv": [8.75, 4.25, 8.5, 6], "texture": "#1"},
				"south": {"uv": [8.5, 4.25, 8.75, 6], "texture": "#1"},
				"west": {"uv": [8.75, 4.25, 8.5, 6], "texture": "#1"},
				"up": {"uv": [8.5, 4.25, 8.75, 4.5], "texture": "#1"},
				"down": {"uv": [8.5, 5.75, 8.75, 6], "texture": "#1"}
			}
		},
		{
			"from": [7.15, 8.5, 7.375],
			"to": [7.4, 10.25, 7.575],
			"rotation": {"angle": 0, "axis": "y", "origin": [13.425, 0.85, 14]},
			"faces": {
				"north": {"uv": [7.25, 4.25, 7, 6], "texture": "#0"},
				"east": {"uv": [7.25, 4.25, 7, 6], "texture": "#1"},
				"south": {"uv": [7, 4.25, 7.25, 6], "texture": "#1"},
				"west": {"uv": [7.25, 4.25, 7, 6], "texture": "#1"},
				"up": {"uv": [7, 4.25, 7.25, 4.5], "texture": "#1"},
				"down": {"uv": [7, 5.75, 7.25, 6], "texture": "#1"}
			}
		},
		{
			"from": [8.65, 8.75, 7.575],
			"to": [8.9, 10, 7.775],
			"rotation": {"angle": 0, "axis": "y", "origin": [16.425, 0.85, 14]},
			"faces": {
				"north": {"uv": [8.75, 4.5, 8.5, 5.75], "texture": "#0"},
				"east": {"uv": [8.75, 4.5, 8.5, 5.75], "texture": "#1"},
				"south": {"uv": [8.5, 4.5, 8.75, 5.75], "texture": "#1"},
				"west": {"uv": [8.75, 4.5, 8.5, 5.75], "texture": "#1"},
				"up": {"uv": [8.5, 4.5, 8.75, 4.75], "texture": "#1"},
				"down": {"uv": [8.5, 5.5, 8.75, 5.75], "texture": "#1"}
			}
		},
		{
			"from": [7.4, 8.5, 7.575],
			"to": [8.65, 10.25, 7.775],
			"rotation": {"angle": 0, "axis": "y", "origin": [14.925, 0.85, 14]},
			"faces": {
				"north": {"uv": [8.5, 4.25, 7.25, 6], "texture": "#0"},
				"east": {"uv": [8.5, 4.25, 8.25, 6], "texture": "#1"},
				"south": {"uv": [7.25, 4.25, 8.5, 6], "texture": "#1"},
				"west": {"uv": [7.5, 4.25, 7.25, 6], "texture": "#1"},
				"up": {"uv": [7.25, 4.25, 8.5, 4.5], "texture": "#1"},
				"down": {"uv": [7.25, 5.75, 8.5, 6], "texture": "#1"}
			}
		},
		{
			"from": [7.15, 8.75, 7.575],
			"to": [7.4, 10, 7.775],
			"rotation": {"angle": 0, "axis": "y", "origin": [13.425, 0.85, 14]},
			"faces": {
				"north": {"uv": [7.25, 4.5, 7, 5.75], "texture": "#0"},
				"east": {"uv": [7.25, 4.5, 7, 5.75], "texture": "#1"},
				"south": {"uv": [7, 4.5, 7.25, 5.75], "texture": "#1"},
				"west": {"uv": [7.25, 4.5, 7, 5.75], "texture": "#1"},
				"up": {"uv": [7, 4.5, 7.25, 4.75], "texture": "#1"},
				"down": {"uv": [7, 5.5, 7.25, 5.75], "texture": "#1"}
			}
		},
		{
			"from": [8.4, 9, 7.775],
			"to": [8.65, 9.75, 7.975],
			"rotation": {"angle": 0, "axis": "y", "origin": [15.925, 0.85, 14]},
			"faces": {
				"north": {"uv": [8.5, 4.75, 8.25, 5.5], "texture": "#0"},
				"east": {"uv": [8.5, 4.75, 8.25, 5.5], "texture": "#1"},
				"south": {"uv": [8.25, 4.75, 8.5, 5.5], "texture": "#1"},
				"west": {"uv": [8.5, 4.75, 8.25, 5.5], "texture": "#1"},
				"up": {"uv": [8.25, 4.75, 8.5, 5], "texture": "#1"},
				"down": {"uv": [8.25, 5.25, 8.5, 5.5], "texture": "#1"}
			}
		},
		{
			"from": [7.65, 8.75, 7.775],
			"to": [8.4, 10, 7.975],
			"rotation": {"angle": 0, "axis": "y", "origin": [14.925, 0.85, 14]},
			"faces": {
				"north": {"uv": [8.25, 4.5, 7.5, 5.75], "texture": "#0"},
				"east": {"uv": [8.25, 4.5, 8, 5.75], "texture": "#1"},
				"south": {"uv": [7.5, 4.5, 8.25, 5.75], "texture": "#1"},
				"west": {"uv": [7.75, 4.5, 7.5, 5.75], "texture": "#1"},
				"up": {"uv": [7.5, 4.5, 8.25, 4.75], "texture": "#1"},
				"down": {"uv": [7.5, 5.5, 8.25, 5.75], "texture": "#1"}
			}
		},
		{
			"from": [7.4, 9, 7.775],
			"to": [7.65, 9.75, 7.975],
			"rotation": {"angle": 0, "axis": "y", "origin": [13.925, 0.85, 14]},
			"faces": {
				"north": {"uv": [7.5, 4.75, 7.25, 5.5], "texture": "#0"},
				"east": {"uv": [7.5, 4.75, 7.25, 5.5], "texture": "#1"},
				"south": {"uv": [7.25, 4.75, 7.5, 5.5], "texture": "#1"},
				"west": {"uv": [7.5, 4.75, 7.25, 5.5], "texture": "#1"},
				"up": {"uv": [7.25, 4.75, 7.5, 5], "texture": "#1"},
				"down": {"uv": [7.25, 5.25, 7.5, 5.5], "texture": "#1"}
			}
		},
		{
			"from": [6.9, 8.75, 7.375],
			"to": [7.15, 10, 7.575],
			"rotation": {"angle": 0, "axis": "y", "origin": [12.925, 0.85, 14]},
			"faces": {
				"north": {"uv": [9, 4.5, 8.75, 5.75], "texture": "#0"},
				"east": {"uv": [9, 4.5, 8.75, 5.75], "texture": "#1"},
				"south": {"uv": [8.75, 4.5, 9, 5.75], "texture": "#1"},
				"west": {"uv": [9, 4.5, 8.75, 5.75], "texture": "#1"},
				"up": {"uv": [8.75, 4.5, 9, 4.75], "texture": "#1"},
				"down": {"uv": [8.75, 5.5, 9, 5.75], "texture": "#1"}
			}
		},
		{
			"from": [8.9, 8.75, 7.375],
			"to": [9.15, 10, 7.575],
			"rotation": {"angle": 0, "axis": "y", "origin": [16.925, 0.85, 14]},
			"faces": {
				"north": {"uv": [7, 4.5, 6.75, 5.75], "texture": "#0"},
				"east": {"uv": [7, 4.5, 6.75, 5.75], "texture": "#1"},
				"south": {"uv": [6.75, 4.5, 7, 5.75], "texture": "#1"},
				"west": {"uv": [7, 4.5, 6.75, 5.75], "texture": "#1"},
				"up": {"uv": [6.75, 4.5, 7, 4.75], "texture": "#1"},
				"down": {"uv": [6.75, 5.5, 7, 5.75], "texture": "#1"}
			}
		},
		{
			"from": [7.4, 8.25, 7.375],
			"to": [8.65, 10.5, 7.575],
			"rotation": {"angle": 0, "axis": "y", "origin": [14.925, 0.85, 14]},
			"faces": {
				"north": {"uv": [8.5, 4, 7.25, 6.25], "texture": "#0"},
				"east": {"uv": [8.5, 4, 8.25, 6.25], "texture": "#1"},
				"south": {"uv": [7.25, 4, 8.5, 6.25], "texture": "#1"},
				"west": {"uv": [7.5, 4, 7.25, 6.25], "texture": "#1"},
				"up": {"uv": [7.25, 4, 8.5, 4.25], "texture": "#1"},
				"down": {"uv": [7.25, 6, 8.5, 6.25], "texture": "#1"}
			}
		},
		{
			"from": [4.4, 7.75, 7.075],
			"to": [11.65, 11, 7.375],
			"rotation": {"angle": 0, "axis": "y", "origin": [14.9, 0.6, 14]},
			"faces": {
				"north": {"uv": [11.5, 3.5, 4.25, 6.75], "texture": "#0"},
				"south": {"uv": [4.25, 3.5, 11.5, 6.75], "texture": "#1"}
			}
		},
		{
			"from": [4.65, 11, 7.075],
			"to": [11.4, 11.75, 7.375],
			"rotation": {"angle": 0, "axis": "y", "origin": [14.9, 0.6, 14]},
			"faces": {
				"north": {"uv": [11.25, 2.75, 4.5, 3.5], "texture": "#0"},
				"south": {"uv": [4.5, 2.75, 11.25, 3.5], "texture": "#1"}
			}
		},
		{
			"from": [4.9, 6, 7.075],
			"to": [11.15, 6.75, 7.375],
			"rotation": {"angle": 0, "axis": "y", "origin": [14.9, 3.85, 14]},
			"faces": {
				"north": {"uv": [11, 7.75, 4.75, 8.5], "texture": "#0"},
				"south": {"uv": [4.75, 7.75, 11, 8.5], "texture": "#1"}
			}
		},
		{
			"from": [5.15, 5.25, 7.075],
			"to": [10.9, 6, 7.375],
			"rotation": {"angle": 0, "axis": "y", "origin": [14.9, 3.85, 14]},
			"faces": {
				"north": {"uv": [10.75, 8.5, 5, 9.25], "texture": "#0"},
				"south": {"uv": [5, 8.5, 10.75, 9.25], "texture": "#1"}
			}
		},
		{
			"from": [5.4, 4.5, 7.075],
			"to": [10.65, 5.25, 7.375],
			"rotation": {"angle": 0, "axis": "y", "origin": [14.9, 3.85, 14]},
			"faces": {
				"north": {"uv": [10.5, 9.25, 5.25, 10], "texture": "#0"},
				"south": {"uv": [5.25, 9.25, 10.5, 10], "texture": "#1"}
			}
		},
		{
			"from": [6.9, 1.5, 7.075],
			"to": [9.15, 2, 7.375],
			"rotation": {"angle": 0, "axis": "y", "origin": [14.9, 1.35, 14]},
			"faces": {
				"north": {"uv": [9, 12.5, 6.75, 13], "texture": "#0"},
				"south": {"uv": [6.75, 12.5, 9, 13], "texture": "#1"}
			}
		},
		{
			"from": [7.15, 1, 7.075],
			"to": [8.9, 1.5, 7.375],
			"rotation": {"angle": 0, "axis": "y", "origin": [14.9, 1.35, 14]},
			"faces": {
				"north": {"uv": [8.75, 13, 7, 13.5], "texture": "#0"},
				"south": {"uv": [7, 13, 8.75, 13.5], "texture": "#1"}
			}
		},
		{
			"from": [7.4, 0.5, 7.075],
			"to": [8.65, 1, 7.375],
			"rotation": {"angle": 0, "axis": "y", "origin": [14.9, 1.35, 14]},
			"faces": {
				"north": {"uv": [8.5, 13.5, 7.25, 14], "texture": "#0"},
				"south": {"uv": [7.25, 13.5, 8.5, 14], "texture": "#1"}
			}
		},
		{
			"from": [7.65, 0, 7.075],
			"to": [8.4, 0.5, 7.375],
			"rotation": {"angle": 0, "axis": "y", "origin": [14.9, 1.35, 14]},
			"faces": {
				"north": {"uv": [8.25, 14, 7.5, 14.5], "texture": "#0"},
				"south": {"uv": [7.5, 14, 8.25, 14.5], "texture": "#1"}
			}
		},
		{
			"from": [7.9, -0.5, 7.075],
			"to": [8.15, 0, 7.375],
			"rotation": {"angle": 0, "axis": "y", "origin": [14.9, 1.35, 14]},
			"faces": {
				"north": {"uv": [8, 14.5, 7.75, 15], "texture": "#0"},
				"south": {"uv": [7.75, 14.5, 8, 15], "texture": "#1"}
			}
		},
		{
			"from": [5.65, 4, 7.075],
			"to": [10.4, 4.5, 7.375],
			"rotation": {"angle": 0, "axis": "y", "origin": [14.9, 3.85, 14]},
			"faces": {
				"north": {"uv": [10.25, 10, 5.5, 10.5], "texture": "#0"},
				"south": {"uv": [5.5, 10, 10.25, 10.5], "texture": "#1"}
			}
		},
		{
			"from": [5.9, 3.5, 7.075],
			"to": [10.15, 4, 7.375],
			"rotation": {"angle": 0, "axis": "y", "origin": [14.9, 3.85, 14]},
			"faces": {
				"north": {"uv": [10, 10.5, 5.75, 11], "texture": "#0"},
				"south": {"uv": [5.75, 10.5, 10, 11], "texture": "#1"}
			}
		},
		{
			"from": [6.15, 3, 7.075],
			"to": [9.9, 3.5, 7.375],
			"rotation": {"angle": 0, "axis": "y", "origin": [14.9, 3.85, 14]},
			"faces": {
				"north": {"uv": [9.75, 11, 6, 11.5], "texture": "#0"},
				"south": {"uv": [6, 11, 9.75, 11.5], "texture": "#1"}
			}
		},
		{
			"from": [6.4, 2.5, 7.075],
			"to": [9.65, 3, 7.375],
			"rotation": {"angle": 0, "axis": "y", "origin": [14.9, 3.85, 14]},
			"faces": {
				"north": {"uv": [9.5, 11.5, 6.25, 12], "texture": "#0"},
				"south": {"uv": [6.25, 11.5, 9.5, 12], "texture": "#1"}
			}
		},
		{
			"from": [6.65, 2, 7.075],
			"to": [9.4, 2.5, 7.375],
			"rotation": {"angle": 0, "axis": "y", "origin": [14.9, 3.85, 14]},
			"faces": {
				"north": {"uv": [9.25, 12, 6.5, 12.5], "texture": "#0"},
				"south": {"uv": [6.5, 12, 9.25, 12.5], "texture": "#1"}
			}
		},
		{
			"from": [4.65, 6.75, 7.075],
			"to": [11.4, 7.75, 7.375],
			"rotation": {"angle": 0, "axis": "y", "origin": [14.9, 1.6, 14]},
			"faces": {
				"north": {"uv": [11.25, 6.75, 4.5, 7.75], "texture": "#0"},
				"south": {"uv": [4.5, 6.75, 11.25, 7.75], "texture": "#1"}
			}
		},
		{
			"from": [5.4, 12.75, 7.075],
			"to": [10.65, 13, 7.375],
			"rotation": {"angle": 0, "axis": "y", "origin": [14.9, 1.1, 14]},
			"faces": {
				"north": {"uv": [10.5, 1.5, 5.25, 1.75], "texture": "#0"},
				"south": {"uv": [5.25, 1.5, 10.5, 1.75], "texture": "#1"}
			}
		},
		{
			"from": [4.9, 11.75, 7.075],
			"to": [11.15, 12.25, 7.375],
			"rotation": {"angle": 0, "axis": "y", "origin": [14.9, 0.6, 14]},
			"faces": {
				"north": {"uv": [11, 2.25, 4.75, 2.75], "texture": "#0"},
				"south": {"uv": [4.75, 2.25, 11, 2.75], "texture": "#1"}
			}
		},
		{
			"from": [5.15, 12.25, 7.075],
			"to": [10.9, 12.75, 7.375],
			"rotation": {"angle": 0, "axis": "y", "origin": [14.9, 1.1, 14]},
			"faces": {
				"north": {"uv": [10.75, 1.75, 5, 2.25], "texture": "#0"},
				"south": {"uv": [5, 1.75, 10.75, 2.25], "texture": "#1"}
			}
		},
		{
			"from": [6.9, 13.75, 7.075],
			"to": [9.15, 14, 7.375],
			"rotation": {"angle": 0, "axis": "y", "origin": [14.9, 1.35, 14]},
			"faces": {
				"north": {"uv": [9, 0.5, 6.75, 0.75], "texture": "#0"},
				"south": {"uv": [6.75, 0.5, 9, 0.75], "texture": "#1"}
			}
		}
	],
	"gui_light": "front",
	"overrides": [
		{"predicate": {"blocking": 1}, "model": "item/shield_blocking"}
	],
	"display": {
		"thirdperson_righthand": {
			"rotation": [0, 95, 0],
			"translation": [3.75, -2.5, 1.25],
			"scale": [1.7, 1.7, 1.7]
		},
		"thirdperson_lefthand": {
			"rotation": [0, 95, 0],
			"translation": [3.75, -2.5, 1.25],
			"scale": [1.7, 1.7, 1.7]
		},
		"firstperson_righthand": {
			"rotation": [0, 95, 0],
			"translation": [3.5, -0.75, -1],
			"scale": [1.2, 1.2, 1.2]
		},
		"firstperson_lefthand": {
			"rotation": [0, 95, 0],
			"translation": [3.5, -0.75, -1],
			"scale": [1.2, 1.2, 1.2]
		},
		"ground": {
			"translation": [0, 1, 0],
			"scale": [0.5, 0.5, 0.5]
		},
		"gui": {
			"rotation": [0, -20, -10],
			"translation": [-0.5, 1.5, 0]
		},
		"fixed": {
			"rotation": [0, -180, 0],
			"translation": [0, 4.75, -2.25],
			"scale": [2, 2, 2]
		}
	}
}