{
	"credit": "Made with Blockbench",
	"textures": {
		"3": "./cobra_tooth",
		"particle": "./cobra_tooth"
	},
	"elements": [
		{
			"from": [8.375, 8.325, 7.325],
			"to": [8.625, 10.45, 7.675],
			"rotation": {"angle": 0, "axis": "y", "origin": [13.225, 4.025, 7.725]},
			"faces": {
				"north": {"uv": [2, 8.875, 1.75, 11], "texture": "#3"},
				"east": {"uv": [1.875, 8.875, 2, 11], "texture": "#3"},
				"south": {"uv": [1.75, 8.875, 2, 11], "texture": "#3"},
				"west": {"uv": [1.75, 8.875, 1.875, 11], "texture": "#3"},
				"up": {"uv": [1.75, 9, 2, 8.875], "texture": "#3"},
				"down": {"uv": [1.75, 11, 2, 10.875], "texture": "#3"}
			}
		},
		{
			"from": [8.625, 8.45, 7.325],
			"to": [8.75, 10.325, 7.675],
			"rotation": {"angle": 0, "axis": "y", "origin": [13.225, 4.025, 7.725]},
			"faces": {
				"north": {"uv": [2.125, 9, 2, 10.875], "texture": "#3"},
				"east": {"uv": [2, 9, 2.125, 10.875], "texture": "#3"},
				"south": {"uv": [2, 9, 2.125, 10.875], "texture": "#3"},
				"west": {"uv": [2, 9, 2.125, 10.875], "texture": "#3"},
				"up": {"uv": [2, 9.125, 2.125, 9], "texture": "#3"},
				"down": {"uv": [2, 10.875, 2.125, 10.75], "texture": "#3"}
			}
		},
		{
			"from": [8.25, 8.2, 7.325],
			"to": [8.375, 10.575, 7.675],
			"rotation": {"angle": 0, "axis": "y", "origin": [13.225, 4.025, 7.725]},
			"faces": {
				"north": {"uv": [1.75, 8.75, 1.625, 11.125], "texture": "#3"},
				"east": {"uv": [1.625, 8.75, 1.75, 11.125], "texture": "#3"},
				"south": {"uv": [1.625, 8.75, 1.75, 11.125], "texture": "#3"},
				"west": {"uv": [1.625, 8.75, 1.75, 11.125], "texture": "#3"},
				"up": {"uv": [1.625, 8.875, 1.75, 8.75], "texture": "#3"},
				"down": {"uv": [1.625, 11.125, 1.75, 11], "texture": "#3"}
			}
		},
		{
			"from": [8.125, 10.2, 7.325],
			"to": [8.25, 16.2, 7.675],
			"rotation": {"angle": 0, "axis": "y", "origin": [13.225, 4.025, 7.725]},
			"faces": {
				"north": {"uv": [1.625, 3.125, 1.5, 9.125], "texture": "#3"},
				"east": {"uv": [1.5, 3.125, 1.625, 9.125], "texture": "#3"},
				"south": {"uv": [1.5, 3.125, 1.625, 9.125], "texture": "#3"},
				"west": {"uv": [1.5, 3.125, 1.625, 9.125], "texture": "#3"},
				"up": {"uv": [1.5, 3.25, 1.625, 3.125], "texture": "#3"},
				"down": {"uv": [1.5, 9.125, 1.625, 9], "texture": "#3"}
			}
		},
		{
			"from": [8, 4.95, 7.325],
			"to": [8.125, 16.075, 7.675],
			"rotation": {"angle": 0, "axis": "y", "origin": [13.225, 4.025, 7.725]},
			"faces": {
				"north": {"uv": [1.5, 3.25, 1.375, 14.375], "texture": "#3"},
				"east": {"uv": [1.375, 3.25, 1.5, 14.375], "texture": "#3"},
				"south": {"uv": [1.375, 3.25, 1.5, 14.375], "texture": "#3"},
				"west": {"uv": [1.375, 3.25, 1.5, 14.375], "texture": "#3"},
				"up": {"uv": [1.375, 3.375, 1.5, 3.25], "texture": "#3"},
				"down": {"uv": [1.375, 14.375, 1.5, 14.25], "texture": "#3"}
			}
		},
		{
			"from": [7.875, 4.95, 7.35],
			"to": [8, 15.95, 7.65],
			"rotation": {"angle": 0, "axis": "y", "origin": [13.225, 4.025, 7.725]},
			"faces": {
				"north": {"uv": [1.375, 3.375, 1.25, 14.375], "texture": "#3"},
				"east": {"uv": [1.25, 3.375, 1.375, 14.375], "texture": "#3"},
				"south": {"uv": [1.25, 3.375, 1.375, 14.375], "texture": "#3"},
				"west": {"uv": [1.25, 3.375, 1.375, 14.375], "texture": "#3"},
				"up": {"uv": [1.25, 3.5, 1.375, 3.375], "texture": "#3"},
				"down": {"uv": [1.25, 14.375, 1.375, 14.25], "texture": "#3"}
			}
		},
		{
			"from": [7.625, 4.95, 7.375],
			"to": [7.75, 15.7, 7.625],
			"rotation": {"angle": 0, "axis": "y", "origin": [13.225, 4.025, 7.725]},
			"faces": {
				"north": {"uv": [1.125, 3.625, 1, 14.375], "texture": "#3"},
				"east": {"uv": [1, 3.625, 1.125, 14.375], "texture": "#3"},
				"south": {"uv": [1, 3.625, 1.125, 14.375], "texture": "#3"},
				"west": {"uv": [1, 3.625, 1.125, 14.375], "texture": "#3"},
				"up": {"uv": [1, 3.75, 1.125, 3.625], "texture": "#3"},
				"down": {"uv": [1, 14.375, 1.125, 14.25], "texture": "#3"}
			}
		},
		{
			"from": [6.75, 5.075, 7.45],
			"to": [6.875, 14.825, 7.55],
			"rotation": {"angle": 0, "axis": "y", "origin": [13.225, 4.025, 7.725]},
			"faces": {
				"north": {"uv": [0.25, 4.5, 0.125, 14.25], "texture": "#3"},
				"east": {"uv": [0.125, 4.5, 0.25, 14.25], "texture": "#3"},
				"south": {"uv": [0.125, 4.5, 0.25, 14.25], "texture": "#3"},
				"west": {"uv": [0.125, 4.5, 0.25, 14.25], "texture": "#3"},
				"up": {"uv": [0.125, 4.625, 0.25, 4.5], "texture": "#3"},
				"down": {"uv": [0.125, 14.25, 0.25, 14.125], "texture": "#3"}
			}
		},
		{
			"from": [6.625, 5.075, 7.475],
			"to": [6.75, 14.7, 7.525],
			"rotation": {"angle": 0, "axis": "y", "origin": [13.225, 4.025, 7.725]},
			"faces": {
				"north": {"uv": [0.125, 4.625, 0, 14.25], "texture": "#3"},
				"east": {"uv": [0, 4.625, 0.125, 14.25], "texture": "#3"},
				"south": {"uv": [0, 4.625, 0.125, 14.25], "texture": "#3"},
				"west": {"uv": [0, 4.625, 0.125, 14.25], "texture": "#3"},
				"up": {"uv": [0, 4.75, 0.125, 4.625], "texture": "#3"},
				"down": {"uv": [0, 14.25, 0.125, 14.125], "texture": "#3"}
			}
		},
		{
			"from": [6.875, 4.95, 7.45],
			"to": [7, 14.95, 7.55],
			"rotation": {"angle": 0, "axis": "y", "origin": [13.225, 4.025, 7.725]},
			"faces": {
				"north": {"uv": [0.375, 4.375, 0.25, 14.375], "texture": "#3"},
				"east": {"uv": [0.25, 4.375, 0.375, 14.375], "texture": "#3"},
				"south": {"uv": [0.25, 4.375, 0.375, 14.375], "texture": "#3"},
				"west": {"uv": [0.25, 4.375, 0.375, 14.375], "texture": "#3"},
				"up": {"uv": [0.25, 4.5, 0.375, 4.375], "texture": "#3"},
				"down": {"uv": [0.25, 14.375, 0.375, 14.25], "texture": "#3"}
			}
		},
		{
			"from": [7, 4.95, 7.425],
			"to": [7.125, 15.075, 7.575],
			"rotation": {"angle": 0, "axis": "y", "origin": [13.225, 4.025, 7.725]},
			"faces": {
				"north": {"uv": [0.5, 4.25, 0.375, 14.375], "texture": "#3"},
				"east": {"uv": [0.375, 4.25, 0.5, 14.375], "texture": "#3"},
				"south": {"uv": [0.375, 4.25, 0.5, 14.375], "texture": "#3"},
				"west": {"uv": [0.375, 4.25, 0.5, 14.375], "texture": "#3"},
				"up": {"uv": [0.375, 4.375, 0.5, 4.25], "texture": "#3"},
				"down": {"uv": [0.375, 14.375, 0.5, 14.25], "texture": "#3"}
			}
		},
		{
			"from": [7.125, 4.95, 7.425],
			"to": [7.25, 15.2, 7.575],
			"rotation": {"angle": 0, "axis": "y", "origin": [13.225, 4.025, 7.725]},
			"faces": {
				"north": {"uv": [0.625, 4.125, 0.5, 14.375], "texture": "#3"},
				"east": {"uv": [0.5, 4.125, 0.625, 14.375], "texture": "#3"},
				"south": {"uv": [0.5, 4.125, 0.625, 14.375], "texture": "#3"},
				"west": {"uv": [0.5, 4.125, 0.625, 14.375], "texture": "#3"},
				"up": {"uv": [0.5, 4.25, 0.625, 4.125], "texture": "#3"},
				"down": {"uv": [0.5, 14.375, 0.625, 14.25], "texture": "#3"}
			}
		},
		{
			"from": [7.5, 4.95, 7.375],
			"to": [7.625, 15.575, 7.625],
			"rotation": {"angle": 0, "axis": "y", "origin": [13.225, 4.025, 7.725]},
			"faces": {
				"north": {"uv": [1, 3.75, 0.875, 14.375], "texture": "#3"},
				"east": {"uv": [0.875, 3.75, 1, 14.375], "texture": "#3"},
				"south": {"uv": [0.875, 3.75, 1, 14.375], "texture": "#3"},
				"west": {"uv": [0.875, 3.75, 1, 14.375], "texture": "#3"},
				"up": {"uv": [0.875, 3.875, 1, 3.75], "texture": "#3"},
				"down": {"uv": [0.875, 14.375, 1, 14.25], "texture": "#3"}
			}
		},
		{
			"from": [7.25, 4.95, 7.4],
			"to": [7.375, 15.325, 7.6],
			"rotation": {"angle": 0, "axis": "y", "origin": [13.225, 4.025, 7.725]},
			"faces": {
				"north": {"uv": [0.75, 4, 0.625, 14.375], "texture": "#3"},
				"east": {"uv": [0.625, 4, 0.75, 14.375], "texture": "#3"},
				"south": {"uv": [0.625, 4, 0.75, 14.375], "texture": "#3"},
				"west": {"uv": [0.625, 4, 0.75, 14.375], "texture": "#3"},
				"up": {"uv": [0.625, 4.125, 0.75, 4], "texture": "#3"},
				"down": {"uv": [0.625, 14.375, 0.75, 14.25], "texture": "#3"}
			}
		},
		{
			"from": [7.375, 4.95, 7.4],
			"to": [7.5, 15.45, 7.6],
			"rotation": {"angle": 0, "axis": "y", "origin": [13.225, 4.025, 7.725]},
			"faces": {
				"north": {"uv": [0.875, 3.875, 0.75, 14.375], "texture": "#3"},
				"east": {"uv": [0.75, 3.875, 0.875, 14.375], "texture": "#3"},
				"south": {"uv": [0.75, 3.875, 0.875, 14.375], "texture": "#3"},
				"west": {"uv": [0.75, 3.875, 0.875, 14.375], "texture": "#3"},
				"up": {"uv": [0.75, 4, 0.875, 3.875], "texture": "#3"},
				"down": {"uv": [0.75, 14.375, 0.875, 14.25], "texture": "#3"}
			}
		},
		{
			"from": [7.75, 4.95, 7.35],
			"to": [7.875, 15.825, 7.65],
			"rotation": {"angle": 0, "axis": "y", "origin": [13.225, 4.025, 7.725]},
			"faces": {
				"north": {"uv": [1.25, 3.5, 1.125, 14.375], "texture": "#3"},
				"east": {"uv": [1.125, 3.5, 1.25, 14.375], "texture": "#3"},
				"south": {"uv": [1.125, 3.5, 1.25, 14.375], "texture": "#3"},
				"west": {"uv": [1.125, 3.5, 1.25, 14.375], "texture": "#3"},
				"up": {"uv": [1.125, 3.625, 1.25, 3.5], "texture": "#3"},
				"down": {"uv": [1.125, 14.375, 1.25, 14.25], "texture": "#3"}
			}
		},
		{
			"from": [8.625, 8.825, 7.175],
			"to": [8.875, 9.95, 7.825],
			"rotation": {"angle": 0, "axis": "y", "origin": [13.225, 4.025, 7.725]},
			"faces": {
				"north": {"uv": [2.25, 9.375, 2, 10.5], "texture": "#3"},
				"east": {"uv": [2.125, 9.375, 2.25, 10.5], "texture": "#3"},
				"south": {"uv": [2, 9.375, 2.25, 10.5], "texture": "#3"},
				"west": {"uv": [2, 9.375, 2.125, 10.5], "texture": "#3"},
				"up": {"uv": [2, 9.5, 2.25, 9.375], "texture": "#3"},
				"down": {"uv": [2, 10.5, 2.25, 10.375], "texture": "#3"}
			}
		},
		{
			"from": [8.25, 8.7, 7.175],
			"to": [8.625, 10.075, 7.825],
			"rotation": {"angle": 0, "axis": "y", "origin": [13.225, 4.025, 7.725]},
			"faces": {
				"north": {"uv": [2, 9.25, 1.625, 10.625], "texture": "#3"},
				"east": {"uv": [1.875, 9.25, 2, 10.625], "texture": "#3"},
				"south": {"uv": [1.625, 9.25, 2, 10.625], "texture": "#3"},
				"west": {"uv": [1.625, 9.25, 1.75, 10.625], "texture": "#3"},
				"up": {"uv": [1.625, 9.375, 2, 9.25], "texture": "#3"},
				"down": {"uv": [1.625, 10.625, 2, 10.5], "texture": "#3"}
			}
		},
		{
			"from": [8.875, 9.075, 7.175],
			"to": [9, 9.7, 7.825],
			"rotation": {"angle": 0, "axis": "y", "origin": [13.225, 4.025, 7.725]},
			"faces": {
				"north": {"uv": [2.375, 9.625, 2.25, 10.25], "texture": "#3"},
				"east": {"uv": [2.25, 9.625, 2.375, 10.25], "texture": "#3"},
				"south": {"uv": [2.25, 9.625, 2.375, 10.25], "texture": "#3"},
				"west": {"uv": [2.25, 9.625, 2.375, 10.25], "texture": "#3"},
				"up": {"uv": [2.25, 9.75, 2.375, 9.625], "texture": "#3"},
				"down": {"uv": [2.25, 10.25, 2.375, 10.125], "texture": "#3"}
			}
		},
		{
			"from": [8.125, 4.95, 7.175],
			"to": [8.25, 10.2, 7.825],
			"rotation": {"angle": 0, "axis": "y", "origin": [13.225, 4.025, 7.725]},
			"faces": {
				"north": {"uv": [1.625, 9.125, 1.5, 14.375], "texture": "#3"},
				"east": {"uv": [1.5, 9.125, 1.625, 14.375], "texture": "#3"},
				"south": {"uv": [1.5, 9.125, 1.625, 14.375], "texture": "#3"},
				"west": {"uv": [1.5, 9.125, 1.625, 14.375], "texture": "#3"},
				"up": {"uv": [1.5, 9.25, 1.625, 9.125], "texture": "#3"},
				"down": {"uv": [1.5, 14.375, 1.625, 14.25], "texture": "#3"}
			}
		},
		{
			"from": [8, 4.95, 7.175],
			"to": [8.125, 10.075, 7.825],
			"rotation": {"angle": 0, "axis": "y", "origin": [13.225, 4.025, 7.725]},
			"faces": {
				"north": {"uv": [1.5, 9.25, 1.375, 14.375], "texture": "#3"},
				"east": {"uv": [1.375, 9.25, 1.5, 14.375], "texture": "#3"},
				"south": {"uv": [1.375, 9.25, 1.5, 14.375], "texture": "#3"},
				"west": {"uv": [1.375, 9.25, 1.5, 14.375], "texture": "#3"},
				"up": {"uv": [1.375, 9.375, 1.5, 9.25], "texture": "#3"},
				"down": {"uv": [1.375, 14.375, 1.5, 14.25], "texture": "#3"}
			}
		},
		{
			"from": [7.875, 4.95, 7.2],
			"to": [8, 9.95, 7.8],
			"rotation": {"angle": 0, "axis": "y", "origin": [13.225, 4.025, 7.725]},
			"faces": {
				"north": {"uv": [1.375, 9.375, 1.25, 14.375], "texture": "#3"},
				"east": {"uv": [1.25, 9.375, 1.375, 14.375], "texture": "#3"},
				"south": {"uv": [1.25, 9.375, 1.375, 14.375], "texture": "#3"},
				"west": {"uv": [1.25, 9.375, 1.375, 14.375], "texture": "#3"},
				"up": {"uv": [1.25, 9.5, 1.375, 9.375], "texture": "#3"},
				"down": {"uv": [1.25, 14.375, 1.375, 14.25], "texture": "#3"}
			}
		},
		{
			"from": [7.75, 4.95, 7.2],
			"to": [7.875, 9.825, 7.8],
			"rotation": {"angle": 0, "axis": "y", "origin": [13.225, 4.025, 7.725]},
			"faces": {
				"north": {"uv": [1.25, 9.5, 1.125, 14.375], "texture": "#3"},
				"east": {"uv": [1.125, 9.5, 1.25, 14.375], "texture": "#3"},
				"south": {"uv": [1.125, 9.5, 1.25, 14.375], "texture": "#3"},
				"west": {"uv": [1.125, 9.5, 1.25, 14.375], "texture": "#3"},
				"up": {"uv": [1.125, 9.625, 1.25, 9.5], "texture": "#3"},
				"down": {"uv": [1.125, 14.375, 1.25, 14.25], "texture": "#3"}
			}
		},
		{
			"from": [7.5, 5.8, 7.225],
			"to": [7.625, 9.575, 7.775],
			"rotation": {"angle": 0, "axis": "y", "origin": [13.225, 4.025, 7.725]},
			"faces": {
				"north": {"uv": [1, 9.75, 0.875, 13.5], "texture": "#3"},
				"east": {"uv": [0.875, 9.75, 1, 13.5], "texture": "#3"},
				"south": {"uv": [0.875, 9.75, 1, 13.5], "texture": "#3"},
				"west": {"uv": [0.875, 9.75, 1, 13.5], "texture": "#3"},
				"up": {"uv": [0.875, 9.875, 1, 9.75], "texture": "#3"},
				"down": {"uv": [0.875, 13.5, 1, 13.375], "texture": "#3"}
			}
		},
		{
			"from": [6.875, 5.7, 7.3],
			"to": [7, 9.45, 7.7],
			"rotation": {"angle": 0, "axis": "y", "origin": [13.225, 4.025, 7.725]},
			"faces": {
				"north": {"uv": [0.375, 9.875, 0.25, 13.625], "texture": "#3"},
				"east": {"uv": [0.25, 9.875, 0.375, 13.625], "texture": "#3"},
				"south": {"uv": [0.25, 9.875, 0.375, 13.625], "texture": "#3"},
				"west": {"uv": [0.25, 9.875, 0.375, 13.625], "texture": "#3"},
				"up": {"uv": [0.25, 10, 0.375, 9.875], "texture": "#3"},
				"down": {"uv": [0.25, 13.625, 0.375, 13.5], "texture": "#3"}
			}
		},
		{
			"from": [7.25, 4.95, 7.25],
			"to": [7.5, 5.45, 7.75],
			"rotation": {"angle": 0, "axis": "y", "origin": [13.225, 4.025, 7.725]},
			"faces": {
				"north": {"uv": [0.875, 13.875, 0.625, 14.375], "texture": "#3"},
				"east": {"uv": [0.75, 13.875, 0.875, 14.375], "texture": "#3"},
				"south": {"uv": [0.625, 13.875, 0.875, 14.375], "texture": "#3"},
				"west": {"uv": [0.625, 13.875, 0.75, 14.375], "texture": "#3"},
				"up": {"uv": [0.625, 14, 0.875, 13.875], "texture": "#3"},
				"down": {"uv": [0.625, 14.375, 0.875, 14.25], "texture": "#3"}
			}
		},
		{
			"from": [7.5, 4.95, 7.225],
			"to": [7.75, 5.45, 7.775],
			"rotation": {"angle": 0, "axis": "y", "origin": [13.225, 4.025, 7.725]},
			"faces": {
				"north": {"uv": [1.125, 13.875, 0.875, 14.375], "texture": "#3"},
				"east": {"uv": [1, 13.875, 1.125, 14.375], "texture": "#3"},
				"south": {"uv": [0.875, 13.875, 1.125, 14.375], "texture": "#3"},
				"west": {"uv": [0.875, 13.875, 1, 14.375], "texture": "#3"},
				"up": {"uv": [0.875, 14, 1.125, 13.875], "texture": "#3"},
				"down": {"uv": [0.875, 14.375, 1.125, 14.25], "texture": "#3"}
			}
		},
		{
			"from": [7.125, 4.95, 7.275],
			"to": [7.25, 5.45, 7.725],
			"rotation": {"angle": 0, "axis": "y", "origin": [13.225, 4.025, 7.725]},
			"faces": {
				"north": {"uv": [0.625, 13.875, 0.5, 14.375], "texture": "#3"},
				"east": {"uv": [0.5, 13.875, 0.625, 14.375], "texture": "#3"},
				"south": {"uv": [0.5, 13.875, 0.625, 14.375], "texture": "#3"},
				"west": {"uv": [0.5, 13.875, 0.625, 14.375], "texture": "#3"},
				"up": {"uv": [0.5, 14, 0.625, 13.875], "texture": "#3"},
				"down": {"uv": [0.5, 14.375, 0.625, 14.25], "texture": "#3"}
			}
		},
		{
			"from": [7.25, 5.7, 7.25],
			"to": [7.5, 9.45, 7.75],
			"rotation": {"angle": 0, "axis": "y", "origin": [13.225, 4.025, 7.725]},
			"faces": {
				"north": {"uv": [0.875, 9.875, 0.625, 13.625], "texture": "#3"},
				"east": {"uv": [0.75, 9.875, 0.875, 13.625], "texture": "#3"},
				"south": {"uv": [0.625, 9.875, 0.875, 13.625], "texture": "#3"},
				"west": {"uv": [0.625, 9.875, 0.75, 13.625], "texture": "#3"},
				"up": {"uv": [0.625, 10, 0.875, 9.875], "texture": "#3"},
				"down": {"uv": [0.625, 13.625, 0.875, 13.5], "texture": "#3"}
			}
		},
		{
			"from": [7, 5.7, 7.275],
			"to": [7.25, 9.45, 7.725],
			"rotation": {"angle": 0, "axis": "y", "origin": [13.225, 4.025, 7.725]},
			"faces": {
				"north": {"uv": [0.625, 9.875, 0.375, 13.625], "texture": "#3"},
				"east": {"uv": [0.5, 9.875, 0.625, 13.625], "texture": "#3"},
				"south": {"uv": [0.375, 9.875, 0.625, 13.625], "texture": "#3"},
				"west": {"uv": [0.375, 9.875, 0.5, 13.625], "texture": "#3"},
				"up": {"uv": [0.375, 10, 0.625, 9.875], "texture": "#3"},
				"down": {"uv": [0.375, 13.625, 0.625, 13.5], "texture": "#3"}
			}
		},
		{
			"from": [7.625, 5.45, 7.225],
			"to": [7.75, 9.7, 7.775],
			"rotation": {"angle": 0, "axis": "y", "origin": [13.225, 4.025, 7.725]},
			"faces": {
				"north": {"uv": [1.125, 9.625, 1, 13.875], "texture": "#3"},
				"east": {"uv": [1, 9.625, 1.125, 13.875], "texture": "#3"},
				"south": {"uv": [1, 9.625, 1.125, 13.875], "texture": "#3"},
				"west": {"uv": [1, 9.625, 1.125, 13.875], "texture": "#3"},
				"up": {"uv": [1, 9.75, 1.125, 9.625], "texture": "#3"},
				"down": {"uv": [1, 13.875, 1.125, 13.75], "texture": "#3"}
			}
		},
		{
			"from": [7.25, 3.325, 7.25],
			"to": [7.875, 4.95, 7.75],
			"rotation": {"angle": 0, "axis": "y", "origin": [13.225, 4.025, 7.725]},
			"faces": {
				"north": {"uv": [1.375, 14.375, 0.625, 16], "texture": "#3"},
				"east": {"uv": [1.25, 14.375, 1.375, 16], "texture": "#3"},
				"south": {"uv": [0.625, 14.375, 1.375, 16], "texture": "#3"},
				"west": {"uv": [0.625, 14.375, 0.75, 16], "texture": "#3"},
				"up": {"uv": [0.625, 14.5, 1.375, 14.375], "texture": "#3"},
				"down": {"uv": [0.625, 16, 1.375, 15.875], "texture": "#3"}
			}
		},
		{
			"from": [8.375, -3.8, 7.325],
			"to": [8.625, -1.675, 7.675],
			"rotation": {"angle": 0, "axis": "y", "origin": [13.225, 4.025, 7.725]},
			"faces": {
				"north": {"uv": [1.75, 8.875, 2, 11], "rotation": 180, "texture": "#3"},
				"east": {"uv": [1.875, 8.875, 2, 11], "rotation": 180, "texture": "#3"},
				"south": {"uv": [2, 8.875, 1.75, 11], "rotation": 180, "texture": "#3"},
				"west": {"uv": [1.75, 8.875, 1.875, 11], "rotation": 180, "texture": "#3"},
				"up": {"uv": [1.75, 11, 2, 10.875], "texture": "#3"},
				"down": {"uv": [1.75, 9, 2, 8.875], "texture": "#3"}
			}
		},
		{
			"from": [8.625, -3.675, 7.325],
			"to": [8.75, -1.8, 7.675],
			"rotation": {"angle": 0, "axis": "y", "origin": [13.225, 4.025, 7.725]},
			"faces": {
				"north": {"uv": [2, 9, 2.125, 10.875], "rotation": 180, "texture": "#3"},
				"east": {"uv": [2, 9, 2.125, 10.875], "rotation": 180, "texture": "#3"},
				"south": {"uv": [2.125, 9, 2, 10.875], "rotation": 180, "texture": "#3"},
				"west": {"uv": [2, 9, 2.125, 10.875], "rotation": 180, "texture": "#3"},
				"up": {"uv": [2, 10.875, 2.125, 10.75], "texture": "#3"},
				"down": {"uv": [2, 9.125, 2.125, 9], "texture": "#3"}
			}
		},
		{
			"from": [8.25, -3.925, 7.325],
			"to": [8.375, -1.55, 7.675],
			"rotation": {"angle": 0, "axis": "y", "origin": [13.225, 4.025, 7.725]},
			"faces": {
				"north": {"uv": [1.625, 8.75, 1.75, 11.125], "rotation": 180, "texture": "#3"},
				"east": {"uv": [1.625, 8.75, 1.75, 11.125], "rotation": 180, "texture": "#3"},
				"south": {"uv": [1.75, 8.75, 1.625, 11.125], "rotation": 180, "texture": "#3"},
				"west": {"uv": [1.625, 8.75, 1.75, 11.125], "rotation": 180, "texture": "#3"},
				"up": {"uv": [1.625, 11.125, 1.75, 11], "texture": "#3"},
				"down": {"uv": [1.625, 8.875, 1.75, 8.75], "texture": "#3"}
			}
		},
		{
			"from": [8.125, -9.55, 7.325],
			"to": [8.25, -3.55, 7.675],
			"rotation": {"angle": 0, "axis": "y", "origin": [13.225, 4.025, 7.725]},
			"faces": {
				"north": {"uv": [1.5, 3.125, 1.625, 9.125], "rotation": 180, "texture": "#3"},
				"east": {"uv": [1.5, 3.125, 1.625, 9.125], "rotation": 180, "texture": "#3"},
				"south": {"uv": [1.625, 3.125, 1.5, 9.125], "rotation": 180, "texture": "#3"},
				"west": {"uv": [1.5, 3.125, 1.625, 9.125], "rotation": 180, "texture": "#3"},
				"up": {"uv": [1.5, 9.125, 1.625, 9], "texture": "#3"},
				"down": {"uv": [1.5, 3.25, 1.625, 3.125], "texture": "#3"}
			}
		},
		{
			"from": [8, -9.425, 7.325],
			"to": [8.125, 1.7, 7.675],
			"rotation": {"angle": 0, "axis": "y", "origin": [13.225, 4.025, 7.725]},
			"faces": {
				"north": {"uv": [1.375, 3.25, 1.5, 14.375], "rotation": 180, "texture": "#3"},
				"east": {"uv": [1.375, 3.25, 1.5, 14.375], "rotation": 180, "texture": "#3"},
				"south": {"uv": [1.5, 3.25, 1.375, 14.375], "rotation": 180, "texture": "#3"},
				"west": {"uv": [1.375, 3.25, 1.5, 14.375], "rotation": 180, "texture": "#3"},
				"up": {"uv": [1.375, 14.375, 1.5, 14.25], "texture": "#3"},
				"down": {"uv": [1.375, 3.375, 1.5, 3.25], "texture": "#3"}
			}
		},
		{
			"from": [7.875, -9.3, 7.35],
			"to": [8, 1.7, 7.65],
			"rotation": {"angle": 0, "axis": "y", "origin": [13.225, 4.025, 7.725]},
			"faces": {
				"north": {"uv": [1.25, 3.375, 1.375, 14.375], "rotation": 180, "texture": "#3"},
				"east": {"uv": [1.25, 3.375, 1.375, 14.375], "rotation": 180, "texture": "#3"},
				"south": {"uv": [1.375, 3.375, 1.25, 14.375], "rotation": 180, "texture": "#3"},
				"west": {"uv": [1.25, 3.375, 1.375, 14.375], "rotation": 180, "texture": "#3"},
				"up": {"uv": [1.25, 14.375, 1.375, 14.25], "texture": "#3"},
				"down": {"uv": [1.25, 3.5, 1.375, 3.375], "texture": "#3"}
			}
		},
		{
			"from": [7.625, -9.05, 7.375],
			"to": [7.75, 1.7, 7.625],
			"rotation": {"angle": 0, "axis": "y", "origin": [13.225, 4.025, 7.725]},
			"faces": {
				"north": {"uv": [1, 3.625, 1.125, 14.375], "rotation": 180, "texture": "#3"},
				"east": {"uv": [1, 3.625, 1.125, 14.375], "rotation": 180, "texture": "#3"},
				"south": {"uv": [1.125, 3.625, 1, 14.375], "rotation": 180, "texture": "#3"},
				"west": {"uv": [1, 3.625, 1.125, 14.375], "rotation": 180, "texture": "#3"},
				"up": {"uv": [1, 14.375, 1.125, 14.25], "texture": "#3"},
				"down": {"uv": [1, 3.75, 1.125, 3.625], "texture": "#3"}
			}
		},
		{
			"from": [6.75, -8.175, 7.45],
			"to": [6.875, 1.575, 7.55],
			"rotation": {"angle": 0, "axis": "y", "origin": [13.225, 4.025, 7.725]},
			"faces": {
				"north": {"uv": [0.125, 4.5, 0.25, 14.25], "rotation": 180, "texture": "#3"},
				"east": {"uv": [0.125, 4.5, 0.25, 14.25], "rotation": 180, "texture": "#3"},
				"south": {"uv": [0.25, 4.5, 0.125, 14.25], "rotation": 180, "texture": "#3"},
				"west": {"uv": [0.125, 4.5, 0.25, 14.25], "rotation": 180, "texture": "#3"},
				"up": {"uv": [0.125, 14.25, 0.25, 14.125], "texture": "#3"},
				"down": {"uv": [0.125, 4.625, 0.25, 4.5], "texture": "#3"}
			}
		},
		{
			"from": [6.625, -8.05, 7.475],
			"to": [6.75, 1.575, 7.525],
			"rotation": {"angle": 0, "axis": "y", "origin": [13.225, 4.025, 7.725]},
			"faces": {
				"north": {"uv": [0, 4.625, 0.125, 14.25], "rotation": 180, "texture": "#3"},
				"east": {"uv": [0, 4.625, 0.125, 14.25], "rotation": 180, "texture": "#3"},
				"south": {"uv": [0.125, 4.625, 0, 14.25], "rotation": 180, "texture": "#3"},
				"west": {"uv": [0, 4.625, 0.125, 14.25], "rotation": 180, "texture": "#3"},
				"up": {"uv": [0, 14.25, 0.125, 14.125], "texture": "#3"},
				"down": {"uv": [0, 4.75, 0.125, 4.625], "texture": "#3"}
			}
		},
		{
			"from": [6.875, -8.3, 7.45],
			"to": [7, 1.7, 7.55],
			"rotation": {"angle": 0, "axis": "y", "origin": [13.225, 4.025, 7.725]},
			"faces": {
				"north": {"uv": [0.25, 4.375, 0.375, 14.375], "rotation": 180, "texture": "#3"},
				"east": {"uv": [0.25, 4.375, 0.375, 14.375], "rotation": 180, "texture": "#3"},
				"south": {"uv": [0.375, 4.375, 0.25, 14.375], "rotation": 180, "texture": "#3"},
				"west": {"uv": [0.25, 4.375, 0.375, 14.375], "rotation": 180, "texture": "#3"},
				"up": {"uv": [0.25, 14.375, 0.375, 14.25], "texture": "#3"},
				"down": {"uv": [0.25, 4.5, 0.375, 4.375], "texture": "#3"}
			}
		},
		{
			"from": [7, -8.425, 7.425],
			"to": [7.125, 1.7, 7.575],
			"rotation": {"angle": 0, "axis": "y", "origin": [13.225, 4.025, 7.725]},
			"faces": {
				"north": {"uv": [0.375, 4.25, 0.5, 14.375], "rotation": 180, "texture": "#3"},
				"east": {"uv": [0.375, 4.25, 0.5, 14.375], "rotation": 180, "texture": "#3"},
				"south": {"uv": [0.5, 4.25, 0.375, 14.375], "rotation": 180, "texture": "#3"},
				"west": {"uv": [0.375, 4.25, 0.5, 14.375], "rotation": 180, "texture": "#3"},
				"up": {"uv": [0.375, 14.375, 0.5, 14.25], "texture": "#3"},
				"down": {"uv": [0.375, 4.375, 0.5, 4.25], "texture": "#3"}
			}
		},
		{
			"from": [7.125, -8.55, 7.425],
			"to": [7.25, 1.7, 7.575],
			"rotation": {"angle": 0, "axis": "y", "origin": [13.225, 4.025, 7.725]},
			"faces": {
				"north": {"uv": [0.5, 4.125, 0.625, 14.375], "rotation": 180, "texture": "#3"},
				"east": {"uv": [0.5, 4.125, 0.625, 14.375], "rotation": 180, "texture": "#3"},
				"south": {"uv": [0.625, 4.125, 0.5, 14.375], "rotation": 180, "texture": "#3"},
				"west": {"uv": [0.5, 4.125, 0.625, 14.375], "rotation": 180, "texture": "#3"},
				"up": {"uv": [0.5, 14.375, 0.625, 14.25], "texture": "#3"},
				"down": {"uv": [0.5, 4.25, 0.625, 4.125], "texture": "#3"}
			}
		},
		{
			"from": [7.5, -8.925, 7.375],
			"to": [7.625, 1.7, 7.625],
			"rotation": {"angle": 0, "axis": "y", "origin": [13.225, 4.025, 7.725]},
			"faces": {
				"north": {"uv": [0.875, 3.75, 1, 14.375], "rotation": 180, "texture": "#3"},
				"east": {"uv": [0.875, 3.75, 1, 14.375], "rotation": 180, "texture": "#3"},
				"south": {"uv": [1, 3.75, 0.875, 14.375], "rotation": 180, "texture": "#3"},
				"west": {"uv": [0.875, 3.75, 1, 14.375], "rotation": 180, "texture": "#3"},
				"up": {"uv": [0.875, 14.375, 1, 14.25], "texture": "#3"},
				"down": {"uv": [0.875, 3.875, 1, 3.75], "texture": "#3"}
			}
		},
		{
			"from": [7.25, -8.675, 7.4],
			"to": [7.375, 1.7, 7.6],
			"rotation": {"angle": 0, "axis": "y", "origin": [13.225, 4.025, 7.725]},
			"faces": {
				"north": {"uv": [0.625, 4, 0.75, 14.375], "rotation": 180, "texture": "#3"},
				"east": {"uv": [0.625, 4, 0.75, 14.375], "rotation": 180, "texture": "#3"},
				"south": {"uv": [0.75, 4, 0.625, 14.375], "rotation": 180, "texture": "#3"},
				"west": {"uv": [0.625, 4, 0.75, 14.375], "rotation": 180, "texture": "#3"},
				"up": {"uv": [0.625, 14.375, 0.75, 14.25], "texture": "#3"},
				"down": {"uv": [0.625, 4.125, 0.75, 4], "texture": "#3"}
			}
		},
		{
			"from": [7.375, -8.8, 7.4],
			"to": [7.5, 1.7, 7.6],
			"rotation": {"angle": 0, "axis": "y", "origin": [13.225, 4.025, 7.725]},
			"faces": {
				"north": {"uv": [0.75, 3.875, 0.875, 14.375], "rotation": 180, "texture": "#3"},
				"east": {"uv": [0.75, 3.875, 0.875, 14.375], "rotation": 180, "texture": "#3"},
				"south": {"uv": [0.875, 3.875, 0.75, 14.375], "rotation": 180, "texture": "#3"},
				"west": {"uv": [0.75, 3.875, 0.875, 14.375], "rotation": 180, "texture": "#3"},
				"up": {"uv": [0.75, 14.375, 0.875, 14.25], "texture": "#3"},
				"down": {"uv": [0.75, 4, 0.875, 3.875], "texture": "#3"}
			}
		},
		{
			"from": [7.75, -9.175, 7.35],
			"to": [7.875, 1.7, 7.65],
			"rotation": {"angle": 0, "axis": "y", "origin": [13.225, 4.025, 7.725]},
			"faces": {
				"north": {"uv": [1.125, 3.5, 1.25, 14.375], "rotation": 180, "texture": "#3"},
				"east": {"uv": [1.125, 3.5, 1.25, 14.375], "rotation": 180, "texture": "#3"},
				"south": {"uv": [1.25, 3.5, 1.125, 14.375], "rotation": 180, "texture": "#3"},
				"west": {"uv": [1.125, 3.5, 1.25, 14.375], "rotation": 180, "texture": "#3"},
				"up": {"uv": [1.125, 14.375, 1.25, 14.25], "texture": "#3"},
				"down": {"uv": [1.125, 3.625, 1.25, 3.5], "texture": "#3"}
			}
		},
		{
			"from": [8.625, -3.3, 7.175],
			"to": [8.875, -2.175, 7.825],
			"rotation": {"angle": 0, "axis": "y", "origin": [13.225, 4.025, 7.725]},
			"faces": {
				"north": {"uv": [2, 9.375, 2.25, 10.5], "rotation": 180, "texture": "#3"},
				"east": {"uv": [2.125, 9.375, 2.25, 10.5], "rotation": 180, "texture": "#3"},
				"south": {"uv": [2.25, 9.375, 2, 10.5], "rotation": 180, "texture": "#3"},
				"west": {"uv": [2, 9.375, 2.125, 10.5], "rotation": 180, "texture": "#3"},
				"up": {"uv": [2, 10.5, 2.25, 10.375], "texture": "#3"},
				"down": {"uv": [2, 9.5, 2.25, 9.375], "texture": "#3"}
			}
		},
		{
			"from": [8.25, -3.425, 7.175],
			"to": [8.625, -2.05, 7.825],
			"rotation": {"angle": 0, "axis": "y", "origin": [13.225, 4.025, 7.725]},
			"faces": {
				"north": {"uv": [1.625, 9.25, 2, 10.625], "rotation": 180, "texture": "#3"},
				"east": {"uv": [1.875, 9.25, 2, 10.625], "rotation": 180, "texture": "#3"},
				"south": {"uv": [2, 9.25, 1.625, 10.625], "rotation": 180, "texture": "#3"},
				"west": {"uv": [1.625, 9.25, 1.75, 10.625], "rotation": 180, "texture": "#3"},
				"up": {"uv": [1.625, 10.625, 2, 10.5], "texture": "#3"},
				"down": {"uv": [1.625, 9.375, 2, 9.25], "texture": "#3"}
			}
		},
		{
			"from": [8.875, -3.05, 7.175],
			"to": [9, -2.425, 7.825],
			"rotation": {"angle": 0, "axis": "y", "origin": [13.225, 4.025, 7.725]},
			"faces": {
				"north": {"uv": [2.25, 9.625, 2.375, 10.25], "rotation": 180, "texture": "#3"},
				"east": {"uv": [2.25, 9.625, 2.375, 10.25], "rotation": 180, "texture": "#3"},
				"south": {"uv": [2.375, 9.625, 2.25, 10.25], "rotation": 180, "texture": "#3"},
				"west": {"uv": [2.25, 9.625, 2.375, 10.25], "rotation": 180, "texture": "#3"},
				"up": {"uv": [2.25, 10.25, 2.375, 10.125], "texture": "#3"},
				"down": {"uv": [2.25, 9.75, 2.375, 9.625], "texture": "#3"}
			}
		},
		{
			"from": [8.125, -3.55, 7.175],
			"to": [8.25, 1.7, 7.825],
			"rotation": {"angle": 0, "axis": "y", "origin": [13.225, 4.025, 7.725]},
			"faces": {
				"north": {"uv": [1.5, 9.125, 1.625, 14.375], "rotation": 180, "texture": "#3"},
				"east": {"uv": [1.5, 9.125, 1.625, 14.375], "rotation": 180, "texture": "#3"},
				"south": {"uv": [1.625, 9.125, 1.5, 14.375], "rotation": 180, "texture": "#3"},
				"west": {"uv": [1.5, 9.125, 1.625, 14.375], "rotation": 180, "texture": "#3"},
				"up": {"uv": [1.5, 14.375, 1.625, 14.25], "texture": "#3"},
				"down": {"uv": [1.5, 9.25, 1.625, 9.125], "texture": "#3"}
			}
		},
		{
			"from": [8, -3.425, 7.175],
			"to": [8.125, 1.7, 7.825],
			"rotation": {"angle": 0, "axis": "y", "origin": [13.225, 4.025, 7.725]},
			"faces": {
				"north": {"uv": [1.375, 9.25, 1.5, 14.375], "rotation": 180, "texture": "#3"},
				"east": {"uv": [1.375, 9.25, 1.5, 14.375], "rotation": 180, "texture": "#3"},
				"south": {"uv": [1.5, 9.25, 1.375, 14.375], "rotation": 180, "texture": "#3"},
				"west": {"uv": [1.375, 9.25, 1.5, 14.375], "rotation": 180, "texture": "#3"},
				"up": {"uv": [1.375, 14.375, 1.5, 14.25], "texture": "#3"},
				"down": {"uv": [1.375, 9.375, 1.5, 9.25], "texture": "#3"}
			}
		},
		{
			"from": [7.875, -3.3, 7.2],
			"to": [8, 1.7, 7.8],
			"rotation": {"angle": 0, "axis": "y", "origin": [13.225, 4.025, 7.725]},
			"faces": {
				"north": {"uv": [1.25, 9.375, 1.375, 14.375], "rotation": 180, "texture": "#3"},
				"east": {"uv": [1.25, 9.375, 1.375, 14.375], "rotation": 180, "texture": "#3"},
				"south": {"uv": [1.375, 9.375, 1.25, 14.375], "rotation": 180, "texture": "#3"},
				"west": {"uv": [1.25, 9.375, 1.375, 14.375], "rotation": 180, "texture": "#3"},
				"up": {"uv": [1.25, 14.375, 1.375, 14.25], "texture": "#3"},
				"down": {"uv": [1.25, 9.5, 1.375, 9.375], "texture": "#3"}
			}
		},
		{
			"from": [7.75, -3.175, 7.2],
			"to": [7.875, 1.7, 7.8],
			"rotation": {"angle": 0, "axis": "y", "origin": [13.225, 4.025, 7.725]},
			"faces": {
				"north": {"uv": [1.125, 9.5, 1.25, 14.375], "rotation": 180, "texture": "#3"},
				"east": {"uv": [1.125, 9.5, 1.25, 14.375], "rotation": 180, "texture": "#3"},
				"south": {"uv": [1.25, 9.5, 1.125, 14.375], "rotation": 180, "texture": "#3"},
				"west": {"uv": [1.125, 9.5, 1.25, 14.375], "rotation": 180, "texture": "#3"},
				"up": {"uv": [1.125, 14.375, 1.25, 14.25], "texture": "#3"},
				"down": {"uv": [1.125, 9.625, 1.25, 9.5], "texture": "#3"}
			}
		},
		{
			"from": [7.5, -2.925, 7.225],
			"to": [7.625, 0.85, 7.775],
			"rotation": {"angle": 0, "axis": "y", "origin": [13.225, 4.025, 7.725]},
			"faces": {
				"north": {"uv": [0.875, 9.75, 1, 13.5], "rotation": 180, "texture": "#3"},
				"east": {"uv": [0.875, 9.75, 1, 13.5], "rotation": 180, "texture": "#3"},
				"south": {"uv": [1, 9.75, 0.875, 13.5], "rotation": 180, "texture": "#3"},
				"west": {"uv": [0.875, 9.75, 1, 13.5], "rotation": 180, "texture": "#3"},
				"up": {"uv": [0.875, 13.5, 1, 13.375], "texture": "#3"},
				"down": {"uv": [0.875, 9.875, 1, 9.75], "texture": "#3"}
			}
		},
		{
			"from": [6.875, -2.8, 7.3],
			"to": [7, 0.95, 7.7],
			"rotation": {"angle": 0, "axis": "y", "origin": [13.225, 4.025, 7.725]},
			"faces": {
				"north": {"uv": [0.25, 9.875, 0.375, 13.625], "rotation": 180, "texture": "#3"},
				"east": {"uv": [0.25, 9.875, 0.375, 13.625], "rotation": 180, "texture": "#3"},
				"south": {"uv": [0.375, 9.875, 0.25, 13.625], "rotation": 180, "texture": "#3"},
				"west": {"uv": [0.25, 9.875, 0.375, 13.625], "rotation": 180, "texture": "#3"},
				"up": {"uv": [0.25, 13.625, 0.375, 13.5], "texture": "#3"},
				"down": {"uv": [0.25, 10, 0.375, 9.875], "texture": "#3"}
			}
		},
		{
			"from": [7.25, 1.2, 7.25],
			"to": [7.5, 1.7, 7.75],
			"rotation": {"angle": 0, "axis": "y", "origin": [13.225, 4.025, 7.725]},
			"faces": {
				"north": {"uv": [0.625, 13.875, 0.875, 14.375], "rotation": 180, "texture": "#3"},
				"east": {"uv": [0.75, 13.875, 0.875, 14.375], "rotation": 180, "texture": "#3"},
				"south": {"uv": [0.875, 13.875, 0.625, 14.375], "rotation": 180, "texture": "#3"},
				"west": {"uv": [0.625, 13.875, 0.75, 14.375], "rotation": 180, "texture": "#3"},
				"up": {"uv": [0.625, 14.375, 0.875, 14.25], "texture": "#3"},
				"down": {"uv": [0.625, 14, 0.875, 13.875], "texture": "#3"}
			}
		},
		{
			"from": [7.5, 1.2, 7.225],
			"to": [7.75, 1.7, 7.775],
			"rotation": {"angle": 0, "axis": "y", "origin": [13.225, 4.025, 7.725]},
			"faces": {
				"north": {"uv": [0.875, 13.875, 1.125, 14.375], "rotation": 180, "texture": "#3"},
				"east": {"uv": [1, 13.875, 1.125, 14.375], "rotation": 180, "texture": "#3"},
				"south": {"uv": [1.125, 13.875, 0.875, 14.375], "rotation": 180, "texture": "#3"},
				"west": {"uv": [0.875, 13.875, 1, 14.375], "rotation": 180, "texture": "#3"},
				"up": {"uv": [0.875, 14.375, 1.125, 14.25], "texture": "#3"},
				"down": {"uv": [0.875, 14, 1.125, 13.875], "texture": "#3"}
			}
		},
		{
			"from": [7.125, 1.2, 7.275],
			"to": [7.25, 1.7, 7.725],
			"rotation": {"angle": 0, "axis": "y", "origin": [13.225, 4.025, 7.725]},
			"faces": {
				"north": {"uv": [0.5, 13.875, 0.625, 14.375], "rotation": 180, "texture": "#3"},
				"east": {"uv": [0.5, 13.875, 0.625, 14.375], "rotation": 180, "texture": "#3"},
				"south": {"uv": [0.625, 13.875, 0.5, 14.375], "rotation": 180, "texture": "#3"},
				"west": {"uv": [0.5, 13.875, 0.625, 14.375], "rotation": 180, "texture": "#3"},
				"up": {"uv": [0.5, 14.375, 0.625, 14.25], "texture": "#3"},
				"down": {"uv": [0.5, 14, 0.625, 13.875], "texture": "#3"}
			}
		},
		{
			"from": [7.25, -2.8, 7.25],
			"to": [7.5, 0.95, 7.75],
			"rotation": {"angle": 0, "axis": "y", "origin": [13.225, 4.025, 7.725]},
			"faces": {
				"north": {"uv": [0.625, 9.875, 0.875, 13.625], "rotation": 180, "texture": "#3"},
				"east": {"uv": [0.75, 9.875, 0.875, 13.625], "rotation": 180, "texture": "#3"},
				"south": {"uv": [0.875, 9.875, 0.625, 13.625], "rotation": 180, "texture": "#3"},
				"west": {"uv": [0.625, 9.875, 0.75, 13.625], "rotation": 180, "texture": "#3"},
				"up": {"uv": [0.625, 13.625, 0.875, 13.5], "texture": "#3"},
				"down": {"uv": [0.625, 10, 0.875, 9.875], "texture": "#3"}
			}
		},
		{
			"from": [7, -2.8, 7.275],
			"to": [7.25, 0.95, 7.725],
			"rotation": {"angle": 0, "axis": "y", "origin": [13.225, 4.025, 7.725]},
			"faces": {
				"north": {"uv": [0.375, 9.875, 0.625, 13.625], "rotation": 180, "texture": "#3"},
				"east": {"uv": [0.5, 9.875, 0.625, 13.625], "rotation": 180, "texture": "#3"},
				"south": {"uv": [0.625, 9.875, 0.375, 13.625], "rotation": 180, "texture": "#3"},
				"west": {"uv": [0.375, 9.875, 0.5, 13.625], "rotation": 180, "texture": "#3"},
				"up": {"uv": [0.375, 13.625, 0.625, 13.5], "texture": "#3"},
				"down": {"uv": [0.375, 10, 0.625, 9.875], "texture": "#3"}
			}
		},
		{
			"from": [7.625, -3.05, 7.225],
			"to": [7.75, 1.2, 7.775],
			"rotation": {"angle": 0, "axis": "y", "origin": [13.225, 4.025, 7.725]},
			"faces": {
				"north": {"uv": [1, 9.625, 1.125, 13.875], "rotation": 180, "texture": "#3"},
				"east": {"uv": [1, 9.625, 1.125, 13.875], "rotation": 180, "texture": "#3"},
				"south": {"uv": [1.125, 9.625, 1, 13.875], "rotation": 180, "texture": "#3"},
				"west": {"uv": [1, 9.625, 1.125, 13.875], "rotation": 180, "texture": "#3"},
				"up": {"uv": [1, 13.875, 1.125, 13.75], "texture": "#3"},
				"down": {"uv": [1, 9.75, 1.125, 9.625], "texture": "#3"}
			}
		},
		{
			"from": [7.25, 1.7, 7.25],
			"to": [7.875, 3.325, 7.75],
			"rotation": {"angle": 0, "axis": "y", "origin": [13.225, 4.025, 7.725]},
			"faces": {
				"north": {"uv": [0.625, 14.375, 1.375, 16], "rotation": 180, "texture": "#3"},
				"east": {"uv": [1.25, 14.375, 1.375, 16], "rotation": 180, "texture": "#3"},
				"south": {"uv": [1.375, 14.375, 0.625, 16], "rotation": 180, "texture": "#3"},
				"west": {"uv": [0.625, 14.375, 0.75, 16], "rotation": 180, "texture": "#3"},
				"up": {"uv": [0.625, 16, 1.375, 15.875], "texture": "#3"},
				"down": {"uv": [0.625, 14.5, 1.375, 14.375], "texture": "#3"}
			}
		},
		{
			"from": [10.7582, 6.58604, 7.25],
			"to": [13.6332, 7.33604, 7.725],
			"rotation": {"angle": 22.5, "axis": "z", "origin": [3.55, 3.325, 7.675]},
			"faces": {
				"north": {"uv": [3.75, 10.25, 3, 13], "rotation": 90, "texture": "#3"},
				"east": {"uv": [3, 13, 3.75, 12.875], "rotation": 270, "texture": "#3"},
				"south": {"uv": [3, 10.25, 3.75, 13], "rotation": 270, "texture": "#3"},
				"west": {"uv": [2.25, 10.375, 3, 10.25], "rotation": 270, "texture": "#3"},
				"up": {"uv": [3.75, 10.25, 4.5, 13], "rotation": 270, "texture": "#3"},
				"down": {"uv": [2.25, 10.25, 3, 13], "rotation": 270, "texture": "#3"}
			}
		},
		{
			"from": [13.6332, 6.71104, 7.325],
			"to": [14.0082, 7.21104, 7.65],
			"rotation": {"angle": 22.5, "axis": "z", "origin": [3.55, 3.325, 7.675]},
			"faces": {
				"north": {"uv": [3.625, 13, 3.125, 13.25], "rotation": 90, "texture": "#3"},
				"east": {"uv": [3.125, 13.25, 3.625, 13.125], "rotation": 270, "texture": "#3"},
				"south": {"uv": [3.125, 13, 3.625, 13.25], "rotation": 270, "texture": "#3"},
				"west": {"uv": [2.375, 13.125, 2.875, 13], "rotation": 270, "texture": "#3"},
				"up": {"uv": [3.875, 13, 4.375, 13.25], "rotation": 270, "texture": "#3"},
				"down": {"uv": [2.375, 13, 2.875, 13.25], "rotation": 270, "texture": "#3"}
			}
		},
		{
			"from": [13.61825, -0.54609, 7.35],
			"to": [13.99325, -0.04609, 7.675],
			"rotation": {"angle": -22.5, "axis": "z", "origin": [3.55, 3.325, 7.675]},
			"faces": {
				"north": {"uv": [3.125, 13, 3.625, 13.25], "rotation": 90, "texture": "#3"},
				"east": {"uv": [3.125, 13.25, 3.625, 13.125], "rotation": 90, "texture": "#3"},
				"south": {"uv": [3.625, 13, 3.125, 13.25], "rotation": 270, "texture": "#3"},
				"west": {"uv": [2.375, 13.25, 2.875, 13.125], "rotation": 90, "texture": "#3"},
				"up": {"uv": [2.375, 13, 2.875, 13.25], "rotation": 270, "texture": "#3"},
				"down": {"uv": [3.875, 13, 4.375, 13.25], "rotation": 270, "texture": "#3"}
			}
		},
		{
			"from": [10.74325, -0.67109, 7.275],
			"to": [13.61825, 0.07891, 7.75],
			"rotation": {"angle": -22.5, "axis": "z", "origin": [3.55, 3.325, 7.675]},
			"faces": {
				"north": {"uv": [3, 10.25, 3.75, 13], "rotation": 90, "texture": "#3"},
				"east": {"uv": [3, 13, 3.75, 12.875], "rotation": 90, "texture": "#3"},
				"south": {"uv": [3.75, 10.25, 3, 13], "rotation": 270, "texture": "#3"},
				"west": {"uv": [2.25, 10.375, 3, 10.25], "rotation": 90, "texture": "#3"},
				"up": {"uv": [2.25, 10.25, 3, 13], "rotation": 270, "texture": "#3"},
				"down": {"uv": [3.75, 10.25, 4.5, 13], "rotation": 270, "texture": "#3"}
			}
		},
		{
			"from": [11.75, 3.325, 7.575],
			"to": [11.875, 10.45, 7.575],
			"rotation": {"angle": 0, "axis": "y", "origin": [3.55, 3.325, 7.7]},
			"faces": {
				"north": {"uv": [5, 8.25, 4.875, 15.375], "texture": "#3"},
				"south": {"uv": [4.875, 8.25, 5, 15.375], "texture": "#3"}
			}
		},
		{
			"from": [11.75, -3.8, 7.575],
			"to": [11.875, 3.325, 7.575],
			"rotation": {"angle": 0, "axis": "y", "origin": [3.55, 3.325, 7.7]},
			"faces": {
				"north": {"uv": [4.875, 8.25, 5, 15.375], "rotation": 180, "texture": "#3"},
				"south": {"uv": [5, 8.25, 4.875, 15.375], "rotation": 180, "texture": "#3"}
			}
		}
	],
	"gui_light": "front",
	"overrides": [
		{"predicate": {"pulling": 1}, "model": "item/bow_pulling_0"},
		{"predicate": {"pulling": 1, "pull": 0.65}, "model": "item/bow_pulling_1"},
		{"predicate": {"pulling": 1, "pull": 0.9}, "model": "item/bow_pulling_2"}
	],
	"display": {
		"thirdperson_righthand": {
			"rotation": [0, -90, 0],
			"translation": [-1, 3.5, 0.75],
			"scale": [1.3, 1.2, 1.2]
		},
		"thirdperson_lefthand": {
			"rotation": [0, 90, 0],
			"translation": [0.25, 3.5, 0.75],
			"scale": [1.3, 1.2, 1.2]
		},
		"firstperson_righthand": {
			"rotation": [55, -90, 60],
			"translation": [-2.25, 7.25, 3.25],
			"scale": [1, 0.9, 0.9]
		},
		"firstperson_lefthand": {
			"rotation": [-65, 90, 60],
			"translation": [-1.25, 7.25, 3.25],
			"scale": [1, 0.9, 0.9]
		},
		"ground": {
			"rotation": [-45, 90, 0],
			"translation": [0, 3.5, -1],
			"scale": [0.5, 0.5, 0.5]
		},
		"gui": {
			"rotation": [0, 0, -45],
			"translation": [1.5, 5.5, 0],
			"scale": [1.1, 1.1, 1.1]
		},
		"head": {
			"translation": [0, 9.75, 0]
		},
		"fixed": {
			"rotation": [180, 0, 135],
			"translation": [-3.25, 5.5, -0.75],
			"scale": [1.4, 1.4, 1.4]
		}
	}
}