{
	"credit": "Made with Blockbench",
	"textures": {
		"2": "./cobra_tooth_sword",
		"particle": "./cobra_tooth_sword"
	},
	"elements": [
		{
			"from": [8.5, 9.45, 7.325],
			"to": [8.75, 11.575, 7.675],
			"rotation": {"angle": 0, "axis": "y", "origin": [13.225, 4.025, 7.725]},
			"faces": {
				"north": {"uv": [2, 8.875, 1.75, 11], "texture": "#2"},
				"east": {"uv": [1.875, 8.875, 2, 11], "texture": "#2"},
				"south": {"uv": [1.75, 8.875, 2, 11], "texture": "#2"},
				"west": {"uv": [1.75, 8.875, 1.875, 11], "texture": "#2"},
				"up": {"uv": [1.75, 9, 2, 8.875], "texture": "#2"},
				"down": {"uv": [1.75, 11, 2, 10.875], "texture": "#2"}
			}
		},
		{
			"from": [8.7, 1.825, 7.5],
			"to": [8.825, 4.45, 7.5],
			"rotation": {"angle": 0, "axis": "x", "origin": [13.225, 4.025, 7.725]},
			"faces": {
				"north": {"uv": [2.625, 13.375, 2.75, 16], "rotation": 180, "texture": "#2"},
				"south": {"uv": [2.75, 13.375, 2.625, 16], "rotation": 180, "texture": "#2"}
			}
		},
		{
			"from": [7.375, 2.825, 7.25],
			"to": [8, 4.45, 7.75],
			"rotation": {"angle": 0, "axis": "x", "origin": [13.225, 4.025, 7.725]},
			"faces": {
				"north": {"uv": [0.625, 14.375, 1.375, 16], "rotation": 180, "texture": "#2"},
				"east": {"uv": [1.25, 14.375, 1.375, 16], "rotation": 180, "texture": "#2"},
				"south": {"uv": [1.375, 14.375, 0.625, 16], "rotation": 180, "texture": "#2"},
				"west": {"uv": [0.625, 14.375, 0.75, 16], "rotation": 180, "texture": "#2"},
				"up": {"uv": [0.625, 16, 1.375, 15.875], "texture": "#2"},
				"down": {"uv": [0.625, 14.5, 1.375, 14.375], "texture": "#2"}
			}
		},
		{
			"from": [7.75, -1.925, 7.225],
			"to": [7.875, 2.325, 7.775],
			"rotation": {"angle": 0, "axis": "x", "origin": [13.225, 4.025, 7.725]},
			"faces": {
				"north": {"uv": [1, 9.625, 1.125, 13.875], "rotation": 180, "texture": "#2"},
				"east": {"uv": [1, 9.625, 1.125, 13.875], "rotation": 180, "texture": "#2"},
				"south": {"uv": [1.125, 9.625, 1, 13.875], "rotation": 180, "texture": "#2"},
				"west": {"uv": [1, 9.625, 1.125, 13.875], "rotation": 180, "texture": "#2"},
				"up": {"uv": [1, 13.875, 1.125, 13.75], "texture": "#2"},
				"down": {"uv": [1, 9.75, 1.125, 9.625], "texture": "#2"}
			}
		},
		{
			"from": [7.125, -1.675, 7.275],
			"to": [7.375, 2.075, 7.725],
			"rotation": {"angle": 0, "axis": "x", "origin": [13.225, 4.025, 7.725]},
			"faces": {
				"north": {"uv": [0.375, 9.875, 0.625, 13.625], "rotation": 180, "texture": "#2"},
				"east": {"uv": [0.5, 9.875, 0.625, 13.625], "rotation": 180, "texture": "#2"},
				"south": {"uv": [0.625, 9.875, 0.375, 13.625], "rotation": 180, "texture": "#2"},
				"west": {"uv": [0.375, 9.875, 0.5, 13.625], "rotation": 180, "texture": "#2"},
				"up": {"uv": [0.375, 13.625, 0.625, 13.5], "texture": "#2"},
				"down": {"uv": [0.375, 10, 0.625, 9.875], "texture": "#2"}
			}
		},
		{
			"from": [7.375, -1.675, 7.25],
			"to": [7.625, 2.075, 7.75],
			"rotation": {"angle": 0, "axis": "x", "origin": [13.225, 4.025, 7.725]},
			"faces": {
				"north": {"uv": [0.625, 9.875, 0.875, 13.625], "rotation": 180, "texture": "#2"},
				"east": {"uv": [0.75, 9.875, 0.875, 13.625], "rotation": 180, "texture": "#2"},
				"south": {"uv": [0.875, 9.875, 0.625, 13.625], "rotation": 180, "texture": "#2"},
				"west": {"uv": [0.625, 9.875, 0.75, 13.625], "rotation": 180, "texture": "#2"},
				"up": {"uv": [0.625, 13.625, 0.875, 13.5], "texture": "#2"},
				"down": {"uv": [0.625, 10, 0.875, 9.875], "texture": "#2"}
			}
		},
		{
			"from": [7.25, 2.325, 7.275],
			"to": [7.375, 2.825, 7.725],
			"rotation": {"angle": 0, "axis": "x", "origin": [13.225, 4.025, 7.725]},
			"faces": {
				"north": {"uv": [0.5, 13.875, 0.625, 14.375], "rotation": 180, "texture": "#2"},
				"east": {"uv": [0.5, 13.875, 0.625, 14.375], "rotation": 180, "texture": "#2"},
				"south": {"uv": [0.625, 13.875, 0.5, 14.375], "rotation": 180, "texture": "#2"},
				"west": {"uv": [0.5, 13.875, 0.625, 14.375], "rotation": 180, "texture": "#2"},
				"up": {"uv": [0.5, 14.375, 0.625, 14.25], "texture": "#2"},
				"down": {"uv": [0.5, 14, 0.625, 13.875], "texture": "#2"}
			}
		},
		{
			"from": [7.625, 2.325, 7.225],
			"to": [7.875, 2.825, 7.775],
			"rotation": {"angle": 0, "axis": "x", "origin": [13.225, 4.025, 7.725]},
			"faces": {
				"north": {"uv": [0.875, 13.875, 1.125, 14.375], "rotation": 180, "texture": "#2"},
				"east": {"uv": [1, 13.875, 1.125, 14.375], "rotation": 180, "texture": "#2"},
				"south": {"uv": [1.125, 13.875, 0.875, 14.375], "rotation": 180, "texture": "#2"},
				"west": {"uv": [0.875, 13.875, 1, 14.375], "rotation": 180, "texture": "#2"},
				"up": {"uv": [0.875, 14.375, 1.125, 14.25], "texture": "#2"},
				"down": {"uv": [0.875, 14, 1.125, 13.875], "texture": "#2"}
			}
		},
		{
			"from": [7.375, 2.325, 7.25],
			"to": [7.625, 2.825, 7.75],
			"rotation": {"angle": 0, "axis": "x", "origin": [13.225, 4.025, 7.725]},
			"faces": {
				"north": {"uv": [0.625, 13.875, 0.875, 14.375], "rotation": 180, "texture": "#2"},
				"east": {"uv": [0.75, 13.875, 0.875, 14.375], "rotation": 180, "texture": "#2"},
				"south": {"uv": [0.875, 13.875, 0.625, 14.375], "rotation": 180, "texture": "#2"},
				"west": {"uv": [0.625, 13.875, 0.75, 14.375], "rotation": 180, "texture": "#2"},
				"up": {"uv": [0.625, 14.375, 0.875, 14.25], "texture": "#2"},
				"down": {"uv": [0.625, 14, 0.875, 13.875], "texture": "#2"}
			}
		},
		{
			"from": [7, -1.675, 7.3],
			"to": [7.125, 2.075, 7.7],
			"rotation": {"angle": 0, "axis": "x", "origin": [13.225, 4.025, 7.725]},
			"faces": {
				"north": {"uv": [0.25, 9.875, 0.375, 13.625], "rotation": 180, "texture": "#2"},
				"east": {"uv": [0.25, 9.875, 0.375, 13.625], "rotation": 180, "texture": "#2"},
				"south": {"uv": [0.375, 9.875, 0.25, 13.625], "rotation": 180, "texture": "#2"},
				"west": {"uv": [0.25, 9.875, 0.375, 13.625], "rotation": 180, "texture": "#2"},
				"up": {"uv": [0.25, 13.625, 0.375, 13.5], "texture": "#2"},
				"down": {"uv": [0.25, 10, 0.375, 9.875], "texture": "#2"}
			}
		},
		{
			"from": [7.625, -1.8, 7.225],
			"to": [7.75, 1.975, 7.775],
			"rotation": {"angle": 0, "axis": "x", "origin": [13.225, 4.025, 7.725]},
			"faces": {
				"north": {"uv": [0.875, 9.75, 1, 13.5], "rotation": 180, "texture": "#2"},
				"east": {"uv": [0.875, 9.75, 1, 13.5], "rotation": 180, "texture": "#2"},
				"south": {"uv": [1, 9.75, 0.875, 13.5], "rotation": 180, "texture": "#2"},
				"west": {"uv": [0.875, 9.75, 1, 13.5], "rotation": 180, "texture": "#2"},
				"up": {"uv": [0.875, 13.5, 1, 13.375], "texture": "#2"},
				"down": {"uv": [0.875, 9.875, 1, 9.75], "texture": "#2"}
			}
		},
		{
			"from": [7.875, -2.05, 7.2],
			"to": [8, 2.825, 7.8],
			"rotation": {"angle": 0, "axis": "x", "origin": [13.225, 4.025, 7.725]},
			"faces": {
				"north": {"uv": [1.125, 9.5, 1.25, 14.375], "rotation": 180, "texture": "#2"},
				"east": {"uv": [1.125, 9.5, 1.25, 14.375], "rotation": 180, "texture": "#2"},
				"south": {"uv": [1.25, 9.5, 1.125, 14.375], "rotation": 180, "texture": "#2"},
				"west": {"uv": [1.125, 9.5, 1.25, 14.375], "rotation": 180, "texture": "#2"},
				"up": {"uv": [1.125, 14.375, 1.25, 14.25], "texture": "#2"},
				"down": {"uv": [1.125, 9.625, 1.25, 9.5], "texture": "#2"}
			}
		},
		{
			"from": [8, -2.175, 7.2],
			"to": [8.125, 2.825, 7.8],
			"rotation": {"angle": 0, "axis": "x", "origin": [13.225, 4.025, 7.725]},
			"faces": {
				"north": {"uv": [1.25, 9.375, 1.375, 14.375], "rotation": 180, "texture": "#2"},
				"east": {"uv": [1.25, 9.375, 1.375, 14.375], "rotation": 180, "texture": "#2"},
				"south": {"uv": [1.375, 9.375, 1.25, 14.375], "rotation": 180, "texture": "#2"},
				"west": {"uv": [1.25, 9.375, 1.375, 14.375], "rotation": 180, "texture": "#2"},
				"up": {"uv": [1.25, 14.375, 1.375, 14.25], "texture": "#2"},
				"down": {"uv": [1.25, 9.5, 1.375, 9.375], "texture": "#2"}
			}
		},
		{
			"from": [8.125, -2.3, 7.175],
			"to": [8.25, 2.825, 7.825],
			"rotation": {"angle": 0, "axis": "x", "origin": [13.225, 4.025, 7.725]},
			"faces": {
				"north": {"uv": [1.375, 9.25, 1.5, 14.375], "rotation": 180, "texture": "#2"},
				"east": {"uv": [1.375, 9.25, 1.5, 14.375], "rotation": 180, "texture": "#2"},
				"south": {"uv": [1.5, 9.25, 1.375, 14.375], "rotation": 180, "texture": "#2"},
				"west": {"uv": [1.375, 9.25, 1.5, 14.375], "rotation": 180, "texture": "#2"},
				"up": {"uv": [1.375, 14.375, 1.5, 14.25], "texture": "#2"},
				"down": {"uv": [1.375, 9.375, 1.5, 9.25], "texture": "#2"}
			}
		},
		{
			"from": [8.25, -2.425, 7.175],
			"to": [8.375, 2.825, 7.825],
			"rotation": {"angle": 0, "axis": "x", "origin": [13.225, 4.025, 7.725]},
			"faces": {
				"north": {"uv": [1.5, 9.125, 1.625, 14.375], "rotation": 180, "texture": "#2"},
				"east": {"uv": [1.5, 9.125, 1.625, 14.375], "rotation": 180, "texture": "#2"},
				"south": {"uv": [1.625, 9.125, 1.5, 14.375], "rotation": 180, "texture": "#2"},
				"west": {"uv": [1.5, 9.125, 1.625, 14.375], "rotation": 180, "texture": "#2"},
				"up": {"uv": [1.5, 14.375, 1.625, 14.25], "texture": "#2"},
				"down": {"uv": [1.5, 9.25, 1.625, 9.125], "texture": "#2"}
			}
		},
		{
			"from": [9, -1.925, 7.175],
			"to": [9.125, -1.3, 7.825],
			"rotation": {"angle": 0, "axis": "x", "origin": [13.225, 4.025, 7.725]},
			"faces": {
				"north": {"uv": [2.25, 9.625, 2.375, 10.25], "rotation": 180, "texture": "#2"},
				"east": {"uv": [2.25, 9.625, 2.375, 10.25], "rotation": 180, "texture": "#2"},
				"south": {"uv": [2.375, 9.625, 2.25, 10.25], "rotation": 180, "texture": "#2"},
				"west": {"uv": [2.25, 9.625, 2.375, 10.25], "rotation": 180, "texture": "#2"},
				"up": {"uv": [2.25, 10.25, 2.375, 10.125], "texture": "#2"},
				"down": {"uv": [2.25, 9.75, 2.375, 9.625], "texture": "#2"}
			}
		},
		{
			"from": [8.375, -2.3, 7.175],
			"to": [8.75, -0.925, 7.825],
			"rotation": {"angle": 0, "axis": "x", "origin": [13.225, 4.025, 7.725]},
			"faces": {
				"north": {"uv": [1.625, 9.25, 2, 10.625], "rotation": 180, "texture": "#2"},
				"east": {"uv": [1.875, 9.25, 2, 10.625], "rotation": 180, "texture": "#2"},
				"south": {"uv": [2, 9.25, 1.625, 10.625], "rotation": 180, "texture": "#2"},
				"west": {"uv": [1.625, 9.25, 1.75, 10.625], "rotation": 180, "texture": "#2"},
				"up": {"uv": [1.625, 10.625, 2, 10.5], "texture": "#2"},
				"down": {"uv": [1.625, 9.375, 2, 9.25], "texture": "#2"}
			}
		},
		{
			"from": [8.75, -2.175, 7.175],
			"to": [9, -1.05, 7.825],
			"rotation": {"angle": 0, "axis": "x", "origin": [13.225, 4.025, 7.725]},
			"faces": {
				"north": {"uv": [2, 9.375, 2.25, 10.5], "rotation": 180, "texture": "#2"},
				"east": {"uv": [2.125, 9.375, 2.25, 10.5], "rotation": 180, "texture": "#2"},
				"south": {"uv": [2.25, 9.375, 2, 10.5], "rotation": 180, "texture": "#2"},
				"west": {"uv": [2, 9.375, 2.125, 10.5], "rotation": 180, "texture": "#2"},
				"up": {"uv": [2, 10.5, 2.25, 10.375], "texture": "#2"},
				"down": {"uv": [2, 9.5, 2.25, 9.375], "texture": "#2"}
			}
		},
		{
			"from": [7.875, -8.05, 7.35],
			"to": [8, 2.825, 7.65],
			"rotation": {"angle": 0, "axis": "x", "origin": [13.225, 4.025, 7.725]},
			"faces": {
				"north": {"uv": [1.125, 3.5, 1.25, 14.375], "rotation": 180, "texture": "#2"},
				"east": {"uv": [1.125, 3.5, 1.25, 14.375], "rotation": 180, "texture": "#2"},
				"south": {"uv": [1.25, 3.5, 1.125, 14.375], "rotation": 180, "texture": "#2"},
				"west": {"uv": [1.125, 3.5, 1.25, 14.375], "rotation": 180, "texture": "#2"},
				"up": {"uv": [1.125, 14.375, 1.25, 14.25], "texture": "#2"},
				"down": {"uv": [1.125, 3.625, 1.25, 3.5], "texture": "#2"}
			}
		},
		{
			"from": [7.5, -7.675, 7.4],
			"to": [7.625, 2.825, 7.6],
			"rotation": {"angle": 0, "axis": "x", "origin": [13.225, 4.025, 7.725]},
			"faces": {
				"north": {"uv": [0.75, 3.875, 0.875, 14.375], "rotation": 180, "texture": "#2"},
				"east": {"uv": [0.75, 3.875, 0.875, 14.375], "rotation": 180, "texture": "#2"},
				"south": {"uv": [0.875, 3.875, 0.75, 14.375], "rotation": 180, "texture": "#2"},
				"west": {"uv": [0.75, 3.875, 0.875, 14.375], "rotation": 180, "texture": "#2"},
				"up": {"uv": [0.75, 14.375, 0.875, 14.25], "texture": "#2"},
				"down": {"uv": [0.75, 4, 0.875, 3.875], "texture": "#2"}
			}
		},
		{
			"from": [7.375, -7.55, 7.4],
			"to": [7.5, 2.825, 7.6],
			"rotation": {"angle": 0, "axis": "x", "origin": [13.225, 4.025, 7.725]},
			"faces": {
				"north": {"uv": [0.625, 4, 0.75, 14.375], "rotation": 180, "texture": "#2"},
				"east": {"uv": [0.625, 4, 0.75, 14.375], "rotation": 180, "texture": "#2"},
				"south": {"uv": [0.75, 4, 0.625, 14.375], "rotation": 180, "texture": "#2"},
				"west": {"uv": [0.625, 4, 0.75, 14.375], "rotation": 180, "texture": "#2"},
				"up": {"uv": [0.625, 14.375, 0.75, 14.25], "texture": "#2"},
				"down": {"uv": [0.625, 4.125, 0.75, 4], "texture": "#2"}
			}
		},
		{
			"from": [7.625, -7.8, 7.375],
			"to": [7.75, 2.825, 7.625],
			"rotation": {"angle": 0, "axis": "x", "origin": [13.225, 4.025, 7.725]},
			"faces": {
				"north": {"uv": [0.875, 3.75, 1, 14.375], "rotation": 180, "texture": "#2"},
				"east": {"uv": [0.875, 3.75, 1, 14.375], "rotation": 180, "texture": "#2"},
				"south": {"uv": [1, 3.75, 0.875, 14.375], "rotation": 180, "texture": "#2"},
				"west": {"uv": [0.875, 3.75, 1, 14.375], "rotation": 180, "texture": "#2"},
				"up": {"uv": [0.875, 14.375, 1, 14.25], "texture": "#2"},
				"down": {"uv": [0.875, 3.875, 1, 3.75], "texture": "#2"}
			}
		},
		{
			"from": [7.25, -7.425, 7.425],
			"to": [7.375, 2.825, 7.575],
			"rotation": {"angle": 0, "axis": "x", "origin": [13.225, 4.025, 7.725]},
			"faces": {
				"north": {"uv": [0.5, 4.125, 0.625, 14.375], "rotation": 180, "texture": "#2"},
				"east": {"uv": [0.5, 4.125, 0.625, 14.375], "rotation": 180, "texture": "#2"},
				"south": {"uv": [0.625, 4.125, 0.5, 14.375], "rotation": 180, "texture": "#2"},
				"west": {"uv": [0.5, 4.125, 0.625, 14.375], "rotation": 180, "texture": "#2"},
				"up": {"uv": [0.5, 14.375, 0.625, 14.25], "texture": "#2"},
				"down": {"uv": [0.5, 4.25, 0.625, 4.125], "texture": "#2"}
			}
		},
		{
			"from": [7.125, -7.3, 7.425],
			"to": [7.25, 2.825, 7.575],
			"rotation": {"angle": 0, "axis": "x", "origin": [13.225, 4.025, 7.725]},
			"faces": {
				"north": {"uv": [0.375, 4.25, 0.5, 14.375], "rotation": 180, "texture": "#2"},
				"east": {"uv": [0.375, 4.25, 0.5, 14.375], "rotation": 180, "texture": "#2"},
				"south": {"uv": [0.5, 4.25, 0.375, 14.375], "rotation": 180, "texture": "#2"},
				"west": {"uv": [0.375, 4.25, 0.5, 14.375], "rotation": 180, "texture": "#2"},
				"up": {"uv": [0.375, 14.375, 0.5, 14.25], "texture": "#2"},
				"down": {"uv": [0.375, 4.375, 0.5, 4.25], "texture": "#2"}
			}
		},
		{
			"from": [7, -7.175, 7.45],
			"to": [7.125, 2.825, 7.55],
			"rotation": {"angle": 0, "axis": "x", "origin": [13.225, 4.025, 7.725]},
			"faces": {
				"north": {"uv": [0.25, 4.375, 0.375, 14.375], "rotation": 180, "texture": "#2"},
				"east": {"uv": [0.25, 4.375, 0.375, 14.375], "rotation": 180, "texture": "#2"},
				"south": {"uv": [0.375, 4.375, 0.25, 14.375], "rotation": 180, "texture": "#2"},
				"west": {"uv": [0.25, 4.375, 0.375, 14.375], "rotation": 180, "texture": "#2"},
				"up": {"uv": [0.25, 14.375, 0.375, 14.25], "texture": "#2"},
				"down": {"uv": [0.25, 4.5, 0.375, 4.375], "texture": "#2"}
			}
		},
		{
			"from": [6.75, -6.925, 7.475],
			"to": [6.875, 2.7, 7.525],
			"rotation": {"angle": 0, "axis": "x", "origin": [13.225, 4.025, 7.725]},
			"faces": {
				"north": {"uv": [0, 4.625, 0.125, 14.25], "rotation": 180, "texture": "#2"},
				"east": {"uv": [0, 4.625, 0.125, 14.25], "rotation": 180, "texture": "#2"},
				"south": {"uv": [0.125, 4.625, 0, 14.25], "rotation": 180, "texture": "#2"},
				"west": {"uv": [0, 4.625, 0.125, 14.25], "rotation": 180, "texture": "#2"},
				"up": {"uv": [0, 14.25, 0.125, 14.125], "texture": "#2"},
				"down": {"uv": [0, 4.75, 0.125, 4.625], "texture": "#2"}
			}
		},
		{
			"from": [6.875, -7.05, 7.45],
			"to": [7, 2.7, 7.55],
			"rotation": {"angle": 0, "axis": "x", "origin": [13.225, 4.025, 7.725]},
			"faces": {
				"north": {"uv": [0.125, 4.5, 0.25, 14.25], "rotation": 180, "texture": "#2"},
				"east": {"uv": [0.125, 4.5, 0.25, 14.25], "rotation": 180, "texture": "#2"},
				"south": {"uv": [0.25, 4.5, 0.125, 14.25], "rotation": 180, "texture": "#2"},
				"west": {"uv": [0.125, 4.5, 0.25, 14.25], "rotation": 180, "texture": "#2"},
				"up": {"uv": [0.125, 14.25, 0.25, 14.125], "texture": "#2"},
				"down": {"uv": [0.125, 4.625, 0.25, 4.5], "texture": "#2"}
			}
		},
		{
			"from": [7.75, -7.925, 7.375],
			"to": [7.875, 2.825, 7.625],
			"rotation": {"angle": 0, "axis": "x", "origin": [13.225, 4.025, 7.725]},
			"faces": {
				"north": {"uv": [1, 3.625, 1.125, 14.375], "rotation": 180, "texture": "#2"},
				"east": {"uv": [1, 3.625, 1.125, 14.375], "rotation": 180, "texture": "#2"},
				"south": {"uv": [1.125, 3.625, 1, 14.375], "rotation": 180, "texture": "#2"},
				"west": {"uv": [1, 3.625, 1.125, 14.375], "rotation": 180, "texture": "#2"},
				"up": {"uv": [1, 14.375, 1.125, 14.25], "texture": "#2"},
				"down": {"uv": [1, 3.75, 1.125, 3.625], "texture": "#2"}
			}
		},
		{
			"from": [8, -8.175, 7.35],
			"to": [8.125, 2.825, 7.65],
			"rotation": {"angle": 0, "axis": "x", "origin": [13.225, 4.025, 7.725]},
			"faces": {
				"north": {"uv": [1.25, 3.375, 1.375, 14.375], "rotation": 180, "texture": "#2"},
				"east": {"uv": [1.25, 3.375, 1.375, 14.375], "rotation": 180, "texture": "#2"},
				"south": {"uv": [1.375, 3.375, 1.25, 14.375], "rotation": 180, "texture": "#2"},
				"west": {"uv": [1.25, 3.375, 1.375, 14.375], "rotation": 180, "texture": "#2"},
				"up": {"uv": [1.25, 14.375, 1.375, 14.25], "texture": "#2"},
				"down": {"uv": [1.25, 3.5, 1.375, 3.375], "texture": "#2"}
			}
		},
		{
			"from": [8.125, -8.3, 7.325],
			"to": [8.25, 2.825, 7.675],
			"rotation": {"angle": 0, "axis": "x", "origin": [13.225, 4.025, 7.725]},
			"faces": {
				"north": {"uv": [1.375, 3.25, 1.5, 14.375], "rotation": 180, "texture": "#2"},
				"east": {"uv": [1.375, 3.25, 1.5, 14.375], "rotation": 180, "texture": "#2"},
				"south": {"uv": [1.5, 3.25, 1.375, 14.375], "rotation": 180, "texture": "#2"},
				"west": {"uv": [1.375, 3.25, 1.5, 14.375], "rotation": 180, "texture": "#2"},
				"up": {"uv": [1.375, 14.375, 1.5, 14.25], "texture": "#2"},
				"down": {"uv": [1.375, 3.375, 1.5, 3.25], "texture": "#2"}
			}
		},
		{
			"from": [8.25, -8.425, 7.325],
			"to": [8.375, -2.425, 7.675],
			"rotation": {"angle": 0, "axis": "x", "origin": [13.225, 4.025, 7.725]},
			"faces": {
				"north": {"uv": [1.5, 3.125, 1.625, 9.125], "rotation": 180, "texture": "#2"},
				"east": {"uv": [1.5, 3.125, 1.625, 9.125], "rotation": 180, "texture": "#2"},
				"south": {"uv": [1.625, 3.125, 1.5, 9.125], "rotation": 180, "texture": "#2"},
				"west": {"uv": [1.5, 3.125, 1.625, 9.125], "rotation": 180, "texture": "#2"},
				"up": {"uv": [1.5, 9.125, 1.625, 9], "texture": "#2"},
				"down": {"uv": [1.5, 3.25, 1.625, 3.125], "texture": "#2"}
			}
		},
		{
			"from": [8.375, -2.8, 7.325],
			"to": [8.5, -0.425, 7.675],
			"rotation": {"angle": 0, "axis": "x", "origin": [13.225, 4.025, 7.725]},
			"faces": {
				"north": {"uv": [1.625, 8.75, 1.75, 11.125], "rotation": 180, "texture": "#2"},
				"east": {"uv": [1.625, 8.75, 1.75, 11.125], "rotation": 180, "texture": "#2"},
				"south": {"uv": [1.75, 8.75, 1.625, 11.125], "rotation": 180, "texture": "#2"},
				"west": {"uv": [1.625, 8.75, 1.75, 11.125], "rotation": 180, "texture": "#2"},
				"up": {"uv": [1.625, 11.125, 1.75, 11], "texture": "#2"},
				"down": {"uv": [1.625, 8.875, 1.75, 8.75], "texture": "#2"}
			}
		},
		{
			"from": [8.75, -2.55, 7.325],
			"to": [8.875, -0.675, 7.675],
			"rotation": {"angle": 0, "axis": "x", "origin": [13.225, 4.025, 7.725]},
			"faces": {
				"north": {"uv": [2, 9, 2.125, 10.875], "rotation": 180, "texture": "#2"},
				"east": {"uv": [2, 9, 2.125, 10.875], "rotation": 180, "texture": "#2"},
				"south": {"uv": [2.125, 9, 2, 10.875], "rotation": 180, "texture": "#2"},
				"west": {"uv": [2, 9, 2.125, 10.875], "rotation": 180, "texture": "#2"},
				"up": {"uv": [2, 10.875, 2.125, 10.75], "texture": "#2"},
				"down": {"uv": [2, 9.125, 2.125, 9], "texture": "#2"}
			}
		},
		{
			"from": [8.5, -2.675, 7.325],
			"to": [8.75, -0.55, 7.675],
			"rotation": {"angle": 0, "axis": "x", "origin": [13.225, 4.025, 7.725]},
			"faces": {
				"north": {"uv": [1.75, 8.875, 2, 11], "rotation": 180, "texture": "#2"},
				"east": {"uv": [1.875, 8.875, 2, 11], "rotation": 180, "texture": "#2"},
				"south": {"uv": [2, 8.875, 1.75, 11], "rotation": 180, "texture": "#2"},
				"west": {"uv": [1.75, 8.875, 1.875, 11], "rotation": 180, "texture": "#2"},
				"up": {"uv": [1.75, 11, 2, 10.875], "texture": "#2"},
				"down": {"uv": [1.75, 9, 2, 8.875], "texture": "#2"}
			}
		},
		{
			"from": [8.75, 9.575, 7.325],
			"to": [8.875, 11.45, 7.675],
			"rotation": {"angle": 0, "axis": "y", "origin": [13.225, 4.025, 7.725]},
			"faces": {
				"north": {"uv": [2.125, 9, 2, 10.875], "texture": "#2"},
				"east": {"uv": [2, 9, 2.125, 10.875], "texture": "#2"},
				"south": {"uv": [2, 9, 2.125, 10.875], "texture": "#2"},
				"west": {"uv": [2, 9, 2.125, 10.875], "texture": "#2"},
				"up": {"uv": [2, 9.125, 2.125, 9], "texture": "#2"},
				"down": {"uv": [2, 10.875, 2.125, 10.75], "texture": "#2"}
			}
		},
		{
			"from": [8.375, 9.325, 7.325],
			"to": [8.5, 11.7, 7.675],
			"rotation": {"angle": 0, "axis": "y", "origin": [13.225, 4.025, 7.725]},
			"faces": {
				"north": {"uv": [1.75, 8.75, 1.625, 11.125], "texture": "#2"},
				"east": {"uv": [1.625, 8.75, 1.75, 11.125], "texture": "#2"},
				"south": {"uv": [1.625, 8.75, 1.75, 11.125], "texture": "#2"},
				"west": {"uv": [1.625, 8.75, 1.75, 11.125], "texture": "#2"},
				"up": {"uv": [1.625, 8.875, 1.75, 8.75], "texture": "#2"},
				"down": {"uv": [1.625, 11.125, 1.75, 11], "texture": "#2"}
			}
		},
		{
			"from": [8.25, 11.325, 7.325],
			"to": [8.375, 17.325, 7.675],
			"rotation": {"angle": 0, "axis": "y", "origin": [13.225, 4.025, 7.725]},
			"faces": {
				"north": {"uv": [1.625, 3.125, 1.5, 9.125], "texture": "#2"},
				"east": {"uv": [1.5, 3.125, 1.625, 9.125], "texture": "#2"},
				"south": {"uv": [1.5, 3.125, 1.625, 9.125], "texture": "#2"},
				"west": {"uv": [1.5, 3.125, 1.625, 9.125], "texture": "#2"},
				"up": {"uv": [1.5, 3.25, 1.625, 3.125], "texture": "#2"},
				"down": {"uv": [1.5, 9.125, 1.625, 9], "texture": "#2"}
			}
		},
		{
			"from": [8.125, 6.075, 7.325],
			"to": [8.25, 17.2, 7.675],
			"rotation": {"angle": 0, "axis": "y", "origin": [13.225, 4.025, 7.725]},
			"faces": {
				"north": {"uv": [1.5, 3.25, 1.375, 14.375], "texture": "#2"},
				"east": {"uv": [1.375, 3.25, 1.5, 14.375], "texture": "#2"},
				"south": {"uv": [1.375, 3.25, 1.5, 14.375], "texture": "#2"},
				"west": {"uv": [1.375, 3.25, 1.5, 14.375], "texture": "#2"},
				"up": {"uv": [1.375, 3.375, 1.5, 3.25], "texture": "#2"},
				"down": {"uv": [1.375, 14.375, 1.5, 14.25], "texture": "#2"}
			}
		},
		{
			"from": [8, 6.075, 7.35],
			"to": [8.125, 17.075, 7.65],
			"rotation": {"angle": 0, "axis": "y", "origin": [13.225, 4.025, 7.725]},
			"faces": {
				"north": {"uv": [1.375, 3.375, 1.25, 14.375], "texture": "#2"},
				"east": {"uv": [1.25, 3.375, 1.375, 14.375], "texture": "#2"},
				"south": {"uv": [1.25, 3.375, 1.375, 14.375], "texture": "#2"},
				"west": {"uv": [1.25, 3.375, 1.375, 14.375], "texture": "#2"},
				"up": {"uv": [1.25, 3.5, 1.375, 3.375], "texture": "#2"},
				"down": {"uv": [1.25, 14.375, 1.375, 14.25], "texture": "#2"}
			}
		},
		{
			"from": [7.75, 6.075, 7.375],
			"to": [7.875, 16.825, 7.625],
			"rotation": {"angle": 0, "axis": "y", "origin": [13.225, 4.025, 7.725]},
			"faces": {
				"north": {"uv": [1.125, 3.625, 1, 14.375], "texture": "#2"},
				"east": {"uv": [1, 3.625, 1.125, 14.375], "texture": "#2"},
				"south": {"uv": [1, 3.625, 1.125, 14.375], "texture": "#2"},
				"west": {"uv": [1, 3.625, 1.125, 14.375], "texture": "#2"},
				"up": {"uv": [1, 3.75, 1.125, 3.625], "texture": "#2"},
				"down": {"uv": [1, 14.375, 1.125, 14.25], "texture": "#2"}
			}
		},
		{
			"from": [6.875, 6.2, 7.45],
			"to": [7, 15.95, 7.55],
			"rotation": {"angle": 0, "axis": "y", "origin": [13.225, 4.025, 7.725]},
			"faces": {
				"north": {"uv": [0.25, 4.5, 0.125, 14.25], "texture": "#2"},
				"east": {"uv": [0.125, 4.5, 0.25, 14.25], "texture": "#2"},
				"south": {"uv": [0.125, 4.5, 0.25, 14.25], "texture": "#2"},
				"west": {"uv": [0.125, 4.5, 0.25, 14.25], "texture": "#2"},
				"up": {"uv": [0.125, 4.625, 0.25, 4.5], "texture": "#2"},
				"down": {"uv": [0.125, 14.25, 0.25, 14.125], "texture": "#2"}
			}
		},
		{
			"from": [6.75, 6.2, 7.475],
			"to": [6.875, 15.825, 7.525],
			"rotation": {"angle": 0, "axis": "y", "origin": [13.225, 4.025, 7.725]},
			"faces": {
				"north": {"uv": [0.125, 4.625, 0, 14.25], "texture": "#2"},
				"east": {"uv": [0, 4.625, 0.125, 14.25], "texture": "#2"},
				"south": {"uv": [0, 4.625, 0.125, 14.25], "texture": "#2"},
				"west": {"uv": [0, 4.625, 0.125, 14.25], "texture": "#2"},
				"up": {"uv": [0, 4.75, 0.125, 4.625], "texture": "#2"},
				"down": {"uv": [0, 14.25, 0.125, 14.125], "texture": "#2"}
			}
		},
		{
			"from": [7, 6.075, 7.45],
			"to": [7.125, 16.075, 7.55],
			"rotation": {"angle": 0, "axis": "y", "origin": [13.225, 4.025, 7.725]},
			"faces": {
				"north": {"uv": [0.375, 4.375, 0.25, 14.375], "texture": "#2"},
				"east": {"uv": [0.25, 4.375, 0.375, 14.375], "texture": "#2"},
				"south": {"uv": [0.25, 4.375, 0.375, 14.375], "texture": "#2"},
				"west": {"uv": [0.25, 4.375, 0.375, 14.375], "texture": "#2"},
				"up": {"uv": [0.25, 4.5, 0.375, 4.375], "texture": "#2"},
				"down": {"uv": [0.25, 14.375, 0.375, 14.25], "texture": "#2"}
			}
		},
		{
			"from": [7.125, 6.075, 7.425],
			"to": [7.25, 16.2, 7.575],
			"rotation": {"angle": 0, "axis": "y", "origin": [13.225, 4.025, 7.725]},
			"faces": {
				"north": {"uv": [0.5, 4.25, 0.375, 14.375], "texture": "#2"},
				"east": {"uv": [0.375, 4.25, 0.5, 14.375], "texture": "#2"},
				"south": {"uv": [0.375, 4.25, 0.5, 14.375], "texture": "#2"},
				"west": {"uv": [0.375, 4.25, 0.5, 14.375], "texture": "#2"},
				"up": {"uv": [0.375, 4.375, 0.5, 4.25], "texture": "#2"},
				"down": {"uv": [0.375, 14.375, 0.5, 14.25], "texture": "#2"}
			}
		},
		{
			"from": [7.25, 6.075, 7.425],
			"to": [7.375, 16.325, 7.575],
			"rotation": {"angle": 0, "axis": "y", "origin": [13.225, 4.025, 7.725]},
			"faces": {
				"north": {"uv": [0.625, 4.125, 0.5, 14.375], "texture": "#2"},
				"east": {"uv": [0.5, 4.125, 0.625, 14.375], "texture": "#2"},
				"south": {"uv": [0.5, 4.125, 0.625, 14.375], "texture": "#2"},
				"west": {"uv": [0.5, 4.125, 0.625, 14.375], "texture": "#2"},
				"up": {"uv": [0.5, 4.25, 0.625, 4.125], "texture": "#2"},
				"down": {"uv": [0.5, 14.375, 0.625, 14.25], "texture": "#2"}
			}
		},
		{
			"from": [7.625, 6.075, 7.375],
			"to": [7.75, 16.7, 7.625],
			"rotation": {"angle": 0, "axis": "y", "origin": [13.225, 4.025, 7.725]},
			"faces": {
				"north": {"uv": [1, 3.75, 0.875, 14.375], "texture": "#2"},
				"east": {"uv": [0.875, 3.75, 1, 14.375], "texture": "#2"},
				"south": {"uv": [0.875, 3.75, 1, 14.375], "texture": "#2"},
				"west": {"uv": [0.875, 3.75, 1, 14.375], "texture": "#2"},
				"up": {"uv": [0.875, 3.875, 1, 3.75], "texture": "#2"},
				"down": {"uv": [0.875, 14.375, 1, 14.25], "texture": "#2"}
			}
		},
		{
			"from": [7.375, 6.075, 7.4],
			"to": [7.5, 16.45, 7.6],
			"rotation": {"angle": 0, "axis": "y", "origin": [13.225, 4.025, 7.725]},
			"faces": {
				"north": {"uv": [0.75, 4, 0.625, 14.375], "texture": "#2"},
				"east": {"uv": [0.625, 4, 0.75, 14.375], "texture": "#2"},
				"south": {"uv": [0.625, 4, 0.75, 14.375], "texture": "#2"},
				"west": {"uv": [0.625, 4, 0.75, 14.375], "texture": "#2"},
				"up": {"uv": [0.625, 4.125, 0.75, 4], "texture": "#2"},
				"down": {"uv": [0.625, 14.375, 0.75, 14.25], "texture": "#2"}
			}
		},
		{
			"from": [7.5, 6.075, 7.4],
			"to": [7.625, 16.575, 7.6],
			"rotation": {"angle": 0, "axis": "y", "origin": [13.225, 4.025, 7.725]},
			"faces": {
				"north": {"uv": [0.875, 3.875, 0.75, 14.375], "texture": "#2"},
				"east": {"uv": [0.75, 3.875, 0.875, 14.375], "texture": "#2"},
				"south": {"uv": [0.75, 3.875, 0.875, 14.375], "texture": "#2"},
				"west": {"uv": [0.75, 3.875, 0.875, 14.375], "texture": "#2"},
				"up": {"uv": [0.75, 4, 0.875, 3.875], "texture": "#2"},
				"down": {"uv": [0.75, 14.375, 0.875, 14.25], "texture": "#2"}
			}
		},
		{
			"from": [7.875, 6.075, 7.35],
			"to": [8, 16.95, 7.65],
			"rotation": {"angle": 0, "axis": "y", "origin": [13.225, 4.025, 7.725]},
			"faces": {
				"north": {"uv": [1.25, 3.5, 1.125, 14.375], "texture": "#2"},
				"east": {"uv": [1.125, 3.5, 1.25, 14.375], "texture": "#2"},
				"south": {"uv": [1.125, 3.5, 1.25, 14.375], "texture": "#2"},
				"west": {"uv": [1.125, 3.5, 1.25, 14.375], "texture": "#2"},
				"up": {"uv": [1.125, 3.625, 1.25, 3.5], "texture": "#2"},
				"down": {"uv": [1.125, 14.375, 1.25, 14.25], "texture": "#2"}
			}
		},
		{
			"from": [8.75, 9.95, 7.175],
			"to": [9, 11.075, 7.825],
			"rotation": {"angle": 0, "axis": "y", "origin": [13.225, 4.025, 7.725]},
			"faces": {
				"north": {"uv": [2.25, 9.375, 2, 10.5], "texture": "#2"},
				"east": {"uv": [2.125, 9.375, 2.25, 10.5], "texture": "#2"},
				"south": {"uv": [2, 9.375, 2.25, 10.5], "texture": "#2"},
				"west": {"uv": [2, 9.375, 2.125, 10.5], "texture": "#2"},
				"up": {"uv": [2, 9.5, 2.25, 9.375], "texture": "#2"},
				"down": {"uv": [2, 10.5, 2.25, 10.375], "texture": "#2"}
			}
		},
		{
			"from": [8.375, 9.825, 7.175],
			"to": [8.75, 11.2, 7.825],
			"rotation": {"angle": 0, "axis": "y", "origin": [13.225, 4.025, 7.725]},
			"faces": {
				"north": {"uv": [2, 9.25, 1.625, 10.625], "texture": "#2"},
				"east": {"uv": [1.875, 9.25, 2, 10.625], "texture": "#2"},
				"south": {"uv": [1.625, 9.25, 2, 10.625], "texture": "#2"},
				"west": {"uv": [1.625, 9.25, 1.75, 10.625], "texture": "#2"},
				"up": {"uv": [1.625, 9.375, 2, 9.25], "texture": "#2"},
				"down": {"uv": [1.625, 10.625, 2, 10.5], "texture": "#2"}
			}
		},
		{
			"from": [8.375, 7.325, 7.25],
			"to": [9.125, 10.2, 7.725],
			"rotation": {"angle": 0, "axis": "y", "origin": [13.225, 4.025, 7.725]},
			"faces": {
				"north": {"uv": [3.75, 10.25, 3, 13], "texture": "#2"},
				"east": {"uv": [3.75, 10.25, 4.5, 13], "texture": "#2"},
				"south": {"uv": [3, 10.25, 3.75, 13], "texture": "#2"},
				"west": {"uv": [2.25, 10.25, 3, 13], "texture": "#2"},
				"up": {"uv": [3, 10.375, 3.75, 10.25], "texture": "#2"},
				"down": {"uv": [3, 13, 3.75, 12.875], "texture": "#2"}
			}
		},
		{
			"from": [8.5, 6.95, 7.325],
			"to": [9, 7.325, 7.65],
			"rotation": {"angle": 0, "axis": "y", "origin": [13.225, 4.025, 7.725]},
			"faces": {
				"north": {"uv": [3.625, 13, 3.125, 13.25], "texture": "#2"},
				"east": {"uv": [3.875, 13, 4, 13.25], "texture": "#2"},
				"south": {"uv": [3.125, 13, 3.625, 13.25], "texture": "#2"},
				"west": {"uv": [2.375, 13, 2.875, 13.25], "texture": "#2"},
				"up": {"uv": [3.125, 13.125, 3.625, 13], "texture": "#2"},
				"down": {"uv": [3.125, 13.25, 3.625, 13.125], "texture": "#2"}
			}
		},
		{
			"from": [8.375, -1.3, 7.225],
			"to": [9.125, 1.575, 7.7],
			"rotation": {"angle": 0, "axis": "x", "origin": [13.225, 4.025, 7.725]},
			"faces": {
				"north": {"uv": [3, 10.25, 3.75, 13], "rotation": 180, "texture": "#2"},
				"east": {"uv": [3.75, 10.25, 4.5, 13], "rotation": 180, "texture": "#2"},
				"south": {"uv": [3.75, 10.25, 3, 13], "rotation": 180, "texture": "#2"},
				"west": {"uv": [2.25, 10.25, 3, 13], "rotation": 180, "texture": "#2"},
				"up": {"uv": [3, 13, 3.75, 12.875], "texture": "#2"},
				"down": {"uv": [3, 10.375, 3.75, 10.25], "texture": "#2"}
			}
		},
		{
			"from": [8.5, 1.575, 7.3],
			"to": [9, 1.95, 7.625],
			"rotation": {"angle": 0, "axis": "x", "origin": [13.225, 4.025, 7.725]},
			"faces": {
				"north": {"uv": [3.125, 13, 3.625, 13.25], "rotation": 180, "texture": "#2"},
				"east": {"uv": [3.875, 13, 4, 13.25], "rotation": 180, "texture": "#2"},
				"south": {"uv": [3.625, 13, 3.125, 13.25], "rotation": 180, "texture": "#2"},
				"west": {"uv": [2.375, 13, 2.875, 13.25], "rotation": 180, "texture": "#2"},
				"up": {"uv": [3.125, 13.25, 3.625, 13.125], "texture": "#2"},
				"down": {"uv": [3.125, 13.125, 3.625, 13], "texture": "#2"}
			}
		},
		{
			"from": [9, 10.2, 7.175],
			"to": [9.125, 10.825, 7.825],
			"rotation": {"angle": 0, "axis": "y", "origin": [13.225, 4.025, 7.725]},
			"faces": {
				"north": {"uv": [2.375, 9.625, 2.25, 10.25], "texture": "#2"},
				"east": {"uv": [2.25, 9.625, 2.375, 10.25], "texture": "#2"},
				"south": {"uv": [2.25, 9.625, 2.375, 10.25], "texture": "#2"},
				"west": {"uv": [2.25, 9.625, 2.375, 10.25], "texture": "#2"},
				"up": {"uv": [2.25, 9.75, 2.375, 9.625], "texture": "#2"},
				"down": {"uv": [2.25, 10.25, 2.375, 10.125], "texture": "#2"}
			}
		},
		{
			"from": [8.25, 6.075, 7.175],
			"to": [8.375, 11.325, 7.825],
			"rotation": {"angle": 0, "axis": "y", "origin": [13.225, 4.025, 7.725]},
			"faces": {
				"north": {"uv": [1.625, 9.125, 1.5, 14.375], "texture": "#2"},
				"east": {"uv": [1.5, 9.125, 1.625, 14.375], "texture": "#2"},
				"south": {"uv": [1.5, 9.125, 1.625, 14.375], "texture": "#2"},
				"west": {"uv": [1.5, 9.125, 1.625, 14.375], "texture": "#2"},
				"up": {"uv": [1.5, 9.25, 1.625, 9.125], "texture": "#2"},
				"down": {"uv": [1.5, 14.375, 1.625, 14.25], "texture": "#2"}
			}
		},
		{
			"from": [8.125, 6.075, 7.175],
			"to": [8.25, 11.2, 7.825],
			"rotation": {"angle": 0, "axis": "y", "origin": [13.225, 4.025, 7.725]},
			"faces": {
				"north": {"uv": [1.5, 9.25, 1.375, 14.375], "texture": "#2"},
				"east": {"uv": [1.375, 9.25, 1.5, 14.375], "texture": "#2"},
				"south": {"uv": [1.375, 9.25, 1.5, 14.375], "texture": "#2"},
				"west": {"uv": [1.375, 9.25, 1.5, 14.375], "texture": "#2"},
				"up": {"uv": [1.375, 9.375, 1.5, 9.25], "texture": "#2"},
				"down": {"uv": [1.375, 14.375, 1.5, 14.25], "texture": "#2"}
			}
		},
		{
			"from": [8, 6.075, 7.2],
			"to": [8.125, 11.075, 7.8],
			"rotation": {"angle": 0, "axis": "y", "origin": [13.225, 4.025, 7.725]},
			"faces": {
				"north": {"uv": [1.375, 9.375, 1.25, 14.375], "texture": "#2"},
				"east": {"uv": [1.25, 9.375, 1.375, 14.375], "texture": "#2"},
				"south": {"uv": [1.25, 9.375, 1.375, 14.375], "texture": "#2"},
				"west": {"uv": [1.25, 9.375, 1.375, 14.375], "texture": "#2"},
				"up": {"uv": [1.25, 9.5, 1.375, 9.375], "texture": "#2"},
				"down": {"uv": [1.25, 14.375, 1.375, 14.25], "texture": "#2"}
			}
		},
		{
			"from": [7.875, 6.075, 7.2],
			"to": [8, 10.95, 7.8],
			"rotation": {"angle": 0, "axis": "y", "origin": [13.225, 4.025, 7.725]},
			"faces": {
				"north": {"uv": [1.25, 9.5, 1.125, 14.375], "texture": "#2"},
				"east": {"uv": [1.125, 9.5, 1.25, 14.375], "texture": "#2"},
				"south": {"uv": [1.125, 9.5, 1.25, 14.375], "texture": "#2"},
				"west": {"uv": [1.125, 9.5, 1.25, 14.375], "texture": "#2"},
				"up": {"uv": [1.125, 9.625, 1.25, 9.5], "texture": "#2"},
				"down": {"uv": [1.125, 14.375, 1.25, 14.25], "texture": "#2"}
			}
		},
		{
			"from": [7.625, 6.925, 7.225],
			"to": [7.75, 10.7, 7.775],
			"rotation": {"angle": 0, "axis": "y", "origin": [13.225, 4.025, 7.725]},
			"faces": {
				"north": {"uv": [1, 9.75, 0.875, 13.5], "texture": "#2"},
				"east": {"uv": [0.875, 9.75, 1, 13.5], "texture": "#2"},
				"south": {"uv": [0.875, 9.75, 1, 13.5], "texture": "#2"},
				"west": {"uv": [0.875, 9.75, 1, 13.5], "texture": "#2"},
				"up": {"uv": [0.875, 9.875, 1, 9.75], "texture": "#2"},
				"down": {"uv": [0.875, 13.5, 1, 13.375], "texture": "#2"}
			}
		},
		{
			"from": [7, 6.825, 7.3],
			"to": [7.125, 10.575, 7.7],
			"rotation": {"angle": 0, "axis": "y", "origin": [13.225, 4.025, 7.725]},
			"faces": {
				"north": {"uv": [0.375, 9.875, 0.25, 13.625], "texture": "#2"},
				"east": {"uv": [0.25, 9.875, 0.375, 13.625], "texture": "#2"},
				"south": {"uv": [0.25, 9.875, 0.375, 13.625], "texture": "#2"},
				"west": {"uv": [0.25, 9.875, 0.375, 13.625], "texture": "#2"},
				"up": {"uv": [0.25, 10, 0.375, 9.875], "texture": "#2"},
				"down": {"uv": [0.25, 13.625, 0.375, 13.5], "texture": "#2"}
			}
		},
		{
			"from": [7.375, 6.075, 7.25],
			"to": [7.625, 6.575, 7.75],
			"rotation": {"angle": 0, "axis": "y", "origin": [13.225, 4.025, 7.725]},
			"faces": {
				"north": {"uv": [0.875, 13.875, 0.625, 14.375], "texture": "#2"},
				"east": {"uv": [0.75, 13.875, 0.875, 14.375], "texture": "#2"},
				"south": {"uv": [0.625, 13.875, 0.875, 14.375], "texture": "#2"},
				"west": {"uv": [0.625, 13.875, 0.75, 14.375], "texture": "#2"},
				"up": {"uv": [0.625, 14, 0.875, 13.875], "texture": "#2"},
				"down": {"uv": [0.625, 14.375, 0.875, 14.25], "texture": "#2"}
			}
		},
		{
			"from": [7.625, 6.075, 7.225],
			"to": [7.875, 6.575, 7.775],
			"rotation": {"angle": 0, "axis": "y", "origin": [13.225, 4.025, 7.725]},
			"faces": {
				"north": {"uv": [1.125, 13.875, 0.875, 14.375], "texture": "#2"},
				"east": {"uv": [1, 13.875, 1.125, 14.375], "texture": "#2"},
				"south": {"uv": [0.875, 13.875, 1.125, 14.375], "texture": "#2"},
				"west": {"uv": [0.875, 13.875, 1, 14.375], "texture": "#2"},
				"up": {"uv": [0.875, 14, 1.125, 13.875], "texture": "#2"},
				"down": {"uv": [0.875, 14.375, 1.125, 14.25], "texture": "#2"}
			}
		},
		{
			"from": [7.25, 6.075, 7.275],
			"to": [7.375, 6.575, 7.725],
			"rotation": {"angle": 0, "axis": "y", "origin": [13.225, 4.025, 7.725]},
			"faces": {
				"north": {"uv": [0.625, 13.875, 0.5, 14.375], "texture": "#2"},
				"east": {"uv": [0.5, 13.875, 0.625, 14.375], "texture": "#2"},
				"south": {"uv": [0.5, 13.875, 0.625, 14.375], "texture": "#2"},
				"west": {"uv": [0.5, 13.875, 0.625, 14.375], "texture": "#2"},
				"up": {"uv": [0.5, 14, 0.625, 13.875], "texture": "#2"},
				"down": {"uv": [0.5, 14.375, 0.625, 14.25], "texture": "#2"}
			}
		},
		{
			"from": [7.375, 6.825, 7.25],
			"to": [7.625, 10.575, 7.75],
			"rotation": {"angle": 0, "axis": "y", "origin": [13.225, 4.025, 7.725]},
			"faces": {
				"north": {"uv": [0.875, 9.875, 0.625, 13.625], "texture": "#2"},
				"east": {"uv": [0.75, 9.875, 0.875, 13.625], "texture": "#2"},
				"south": {"uv": [0.625, 9.875, 0.875, 13.625], "texture": "#2"},
				"west": {"uv": [0.625, 9.875, 0.75, 13.625], "texture": "#2"},
				"up": {"uv": [0.625, 10, 0.875, 9.875], "texture": "#2"},
				"down": {"uv": [0.625, 13.625, 0.875, 13.5], "texture": "#2"}
			}
		},
		{
			"from": [7.125, 6.825, 7.275],
			"to": [7.375, 10.575, 7.725],
			"rotation": {"angle": 0, "axis": "y", "origin": [13.225, 4.025, 7.725]},
			"faces": {
				"north": {"uv": [0.625, 9.875, 0.375, 13.625], "texture": "#2"},
				"east": {"uv": [0.5, 9.875, 0.625, 13.625], "texture": "#2"},
				"south": {"uv": [0.375, 9.875, 0.625, 13.625], "texture": "#2"},
				"west": {"uv": [0.375, 9.875, 0.5, 13.625], "texture": "#2"},
				"up": {"uv": [0.375, 10, 0.625, 9.875], "texture": "#2"},
				"down": {"uv": [0.375, 13.625, 0.625, 13.5], "texture": "#2"}
			}
		},
		{
			"from": [7.75, 6.575, 7.225],
			"to": [7.875, 10.825, 7.775],
			"rotation": {"angle": 0, "axis": "y", "origin": [13.225, 4.025, 7.725]},
			"faces": {
				"north": {"uv": [1.125, 9.625, 1, 13.875], "texture": "#2"},
				"east": {"uv": [1, 9.625, 1.125, 13.875], "texture": "#2"},
				"south": {"uv": [1, 9.625, 1.125, 13.875], "texture": "#2"},
				"west": {"uv": [1, 9.625, 1.125, 13.875], "texture": "#2"},
				"up": {"uv": [1, 9.75, 1.125, 9.625], "texture": "#2"},
				"down": {"uv": [1, 13.875, 1.125, 13.75], "texture": "#2"}
			}
		},
		{
			"from": [7.375, 4.45, 7.25],
			"to": [8, 6.075, 7.75],
			"rotation": {"angle": 0, "axis": "y", "origin": [13.225, 4.025, 7.725]},
			"faces": {
				"north": {"uv": [1.375, 14.375, 0.625, 16], "texture": "#2"},
				"east": {"uv": [1.25, 14.375, 1.375, 16], "texture": "#2"},
				"south": {"uv": [0.625, 14.375, 1.375, 16], "texture": "#2"},
				"west": {"uv": [0.625, 14.375, 0.75, 16], "texture": "#2"},
				"up": {"uv": [0.625, 14.5, 1.375, 14.375], "texture": "#2"},
				"down": {"uv": [0.625, 16, 1.375, 15.875], "texture": "#2"}
			}
		},
		{
			"from": [8.7, 4.45, 7.5],
			"to": [8.825, 7.075, 7.5],
			"rotation": {"angle": 0, "axis": "y", "origin": [13.225, 4.025, 7.725]},
			"faces": {
				"north": {"uv": [2.75, 13.375, 2.625, 16], "texture": "#2"},
				"south": {"uv": [2.625, 13.375, 2.75, 16], "texture": "#2"}
			}
		}
	],
	"gui_light": "front",
	"display": {
		"thirdperson_righthand": {
			"rotation": [0, -90, 0],
			"translation": [-1, 2.25, 1.25],
			"scale": [1.4, 1.2, 1.2]
		},
		"thirdperson_lefthand": {
			"rotation": [0, 90, 0],
			"translation": [0.25, 2.25, 1.25],
			"scale": [1.4, 1.2, 1.2]
		},
		"firstperson_righthand": {
			"rotation": [55, -90, 60],
			"translation": [-1.25, 2.75, 1.5],
			"scale": [1.3, 1.3, 1.3]
		},
		"firstperson_lefthand": {
			"rotation": [-65, 90, 60],
			"translation": [-0.75, 2.75, 1.5],
			"scale": [1.3, 1.3, 1.3]
		},
		"ground": {
			"rotation": [45, 90, 0],
			"translation": [0, 2.5, 0],
			"scale": [0.45, 0.45, 0.45]
		},
		"gui": {
			"rotation": [0, 0, -45],
			"translation": [2.25, 2.5, 0]
		},
		"head": {
			"translation": [0, 9.75, 0]
		},
		"fixed": {
			"rotation": [180, 0, 135],
			"translation": [-3.75, 3.5, -0.75],
			"scale": [1.4, 1.4, 1.4]
		}
	}
}