{
	"credit": "Made with Blockbench",
	"textures": {
		"2": "./moon_saber",
		"particle": "./moon_saber"
	},
	"elements": [
		{
			"from": [7.85, 2.5, 7.375],
			"to": [8.475, 5, 7.9],
			"rotation": {"angle": 0, "axis": "y", "origin": [0.225, 0.1, 0.025]},
			"faces": {
				"north": {"uv": [3.25, 12.125, 2.625, 14.625], "texture": "#2"},
				"east": {"uv": [3.25, 12.125, 3.875, 14.625], "texture": "#2"},
				"south": {"uv": [2.625, 12.125, 3.25, 14.625], "texture": "#2"},
				"west": {"uv": [2, 12.125, 2.625, 14.625], "texture": "#2"},
				"up": {"uv": [2.625, 12.25, 3.25, 12.125], "texture": "#2"},
				"down": {"uv": [2.625, 14.625, 3.25, 14.5], "texture": "#2"}
			}
		},
		{
			"from": [7.85, 1.5, 7.425],
			"to": [8.475, 2.25, 7.85],
			"rotation": {"angle": 0, "axis": "y", "origin": [0.225, 0.1, 0.025]},
			"faces": {
				"north": {"uv": [3.25, 14.875, 2.625, 15.625], "texture": "#2"},
				"east": {"uv": [3.5, 14.875, 3.875, 15.625], "texture": "#2"},
				"south": {"uv": [2.625, 14.875, 3.25, 15.625], "texture": "#2"},
				"west": {"uv": [2, 14.875, 2.375, 15.625], "texture": "#2"},
				"up": {"uv": [2.625, 15, 3.25, 14.875], "texture": "#2"},
				"down": {"uv": [2.625, 15.625, 3.25, 15.5], "texture": "#2"}
			}
		},
		{
			"from": [8.1, 1.375, 7.575],
			"to": [8.225, 1.5, 7.7],
			"rotation": {"angle": 0, "axis": "y", "origin": [0.225, 0.1, 0.025]},
			"faces": {
				"north": {"uv": [3, 15.625, 2.875, 15.75], "texture": "#2"},
				"east": {"uv": [2.875, 15.625, 3, 15.75], "texture": "#2"},
				"south": {"uv": [2.875, 15.625, 3, 15.75], "texture": "#2"},
				"west": {"uv": [2.875, 15.625, 3, 15.75], "texture": "#2"},
				"up": {"uv": [2.875, 15.75, 3, 15.625], "texture": "#2"},
				"down": {"uv": [2.875, 15.75, 3, 15.625], "texture": "#2"}
			}
		},
		{
			"from": [5.25, -6.375, 7.64],
			"to": [6.875, -4.5, 7.64],
			"rotation": {"angle": 45, "axis": "z", "origin": [0.225, 0.1, 0.025]},
			"faces": {
				"north": {"uv": [6.625, 13.375, 4.25, 16], "texture": "#2"},
				"south": {"uv": [4.25, 13.375, 6.625, 16], "texture": "#2"}
			}
		},
		{
			"from": [7.725, 1.625, 7.3],
			"to": [8.6, 2.125, 7.975],
			"rotation": {"angle": 0, "axis": "y", "origin": [0.225, 0.1, 0.025]},
			"faces": {
				"north": {"uv": [3.375, 15, 2.5, 15.5], "texture": "#2"},
				"east": {"uv": [3.375, 15, 4, 15.5], "texture": "#2"},
				"south": {"uv": [2.5, 15, 3.375, 15.5], "texture": "#2"},
				"west": {"uv": [1.875, 15, 2.5, 15.5], "texture": "#2"},
				"up": {"uv": [2.5, 15.125, 3.375, 15], "texture": "#2"},
				"down": {"uv": [2.5, 15.5, 3.375, 15.375], "texture": "#2"}
			}
		},
		{
			"from": [7.725, 2.25, 7.3],
			"to": [8.6, 2.5, 7.975],
			"rotation": {"angle": 0, "axis": "y", "origin": [0.225, 0.1, 0.025]},
			"faces": {
				"north": {"uv": [3.375, 14.625, 2.5, 14.875], "texture": "#2"},
				"east": {"uv": [3.375, 14.625, 4, 14.875], "texture": "#2"},
				"south": {"uv": [2.5, 14.625, 3.375, 14.875], "texture": "#2"},
				"west": {"uv": [1.875, 14.625, 2.5, 14.875], "texture": "#2"},
				"up": {"uv": [2.5, 14.75, 3.375, 14.625], "texture": "#2"},
				"down": {"uv": [2.5, 14.875, 3.375, 14.75], "texture": "#2"}
			}
		},
		{
			"from": [7.725, 5.175, 7.525],
			"to": [8.6, 9.675, 7.75],
			"rotation": {"angle": 0, "axis": "y", "origin": [0.225, -0.025, 0.025]},
			"faces": {
				"north": {"uv": [3.375, 6.75, 2.5, 11.25], "texture": "#2"},
				"east": {"uv": [3.25, 6.75, 3.375, 11.25], "texture": "#2"},
				"south": {"uv": [2.5, 6.75, 3.375, 11.25], "texture": "#2"},
				"west": {"uv": [2.5, 6.75, 2.625, 11.25], "texture": "#2"},
				"up": {"uv": [2.5, 6.875, 3.375, 6.75], "texture": "#2"},
				"down": {"uv": [2.5, 11.25, 3.375, 11.125], "texture": "#2"}
			}
		},
		{
			"from": [7.6, 9.675, 7.525],
			"to": [8.6, 9.8, 7.75],
			"rotation": {"angle": 0, "axis": "y", "origin": [0.225, -0.025, 0.025]},
			"faces": {
				"north": {"uv": [3.375, 6.625, 2.375, 6.75], "texture": "#2"},
				"east": {"uv": [3.25, 6.625, 3.375, 6.75], "texture": "#2"},
				"south": {"uv": [2.375, 6.625, 3.375, 6.75], "texture": "#2"},
				"west": {"uv": [2.375, 6.625, 2.5, 6.75], "texture": "#2"},
				"up": {"uv": [2.375, 6.75, 3.375, 6.625], "texture": "#2"},
				"down": {"uv": [2.375, 6.75, 3.375, 6.625], "texture": "#2"}
			}
		},
		{
			"from": [7.475, 9.8, 7.525],
			"to": [8.6, 9.925, 7.75],
			"rotation": {"angle": 0, "axis": "y", "origin": [0.225, -0.025, 0.025]},
			"faces": {
				"north": {"uv": [3.375, 6.5, 2.25, 6.625], "texture": "#2"},
				"east": {"uv": [3.25, 6.5, 3.375, 6.625], "texture": "#2"},
				"south": {"uv": [2.25, 6.5, 3.375, 6.625], "texture": "#2"},
				"west": {"uv": [2.25, 6.5, 2.375, 6.625], "texture": "#2"},
				"up": {"uv": [2.25, 6.625, 3.375, 6.5], "texture": "#2"},
				"down": {"uv": [2.25, 6.625, 3.375, 6.5], "texture": "#2"}
			}
		},
		{
			"from": [7.1, 9.925, 7.525],
			"to": [8.6, 11.675, 7.75],
			"rotation": {"angle": 0, "axis": "y", "origin": [0.225, -0.025, 0.025]},
			"faces": {
				"north": {"uv": [3.375, 4.75, 1.875, 6.5], "texture": "#2"},
				"east": {"uv": [3.25, 4.75, 3.375, 6.5], "texture": "#2"},
				"south": {"uv": [1.875, 4.75, 3.375, 6.5], "texture": "#2"},
				"west": {"uv": [1.875, 4.75, 2, 6.5], "texture": "#2"},
				"up": {"uv": [1.875, 4.875, 3.375, 4.75], "texture": "#2"},
				"down": {"uv": [1.875, 6.5, 3.375, 6.375], "texture": "#2"}
			}
		},
		{
			"from": [6.725, 9.8, 7.575],
			"to": [7.1, 11.8, 7.7],
			"rotation": {"angle": 0, "axis": "y", "origin": [0.225, -0.025, 0.025]},
			"faces": {
				"north": {"uv": [1.875, 4.625, 1.5, 6.625], "texture": "#2"},
				"east": {"uv": [1.75, 4.625, 1.875, 6.625], "texture": "#2"},
				"south": {"uv": [1.5, 4.625, 1.875, 6.625], "texture": "#2"},
				"west": {"uv": [1.5, 4.625, 1.625, 6.625], "texture": "#2"},
				"up": {"uv": [1.5, 4.75, 1.875, 4.625], "texture": "#2"},
				"down": {"uv": [1.5, 6.625, 1.875, 6.5], "texture": "#2"}
			}
		},
		{
			"from": [6.85, 11.8, 7.575],
			"to": [7.225, 12.55, 7.7],
			"rotation": {"angle": 0, "axis": "y", "origin": [0.225, -0.025, 0.025]},
			"faces": {
				"north": {"uv": [2, 3.875, 1.625, 4.625], "texture": "#2"},
				"east": {"uv": [1.875, 3.875, 2, 4.625], "texture": "#2"},
				"south": {"uv": [1.625, 3.875, 2, 4.625], "texture": "#2"},
				"west": {"uv": [1.625, 3.875, 1.75, 4.625], "texture": "#2"},
				"up": {"uv": [1.625, 4, 2, 3.875], "texture": "#2"},
				"down": {"uv": [1.625, 4.625, 2, 4.5], "texture": "#2"}
			}
		},
		{
			"from": [6.975, 12.55, 7.575],
			"to": [7.35, 13.05, 7.7],
			"rotation": {"angle": 0, "axis": "y", "origin": [0.225, -0.025, 0.025]},
			"faces": {
				"north": {"uv": [2.125, 3.375, 1.75, 3.875], "texture": "#2"},
				"east": {"uv": [2, 3.375, 2.125, 3.875], "texture": "#2"},
				"south": {"uv": [1.75, 3.375, 2.125, 3.875], "texture": "#2"},
				"west": {"uv": [1.75, 3.375, 1.875, 3.875], "texture": "#2"},
				"up": {"uv": [1.75, 3.5, 2.125, 3.375], "texture": "#2"},
				"down": {"uv": [1.75, 3.875, 2.125, 3.75], "texture": "#2"}
			}
		},
		{
			"from": [7.1, 13.05, 7.575],
			"to": [7.475, 13.425, 7.7],
			"rotation": {"angle": 0, "axis": "y", "origin": [0.225, -0.025, 0.025]},
			"faces": {
				"north": {"uv": [2.25, 3, 1.875, 3.375], "texture": "#2"},
				"east": {"uv": [2.125, 3, 2.25, 3.375], "texture": "#2"},
				"south": {"uv": [1.875, 3, 2.25, 3.375], "texture": "#2"},
				"west": {"uv": [1.875, 3, 2, 3.375], "texture": "#2"},
				"up": {"uv": [1.875, 3.125, 2.25, 3], "texture": "#2"},
				"down": {"uv": [1.875, 3.375, 2.25, 3.25], "texture": "#2"}
			}
		},
		{
			"from": [7.225, 13.425, 7.575],
			"to": [7.6, 13.675, 7.7],
			"rotation": {"angle": 0, "axis": "y", "origin": [0.225, -0.025, 0.025]},
			"faces": {
				"north": {"uv": [2.375, 2.75, 2, 3], "texture": "#2"},
				"east": {"uv": [2.25, 2.75, 2.375, 3], "texture": "#2"},
				"south": {"uv": [2, 2.75, 2.375, 3], "texture": "#2"},
				"west": {"uv": [2, 2.75, 2.125, 3], "texture": "#2"},
				"up": {"uv": [2, 2.875, 2.375, 2.75], "texture": "#2"},
				"down": {"uv": [2, 3, 2.375, 2.875], "texture": "#2"}
			}
		},
		{
			"from": [7.35, 13.675, 7.575],
			"to": [7.725, 13.925, 7.7],
			"rotation": {"angle": 0, "axis": "y", "origin": [0.225, -0.025, 0.025]},
			"faces": {
				"north": {"uv": [2.5, 2.5, 2.125, 2.75], "texture": "#2"},
				"east": {"uv": [2.375, 2.5, 2.5, 2.75], "texture": "#2"},
				"south": {"uv": [2.125, 2.5, 2.5, 2.75], "texture": "#2"},
				"west": {"uv": [2.125, 2.5, 2.25, 2.75], "texture": "#2"},
				"up": {"uv": [2.125, 2.625, 2.5, 2.5], "texture": "#2"},
				"down": {"uv": [2.125, 2.75, 2.5, 2.625], "texture": "#2"}
			}
		},
		{
			"from": [7.475, 13.925, 7.575],
			"to": [7.85, 14.175, 7.7],
			"rotation": {"angle": 0, "axis": "y", "origin": [0.225, -0.025, 0.025]},
			"faces": {
				"north": {"uv": [2.625, 2.25, 2.25, 2.5], "texture": "#2"},
				"east": {"uv": [2.5, 2.25, 2.625, 2.5], "texture": "#2"},
				"south": {"uv": [2.25, 2.25, 2.625, 2.5], "texture": "#2"},
				"west": {"uv": [2.25, 2.25, 2.375, 2.5], "texture": "#2"},
				"up": {"uv": [2.25, 2.375, 2.625, 2.25], "texture": "#2"},
				"down": {"uv": [2.25, 2.5, 2.625, 2.375], "texture": "#2"}
			}
		},
		{
			"from": [7.6, 14.175, 7.575],
			"to": [7.975, 14.425, 7.7],
			"rotation": {"angle": 0, "axis": "y", "origin": [0.225, -0.025, 0.025]},
			"faces": {
				"north": {"uv": [2.75, 2, 2.375, 2.25], "texture": "#2"},
				"east": {"uv": [2.625, 2, 2.75, 2.25], "texture": "#2"},
				"south": {"uv": [2.375, 2, 2.75, 2.25], "texture": "#2"},
				"west": {"uv": [2.375, 2, 2.5, 2.25], "texture": "#2"},
				"up": {"uv": [2.375, 2.125, 2.75, 2], "texture": "#2"},
				"down": {"uv": [2.375, 2.25, 2.75, 2.125], "texture": "#2"}
			}
		},
		{
			"from": [7.725, 14.425, 7.575],
			"to": [8.1, 14.55, 7.7],
			"rotation": {"angle": 0, "axis": "y", "origin": [0.225, -0.025, 0.025]},
			"faces": {
				"north": {"uv": [2.875, 1.875, 2.5, 2], "texture": "#2"},
				"east": {"uv": [2.75, 1.875, 2.875, 2], "texture": "#2"},
				"south": {"uv": [2.5, 1.875, 2.875, 2], "texture": "#2"},
				"west": {"uv": [2.5, 1.875, 2.625, 2], "texture": "#2"},
				"up": {"uv": [2.5, 2, 2.875, 1.875], "texture": "#2"},
				"down": {"uv": [2.5, 2, 2.875, 1.875], "texture": "#2"}
			}
		},
		{
			"from": [6.725, 9.675, 7.575],
			"to": [6.975, 9.8, 7.7],
			"rotation": {"angle": 0, "axis": "y", "origin": [0.225, -0.025, 0.025]},
			"faces": {
				"north": {"uv": [1.75, 6.625, 1.5, 6.75], "texture": "#2"},
				"east": {"uv": [1.625, 6.625, 1.75, 6.75], "texture": "#2"},
				"south": {"uv": [1.5, 6.625, 1.75, 6.75], "texture": "#2"},
				"west": {"uv": [1.5, 6.625, 1.625, 6.75], "texture": "#2"},
				"up": {"uv": [1.5, 6.75, 1.75, 6.625], "texture": "#2"},
				"down": {"uv": [1.5, 6.75, 1.75, 6.625], "texture": "#2"}
			}
		},
		{
			"from": [6.725, 9.55, 7.575],
			"to": [6.85, 9.675, 7.7],
			"rotation": {"angle": 0, "axis": "y", "origin": [0.225, -0.025, 0.025]},
			"faces": {
				"north": {"uv": [1.625, 6.75, 1.5, 6.875], "texture": "#2"},
				"east": {"uv": [1.5, 6.75, 1.625, 6.875], "texture": "#2"},
				"south": {"uv": [1.5, 6.75, 1.625, 6.875], "texture": "#2"},
				"west": {"uv": [1.5, 6.75, 1.625, 6.875], "texture": "#2"},
				"up": {"uv": [1.5, 6.875, 1.625, 6.75], "texture": "#2"},
				"down": {"uv": [1.5, 6.875, 1.625, 6.75], "texture": "#2"}
			}
		},
		{
			"from": [7.85, 14.55, 7.575],
			"to": [8.225, 14.675, 7.7],
			"rotation": {"angle": 0, "axis": "y", "origin": [0.225, -0.025, 0.025]},
			"faces": {
				"north": {"uv": [3, 1.75, 2.625, 1.875], "texture": "#2"},
				"east": {"uv": [2.875, 1.75, 3, 1.875], "texture": "#2"},
				"south": {"uv": [2.625, 1.75, 3, 1.875], "texture": "#2"},
				"west": {"uv": [2.625, 1.75, 2.75, 1.875], "texture": "#2"},
				"up": {"uv": [2.625, 1.875, 3, 1.75], "texture": "#2"},
				"down": {"uv": [2.625, 1.875, 3, 1.75], "texture": "#2"}
			}
		},
		{
			"from": [7.975, 14.675, 7.575],
			"to": [8.35, 14.8, 7.7],
			"rotation": {"angle": 0, "axis": "y", "origin": [0.225, -0.025, 0.025]},
			"faces": {
				"north": {"uv": [3.125, 1.625, 2.75, 1.75], "texture": "#2"},
				"east": {"uv": [3, 1.625, 3.125, 1.75], "texture": "#2"},
				"south": {"uv": [2.75, 1.625, 3.125, 1.75], "texture": "#2"},
				"west": {"uv": [2.75, 1.625, 2.875, 1.75], "texture": "#2"},
				"up": {"uv": [2.75, 1.75, 3.125, 1.625], "texture": "#2"},
				"down": {"uv": [2.75, 1.75, 3.125, 1.625], "texture": "#2"}
			}
		},
		{
			"from": [8.1, 14.8, 7.575],
			"to": [8.475, 14.925, 7.7],
			"rotation": {"angle": 0, "axis": "y", "origin": [0.225, -0.025, 0.025]},
			"faces": {
				"north": {"uv": [3.25, 1.5, 2.875, 1.625], "texture": "#2"},
				"east": {"uv": [3.125, 1.5, 3.25, 1.625], "texture": "#2"},
				"south": {"uv": [2.875, 1.5, 3.25, 1.625], "texture": "#2"},
				"west": {"uv": [2.875, 1.5, 3, 1.625], "texture": "#2"},
				"up": {"uv": [2.875, 1.625, 3.25, 1.5], "texture": "#2"},
				"down": {"uv": [2.875, 1.625, 3.25, 1.5], "texture": "#2"}
			}
		},
		{
			"from": [8.225, 14.925, 7.575],
			"to": [8.6, 15.05, 7.7],
			"rotation": {"angle": 0, "axis": "y", "origin": [0.225, -0.025, 0.025]},
			"faces": {
				"north": {"uv": [3.375, 1.375, 3, 1.5], "texture": "#2"},
				"east": {"uv": [3.25, 1.375, 3.375, 1.5], "texture": "#2"},
				"south": {"uv": [3, 1.375, 3.375, 1.5], "texture": "#2"},
				"west": {"uv": [3, 1.375, 3.125, 1.5], "texture": "#2"},
				"up": {"uv": [3, 1.5, 3.375, 1.375], "texture": "#2"},
				"down": {"uv": [3, 1.5, 3.375, 1.375], "texture": "#2"}
			}
		},
		{
			"from": [8.35, 15.05, 7.575],
			"to": [8.85, 15.175, 7.7],
			"rotation": {"angle": 0, "axis": "y", "origin": [0.225, -0.025, 0.025]},
			"faces": {
				"north": {"uv": [3.625, 1.25, 3.125, 1.375], "texture": "#2"},
				"east": {"uv": [3.5, 1.25, 3.625, 1.375], "texture": "#2"},
				"south": {"uv": [3.125, 1.25, 3.625, 1.375], "texture": "#2"},
				"west": {"uv": [3.125, 1.25, 3.25, 1.375], "texture": "#2"},
				"up": {"uv": [3.125, 1.375, 3.625, 1.25], "texture": "#2"},
				"down": {"uv": [3.125, 1.375, 3.625, 1.25], "texture": "#2"}
			}
		},
		{
			"from": [8.475, 15.175, 7.575],
			"to": [9.1, 15.3, 7.7],
			"rotation": {"angle": 0, "axis": "y", "origin": [0.225, -0.025, 0.025]},
			"faces": {
				"north": {"uv": [3.875, 1.125, 3.25, 1.25], "texture": "#2"},
				"east": {"uv": [3.75, 1.125, 3.875, 1.25], "texture": "#2"},
				"south": {"uv": [3.25, 1.125, 3.875, 1.25], "texture": "#2"},
				"west": {"uv": [3.25, 1.125, 3.375, 1.25], "texture": "#2"},
				"up": {"uv": [3.25, 1.25, 3.875, 1.125], "texture": "#2"},
				"down": {"uv": [3.25, 1.25, 3.875, 1.125], "texture": "#2"}
			}
		},
		{
			"from": [8.6, 15.3, 7.575],
			"to": [9.35, 15.425, 7.7],
			"rotation": {"angle": 0, "axis": "y", "origin": [0.225, -0.025, 0.025]},
			"faces": {
				"north": {"uv": [4.125, 1, 3.375, 1.125], "texture": "#2"},
				"east": {"uv": [4, 1, 4.125, 1.125], "texture": "#2"},
				"south": {"uv": [3.375, 1, 4.125, 1.125], "texture": "#2"},
				"west": {"uv": [3.375, 1, 3.5, 1.125], "texture": "#2"},
				"up": {"uv": [3.375, 1.125, 4.125, 1], "texture": "#2"},
				"down": {"uv": [3.375, 1.125, 4.125, 1], "texture": "#2"}
			}
		},
		{
			"from": [8.85, 15.425, 7.575],
			"to": [9.6, 15.55, 7.7],
			"rotation": {"angle": 0, "axis": "y", "origin": [0.225, -0.025, 0.025]},
			"faces": {
				"north": {"uv": [4.375, 0.875, 3.625, 1], "texture": "#2"},
				"east": {"uv": [4.25, 0.875, 4.375, 1], "texture": "#2"},
				"south": {"uv": [3.625, 0.875, 4.375, 1], "texture": "#2"},
				"west": {"uv": [3.625, 0.875, 3.75, 1], "texture": "#2"},
				"up": {"uv": [3.625, 1, 4.375, 0.875], "texture": "#2"},
				"down": {"uv": [3.625, 1, 4.375, 0.875], "texture": "#2"}
			}
		},
		{
			"from": [9.1, 15.55, 7.575],
			"to": [9.725, 15.675, 7.7],
			"rotation": {"angle": 0, "axis": "y", "origin": [0.225, -0.025, 0.025]},
			"faces": {
				"north": {"uv": [4.5, 0.75, 3.875, 0.875], "texture": "#2"},
				"east": {"uv": [4.375, 0.75, 4.5, 0.875], "texture": "#2"},
				"south": {"uv": [3.875, 0.75, 4.5, 0.875], "texture": "#2"},
				"west": {"uv": [3.875, 0.75, 4, 0.875], "texture": "#2"},
				"up": {"uv": [3.875, 0.875, 4.5, 0.75], "texture": "#2"},
				"down": {"uv": [3.875, 0.875, 4.5, 0.75], "texture": "#2"}
			}
		},
		{
			"from": [9.35, 15.675, 7.575],
			"to": [9.85, 15.8, 7.7],
			"rotation": {"angle": 0, "axis": "y", "origin": [0.225, -0.025, 0.025]},
			"faces": {
				"north": {"uv": [4.625, 0.625, 4.125, 0.75], "texture": "#2"},
				"east": {"uv": [4.5, 0.625, 4.625, 0.75], "texture": "#2"},
				"south": {"uv": [4.125, 0.625, 4.625, 0.75], "texture": "#2"},
				"west": {"uv": [4.125, 0.625, 4.25, 0.75], "texture": "#2"},
				"up": {"uv": [4.125, 0.75, 4.625, 0.625], "texture": "#2"},
				"down": {"uv": [4.125, 0.75, 4.625, 0.625], "texture": "#2"}
			}
		},
		{
			"from": [7.225, 12.425, 7.525],
			"to": [8.85, 12.55, 7.75],
			"rotation": {"angle": 0, "axis": "y", "origin": [0.225, -0.025, 0.025]},
			"faces": {
				"north": {"uv": [3.625, 3.875, 2, 4], "texture": "#2"},
				"east": {"uv": [3.5, 3.875, 3.625, 4], "texture": "#2"},
				"south": {"uv": [2, 3.875, 3.625, 4], "texture": "#2"},
				"west": {"uv": [2, 3.875, 2.125, 4], "texture": "#2"},
				"up": {"uv": [2, 4, 3.625, 3.875], "texture": "#2"},
				"down": {"uv": [2, 4, 3.625, 3.875], "texture": "#2"}
			}
		},
		{
			"from": [7.35, 12.8, 7.525],
			"to": [8.6, 12.925, 7.75],
			"rotation": {"angle": 0, "axis": "y", "origin": [0.225, -0.025, 0.025]},
			"faces": {
				"north": {"uv": [3.375, 3.5, 2.125, 3.625], "texture": "#2"},
				"east": {"uv": [3.25, 3.5, 3.375, 3.625], "texture": "#2"},
				"south": {"uv": [2.125, 3.5, 3.375, 3.625], "texture": "#2"},
				"west": {"uv": [2.125, 3.5, 2.25, 3.625], "texture": "#2"},
				"up": {"uv": [2.125, 3.625, 3.375, 3.5], "texture": "#2"},
				"down": {"uv": [2.125, 3.625, 3.375, 3.5], "texture": "#2"}
			}
		},
		{
			"from": [7.35, 12.925, 7.525],
			"to": [8.725, 13.05, 7.75],
			"rotation": {"angle": 0, "axis": "y", "origin": [0.225, -0.025, 0.025]},
			"faces": {
				"north": {"uv": [3.5, 3.375, 2.125, 3.5], "texture": "#2"},
				"east": {"uv": [3.375, 3.375, 3.5, 3.5], "texture": "#2"},
				"south": {"uv": [2.125, 3.375, 3.5, 3.5], "texture": "#2"},
				"west": {"uv": [2.125, 3.375, 2.25, 3.5], "texture": "#2"},
				"up": {"uv": [2.125, 3.5, 3.5, 3.375], "texture": "#2"},
				"down": {"uv": [2.125, 3.5, 3.5, 3.375], "texture": "#2"}
			}
		},
		{
			"from": [7.475, 13.05, 7.525],
			"to": [8.85, 13.175, 7.75],
			"rotation": {"angle": 0, "axis": "y", "origin": [0.225, -0.025, 0.025]},
			"faces": {
				"north": {"uv": [3.625, 3.25, 2.25, 3.375], "texture": "#2"},
				"east": {"uv": [3.5, 3.25, 3.625, 3.375], "texture": "#2"},
				"south": {"uv": [2.25, 3.25, 3.625, 3.375], "texture": "#2"},
				"west": {"uv": [2.25, 3.25, 2.375, 3.375], "texture": "#2"},
				"up": {"uv": [2.25, 3.375, 3.625, 3.25], "texture": "#2"},
				"down": {"uv": [2.25, 3.375, 3.625, 3.25], "texture": "#2"}
			}
		},
		{
			"from": [7.225, 11.8, 7.525],
			"to": [8.725, 12.425, 7.75],
			"rotation": {"angle": 0, "axis": "y", "origin": [0.225, -0.025, 0.025]},
			"faces": {
				"north": {"uv": [3.5, 4, 2, 4.625], "texture": "#2"},
				"east": {"uv": [3.375, 4, 3.5, 4.625], "texture": "#2"},
				"south": {"uv": [2, 4, 3.5, 4.625], "texture": "#2"},
				"west": {"uv": [2, 4, 2.125, 4.625], "texture": "#2"},
				"up": {"uv": [2, 4.125, 3.5, 4], "texture": "#2"},
				"down": {"uv": [2, 4.625, 3.5, 4.5], "texture": "#2"}
			}
		},
		{
			"from": [7.35, 12.55, 7.525],
			"to": [8.85, 12.8, 7.75],
			"rotation": {"angle": 0, "axis": "y", "origin": [0.225, -0.025, 0.025]},
			"faces": {
				"north": {"uv": [3.625, 3.625, 2.125, 3.875], "texture": "#2"},
				"east": {"uv": [3.5, 3.625, 3.625, 3.875], "texture": "#2"},
				"south": {"uv": [2.125, 3.625, 3.625, 3.875], "texture": "#2"},
				"west": {"uv": [2.125, 3.625, 2.25, 3.875], "texture": "#2"},
				"up": {"uv": [2.125, 3.75, 3.625, 3.625], "texture": "#2"},
				"down": {"uv": [2.125, 3.875, 3.625, 3.75], "texture": "#2"}
			}
		},
		{
			"from": [7.475, 13.175, 7.525],
			"to": [8.975, 13.425, 7.75],
			"rotation": {"angle": 0, "axis": "y", "origin": [0.225, -0.025, 0.025]},
			"faces": {
				"north": {"uv": [3.75, 3, 2.25, 3.25], "texture": "#2"},
				"east": {"uv": [3.625, 3, 3.75, 3.25], "texture": "#2"},
				"south": {"uv": [2.25, 3, 3.75, 3.25], "texture": "#2"},
				"west": {"uv": [2.25, 3, 2.375, 3.25], "texture": "#2"},
				"up": {"uv": [2.25, 3.125, 3.75, 3], "texture": "#2"},
				"down": {"uv": [2.25, 3.25, 3.75, 3.125], "texture": "#2"}
			}
		},
		{
			"from": [7.6, 13.425, 7.525],
			"to": [8.975, 13.675, 7.75],
			"rotation": {"angle": 0, "axis": "y", "origin": [0.225, -0.025, 0.025]},
			"faces": {
				"north": {"uv": [3.75, 2.75, 2.375, 3], "texture": "#2"},
				"east": {"uv": [3.625, 2.75, 3.75, 3], "texture": "#2"},
				"south": {"uv": [2.375, 2.75, 3.75, 3], "texture": "#2"},
				"west": {"uv": [2.375, 2.75, 2.5, 3], "texture": "#2"},
				"up": {"uv": [2.375, 2.875, 3.75, 2.75], "texture": "#2"},
				"down": {"uv": [2.375, 3, 3.75, 2.875], "texture": "#2"}
			}
		},
		{
			"from": [7.725, 13.675, 7.525],
			"to": [9.1, 13.925, 7.75],
			"rotation": {"angle": 0, "axis": "y", "origin": [0.225, -0.025, 0.025]},
			"faces": {
				"north": {"uv": [3.875, 2.5, 2.5, 2.75], "texture": "#2"},
				"east": {"uv": [3.75, 2.5, 3.875, 2.75], "texture": "#2"},
				"south": {"uv": [2.5, 2.5, 3.875, 2.75], "texture": "#2"},
				"west": {"uv": [2.5, 2.5, 2.625, 2.75], "texture": "#2"},
				"up": {"uv": [2.5, 2.625, 3.875, 2.5], "texture": "#2"},
				"down": {"uv": [2.5, 2.75, 3.875, 2.625], "texture": "#2"}
			}
		},
		{
			"from": [7.85, 13.925, 7.525],
			"to": [9.1, 14.175, 7.75],
			"rotation": {"angle": 0, "axis": "y", "origin": [0.225, -0.025, 0.025]},
			"faces": {
				"north": {"uv": [3.875, 2.25, 2.625, 2.5], "texture": "#2"},
				"east": {"uv": [3.75, 2.25, 3.875, 2.5], "texture": "#2"},
				"south": {"uv": [2.625, 2.25, 3.875, 2.5], "texture": "#2"},
				"west": {"uv": [2.625, 2.25, 2.75, 2.5], "texture": "#2"},
				"up": {"uv": [2.625, 2.375, 3.875, 2.25], "texture": "#2"},
				"down": {"uv": [2.625, 2.5, 3.875, 2.375], "texture": "#2"}
			}
		},
		{
			"from": [7.975, 14.175, 7.525],
			"to": [9.225, 14.425, 7.75],
			"rotation": {"angle": 0, "axis": "y", "origin": [0.225, -0.025, 0.025]},
			"faces": {
				"north": {"uv": [4, 2, 2.75, 2.25], "texture": "#2"},
				"east": {"uv": [3.875, 2, 4, 2.25], "texture": "#2"},
				"south": {"uv": [2.75, 2, 4, 2.25], "texture": "#2"},
				"west": {"uv": [2.75, 2, 2.875, 2.25], "texture": "#2"},
				"up": {"uv": [2.75, 2.125, 4, 2], "texture": "#2"},
				"down": {"uv": [2.75, 2.25, 4, 2.125], "texture": "#2"}
			}
		},
		{
			"from": [8.1, 14.425, 7.525],
			"to": [9.225, 14.55, 7.75],
			"rotation": {"angle": 0, "axis": "y", "origin": [0.225, -0.025, 0.025]},
			"faces": {
				"north": {"uv": [4, 1.875, 2.875, 2], "texture": "#2"},
				"east": {"uv": [3.875, 1.875, 4, 2], "texture": "#2"},
				"south": {"uv": [2.875, 1.875, 4, 2], "texture": "#2"},
				"west": {"uv": [2.875, 1.875, 3, 2], "texture": "#2"},
				"up": {"uv": [2.875, 2, 4, 1.875], "texture": "#2"},
				"down": {"uv": [2.875, 2, 4, 1.875], "texture": "#2"}
			}
		},
		{
			"from": [8.225, 14.55, 7.525],
			"to": [9.225, 14.675, 7.75],
			"rotation": {"angle": 0, "axis": "y", "origin": [0.225, -0.025, 0.025]},
			"faces": {
				"north": {"uv": [4, 1.75, 3, 1.875], "texture": "#2"},
				"east": {"uv": [3.875, 1.75, 4, 1.875], "texture": "#2"},
				"south": {"uv": [3, 1.75, 4, 1.875], "texture": "#2"},
				"west": {"uv": [3, 1.75, 3.125, 1.875], "texture": "#2"},
				"up": {"uv": [3, 1.875, 4, 1.75], "texture": "#2"},
				"down": {"uv": [3, 1.875, 4, 1.75], "texture": "#2"}
			}
		},
		{
			"from": [8.35, 14.675, 7.525],
			"to": [9.35, 14.8, 7.75],
			"rotation": {"angle": 0, "axis": "y", "origin": [0.225, -0.025, 0.025]},
			"faces": {
				"north": {"uv": [4.125, 1.625, 3.125, 1.75], "texture": "#2"},
				"east": {"uv": [4, 1.625, 4.125, 1.75], "texture": "#2"},
				"south": {"uv": [3.125, 1.625, 4.125, 1.75], "texture": "#2"},
				"west": {"uv": [3.125, 1.625, 3.25, 1.75], "texture": "#2"},
				"up": {"uv": [3.125, 1.75, 4.125, 1.625], "texture": "#2"},
				"down": {"uv": [3.125, 1.75, 4.125, 1.625], "texture": "#2"}
			}
		},
		{
			"from": [8.475, 14.8, 7.525],
			"to": [9.35, 14.925, 7.75],
			"rotation": {"angle": 0, "axis": "y", "origin": [0.225, -0.025, 0.025]},
			"faces": {
				"north": {"uv": [4.125, 1.5, 3.25, 1.625], "texture": "#2"},
				"east": {"uv": [4, 1.5, 4.125, 1.625], "texture": "#2"},
				"south": {"uv": [3.25, 1.5, 4.125, 1.625], "texture": "#2"},
				"west": {"uv": [3.25, 1.5, 3.375, 1.625], "texture": "#2"},
				"up": {"uv": [3.25, 1.625, 4.125, 1.5], "texture": "#2"},
				"down": {"uv": [3.25, 1.625, 4.125, 1.5], "texture": "#2"}
			}
		},
		{
			"from": [8.6, 14.925, 7.525],
			"to": [9.35, 15.05, 7.75],
			"rotation": {"angle": 0, "axis": "y", "origin": [0.225, -0.025, 0.025]},
			"faces": {
				"north": {"uv": [4.125, 1.375, 3.375, 1.5], "texture": "#2"},
				"east": {"uv": [4, 1.375, 4.125, 1.5], "texture": "#2"},
				"south": {"uv": [3.375, 1.375, 4.125, 1.5], "texture": "#2"},
				"west": {"uv": [3.375, 1.375, 3.5, 1.5], "texture": "#2"},
				"up": {"uv": [3.375, 1.5, 4.125, 1.375], "texture": "#2"},
				"down": {"uv": [3.375, 1.5, 4.125, 1.375], "texture": "#2"}
			}
		},
		{
			"from": [8.85, 15.05, 7.525],
			"to": [9.475, 15.175, 7.75],
			"rotation": {"angle": 0, "axis": "y", "origin": [0.225, -0.025, 0.025]},
			"faces": {
				"north": {"uv": [4.25, 1.25, 3.625, 1.375], "texture": "#2"},
				"east": {"uv": [4.125, 1.25, 4.25, 1.375], "texture": "#2"},
				"south": {"uv": [3.625, 1.25, 4.25, 1.375], "texture": "#2"},
				"west": {"uv": [3.625, 1.25, 3.75, 1.375], "texture": "#2"},
				"up": {"uv": [3.625, 1.375, 4.25, 1.25], "texture": "#2"},
				"down": {"uv": [3.625, 1.375, 4.25, 1.25], "texture": "#2"}
			}
		},
		{
			"from": [9.1, 15.175, 7.525],
			"to": [9.475, 15.3, 7.75],
			"rotation": {"angle": 0, "axis": "y", "origin": [0.225, -0.025, 0.025]},
			"faces": {
				"north": {"uv": [4.25, 1.125, 3.875, 1.25], "texture": "#2"},
				"east": {"uv": [4.125, 1.125, 4.25, 1.25], "texture": "#2"},
				"south": {"uv": [3.875, 1.125, 4.25, 1.25], "texture": "#2"},
				"west": {"uv": [3.875, 1.125, 4, 1.25], "texture": "#2"},
				"up": {"uv": [3.875, 1.25, 4.25, 1.125], "texture": "#2"},
				"down": {"uv": [3.875, 1.25, 4.25, 1.125], "texture": "#2"}
			}
		},
		{
			"from": [9.35, 15.3, 7.525],
			"to": [9.6, 15.425, 7.75],
			"rotation": {"angle": 0, "axis": "y", "origin": [0.225, -0.025, 0.025]},
			"faces": {
				"north": {"uv": [4.375, 1, 4.125, 1.125], "texture": "#2"},
				"east": {"uv": [4.25, 1, 4.375, 1.125], "texture": "#2"},
				"south": {"uv": [4.125, 1, 4.375, 1.125], "texture": "#2"},
				"west": {"uv": [4.125, 1, 4.25, 1.125], "texture": "#2"},
				"up": {"uv": [4.125, 1.125, 4.375, 1], "texture": "#2"},
				"down": {"uv": [4.125, 1.125, 4.375, 1], "texture": "#2"}
			}
		},
		{
			"from": [7.1, 11.675, 7.525],
			"to": [8.725, 11.8, 7.75],
			"rotation": {"angle": 0, "axis": "y", "origin": [0.225, -0.025, 0.025]},
			"faces": {
				"north": {"uv": [3.5, 4.625, 1.875, 4.75], "texture": "#2"},
				"east": {"uv": [3.375, 4.625, 3.5, 4.75], "texture": "#2"},
				"south": {"uv": [1.875, 4.625, 3.5, 4.75], "texture": "#2"},
				"west": {"uv": [1.875, 4.625, 2, 4.75], "texture": "#2"},
				"up": {"uv": [1.875, 4.75, 3.5, 4.625], "texture": "#2"},
				"down": {"uv": [1.875, 4.75, 3.5, 4.625], "texture": "#2"}
			}
		},
		{
			"from": [7.6, 5, 7.2],
			"to": [8.725, 5.175, 8.075],
			"rotation": {"angle": 0, "axis": "z", "origin": [0.225, 0.1, 0.025]},
			"faces": {
				"north": {"uv": [3.5, 11.25, 2.375, 11.375], "texture": "#2"},
				"east": {"uv": [3.375, 11.25, 3.5, 12.125], "rotation": 90, "texture": "#2"},
				"south": {"uv": [2.375, 12, 3.5, 12.125], "texture": "#2"},
				"west": {"uv": [2.375, 11.25, 2.5, 12.125], "rotation": 90, "texture": "#2"},
				"up": {"uv": [2.375, 11.25, 3.5, 12.125], "texture": "#2"},
				"down": {"uv": [3.5, 11.25, 2.375, 12.125], "rotation": 180, "texture": "#2"}
			}
		},
		{
			"from": [8.725, 4.825, 7.325],
			"to": [9.475, 5, 7.95],
			"rotation": {"angle": 0, "axis": "y", "origin": [0.225, 0.1, 0.025]},
			"faces": {
				"north": {"uv": [4.25, 11.375, 3.5, 11.5], "texture": "#2"},
				"east": {"uv": [4.125, 11.375, 4.25, 12], "rotation": 90, "texture": "#2"},
				"south": {"uv": [3.5, 11.875, 4.25, 12], "texture": "#2"},
				"west": {"uv": [3.5, 11.375, 3.625, 12], "rotation": 90, "texture": "#2"},
				"up": {"uv": [3.5, 11.375, 4.25, 12], "texture": "#2"},
				"down": {"uv": [4.25, 11.375, 3.5, 12], "rotation": 180, "texture": "#2"}
			}
		},
		{
			"from": [6.85, 5.15, 7.325],
			"to": [7.6, 5.325, 7.95],
			"rotation": {"angle": 0, "axis": "y", "origin": [0.225, 0.1, 0.025]},
			"faces": {
				"north": {"uv": [2.375, 11.375, 1.625, 11.5], "texture": "#2"},
				"east": {"uv": [2.25, 11.375, 2.375, 12], "rotation": 90, "texture": "#2"},
				"south": {"uv": [1.625, 11.875, 2.375, 12], "texture": "#2"},
				"west": {"uv": [1.625, 11.375, 1.75, 12], "rotation": 90, "texture": "#2"},
				"up": {"uv": [1.625, 11.375, 2.375, 12], "texture": "#2"},
				"down": {"uv": [2.375, 11.375, 1.625, 12], "rotation": 180, "texture": "#2"}
			}
		}
	],
	"gui_light": "front",
	"display": {
		"thirdperson_righthand": {
			"rotation": [0, -90, 0],
			"translation": [-1.2, 5.25, 1.5],
			"scale": [1.7, 1.7, 1.7]
		},
		"thirdperson_lefthand": {
			"rotation": [0, 90, 0],
			"translation": [0, 5.5, 1.5],
			"scale": [1.7, 1.7, 1.7]
		},
		"firstperson_righthand": {
			"rotation": [55, -90, 60],
			"translation": [-1.25, 5.75, 1.75],
			"scale": [1.1, 1.1, 1.1]
		},
		"firstperson_lefthand": {
			"rotation": [-65, 90, 60],
			"translation": [-0.75, 5.75, 1.75],
			"scale": [1.1, 1.1, 1.1]
		},
		"ground": {
			"rotation": [-45, -90, 0],
			"translation": [0, 1, 0],
			"scale": [0.65, 0.65, 0.65]
		},
		"gui": {
			"rotation": [0, -180, 45],
			"translation": [-1, -1.5, 0],
			"scale": [1.4, 1.4, 1.4]
		},
		"head": {
			"rotation": [120, 90, 0],
			"translation": [-5.75, -22.25, -3.25],
			"scale": [2, 2, 2]
		},
		"fixed": {
			"rotation": [-180, 180, -135],
			"translation": [1.25, -1.75, 0],
			"scale": [1.6, 1.6, 1.6]
		}
	}
}