{
	"credit": "Made with Blockbench",
	"textures": {
		"0": "./morning_star",
		"particle": "./morning_star"
	},
	"elements": [
		{
			"from": [8.325, 13.75, 7.1],
			"to": [8.575, 15.625, 7.725],
			"rotation": {"angle": 0, "axis": "y", "origin": [7.6375, 14.6875, 7.4125]},
			"faces": {
				"north": {"uv": [5.25, 3.875, 5, 5.75], "texture": "#0"},
				"east": {"uv": [5.125, 3.875, 5.25, 5.75], "texture": "#0"},
				"south": {"uv": [5, 3.875, 5.25, 5.75], "texture": "#0"},
				"west": {"uv": [5, 3.875, 5.125, 5.75], "texture": "#0"},
				"up": {"uv": [5, 4, 5.25, 3.875], "texture": "#0"},
				"down": {"uv": [5, 5.75, 5.25, 5.625], "texture": "#0"}
			}
		},
		{
			"from": [6.45, 14.375, 7.1],
			"to": [6.575, 15, 7.725],
			"rotation": {"angle": 0, "axis": "y", "origin": [7.6375, 14.6875, 7.4125]},
			"faces": {
				"north": {"uv": [3.25, 4.5, 3.125, 5.125], "texture": "#0"},
				"east": {"uv": [3.125, 4.5, 3.25, 5.125], "texture": "#0"},
				"south": {"uv": [3.125, 4.5, 3.25, 5.125], "texture": "#0"},
				"west": {"uv": [3.125, 4.5, 3.25, 5.125], "texture": "#0"},
				"up": {"uv": [3.125, 4.625, 3.25, 4.5], "texture": "#0"},
				"down": {"uv": [3.125, 5.125, 3.25, 5], "texture": "#0"}
			}
		},
		{
			"from": [8.45, 14, 6.725],
			"to": [8.575, 15.375, 8.1],
			"rotation": {"angle": 0, "axis": "y", "origin": [7.6375, 14.6875, 7.4125]},
			"faces": {
				"north": {"uv": [5.25, 4.125, 5.125, 5.5], "texture": "#0"},
				"east": {"uv": [5.125, 4.125, 5.25, 5.5], "texture": "#0"},
				"south": {"uv": [5.125, 4.125, 5.25, 5.5], "texture": "#0"},
				"west": {"uv": [5.125, 4.125, 5.25, 5.5], "texture": "#0"},
				"up": {"uv": [5.125, 4.25, 5.25, 4.125], "texture": "#0"},
				"down": {"uv": [5.125, 5.5, 5.25, 5.375], "texture": "#0"}
			}
		},
		{
			"from": [8.575, 14.375, 6.725],
			"to": [8.7, 15, 8.1],
			"rotation": {"angle": 0, "axis": "y", "origin": [7.6375, 14.6875, 7.4125]},
			"faces": {
				"north": {"uv": [5.375, 4.5, 5.25, 5.125], "texture": "#0"},
				"east": {"uv": [5.25, 4.5, 5.375, 5.125], "texture": "#0"},
				"south": {"uv": [5.25, 4.5, 5.375, 5.125], "texture": "#0"},
				"west": {"uv": [5.25, 4.5, 5.375, 5.125], "texture": "#0"},
				"up": {"uv": [5.25, 4.625, 5.375, 4.5], "texture": "#0"},
				"down": {"uv": [5.25, 5.125, 5.375, 5], "texture": "#0"}
			}
		},
		{
			"from": [6.7, 14, 6.725],
			"to": [6.825, 15.375, 8.1],
			"rotation": {"angle": 0, "axis": "y", "origin": [7.6375, 14.6875, 7.4125]},
			"faces": {
				"north": {"uv": [3.5, 4.125, 3.375, 5.5], "texture": "#0"},
				"east": {"uv": [3.375, 4.125, 3.5, 5.5], "texture": "#0"},
				"south": {"uv": [3.375, 4.125, 3.5, 5.5], "texture": "#0"},
				"west": {"uv": [3.375, 4.125, 3.5, 5.5], "texture": "#0"},
				"up": {"uv": [3.375, 4.25, 3.5, 4.125], "texture": "#0"},
				"down": {"uv": [3.375, 5.5, 3.5, 5.375], "texture": "#0"}
			}
		},
		{
			"from": [6.825, 14, 6.6],
			"to": [6.95, 15.375, 8.225],
			"rotation": {"angle": 0, "axis": "y", "origin": [7.6375, 14.6875, 7.4125]},
			"faces": {
				"north": {"uv": [3.625, 4.125, 3.5, 5.5], "texture": "#0"},
				"east": {"uv": [3.5, 4.125, 3.625, 5.5], "texture": "#0"},
				"south": {"uv": [3.5, 4.125, 3.625, 5.5], "texture": "#0"},
				"west": {"uv": [3.5, 4.125, 3.625, 5.5], "texture": "#0"},
				"up": {"uv": [3.5, 4.25, 3.625, 4.125], "texture": "#0"},
				"down": {"uv": [3.5, 5.5, 3.625, 5.375], "texture": "#0"}
			}
		},
		{
			"from": [6.7, 14.375, 6.6],
			"to": [6.825, 15, 8.225],
			"rotation": {"angle": 0, "axis": "y", "origin": [7.6375, 14.6875, 7.4125]},
			"faces": {
				"north": {"uv": [3.5, 4.5, 3.375, 5.125], "texture": "#0"},
				"east": {"uv": [3.375, 4.5, 3.5, 5.125], "texture": "#0"},
				"south": {"uv": [3.375, 4.5, 3.5, 5.125], "texture": "#0"},
				"west": {"uv": [3.375, 4.5, 3.5, 5.125], "texture": "#0"},
				"up": {"uv": [3.375, 4.625, 3.5, 4.5], "texture": "#0"},
				"down": {"uv": [3.375, 5.125, 3.5, 5], "texture": "#0"}
			}
		},
		{
			"from": [6.95, 14.375, 6.35],
			"to": [8.325, 15, 8.475],
			"rotation": {"angle": 0, "axis": "y", "origin": [7.6375, 14.6875, 7.4125]},
			"faces": {
				"north": {"uv": [5, 4.5, 3.625, 5.125], "texture": "#0"},
				"east": {"uv": [4.875, 4.5, 5, 5.125], "texture": "#0"},
				"south": {"uv": [3.625, 4.5, 5, 5.125], "texture": "#0"},
				"west": {"uv": [3.625, 4.5, 3.75, 5.125], "texture": "#0"},
				"up": {"uv": [3.625, 4.625, 5, 4.5], "texture": "#0"},
				"down": {"uv": [3.625, 5.125, 5, 5], "texture": "#0"}
			}
		},
		{
			"from": [7.325, 14.375, 6.225],
			"to": [7.95, 15, 8.6],
			"rotation": {"angle": 0, "axis": "y", "origin": [7.6375, 14.6875, 7.4125]},
			"faces": {
				"north": {"uv": [4.625, 4.5, 4, 5.125], "texture": "#0"},
				"east": {"uv": [4.5, 4.5, 4.625, 5.125], "texture": "#0"},
				"south": {"uv": [4, 4.5, 4.625, 5.125], "texture": "#0"},
				"west": {"uv": [4, 4.5, 4.125, 5.125], "texture": "#0"},
				"up": {"uv": [4, 4.625, 4.625, 4.5], "texture": "#0"},
				"down": {"uv": [4, 5.125, 4.625, 5], "texture": "#0"}
			}
		},
		{
			"from": [7.325, 14, 6.35],
			"to": [7.95, 15.375, 8.475],
			"rotation": {"angle": 0, "axis": "y", "origin": [7.6375, 14.6875, 7.4125]},
			"faces": {
				"north": {"uv": [4.625, 4.125, 4, 5.5], "texture": "#0"},
				"east": {"uv": [4.5, 4.125, 4.625, 5.5], "texture": "#0"},
				"south": {"uv": [4, 4.125, 4.625, 5.5], "texture": "#0"},
				"west": {"uv": [4, 4.125, 4.125, 5.5], "texture": "#0"},
				"up": {"uv": [4, 4.25, 4.625, 4.125], "texture": "#0"},
				"down": {"uv": [4, 5.5, 4.625, 5.375], "texture": "#0"}
			}
		},
		{
			"from": [6.95, 14, 6.475],
			"to": [8.325, 15.375, 8.35],
			"rotation": {"angle": 0, "axis": "y", "origin": [7.6375, 14.6875, 7.4125]},
			"faces": {
				"north": {"uv": [5, 4.125, 3.625, 5.5], "texture": "#0"},
				"east": {"uv": [4.875, 4.125, 5, 5.5], "texture": "#0"},
				"south": {"uv": [3.625, 4.125, 5, 5.5], "texture": "#0"},
				"west": {"uv": [3.625, 4.125, 3.75, 5.5], "texture": "#0"},
				"up": {"uv": [3.625, 4.25, 5, 4.125], "texture": "#0"},
				"down": {"uv": [3.625, 5.5, 5, 5.375], "texture": "#0"}
			}
		},
		{
			"from": [6.825, 14.375, 6.475],
			"to": [6.95, 15, 8.35],
			"rotation": {"angle": 0, "axis": "y", "origin": [7.6375, 14.6875, 7.4125]},
			"faces": {
				"north": {"uv": [3.625, 4.5, 3.5, 5.125], "texture": "#0"},
				"east": {"uv": [3.5, 4.5, 3.625, 5.125], "texture": "#0"},
				"south": {"uv": [3.5, 4.5, 3.625, 5.125], "texture": "#0"},
				"west": {"uv": [3.5, 4.5, 3.625, 5.125], "texture": "#0"},
				"up": {"uv": [3.5, 4.625, 3.625, 4.5], "texture": "#0"},
				"down": {"uv": [3.5, 5.125, 3.625, 5], "texture": "#0"}
			}
		},
		{
			"from": [8.325, 14.375, 6.475],
			"to": [8.45, 15, 8.35],
			"rotation": {"angle": 0, "axis": "y", "origin": [7.6375, 14.6875, 7.4125]},
			"faces": {
				"north": {"uv": [5.125, 4.5, 5, 5.125], "texture": "#0"},
				"east": {"uv": [5, 4.5, 5.125, 5.125], "texture": "#0"},
				"south": {"uv": [5, 4.5, 5.125, 5.125], "texture": "#0"},
				"west": {"uv": [5, 4.5, 5.125, 5.125], "texture": "#0"},
				"up": {"uv": [5, 4.625, 5.125, 4.5], "texture": "#0"},
				"down": {"uv": [5, 5.125, 5.125, 5], "texture": "#0"}
			}
		},
		{
			"from": [6.95, 13.875, 6.6],
			"to": [8.325, 15.5, 8.225],
			"rotation": {"angle": 0, "axis": "y", "origin": [7.6375, 14.6875, 7.4125]},
			"faces": {
				"north": {"uv": [5, 4, 3.625, 5.625], "texture": "#0"},
				"east": {"uv": [4.875, 4, 5, 5.625], "texture": "#0"},
				"south": {"uv": [3.625, 4, 5, 5.625], "texture": "#0"},
				"west": {"uv": [3.625, 4, 3.75, 5.625], "texture": "#0"},
				"up": {"uv": [3.625, 4.125, 5, 4], "texture": "#0"},
				"down": {"uv": [3.625, 5.625, 5, 5.5], "texture": "#0"}
			}
		},
		{
			"from": [7.325, 13.75, 6.475],
			"to": [7.95, 15.625, 8.35],
			"rotation": {"angle": 0, "axis": "y", "origin": [7.6375, 14.6875, 7.4125]},
			"faces": {
				"north": {"uv": [4.625, 3.875, 4, 5.75], "texture": "#0"},
				"east": {"uv": [4.5, 3.875, 4.625, 5.75], "texture": "#0"},
				"south": {"uv": [4, 3.875, 4.625, 5.75], "texture": "#0"},
				"west": {"uv": [4, 3.875, 4.125, 5.75], "texture": "#0"},
				"up": {"uv": [4, 4, 4.625, 3.875], "texture": "#0"},
				"down": {"uv": [4, 5.75, 4.625, 5.625], "texture": "#0"}
			}
		},
		{
			"from": [8.325, 14, 6.6],
			"to": [8.45, 15.375, 8.225],
			"rotation": {"angle": 0, "axis": "y", "origin": [7.6375, 14.6875, 7.4125]},
			"faces": {
				"north": {"uv": [5.125, 4.125, 5, 5.5], "texture": "#0"},
				"east": {"uv": [5, 4.125, 5.125, 5.5], "texture": "#0"},
				"south": {"uv": [5, 4.125, 5.125, 5.5], "texture": "#0"},
				"west": {"uv": [5, 4.125, 5.125, 5.5], "texture": "#0"},
				"up": {"uv": [5, 4.25, 5.125, 4.125], "texture": "#0"},
				"down": {"uv": [5, 5.5, 5.125, 5.375], "texture": "#0"}
			}
		},
		{
			"from": [7.95, 7.25, 7.1],
			"to": [8.075, 7.375, 7.725],
			"rotation": {"angle": 0, "axis": "y", "origin": [0, 3.1, 0]},
			"faces": {
				"north": {"uv": [8.625, 11.25, 8.5, 11.375], "texture": "#0"},
				"east": {"uv": [8.5, 11.25, 8.625, 11.875], "rotation": 90, "texture": "#0"},
				"south": {"uv": [8.5, 11.75, 8.625, 11.875], "texture": "#0"},
				"west": {"uv": [8.5, 11.25, 8.625, 11.875], "rotation": 90, "texture": "#0"},
				"up": {"uv": [8.5, 11.25, 8.625, 11.875], "texture": "#0"},
				"down": {"uv": [8.625, 11.25, 8.5, 11.875], "rotation": 180, "texture": "#0"}
			}
		},
		{
			"from": [7.2, 4.75, 7.1],
			"to": [7.325, 4.875, 7.725],
			"rotation": {"angle": 0, "axis": "y", "origin": [0, 3.1, 0]},
			"faces": {
				"north": {"uv": [7.875, 13.75, 7.75, 13.875], "texture": "#0"},
				"east": {"uv": [7.75, 13.75, 7.875, 14.375], "rotation": 90, "texture": "#0"},
				"south": {"uv": [7.75, 14.25, 7.875, 14.375], "texture": "#0"},
				"west": {"uv": [7.75, 13.75, 7.875, 14.375], "rotation": 90, "texture": "#0"},
				"up": {"uv": [7.75, 13.75, 7.875, 14.375], "texture": "#0"},
				"down": {"uv": [7.875, 13.75, 7.75, 14.375], "rotation": 180, "texture": "#0"}
			}
		},
		{
			"from": [7.325, 4.75, 6.975],
			"to": [7.95, 4.875, 7.85],
			"rotation": {"angle": 0, "axis": "y", "origin": [0, 3.1, 0]},
			"faces": {
				"north": {"uv": [8.5, 13.625, 7.875, 13.75], "texture": "#0"},
				"east": {"uv": [8.375, 13.625, 8.5, 14.5], "rotation": 90, "texture": "#0"},
				"south": {"uv": [7.875, 14.375, 8.5, 14.5], "texture": "#0"},
				"west": {"uv": [7.875, 13.625, 8, 14.5], "rotation": 90, "texture": "#0"},
				"up": {"uv": [7.875, 13.625, 8.5, 14.5], "texture": "#0"},
				"down": {"uv": [8.5, 13.625, 7.875, 14.5], "rotation": 180, "texture": "#0"}
			}
		},
		{
			"from": [7.95, 4.75, 7.1],
			"to": [8.075, 4.875, 7.725],
			"rotation": {"angle": 0, "axis": "y", "origin": [0, 3.1, 0]},
			"faces": {
				"north": {"uv": [8.625, 13.75, 8.5, 13.875], "texture": "#0"},
				"east": {"uv": [8.5, 13.75, 8.625, 14.375], "rotation": 90, "texture": "#0"},
				"south": {"uv": [8.5, 14.25, 8.625, 14.375], "texture": "#0"},
				"west": {"uv": [8.5, 13.75, 8.625, 14.375], "rotation": 90, "texture": "#0"},
				"up": {"uv": [8.5, 13.75, 8.625, 14.375], "texture": "#0"},
				"down": {"uv": [8.625, 13.75, 8.5, 14.375], "rotation": 180, "texture": "#0"}
			}
		},
		{
			"from": [7.2, 7.25, 7.1],
			"to": [7.325, 7.375, 7.725],
			"rotation": {"angle": 0, "axis": "y", "origin": [0, 3.1, 0]},
			"faces": {
				"north": {"uv": [7.875, 11.25, 7.75, 11.375], "texture": "#0"},
				"east": {"uv": [7.75, 11.25, 7.875, 11.875], "rotation": 90, "texture": "#0"},
				"south": {"uv": [7.75, 11.75, 7.875, 11.875], "texture": "#0"},
				"west": {"uv": [7.75, 11.25, 7.875, 11.875], "rotation": 90, "texture": "#0"},
				"up": {"uv": [7.75, 11.25, 7.875, 11.875], "texture": "#0"},
				"down": {"uv": [7.875, 11.25, 7.75, 11.875], "rotation": 180, "texture": "#0"}
			}
		},
		{
			"from": [7.325, 7.25, 6.975],
			"to": [7.95, 7.375, 7.85],
			"rotation": {"angle": 0, "axis": "y", "origin": [0, 3.1, 0]},
			"faces": {
				"north": {"uv": [8.5, 11.125, 7.875, 11.25], "texture": "#0"},
				"east": {"uv": [8.375, 11.125, 8.5, 12], "rotation": 90, "texture": "#0"},
				"south": {"uv": [7.875, 11.875, 8.5, 12], "texture": "#0"},
				"west": {"uv": [7.875, 11.125, 8, 12], "rotation": 90, "texture": "#0"},
				"up": {"uv": [7.875, 11.125, 8.5, 12], "texture": "#0"},
				"down": {"uv": [8.5, 11.125, 7.875, 12], "rotation": 180, "texture": "#0"}
			}
		},
		{
			"from": [8.45, 14.375, 6.6],
			"to": [8.575, 15, 8.225],
			"rotation": {"angle": 0, "axis": "y", "origin": [7.6375, 14.6875, 7.4125]},
			"faces": {
				"north": {"uv": [5.25, 4.5, 5.125, 5.125], "texture": "#0"},
				"east": {"uv": [5.125, 4.5, 5.25, 5.125], "texture": "#0"},
				"south": {"uv": [5.125, 4.5, 5.25, 5.125], "texture": "#0"},
				"west": {"uv": [5.125, 4.5, 5.25, 5.125], "texture": "#0"},
				"up": {"uv": [5.125, 4.625, 5.25, 4.5], "texture": "#0"},
				"down": {"uv": [5.125, 5.125, 5.25, 5], "texture": "#0"}
			}
		},
		{
			"from": [6.575, 14, 7.1],
			"to": [6.7, 15.375, 7.725],
			"rotation": {"angle": 0, "axis": "y", "origin": [7.6375, 14.6875, 7.4125]},
			"faces": {
				"north": {"uv": [3.375, 4.125, 3.25, 5.5], "texture": "#0"},
				"east": {"uv": [3.25, 4.125, 3.375, 5.5], "texture": "#0"},
				"south": {"uv": [3.25, 4.125, 3.375, 5.5], "texture": "#0"},
				"west": {"uv": [3.25, 4.125, 3.375, 5.5], "texture": "#0"},
				"up": {"uv": [3.25, 4.25, 3.375, 4.125], "texture": "#0"},
				"down": {"uv": [3.25, 5.5, 3.375, 5.375], "texture": "#0"}
			}
		},
		{
			"from": [6.575, 14.375, 6.725],
			"to": [6.7, 15, 8.1],
			"rotation": {"angle": 0, "axis": "y", "origin": [7.6375, 14.6875, 7.4125]},
			"faces": {
				"north": {"uv": [3.375, 4.5, 3.25, 5.125], "texture": "#0"},
				"east": {"uv": [3.25, 4.5, 3.375, 5.125], "texture": "#0"},
				"south": {"uv": [3.25, 4.5, 3.375, 5.125], "texture": "#0"},
				"west": {"uv": [3.25, 4.5, 3.375, 5.125], "texture": "#0"},
				"up": {"uv": [3.25, 4.625, 3.375, 4.5], "texture": "#0"},
				"down": {"uv": [3.25, 5.125, 3.375, 5], "texture": "#0"}
			}
		},
		{
			"from": [8.575, 14, 7.1],
			"to": [8.7, 15.375, 7.725],
			"rotation": {"angle": 0, "axis": "y", "origin": [7.6375, 14.6875, 7.4125]},
			"faces": {
				"north": {"uv": [5.375, 4.125, 5.25, 5.5], "texture": "#0"},
				"east": {"uv": [5.25, 4.125, 5.375, 5.5], "texture": "#0"},
				"south": {"uv": [5.25, 4.125, 5.375, 5.5], "texture": "#0"},
				"west": {"uv": [5.25, 4.125, 5.375, 5.5], "texture": "#0"},
				"up": {"uv": [5.25, 4.25, 5.375, 4.125], "texture": "#0"},
				"down": {"uv": [5.25, 5.5, 5.375, 5.375], "texture": "#0"}
			}
		},
		{
			"from": [8.7, 14.375, 7.1],
			"to": [8.825, 15, 7.725],
			"rotation": {"angle": 0, "axis": "y", "origin": [7.6375, 14.6875, 7.4125]},
			"faces": {
				"north": {"uv": [5.5, 4.5, 5.375, 5.125], "texture": "#0"},
				"east": {"uv": [5.375, 4.5, 5.5, 5.125], "texture": "#0"},
				"south": {"uv": [5.375, 4.5, 5.5, 5.125], "texture": "#0"},
				"west": {"uv": [5.375, 4.5, 5.5, 5.125], "texture": "#0"},
				"up": {"uv": [5.375, 4.625, 5.5, 4.5], "texture": "#0"},
				"down": {"uv": [5.375, 5.125, 5.5, 5], "texture": "#0"}
			}
		},
		{
			"from": [6.7, 13.75, 7.1],
			"to": [6.95, 15.625, 7.725],
			"rotation": {"angle": 0, "axis": "y", "origin": [7.6375, 14.6875, 7.4125]},
			"faces": {
				"north": {"uv": [3.625, 3.875, 3.375, 5.75], "texture": "#0"},
				"east": {"uv": [3.5, 3.875, 3.625, 5.75], "texture": "#0"},
				"south": {"uv": [3.375, 3.875, 3.625, 5.75], "texture": "#0"},
				"west": {"uv": [3.375, 3.875, 3.5, 5.75], "texture": "#0"},
				"up": {"uv": [3.375, 4, 3.625, 3.875], "texture": "#0"},
				"down": {"uv": [3.375, 5.75, 3.625, 5.625], "texture": "#0"}
			}
		},
		{
			"from": [7.95, 13.625, 7.1],
			"to": [8.325, 15.75, 7.725],
			"rotation": {"angle": 0, "axis": "y", "origin": [7.6375, 14.6875, 7.4125]},
			"faces": {
				"north": {"uv": [5, 3.75, 4.625, 5.875], "texture": "#0"},
				"east": {"uv": [4.875, 3.75, 5, 5.875], "texture": "#0"},
				"south": {"uv": [4.625, 3.75, 5, 5.875], "texture": "#0"},
				"west": {"uv": [4.625, 3.75, 4.75, 5.875], "texture": "#0"},
				"up": {"uv": [4.625, 3.875, 5, 3.75], "texture": "#0"},
				"down": {"uv": [4.625, 5.875, 5, 5.75], "texture": "#0"}
			}
		},
		{
			"from": [6.95, 13.625, 7.1],
			"to": [7.325, 15.75, 7.725],
			"rotation": {"angle": 0, "axis": "y", "origin": [7.6375, 14.6875, 7.4125]},
			"faces": {
				"north": {"uv": [4, 3.75, 3.625, 5.875], "texture": "#0"},
				"east": {"uv": [3.875, 3.75, 4, 5.875], "texture": "#0"},
				"south": {"uv": [3.625, 3.75, 4, 5.875], "texture": "#0"},
				"west": {"uv": [3.625, 3.75, 3.75, 5.875], "texture": "#0"},
				"up": {"uv": [3.625, 3.875, 4, 3.75], "texture": "#0"},
				"down": {"uv": [3.625, 5.875, 4, 5.75], "texture": "#0"}
			}
		},
		{
			"from": [7.325, 13.625, 6.725],
			"to": [7.95, 15.75, 8.1],
			"rotation": {"angle": 0, "axis": "y", "origin": [7.6375, 14.6875, 7.4125]},
			"faces": {
				"north": {"uv": [4.625, 3.75, 4, 5.875], "texture": "#0"},
				"east": {"uv": [4.5, 3.75, 4.625, 5.875], "texture": "#0"},
				"south": {"uv": [4, 3.75, 4.625, 5.875], "texture": "#0"},
				"west": {"uv": [4, 3.75, 4.125, 5.875], "texture": "#0"},
				"up": {"uv": [4, 3.875, 4.625, 3.75], "texture": "#0"},
				"down": {"uv": [4, 5.875, 4.625, 5.75], "texture": "#0"}
			}
		},
		{
			"from": [6.95, 13.75, 6.725],
			"to": [8.325, 15.625, 8.1],
			"rotation": {"angle": 0, "axis": "y", "origin": [7.6375, 14.6875, 7.4125]},
			"faces": {
				"north": {"uv": [5, 3.875, 3.625, 5.75], "texture": "#0"},
				"east": {"uv": [4.875, 3.875, 5, 5.75], "texture": "#0"},
				"south": {"uv": [3.625, 3.875, 5, 5.75], "texture": "#0"},
				"west": {"uv": [3.625, 3.875, 3.75, 5.75], "texture": "#0"},
				"up": {"uv": [3.625, 4, 5, 3.875], "texture": "#0"},
				"down": {"uv": [3.625, 5.75, 5, 5.625], "texture": "#0"}
			}
		},
		{
			"from": [8.325, 13.875, 6.725],
			"to": [8.45, 15.5, 8.1],
			"rotation": {"angle": 0, "axis": "y", "origin": [7.6375, 14.6875, 7.4125]},
			"faces": {
				"north": {"uv": [5.125, 4, 5, 5.625], "texture": "#0"},
				"east": {"uv": [5, 4, 5.125, 5.625], "texture": "#0"},
				"south": {"uv": [5, 4, 5.125, 5.625], "texture": "#0"},
				"west": {"uv": [5, 4, 5.125, 5.625], "texture": "#0"},
				"up": {"uv": [5, 4.125, 5.125, 4], "texture": "#0"},
				"down": {"uv": [5, 5.625, 5.125, 5.5], "texture": "#0"}
			}
		},
		{
			"from": [6.825, 13.875, 6.725],
			"to": [6.95, 15.5, 8.1],
			"rotation": {"angle": 0, "axis": "y", "origin": [7.6375, 14.6875, 7.4125]},
			"faces": {
				"north": {"uv": [3.625, 4, 3.5, 5.625], "texture": "#0"},
				"east": {"uv": [3.5, 4, 3.625, 5.625], "texture": "#0"},
				"south": {"uv": [3.5, 4, 3.625, 5.625], "texture": "#0"},
				"west": {"uv": [3.5, 4, 3.625, 5.625], "texture": "#0"},
				"up": {"uv": [3.5, 4.125, 3.625, 4], "texture": "#0"},
				"down": {"uv": [3.5, 5.625, 3.625, 5.5], "texture": "#0"}
			}
		},
		{
			"from": [7.325, 13.5, 7.1],
			"to": [7.95, 15.875, 7.725],
			"rotation": {"angle": 0, "axis": "y", "origin": [7.6375, 14.6875, 7.4125]},
			"faces": {
				"north": {"uv": [4.625, 3.625, 4, 6], "texture": "#0"},
				"east": {"uv": [4.5, 3.625, 4.625, 6], "texture": "#0"},
				"south": {"uv": [4, 3.625, 4.625, 6], "texture": "#0"},
				"west": {"uv": [4, 3.625, 4.125, 6], "texture": "#0"},
				"up": {"uv": [4, 3.75, 4.625, 3.625], "texture": "#0"},
				"down": {"uv": [4, 6, 4.625, 5.875], "texture": "#0"}
			}
		},
		{
			"from": [7.45, 4.625, 7.1],
			"to": [7.825, 13.5, 7.725],
			"rotation": {"angle": 0, "axis": "y", "origin": [7.637, 16.675, 7.412]},
			"faces": {
				"north": {"uv": [10.75, 5.375, 10.375, 14.25], "texture": "#0"},
				"east": {"uv": [11.375, 5.375, 12, 14.25], "texture": "#0"},
				"south": {"uv": [10.375, 5.375, 10.75, 14.25], "texture": "#0"},
				"west": {"uv": [9.125, 5.375, 9.75, 14.25], "texture": "#0"},
				"up": {"uv": [10.375, 5.5, 10.75, 5.375], "texture": "#0"},
				"down": {"uv": [10.375, 14.25, 10.75, 14.125], "texture": "#0"}
			}
		},
		{
			"from": [7.325, 4.625, 7.225],
			"to": [7.95, 13.5, 7.6],
			"rotation": {"angle": 0, "axis": "y", "origin": [7.637, 16.675, 7.412]},
			"faces": {
				"north": {"uv": [10.875, 5.375, 10.25, 14.25], "texture": "#0"},
				"east": {"uv": [11.5, 5.375, 11.875, 14.25], "texture": "#0"},
				"south": {"uv": [10.25, 5.375, 10.875, 14.25], "texture": "#0"},
				"west": {"uv": [9.25, 5.375, 9.625, 14.25], "texture": "#0"},
				"up": {"uv": [10.25, 5.5, 10.875, 5.375], "texture": "#0"},
				"down": {"uv": [10.25, 14.25, 10.875, 14.125], "texture": "#0"}
			}
		},
		{
			"from": [7.325, 4.5, 7.1],
			"to": [7.95, 4.625, 7.725],
			"rotation": {"angle": 0, "axis": "y", "origin": [7.637, 16.675, 7.412]},
			"faces": {
				"north": {"uv": [10.875, 14.25, 10.25, 14.375], "texture": "#0"},
				"east": {"uv": [11.375, 14.25, 12, 14.375], "texture": "#0"},
				"south": {"uv": [10.25, 14.25, 10.875, 14.375], "texture": "#0"},
				"west": {"uv": [9.125, 14.25, 9.75, 14.375], "texture": "#0"},
				"up": {"uv": [10.25, 14.375, 10.875, 14.25], "texture": "#0"},
				"down": {"uv": [10.25, 14.375, 10.875, 14.25], "texture": "#0"}
			}
		},
		{
			"from": [7.325, 4.25, 7.6],
			"to": [7.95, 4.375, 7.725],
			"rotation": {"angle": 0, "axis": "y", "origin": [7.637, 16.675, 7.412]},
			"faces": {
				"north": {"uv": [10.875, 14.5, 10.25, 14.625], "texture": "#0"},
				"east": {"uv": [11.375, 14.5, 11.5, 14.625], "texture": "#0"},
				"south": {"uv": [10.25, 14.5, 10.875, 14.625], "texture": "#0"},
				"west": {"uv": [9.125, 14.5, 9.25, 14.625], "texture": "#0"},
				"up": {"uv": [10.25, 14.625, 10.875, 14.5], "texture": "#0"},
				"down": {"uv": [10.25, 14.625, 10.875, 14.5], "texture": "#0"}
			}
		},
		{
			"from": [7.325, 4.25, 7.1],
			"to": [7.95, 4.375, 7.225],
			"rotation": {"angle": 0, "axis": "y", "origin": [7.637, 16.675, 7.412]},
			"faces": {
				"north": {"uv": [10.875, 14.5, 10.25, 14.625], "texture": "#0"},
				"east": {"uv": [11.875, 14.5, 12, 14.625], "texture": "#0"},
				"south": {"uv": [10.25, 14.5, 10.875, 14.625], "texture": "#0"},
				"west": {"uv": [9.625, 14.5, 9.75, 14.625], "texture": "#0"},
				"up": {"uv": [10.25, 14.625, 10.875, 14.5], "texture": "#0"},
				"down": {"uv": [10.25, 14.625, 10.875, 14.5], "texture": "#0"}
			}
		},
		{
			"from": [7.45, 4.125, 7.225],
			"to": [7.825, 4.25, 7.6],
			"rotation": {"angle": 0, "axis": "y", "origin": [7.637, 16.675, 7.412]},
			"faces": {
				"north": {"uv": [10.75, 14.625, 10.375, 14.75], "texture": "#0"},
				"east": {"uv": [11.5, 14.625, 11.875, 14.75], "texture": "#0"},
				"south": {"uv": [10.375, 14.625, 10.75, 14.75], "texture": "#0"},
				"west": {"uv": [9.25, 14.625, 9.625, 14.75], "texture": "#0"},
				"up": {"uv": [10.375, 14.75, 10.75, 14.625], "texture": "#0"},
				"down": {"uv": [10.375, 14.75, 10.75, 14.625], "texture": "#0"}
			}
		},
		{
			"from": [7.2, 4.25, 7.225],
			"to": [8.075, 4.625, 7.6],
			"rotation": {"angle": 0, "axis": "y", "origin": [7.637, 16.675, 7.412]},
			"faces": {
				"north": {"uv": [11, 14.25, 10.125, 14.625], "texture": "#0"},
				"east": {"uv": [11.5, 14.25, 11.875, 14.625], "texture": "#0"},
				"south": {"uv": [10.125, 14.25, 11, 14.625], "texture": "#0"},
				"west": {"uv": [9.25, 14.25, 9.625, 14.625], "texture": "#0"},
				"up": {"uv": [10.125, 14.375, 11, 14.25], "texture": "#0"},
				"down": {"uv": [10.125, 14.625, 11, 14.5], "texture": "#0"}
			}
		},
		{
			"from": [7.2, 4.375, 7.1],
			"to": [8.075, 4.5, 7.725],
			"rotation": {"angle": 0, "axis": "y", "origin": [7.637, 16.675, 7.412]},
			"faces": {
				"north": {"uv": [11, 14.375, 10.125, 14.5], "texture": "#0"},
				"east": {"uv": [11.25, 14.375, 11.875, 14.5], "texture": "#0"},
				"south": {"uv": [10.125, 14.375, 11, 14.5], "texture": "#0"},
				"west": {"uv": [9, 14.375, 9.625, 14.5], "texture": "#0"},
				"up": {"uv": [10.125, 14.5, 11, 14.375], "texture": "#0"},
				"down": {"uv": [10.125, 14.5, 11, 14.375], "texture": "#0"}
			}
		},
		{
			"from": [7.075, 4.375, 7.225],
			"to": [8.2, 4.5, 7.6],
			"rotation": {"angle": 0, "axis": "y", "origin": [7.637, 16.675, 7.412]},
			"faces": {
				"north": {"uv": [11.125, 14.375, 10, 14.5], "texture": "#0"},
				"east": {"uv": [11.375, 14.375, 11.75, 14.5], "texture": "#0"},
				"south": {"uv": [10, 14.375, 11.125, 14.5], "texture": "#0"},
				"west": {"uv": [9.125, 14.375, 9.5, 14.5], "texture": "#0"},
				"up": {"uv": [10, 14.5, 11.125, 14.375], "texture": "#0"},
				"down": {"uv": [10, 14.5, 11.125, 14.375], "texture": "#0"}
			}
		},
		{
			"from": [7.2, 4.25, 7.225],
			"to": [8.075, 4.625, 7.6],
			"rotation": {"angle": 0, "axis": "y", "origin": [7.637, 16.675, 7.412]},
			"faces": {
				"north": {"uv": [10.875, 14.25, 10.25, 14.625], "texture": "#0"},
				"east": {"uv": [11.5, 14.25, 11.875, 14.625], "texture": "#0"},
				"south": {"uv": [10.25, 14.25, 10.875, 14.625], "texture": "#0"},
				"west": {"uv": [9.25, 14.25, 9.625, 14.625], "texture": "#0"},
				"up": {"uv": [10.25, 14.375, 10.875, 14.25], "texture": "#0"},
				"down": {"uv": [10.25, 14.625, 10.875, 14.5], "texture": "#0"}
			}
		},
		{
			"from": [7.575, 15.875, 7.35],
			"to": [7.7, 16.75, 7.475],
			"rotation": {"angle": 0, "axis": "z", "origin": [7.6375, 14.6875, 7.4125]},
			"faces": {
				"north": {"uv": [4.375, 2.75, 4.25, 3.625], "texture": "#0"},
				"east": {"uv": [4.25, 2.75, 4.375, 3.625], "texture": "#0"},
				"south": {"uv": [4.25, 2.75, 4.375, 3.625], "texture": "#0"},
				"west": {"uv": [4.25, 2.75, 4.375, 3.625], "texture": "#0"},
				"up": {"uv": [4.25, 2.875, 4.375, 2.75], "texture": "#0"},
				"down": {"uv": [4.25, 3.625, 4.375, 3.5], "texture": "#0"}
			}
		},
		{
			"from": [7.45, 16.125, 7.35],
			"to": [7.825, 16.375, 7.475],
			"rotation": {"angle": 0, "axis": "z", "origin": [7.6375, 14.6875, 7.4125]},
			"faces": {
				"north": {"uv": [4.5, 3.125, 4.125, 3.375], "texture": "#0"},
				"east": {"uv": [4.375, 3.125, 4.5, 3.375], "texture": "#0"},
				"south": {"uv": [4.125, 3.125, 4.5, 3.375], "texture": "#0"},
				"west": {"uv": [4.125, 3.125, 4.25, 3.375], "texture": "#0"},
				"up": {"uv": [4.125, 3.25, 4.5, 3.125], "texture": "#0"},
				"down": {"uv": [4.125, 3.375, 4.5, 3.25], "texture": "#0"}
			}
		},
		{
			"from": [7.575, 14.5, 5.725],
			"to": [7.7, 14.875, 5.975],
			"rotation": {"angle": -45, "axis": "x", "origin": [7.6375, 14.6875, 7.4125]},
			"faces": {
				"north": {"uv": [4.125, 3.25, 4.5, 3.125], "rotation": 270, "texture": "#0"},
				"east": {"uv": [4.5, 3.125, 4.125, 3.375], "rotation": 90, "texture": "#0"},
				"south": {"uv": [4.125, 3.375, 4.5, 3.25], "rotation": 270, "texture": "#0"},
				"west": {"uv": [4.125, 3.125, 4.5, 3.375], "rotation": 270, "texture": "#0"},
				"up": {"uv": [4.375, 3.125, 4.5, 3.375], "texture": "#0"},
				"down": {"uv": [4.125, 3.125, 4.25, 3.375], "rotation": 180, "texture": "#0"}
			}
		},
		{
			"from": [7.575, 14.375, 5.975],
			"to": [7.7, 15, 6.1],
			"rotation": {"angle": -45, "axis": "x", "origin": [7.6375, 14.6875, 7.4125]},
			"faces": {
				"north": {"uv": [4, 3.5, 4.625, 3.375], "rotation": 270, "texture": "#0"},
				"east": {"uv": [4.625, 3.375, 4, 3.5], "rotation": 90, "texture": "#0"},
				"south": {"uv": [4, 3.5, 4.625, 3.375], "rotation": 270, "texture": "#0"},
				"west": {"uv": [4, 3.375, 4.625, 3.5], "rotation": 270, "texture": "#0"},
				"up": {"uv": [4.5, 3.375, 4.625, 3.5], "texture": "#0"},
				"down": {"uv": [4, 3.375, 4.125, 3.5], "rotation": 180, "texture": "#0"}
			}
		},
		{
			"from": [7.325, 14.625, 5.975],
			"to": [7.95, 14.75, 6.1],
			"rotation": {"angle": -45, "axis": "x", "origin": [7.6375, 14.6875, 7.4125]},
			"faces": {
				"north": {"uv": [4, 3.5, 4.625, 3.375], "rotation": 180, "texture": "#0"},
				"east": {"uv": [4.5, 3.375, 4.625, 3.5], "rotation": 90, "texture": "#0"},
				"south": {"uv": [4, 3.5, 4.625, 3.375], "texture": "#0"},
				"west": {"uv": [4, 3.375, 4.125, 3.5], "rotation": 270, "texture": "#0"},
				"up": {"uv": [4, 3.375, 4.625, 3.5], "texture": "#0"},
				"down": {"uv": [4.625, 3.375, 4, 3.5], "rotation": 180, "texture": "#0"}
			}
		},
		{
			"from": [7.575, 14.625, 5.35],
			"to": [7.7, 14.75, 6.225],
			"rotation": {"angle": -45, "axis": "x", "origin": [7.6375, 14.6875, 7.4125]},
			"faces": {
				"north": {"uv": [4.25, 2.875, 4.375, 2.75], "rotation": 180, "texture": "#0"},
				"east": {"uv": [4.25, 2.75, 4.375, 3.625], "rotation": 90, "texture": "#0"},
				"south": {"uv": [4.25, 3.625, 4.375, 3.5], "texture": "#0"},
				"west": {"uv": [4.25, 2.75, 4.375, 3.625], "rotation": 270, "texture": "#0"},
				"up": {"uv": [4.25, 2.75, 4.375, 3.625], "texture": "#0"},
				"down": {"uv": [4.375, 2.75, 4.25, 3.625], "rotation": 180, "texture": "#0"}
			}
		},
		{
			"from": [7.45, 14.625, 5.725],
			"to": [7.825, 14.75, 5.975],
			"rotation": {"angle": -45, "axis": "x", "origin": [7.6375, 14.6875, 7.4125]},
			"faces": {
				"north": {"uv": [4.125, 3.25, 4.5, 3.125], "rotation": 180, "texture": "#0"},
				"east": {"uv": [4.375, 3.125, 4.5, 3.375], "rotation": 90, "texture": "#0"},
				"south": {"uv": [4.125, 3.375, 4.5, 3.25], "texture": "#0"},
				"west": {"uv": [4.125, 3.125, 4.25, 3.375], "rotation": 270, "texture": "#0"},
				"up": {"uv": [4.125, 3.125, 4.5, 3.375], "texture": "#0"},
				"down": {"uv": [4.5, 3.125, 4.125, 3.375], "rotation": 180, "texture": "#0"}
			}
		},
		{
			"from": [7.575, 16.125, 7.225],
			"to": [7.7, 16.375, 7.6],
			"rotation": {"angle": -45, "axis": "x", "origin": [7.6375, 14.6875, 7.4125]},
			"faces": {
				"north": {"uv": [4.125, 3.125, 4.25, 3.375], "texture": "#0"},
				"east": {"uv": [4.5, 3.125, 4.125, 3.375], "texture": "#0"},
				"south": {"uv": [4.375, 3.125, 4.5, 3.375], "texture": "#0"},
				"west": {"uv": [4.125, 3.125, 4.5, 3.375], "texture": "#0"},
				"up": {"uv": [4.125, 3.25, 4.5, 3.125], "rotation": 90, "texture": "#0"},
				"down": {"uv": [4.125, 3.375, 4.5, 3.25], "rotation": 270, "texture": "#0"}
			}
		},
		{
			"from": [7.575, 16, 7.1],
			"to": [7.7, 16.125, 7.725],
			"rotation": {"angle": -45, "axis": "x", "origin": [7.6375, 14.6875, 7.4125]},
			"faces": {
				"north": {"uv": [4, 3.375, 4.125, 3.5], "texture": "#0"},
				"east": {"uv": [4.625, 3.375, 4, 3.5], "texture": "#0"},
				"south": {"uv": [4.5, 3.375, 4.625, 3.5], "texture": "#0"},
				"west": {"uv": [4, 3.375, 4.625, 3.5], "texture": "#0"},
				"up": {"uv": [4, 3.5, 4.625, 3.375], "rotation": 90, "texture": "#0"},
				"down": {"uv": [4, 3.5, 4.625, 3.375], "rotation": 270, "texture": "#0"}
			}
		},
		{
			"from": [7.325, 16, 7.35],
			"to": [7.95, 16.125, 7.475],
			"rotation": {"angle": -45, "axis": "x", "origin": [7.6375, 14.6875, 7.4125]},
			"faces": {
				"north": {"uv": [4.625, 3.375, 4, 3.5], "texture": "#0"},
				"east": {"uv": [4.5, 3.375, 4.625, 3.5], "texture": "#0"},
				"south": {"uv": [4, 3.375, 4.625, 3.5], "texture": "#0"},
				"west": {"uv": [4, 3.375, 4.125, 3.5], "texture": "#0"},
				"up": {"uv": [4, 3.5, 4.625, 3.375], "texture": "#0"},
				"down": {"uv": [4, 3.5, 4.625, 3.375], "texture": "#0"}
			}
		},
		{
			"from": [7.575, 15.875, 7.35],
			"to": [7.7, 16.75, 7.475],
			"rotation": {"angle": -45, "axis": "x", "origin": [7.6375, 14.6875, 7.4125]},
			"faces": {
				"north": {"uv": [4.375, 2.75, 4.25, 3.625], "texture": "#0"},
				"east": {"uv": [4.25, 2.75, 4.375, 3.625], "texture": "#0"},
				"south": {"uv": [4.25, 2.75, 4.375, 3.625], "texture": "#0"},
				"west": {"uv": [4.25, 2.75, 4.375, 3.625], "texture": "#0"},
				"up": {"uv": [4.25, 2.875, 4.375, 2.75], "texture": "#0"},
				"down": {"uv": [4.25, 3.625, 4.375, 3.5], "texture": "#0"}
			}
		},
		{
			"from": [7.45, 16.125, 7.35],
			"to": [7.825, 16.375, 7.475],
			"rotation": {"angle": -45, "axis": "x", "origin": [7.6375, 14.6875, 7.4125]},
			"faces": {
				"north": {"uv": [4.5, 3.125, 4.125, 3.375], "texture": "#0"},
				"east": {"uv": [4.375, 3.125, 4.5, 3.375], "texture": "#0"},
				"south": {"uv": [4.125, 3.125, 4.5, 3.375], "texture": "#0"},
				"west": {"uv": [4.125, 3.125, 4.25, 3.375], "texture": "#0"},
				"up": {"uv": [4.125, 3.25, 4.5, 3.125], "texture": "#0"},
				"down": {"uv": [4.125, 3.375, 4.5, 3.25], "texture": "#0"}
			}
		},
		{
			"from": [7.575, 14.5, 5.725],
			"to": [7.7, 14.875, 5.975],
			"rotation": {"angle": 0, "axis": "x", "origin": [7.6375, 14.6875, 7.4125]},
			"faces": {
				"north": {"uv": [4.125, 3.25, 4.5, 3.125], "rotation": 270, "texture": "#0"},
				"east": {"uv": [4.5, 3.125, 4.125, 3.375], "rotation": 90, "texture": "#0"},
				"south": {"uv": [4.125, 3.375, 4.5, 3.25], "rotation": 270, "texture": "#0"},
				"west": {"uv": [4.125, 3.125, 4.5, 3.375], "rotation": 270, "texture": "#0"},
				"up": {"uv": [4.375, 3.125, 4.5, 3.375], "texture": "#0"},
				"down": {"uv": [4.125, 3.125, 4.25, 3.375], "rotation": 180, "texture": "#0"}
			}
		},
		{
			"from": [7.575, 14.375, 5.975],
			"to": [7.7, 15, 6.1],
			"rotation": {"angle": 0, "axis": "x", "origin": [7.6375, 14.6875, 7.4125]},
			"faces": {
				"north": {"uv": [4, 3.5, 4.625, 3.375], "rotation": 270, "texture": "#0"},
				"east": {"uv": [4.625, 3.375, 4, 3.5], "rotation": 90, "texture": "#0"},
				"south": {"uv": [4, 3.5, 4.625, 3.375], "rotation": 270, "texture": "#0"},
				"west": {"uv": [4, 3.375, 4.625, 3.5], "rotation": 270, "texture": "#0"},
				"up": {"uv": [4.5, 3.375, 4.625, 3.5], "texture": "#0"},
				"down": {"uv": [4, 3.375, 4.125, 3.5], "rotation": 180, "texture": "#0"}
			}
		},
		{
			"from": [7.325, 14.625, 5.975],
			"to": [7.95, 14.75, 6.1],
			"rotation": {"angle": 0, "axis": "x", "origin": [7.6375, 14.6875, 7.4125]},
			"faces": {
				"north": {"uv": [4, 3.5, 4.625, 3.375], "rotation": 180, "texture": "#0"},
				"east": {"uv": [4.5, 3.375, 4.625, 3.5], "rotation": 90, "texture": "#0"},
				"south": {"uv": [4, 3.5, 4.625, 3.375], "texture": "#0"},
				"west": {"uv": [4, 3.375, 4.125, 3.5], "rotation": 270, "texture": "#0"},
				"up": {"uv": [4, 3.375, 4.625, 3.5], "texture": "#0"},
				"down": {"uv": [4.625, 3.375, 4, 3.5], "rotation": 180, "texture": "#0"}
			}
		},
		{
			"from": [7.575, 14.625, 5.35],
			"to": [7.7, 14.75, 6.225],
			"rotation": {"angle": 0, "axis": "x", "origin": [7.6375, 14.6875, 7.4125]},
			"faces": {
				"north": {"uv": [4.25, 2.875, 4.375, 2.75], "rotation": 180, "texture": "#0"},
				"east": {"uv": [4.25, 2.75, 4.375, 3.625], "rotation": 90, "texture": "#0"},
				"south": {"uv": [4.25, 3.625, 4.375, 3.5], "texture": "#0"},
				"west": {"uv": [4.25, 2.75, 4.375, 3.625], "rotation": 270, "texture": "#0"},
				"up": {"uv": [4.25, 2.75, 4.375, 3.625], "texture": "#0"},
				"down": {"uv": [4.375, 2.75, 4.25, 3.625], "rotation": 180, "texture": "#0"}
			}
		},
		{
			"from": [7.45, 14.625, 5.725],
			"to": [7.825, 14.75, 5.975],
			"rotation": {"angle": 0, "axis": "x", "origin": [7.6375, 14.6875, 7.4125]},
			"faces": {
				"north": {"uv": [4.125, 3.25, 4.5, 3.125], "rotation": 180, "texture": "#0"},
				"east": {"uv": [4.375, 3.125, 4.5, 3.375], "rotation": 90, "texture": "#0"},
				"south": {"uv": [4.125, 3.375, 4.5, 3.25], "texture": "#0"},
				"west": {"uv": [4.125, 3.125, 4.25, 3.375], "rotation": 270, "texture": "#0"},
				"up": {"uv": [4.125, 3.125, 4.5, 3.375], "texture": "#0"},
				"down": {"uv": [4.5, 3.125, 4.125, 3.375], "rotation": 180, "texture": "#0"}
			}
		},
		{
			"from": [7.575, 14.5, 8.85],
			"to": [7.7, 14.875, 9.1],
			"rotation": {"angle": 45, "axis": "x", "origin": [7.6375, 14.6875, 7.4125]},
			"faces": {
				"north": {"uv": [4.125, 3.375, 4.5, 3.25], "rotation": 90, "texture": "#0"},
				"east": {"uv": [4.5, 3.125, 4.125, 3.375], "rotation": 270, "texture": "#0"},
				"south": {"uv": [4.125, 3.25, 4.5, 3.125], "rotation": 90, "texture": "#0"},
				"west": {"uv": [4.125, 3.125, 4.5, 3.375], "rotation": 90, "texture": "#0"},
				"up": {"uv": [4.125, 3.125, 4.25, 3.375], "rotation": 180, "texture": "#0"},
				"down": {"uv": [4.375, 3.125, 4.5, 3.375], "texture": "#0"}
			}
		},
		{
			"from": [7.575, 14.375, 8.725],
			"to": [7.7, 15, 8.85],
			"rotation": {"angle": 45, "axis": "x", "origin": [7.6375, 14.6875, 7.4125]},
			"faces": {
				"north": {"uv": [4, 3.5, 4.625, 3.375], "rotation": 90, "texture": "#0"},
				"east": {"uv": [4.625, 3.375, 4, 3.5], "rotation": 270, "texture": "#0"},
				"south": {"uv": [4, 3.5, 4.625, 3.375], "rotation": 90, "texture": "#0"},
				"west": {"uv": [4, 3.375, 4.625, 3.5], "rotation": 90, "texture": "#0"},
				"up": {"uv": [4, 3.375, 4.125, 3.5], "rotation": 180, "texture": "#0"},
				"down": {"uv": [4.5, 3.375, 4.625, 3.5], "texture": "#0"}
			}
		},
		{
			"from": [7.325, 14.625, 8.725],
			"to": [7.95, 14.75, 8.85],
			"rotation": {"angle": 45, "axis": "x", "origin": [7.6375, 14.6875, 7.4125]},
			"faces": {
				"north": {"uv": [4, 3.5, 4.625, 3.375], "rotation": 180, "texture": "#0"},
				"east": {"uv": [4.5, 3.375, 4.625, 3.5], "rotation": 270, "texture": "#0"},
				"south": {"uv": [4, 3.5, 4.625, 3.375], "texture": "#0"},
				"west": {"uv": [4, 3.375, 4.125, 3.5], "rotation": 90, "texture": "#0"},
				"up": {"uv": [4.625, 3.375, 4, 3.5], "rotation": 180, "texture": "#0"},
				"down": {"uv": [4, 3.375, 4.625, 3.5], "texture": "#0"}
			}
		},
		{
			"from": [7.575, 14.625, 8.6],
			"to": [7.7, 14.75, 9.475],
			"rotation": {"angle": 45, "axis": "x", "origin": [7.6375, 14.6875, 7.4125]},
			"faces": {
				"north": {"uv": [4.25, 3.625, 4.375, 3.5], "rotation": 180, "texture": "#0"},
				"east": {"uv": [4.25, 2.75, 4.375, 3.625], "rotation": 270, "texture": "#0"},
				"south": {"uv": [4.25, 2.875, 4.375, 2.75], "texture": "#0"},
				"west": {"uv": [4.25, 2.75, 4.375, 3.625], "rotation": 90, "texture": "#0"},
				"up": {"uv": [4.375, 2.75, 4.25, 3.625], "rotation": 180, "texture": "#0"},
				"down": {"uv": [4.25, 2.75, 4.375, 3.625], "texture": "#0"}
			}
		},
		{
			"from": [7.45, 14.625, 8.85],
			"to": [7.825, 14.75, 9.1],
			"rotation": {"angle": 45, "axis": "x", "origin": [7.6375, 14.6875, 7.4125]},
			"faces": {
				"north": {"uv": [4.125, 3.375, 4.5, 3.25], "rotation": 180, "texture": "#0"},
				"east": {"uv": [4.375, 3.125, 4.5, 3.375], "rotation": 270, "texture": "#0"},
				"south": {"uv": [4.125, 3.25, 4.5, 3.125], "texture": "#0"},
				"west": {"uv": [4.125, 3.125, 4.25, 3.375], "rotation": 90, "texture": "#0"},
				"up": {"uv": [4.5, 3.125, 4.125, 3.375], "rotation": 180, "texture": "#0"},
				"down": {"uv": [4.125, 3.125, 4.5, 3.375], "texture": "#0"}
			}
		},
		{
			"from": [7.575, 16.125, 7.225],
			"to": [7.7, 16.375, 7.6],
			"rotation": {"angle": 45, "axis": "x", "origin": [7.6375, 14.6875, 7.4125]},
			"faces": {
				"north": {"uv": [4.125, 3.125, 4.25, 3.375], "texture": "#0"},
				"east": {"uv": [4.5, 3.125, 4.125, 3.375], "texture": "#0"},
				"south": {"uv": [4.375, 3.125, 4.5, 3.375], "texture": "#0"},
				"west": {"uv": [4.125, 3.125, 4.5, 3.375], "texture": "#0"},
				"up": {"uv": [4.125, 3.25, 4.5, 3.125], "rotation": 90, "texture": "#0"},
				"down": {"uv": [4.125, 3.375, 4.5, 3.25], "rotation": 270, "texture": "#0"}
			}
		},
		{
			"from": [7.575, 16, 7.1],
			"to": [7.7, 16.125, 7.725],
			"rotation": {"angle": 45, "axis": "x", "origin": [7.6375, 14.6875, 7.4125]},
			"faces": {
				"north": {"uv": [4, 3.375, 4.125, 3.5], "texture": "#0"},
				"east": {"uv": [4.625, 3.375, 4, 3.5], "texture": "#0"},
				"south": {"uv": [4.5, 3.375, 4.625, 3.5], "texture": "#0"},
				"west": {"uv": [4, 3.375, 4.625, 3.5], "texture": "#0"},
				"up": {"uv": [4, 3.5, 4.625, 3.375], "rotation": 90, "texture": "#0"},
				"down": {"uv": [4, 3.5, 4.625, 3.375], "rotation": 270, "texture": "#0"}
			}
		},
		{
			"from": [7.325, 16, 7.35],
			"to": [7.95, 16.125, 7.475],
			"rotation": {"angle": 45, "axis": "x", "origin": [7.6375, 14.6875, 7.4125]},
			"faces": {
				"north": {"uv": [4.625, 3.375, 4, 3.5], "texture": "#0"},
				"east": {"uv": [4.5, 3.375, 4.625, 3.5], "texture": "#0"},
				"south": {"uv": [4, 3.375, 4.625, 3.5], "texture": "#0"},
				"west": {"uv": [4, 3.375, 4.125, 3.5], "texture": "#0"},
				"up": {"uv": [4, 3.5, 4.625, 3.375], "texture": "#0"},
				"down": {"uv": [4, 3.5, 4.625, 3.375], "texture": "#0"}
			}
		},
		{
			"from": [7.575, 15.875, 7.35],
			"to": [7.7, 16.75, 7.475],
			"rotation": {"angle": 45, "axis": "x", "origin": [7.6375, 14.6875, 7.4125]},
			"faces": {
				"north": {"uv": [4.375, 2.75, 4.25, 3.625], "texture": "#0"},
				"east": {"uv": [4.25, 2.75, 4.375, 3.625], "texture": "#0"},
				"south": {"uv": [4.25, 2.75, 4.375, 3.625], "texture": "#0"},
				"west": {"uv": [4.25, 2.75, 4.375, 3.625], "texture": "#0"},
				"up": {"uv": [4.25, 2.875, 4.375, 2.75], "texture": "#0"},
				"down": {"uv": [4.25, 3.625, 4.375, 3.5], "texture": "#0"}
			}
		},
		{
			"from": [7.45, 16.125, 7.35],
			"to": [7.825, 16.375, 7.475],
			"rotation": {"angle": 45, "axis": "x", "origin": [7.6375, 14.6875, 7.4125]},
			"faces": {
				"north": {"uv": [4.5, 3.125, 4.125, 3.375], "texture": "#0"},
				"east": {"uv": [4.375, 3.125, 4.5, 3.375], "texture": "#0"},
				"south": {"uv": [4.125, 3.125, 4.5, 3.375], "texture": "#0"},
				"west": {"uv": [4.125, 3.125, 4.25, 3.375], "texture": "#0"},
				"up": {"uv": [4.125, 3.25, 4.5, 3.125], "texture": "#0"},
				"down": {"uv": [4.125, 3.375, 4.5, 3.25], "texture": "#0"}
			}
		},
		{
			"from": [7.575, 14.5, 8.85],
			"to": [7.7, 14.875, 9.1],
			"rotation": {"angle": 0, "axis": "x", "origin": [7.6375, 14.6875, 7.4125]},
			"faces": {
				"north": {"uv": [4.125, 3.375, 4.5, 3.25], "rotation": 90, "texture": "#0"},
				"east": {"uv": [4.5, 3.125, 4.125, 3.375], "rotation": 270, "texture": "#0"},
				"south": {"uv": [4.125, 3.25, 4.5, 3.125], "rotation": 90, "texture": "#0"},
				"west": {"uv": [4.125, 3.125, 4.5, 3.375], "rotation": 90, "texture": "#0"},
				"up": {"uv": [4.125, 3.125, 4.25, 3.375], "rotation": 180, "texture": "#0"},
				"down": {"uv": [4.375, 3.125, 4.5, 3.375], "texture": "#0"}
			}
		},
		{
			"from": [7.575, 14.375, 8.725],
			"to": [7.7, 15, 8.85],
			"rotation": {"angle": 0, "axis": "x", "origin": [7.6375, 14.6875, 7.4125]},
			"faces": {
				"north": {"uv": [4, 3.5, 4.625, 3.375], "rotation": 90, "texture": "#0"},
				"east": {"uv": [4.625, 3.375, 4, 3.5], "rotation": 270, "texture": "#0"},
				"south": {"uv": [4, 3.5, 4.625, 3.375], "rotation": 90, "texture": "#0"},
				"west": {"uv": [4, 3.375, 4.625, 3.5], "rotation": 90, "texture": "#0"},
				"up": {"uv": [4, 3.375, 4.125, 3.5], "rotation": 180, "texture": "#0"},
				"down": {"uv": [4.5, 3.375, 4.625, 3.5], "texture": "#0"}
			}
		},
		{
			"from": [7.325, 14.625, 8.725],
			"to": [7.95, 14.75, 8.85],
			"rotation": {"angle": 0, "axis": "x", "origin": [7.6375, 14.6875, 7.4125]},
			"faces": {
				"north": {"uv": [4, 3.5, 4.625, 3.375], "rotation": 180, "texture": "#0"},
				"east": {"uv": [4.5, 3.375, 4.625, 3.5], "rotation": 270, "texture": "#0"},
				"south": {"uv": [4, 3.5, 4.625, 3.375], "texture": "#0"},
				"west": {"uv": [4, 3.375, 4.125, 3.5], "rotation": 90, "texture": "#0"},
				"up": {"uv": [4.625, 3.375, 4, 3.5], "rotation": 180, "texture": "#0"},
				"down": {"uv": [4, 3.375, 4.625, 3.5], "texture": "#0"}
			}
		},
		{
			"from": [7.575, 14.625, 8.6],
			"to": [7.7, 14.75, 9.475],
			"rotation": {"angle": 0, "axis": "x", "origin": [7.6375, 14.6875, 7.4125]},
			"faces": {
				"north": {"uv": [4.25, 3.625, 4.375, 3.5], "rotation": 180, "texture": "#0"},
				"east": {"uv": [4.25, 2.75, 4.375, 3.625], "rotation": 270, "texture": "#0"},
				"south": {"uv": [4.25, 2.875, 4.375, 2.75], "texture": "#0"},
				"west": {"uv": [4.25, 2.75, 4.375, 3.625], "rotation": 90, "texture": "#0"},
				"up": {"uv": [4.375, 2.75, 4.25, 3.625], "rotation": 180, "texture": "#0"},
				"down": {"uv": [4.25, 2.75, 4.375, 3.625], "texture": "#0"}
			}
		},
		{
			"from": [7.45, 14.625, 8.85],
			"to": [7.825, 14.75, 9.1],
			"rotation": {"angle": 0, "axis": "x", "origin": [7.6375, 14.6875, 7.4125]},
			"faces": {
				"north": {"uv": [4.125, 3.375, 4.5, 3.25], "rotation": 180, "texture": "#0"},
				"east": {"uv": [4.375, 3.125, 4.5, 3.375], "rotation": 270, "texture": "#0"},
				"south": {"uv": [4.125, 3.25, 4.5, 3.125], "texture": "#0"},
				"west": {"uv": [4.125, 3.125, 4.25, 3.375], "rotation": 90, "texture": "#0"},
				"up": {"uv": [4.5, 3.125, 4.125, 3.375], "rotation": 180, "texture": "#0"},
				"down": {"uv": [4.125, 3.125, 4.5, 3.375], "texture": "#0"}
			}
		},
		{
			"from": [7.575, 13, 7.225],
			"to": [7.7, 13.25, 7.6],
			"rotation": {"angle": 45, "axis": "z", "origin": [7.6375, 14.6875, 7.4125]},
			"faces": {
				"north": {"uv": [4.875, 3.125, 5, 3.375], "rotation": 180, "texture": "#0"},
				"east": {"uv": [4.875, 3.125, 5.25, 3.375], "rotation": 180, "texture": "#0"},
				"south": {"uv": [5.125, 3.125, 5.25, 3.375], "rotation": 180, "texture": "#0"},
				"west": {"uv": [5.25, 3.125, 4.875, 3.375], "rotation": 180, "texture": "#0"},
				"up": {"uv": [4.875, 3.375, 5.25, 3.25], "rotation": 90, "texture": "#0"},
				"down": {"uv": [4.875, 3.25, 5.25, 3.125], "rotation": 270, "texture": "#0"}
			}
		},
		{
			"from": [7.575, 13.25, 7.1],
			"to": [7.7, 13.375, 7.725],
			"rotation": {"angle": 45, "axis": "z", "origin": [7.6375, 14.6875, 7.4125]},
			"faces": {
				"north": {"uv": [4.75, 3.375, 4.875, 3.5], "rotation": 180, "texture": "#0"},
				"east": {"uv": [4.75, 3.375, 5.375, 3.5], "rotation": 180, "texture": "#0"},
				"south": {"uv": [5.25, 3.375, 5.375, 3.5], "rotation": 180, "texture": "#0"},
				"west": {"uv": [5.375, 3.375, 4.75, 3.5], "rotation": 180, "texture": "#0"},
				"up": {"uv": [4.75, 3.5, 5.375, 3.375], "rotation": 90, "texture": "#0"},
				"down": {"uv": [4.75, 3.5, 5.375, 3.375], "rotation": 270, "texture": "#0"}
			}
		},
		{
			"from": [7.325, 13.25, 7.35],
			"to": [7.95, 13.375, 7.475],
			"rotation": {"angle": 45, "axis": "z", "origin": [7.6375, 14.6875, 7.4125]},
			"faces": {
				"north": {"uv": [5.375, 3.375, 4.75, 3.5], "rotation": 180, "texture": "#0"},
				"east": {"uv": [4.75, 3.375, 4.875, 3.5], "rotation": 180, "texture": "#0"},
				"south": {"uv": [4.75, 3.375, 5.375, 3.5], "rotation": 180, "texture": "#0"},
				"west": {"uv": [5.25, 3.375, 5.375, 3.5], "rotation": 180, "texture": "#0"},
				"up": {"uv": [4.75, 3.5, 5.375, 3.375], "rotation": 180, "texture": "#0"},
				"down": {"uv": [4.75, 3.5, 5.375, 3.375], "rotation": 180, "texture": "#0"}
			}
		},
		{
			"from": [7.575, 12.625, 7.35],
			"to": [7.7, 13.5, 7.475],
			"rotation": {"angle": 45, "axis": "z", "origin": [7.6375, 14.6875, 7.4125]},
			"faces": {
				"north": {"uv": [5.125, 2.75, 5, 3.625], "rotation": 180, "texture": "#0"},
				"east": {"uv": [5, 2.75, 5.125, 3.625], "rotation": 180, "texture": "#0"},
				"south": {"uv": [5, 2.75, 5.125, 3.625], "rotation": 180, "texture": "#0"},
				"west": {"uv": [5, 2.75, 5.125, 3.625], "rotation": 180, "texture": "#0"},
				"up": {"uv": [5, 3.625, 5.125, 3.5], "rotation": 180, "texture": "#0"},
				"down": {"uv": [5, 2.875, 5.125, 2.75], "rotation": 180, "texture": "#0"}
			}
		},
		{
			"from": [7.45, 13, 7.35],
			"to": [7.825, 13.25, 7.475],
			"rotation": {"angle": 45, "axis": "z", "origin": [7.6375, 14.6875, 7.4125]},
			"faces": {
				"north": {"uv": [5.25, 3.125, 4.875, 3.375], "rotation": 180, "texture": "#0"},
				"east": {"uv": [4.875, 3.125, 5, 3.375], "rotation": 180, "texture": "#0"},
				"south": {"uv": [4.875, 3.125, 5.25, 3.375], "rotation": 180, "texture": "#0"},
				"west": {"uv": [5.125, 3.125, 5.25, 3.375], "rotation": 180, "texture": "#0"},
				"up": {"uv": [4.875, 3.375, 5.25, 3.25], "rotation": 180, "texture": "#0"},
				"down": {"uv": [4.875, 3.25, 5.25, 3.125], "rotation": 180, "texture": "#0"}
			}
		},
		{
			"from": [9.075, 14.625, 7.225],
			"to": [9.325, 14.75, 7.6],
			"rotation": {"angle": 45, "axis": "z", "origin": [7.6375, 14.6875, 7.4125]},
			"faces": {
				"north": {"uv": [4.875, 3.125, 5, 3.375], "rotation": 270, "texture": "#0"},
				"east": {"uv": [4.875, 3.25, 5.25, 3.125], "rotation": 180, "texture": "#0"},
				"south": {"uv": [5.125, 3.125, 5.25, 3.375], "rotation": 90, "texture": "#0"},
				"west": {"uv": [4.875, 3.375, 5.25, 3.25], "texture": "#0"},
				"up": {"uv": [4.875, 3.125, 5.25, 3.375], "rotation": 90, "texture": "#0"},
				"down": {"uv": [5.25, 3.125, 4.875, 3.375], "rotation": 90, "texture": "#0"}
			}
		},
		{
			"from": [8.95, 14.625, 7.1],
			"to": [9.075, 14.75, 7.725],
			"rotation": {"angle": 45, "axis": "z", "origin": [7.6375, 14.6875, 7.4125]},
			"faces": {
				"north": {"uv": [4.75, 3.375, 4.875, 3.5], "rotation": 270, "texture": "#0"},
				"east": {"uv": [4.75, 3.5, 5.375, 3.375], "rotation": 180, "texture": "#0"},
				"south": {"uv": [5.25, 3.375, 5.375, 3.5], "rotation": 90, "texture": "#0"},
				"west": {"uv": [4.75, 3.5, 5.375, 3.375], "texture": "#0"},
				"up": {"uv": [4.75, 3.375, 5.375, 3.5], "rotation": 90, "texture": "#0"},
				"down": {"uv": [5.375, 3.375, 4.75, 3.5], "rotation": 90, "texture": "#0"}
			}
		},
		{
			"from": [8.95, 14.375, 7.35],
			"to": [9.075, 15, 7.475],
			"rotation": {"angle": 45, "axis": "z", "origin": [7.6375, 14.6875, 7.4125]},
			"faces": {
				"north": {"uv": [5.375, 3.375, 4.75, 3.5], "rotation": 270, "texture": "#0"},
				"east": {"uv": [4.75, 3.5, 5.375, 3.375], "rotation": 90, "texture": "#0"},
				"south": {"uv": [4.75, 3.375, 5.375, 3.5], "rotation": 90, "texture": "#0"},
				"west": {"uv": [4.75, 3.5, 5.375, 3.375], "rotation": 90, "texture": "#0"},
				"up": {"uv": [4.75, 3.375, 4.875, 3.5], "rotation": 90, "texture": "#0"},
				"down": {"uv": [5.25, 3.375, 5.375, 3.5], "rotation": 90, "texture": "#0"}
			}
		},
		{
			"from": [8.825, 14.625, 7.35],
			"to": [9.7, 14.75, 7.475],
			"rotation": {"angle": 45, "axis": "z", "origin": [7.6375, 14.6875, 7.4125]},
			"faces": {
				"north": {"uv": [5.125, 2.75, 5, 3.625], "rotation": 270, "texture": "#0"},
				"east": {"uv": [5, 2.875, 5.125, 2.75], "rotation": 90, "texture": "#0"},
				"south": {"uv": [5, 2.75, 5.125, 3.625], "rotation": 90, "texture": "#0"},
				"west": {"uv": [5, 3.625, 5.125, 3.5], "rotation": 90, "texture": "#0"},
				"up": {"uv": [5, 2.75, 5.125, 3.625], "rotation": 90, "texture": "#0"},
				"down": {"uv": [5, 2.75, 5.125, 3.625], "rotation": 90, "texture": "#0"}
			}
		},
		{
			"from": [9.075, 14.5, 7.35],
			"to": [9.325, 14.875, 7.475],
			"rotation": {"angle": 45, "axis": "z", "origin": [7.6375, 14.6875, 7.4125]},
			"faces": {
				"north": {"uv": [5.25, 3.125, 4.875, 3.375], "rotation": 270, "texture": "#0"},
				"east": {"uv": [4.875, 3.25, 5.25, 3.125], "rotation": 90, "texture": "#0"},
				"south": {"uv": [4.875, 3.125, 5.25, 3.375], "rotation": 90, "texture": "#0"},
				"west": {"uv": [4.875, 3.375, 5.25, 3.25], "rotation": 90, "texture": "#0"},
				"up": {"uv": [4.875, 3.125, 5, 3.375], "rotation": 90, "texture": "#0"},
				"down": {"uv": [5.125, 3.125, 5.25, 3.375], "rotation": 90, "texture": "#0"}
			}
		},
		{
			"from": [9.075, 14.625, 7.225],
			"to": [9.325, 14.75, 7.6],
			"rotation": {"angle": 0, "axis": "z", "origin": [7.6375, 14.6875, 7.4125]},
			"faces": {
				"north": {"uv": [4.875, 3.125, 5, 3.375], "rotation": 270, "texture": "#0"},
				"east": {"uv": [4.875, 3.25, 5.25, 3.125], "rotation": 180, "texture": "#0"},
				"south": {"uv": [5.125, 3.125, 5.25, 3.375], "rotation": 90, "texture": "#0"},
				"west": {"uv": [4.875, 3.375, 5.25, 3.25], "texture": "#0"},
				"up": {"uv": [4.875, 3.125, 5.25, 3.375], "rotation": 90, "texture": "#0"},
				"down": {"uv": [5.25, 3.125, 4.875, 3.375], "rotation": 90, "texture": "#0"}
			}
		},
		{
			"from": [8.95, 14.625, 7.1],
			"to": [9.075, 14.75, 7.725],
			"rotation": {"angle": 0, "axis": "z", "origin": [7.6375, 14.6875, 7.4125]},
			"faces": {
				"north": {"uv": [4.75, 3.375, 4.875, 3.5], "rotation": 270, "texture": "#0"},
				"east": {"uv": [4.75, 3.5, 5.375, 3.375], "rotation": 180, "texture": "#0"},
				"south": {"uv": [5.25, 3.375, 5.375, 3.5], "rotation": 90, "texture": "#0"},
				"west": {"uv": [4.75, 3.5, 5.375, 3.375], "texture": "#0"},
				"up": {"uv": [4.75, 3.375, 5.375, 3.5], "rotation": 90, "texture": "#0"},
				"down": {"uv": [5.375, 3.375, 4.75, 3.5], "rotation": 90, "texture": "#0"}
			}
		},
		{
			"from": [8.95, 14.375, 7.35],
			"to": [9.075, 15, 7.475],
			"rotation": {"angle": 0, "axis": "z", "origin": [7.6375, 14.6875, 7.4125]},
			"faces": {
				"north": {"uv": [5.375, 3.375, 4.75, 3.5], "rotation": 270, "texture": "#0"},
				"east": {"uv": [4.75, 3.5, 5.375, 3.375], "rotation": 90, "texture": "#0"},
				"south": {"uv": [4.75, 3.375, 5.375, 3.5], "rotation": 90, "texture": "#0"},
				"west": {"uv": [4.75, 3.5, 5.375, 3.375], "rotation": 90, "texture": "#0"},
				"up": {"uv": [4.75, 3.375, 4.875, 3.5], "rotation": 90, "texture": "#0"},
				"down": {"uv": [5.25, 3.375, 5.375, 3.5], "rotation": 90, "texture": "#0"}
			}
		},
		{
			"from": [8.825, 14.625, 7.35],
			"to": [9.7, 14.75, 7.475],
			"rotation": {"angle": 0, "axis": "z", "origin": [7.6375, 14.6875, 7.4125]},
			"faces": {
				"north": {"uv": [5.125, 2.75, 5, 3.625], "rotation": 270, "texture": "#0"},
				"east": {"uv": [5, 2.875, 5.125, 2.75], "rotation": 90, "texture": "#0"},
				"south": {"uv": [5, 2.75, 5.125, 3.625], "rotation": 90, "texture": "#0"},
				"west": {"uv": [5, 3.625, 5.125, 3.5], "rotation": 90, "texture": "#0"},
				"up": {"uv": [5, 2.75, 5.125, 3.625], "rotation": 90, "texture": "#0"},
				"down": {"uv": [5, 2.75, 5.125, 3.625], "rotation": 90, "texture": "#0"}
			}
		},
		{
			"from": [9.075, 14.5, 7.35],
			"to": [9.325, 14.875, 7.475],
			"rotation": {"angle": 0, "axis": "z", "origin": [7.6375, 14.6875, 7.4125]},
			"faces": {
				"north": {"uv": [5.25, 3.125, 4.875, 3.375], "rotation": 270, "texture": "#0"},
				"east": {"uv": [4.875, 3.25, 5.25, 3.125], "rotation": 90, "texture": "#0"},
				"south": {"uv": [4.875, 3.125, 5.25, 3.375], "rotation": 90, "texture": "#0"},
				"west": {"uv": [4.875, 3.375, 5.25, 3.25], "rotation": 90, "texture": "#0"},
				"up": {"uv": [4.875, 3.125, 5, 3.375], "rotation": 90, "texture": "#0"},
				"down": {"uv": [5.125, 3.125, 5.25, 3.375], "rotation": 90, "texture": "#0"}
			}
		},
		{
			"from": [5.95, 14.625, 7.225],
			"to": [6.2, 14.75, 7.6],
			"rotation": {"angle": 45, "axis": "z", "origin": [7.6375, 14.6875, 7.4125]},
			"faces": {
				"north": {"uv": [3.375, 3.125, 3.5, 3.375], "rotation": 90, "texture": "#0"},
				"east": {"uv": [3.375, 3.375, 3.75, 3.25], "rotation": 180, "texture": "#0"},
				"south": {"uv": [3.625, 3.125, 3.75, 3.375], "rotation": 270, "texture": "#0"},
				"west": {"uv": [3.375, 3.25, 3.75, 3.125], "texture": "#0"},
				"up": {"uv": [3.75, 3.125, 3.375, 3.375], "rotation": 270, "texture": "#0"},
				"down": {"uv": [3.375, 3.125, 3.75, 3.375], "rotation": 270, "texture": "#0"}
			}
		},
		{
			"from": [6.2, 14.625, 7.1],
			"to": [6.325, 14.75, 7.725],
			"rotation": {"angle": 45, "axis": "z", "origin": [7.6375, 14.6875, 7.4125]},
			"faces": {
				"north": {"uv": [3.25, 3.375, 3.375, 3.5], "rotation": 90, "texture": "#0"},
				"east": {"uv": [3.25, 3.5, 3.875, 3.375], "rotation": 180, "texture": "#0"},
				"south": {"uv": [3.75, 3.375, 3.875, 3.5], "rotation": 270, "texture": "#0"},
				"west": {"uv": [3.25, 3.5, 3.875, 3.375], "texture": "#0"},
				"up": {"uv": [3.875, 3.375, 3.25, 3.5], "rotation": 270, "texture": "#0"},
				"down": {"uv": [3.25, 3.375, 3.875, 3.5], "rotation": 270, "texture": "#0"}
			}
		},
		{
			"from": [6.2, 14.375, 7.35],
			"to": [6.325, 15, 7.475],
			"rotation": {"angle": 45, "axis": "z", "origin": [7.6375, 14.6875, 7.4125]},
			"faces": {
				"north": {"uv": [3.875, 3.375, 3.25, 3.5], "rotation": 90, "texture": "#0"},
				"east": {"uv": [3.25, 3.5, 3.875, 3.375], "rotation": 270, "texture": "#0"},
				"south": {"uv": [3.25, 3.375, 3.875, 3.5], "rotation": 270, "texture": "#0"},
				"west": {"uv": [3.25, 3.5, 3.875, 3.375], "rotation": 270, "texture": "#0"},
				"up": {"uv": [3.75, 3.375, 3.875, 3.5], "rotation": 270, "texture": "#0"},
				"down": {"uv": [3.25, 3.375, 3.375, 3.5], "rotation": 270, "texture": "#0"}
			}
		},
		{
			"from": [5.575, 14.625, 7.35],
			"to": [6.45, 14.75, 7.475],
			"rotation": {"angle": 45, "axis": "z", "origin": [7.6375, 14.6875, 7.4125]},
			"faces": {
				"north": {"uv": [3.625, 2.75, 3.5, 3.625], "rotation": 90, "texture": "#0"},
				"east": {"uv": [3.5, 3.625, 3.625, 3.5], "rotation": 270, "texture": "#0"},
				"south": {"uv": [3.5, 2.75, 3.625, 3.625], "rotation": 270, "texture": "#0"},
				"west": {"uv": [3.5, 2.875, 3.625, 2.75], "rotation": 270, "texture": "#0"},
				"up": {"uv": [3.5, 2.75, 3.625, 3.625], "rotation": 270, "texture": "#0"},
				"down": {"uv": [3.5, 2.75, 3.625, 3.625], "rotation": 270, "texture": "#0"}
			}
		},
		{
			"from": [5.95, 14.5, 7.35],
			"to": [6.2, 14.875, 7.475],
			"rotation": {"angle": 45, "axis": "z", "origin": [7.6375, 14.6875, 7.4125]},
			"faces": {
				"north": {"uv": [3.75, 3.125, 3.375, 3.375], "rotation": 90, "texture": "#0"},
				"east": {"uv": [3.375, 3.375, 3.75, 3.25], "rotation": 270, "texture": "#0"},
				"south": {"uv": [3.375, 3.125, 3.75, 3.375], "rotation": 270, "texture": "#0"},
				"west": {"uv": [3.375, 3.25, 3.75, 3.125], "rotation": 270, "texture": "#0"},
				"up": {"uv": [3.625, 3.125, 3.75, 3.375], "rotation": 270, "texture": "#0"},
				"down": {"uv": [3.375, 3.125, 3.5, 3.375], "rotation": 270, "texture": "#0"}
			}
		},
		{
			"from": [7.575, 16.125, 7.225],
			"to": [7.7, 16.375, 7.6],
			"rotation": {"angle": 45, "axis": "z", "origin": [7.6375, 14.6875, 7.4125]},
			"faces": {
				"north": {"uv": [3.375, 3.125, 3.5, 3.375], "texture": "#0"},
				"east": {"uv": [3.75, 3.125, 3.375, 3.375], "texture": "#0"},
				"south": {"uv": [3.625, 3.125, 3.75, 3.375], "texture": "#0"},
				"west": {"uv": [3.375, 3.125, 3.75, 3.375], "texture": "#0"},
				"up": {"uv": [3.375, 3.25, 3.75, 3.125], "rotation": 90, "texture": "#0"},
				"down": {"uv": [3.375, 3.375, 3.75, 3.25], "rotation": 270, "texture": "#0"}
			}
		},
		{
			"from": [7.575, 16, 7.1],
			"to": [7.7, 16.125, 7.725],
			"rotation": {"angle": 45, "axis": "z", "origin": [7.6375, 14.6875, 7.4125]},
			"faces": {
				"north": {"uv": [3.25, 3.375, 3.375, 3.5], "texture": "#0"},
				"east": {"uv": [3.875, 3.375, 3.25, 3.5], "texture": "#0"},
				"south": {"uv": [3.75, 3.375, 3.875, 3.5], "texture": "#0"},
				"west": {"uv": [3.25, 3.375, 3.875, 3.5], "texture": "#0"},
				"up": {"uv": [3.25, 3.5, 3.875, 3.375], "rotation": 90, "texture": "#0"},
				"down": {"uv": [3.25, 3.5, 3.875, 3.375], "rotation": 270, "texture": "#0"}
			}
		},
		{
			"from": [7.325, 16, 7.35],
			"to": [7.95, 16.125, 7.475],
			"rotation": {"angle": 45, "axis": "z", "origin": [7.6375, 14.6875, 7.4125]},
			"faces": {
				"north": {"uv": [3.875, 3.375, 3.25, 3.5], "texture": "#0"},
				"east": {"uv": [3.75, 3.375, 3.875, 3.5], "texture": "#0"},
				"south": {"uv": [3.25, 3.375, 3.875, 3.5], "texture": "#0"},
				"west": {"uv": [3.25, 3.375, 3.375, 3.5], "texture": "#0"},
				"up": {"uv": [3.25, 3.5, 3.875, 3.375], "texture": "#0"},
				"down": {"uv": [3.25, 3.5, 3.875, 3.375], "texture": "#0"}
			}
		},
		{
			"from": [7.575, 15.875, 7.35],
			"to": [7.7, 16.75, 7.475],
			"rotation": {"angle": 45, "axis": "z", "origin": [7.6375, 14.6875, 7.4125]},
			"faces": {
				"north": {"uv": [3.625, 2.75, 3.5, 3.625], "texture": "#0"},
				"east": {"uv": [3.5, 2.75, 3.625, 3.625], "texture": "#0"},
				"south": {"uv": [3.5, 2.75, 3.625, 3.625], "texture": "#0"},
				"west": {"uv": [3.5, 2.75, 3.625, 3.625], "texture": "#0"},
				"up": {"uv": [3.5, 2.875, 3.625, 2.75], "texture": "#0"},
				"down": {"uv": [3.5, 3.625, 3.625, 3.5], "texture": "#0"}
			}
		},
		{
			"from": [7.45, 16.125, 7.35],
			"to": [7.825, 16.375, 7.475],
			"rotation": {"angle": 45, "axis": "z", "origin": [7.6375, 14.6875, 7.4125]},
			"faces": {
				"north": {"uv": [3.75, 3.125, 3.375, 3.375], "texture": "#0"},
				"east": {"uv": [3.625, 3.125, 3.75, 3.375], "texture": "#0"},
				"south": {"uv": [3.375, 3.125, 3.75, 3.375], "texture": "#0"},
				"west": {"uv": [3.375, 3.125, 3.5, 3.375], "texture": "#0"},
				"up": {"uv": [3.375, 3.25, 3.75, 3.125], "texture": "#0"},
				"down": {"uv": [3.375, 3.375, 3.75, 3.25], "texture": "#0"}
			}
		},
		{
			"from": [5.95, 14.625, 7.225],
			"to": [6.2, 14.75, 7.6],
			"rotation": {"angle": 0, "axis": "z", "origin": [7.6375, 14.6875, 7.4125]},
			"faces": {
				"north": {"uv": [3.375, 3.125, 3.5, 3.375], "rotation": 90, "texture": "#0"},
				"east": {"uv": [3.375, 3.375, 3.75, 3.25], "rotation": 180, "texture": "#0"},
				"south": {"uv": [3.625, 3.125, 3.75, 3.375], "rotation": 270, "texture": "#0"},
				"west": {"uv": [3.375, 3.25, 3.75, 3.125], "texture": "#0"},
				"up": {"uv": [3.75, 3.125, 3.375, 3.375], "rotation": 270, "texture": "#0"},
				"down": {"uv": [3.375, 3.125, 3.75, 3.375], "rotation": 270, "texture": "#0"}
			}
		},
		{
			"from": [6.2, 14.625, 7.1],
			"to": [6.325, 14.75, 7.725],
			"rotation": {"angle": 0, "axis": "z", "origin": [7.6375, 14.6875, 7.4125]},
			"faces": {
				"north": {"uv": [3.25, 3.375, 3.375, 3.5], "rotation": 90, "texture": "#0"},
				"east": {"uv": [3.25, 3.5, 3.875, 3.375], "rotation": 180, "texture": "#0"},
				"south": {"uv": [3.75, 3.375, 3.875, 3.5], "rotation": 270, "texture": "#0"},
				"west": {"uv": [3.25, 3.5, 3.875, 3.375], "texture": "#0"},
				"up": {"uv": [3.875, 3.375, 3.25, 3.5], "rotation": 270, "texture": "#0"},
				"down": {"uv": [3.25, 3.375, 3.875, 3.5], "rotation": 270, "texture": "#0"}
			}
		},
		{
			"from": [6.2, 14.375, 7.35],
			"to": [6.325, 15, 7.475],
			"rotation": {"angle": 0, "axis": "z", "origin": [7.6375, 14.6875, 7.4125]},
			"faces": {
				"north": {"uv": [3.875, 3.375, 3.25, 3.5], "rotation": 90, "texture": "#0"},
				"east": {"uv": [3.25, 3.5, 3.875, 3.375], "rotation": 270, "texture": "#0"},
				"south": {"uv": [3.25, 3.375, 3.875, 3.5], "rotation": 270, "texture": "#0"},
				"west": {"uv": [3.25, 3.5, 3.875, 3.375], "rotation": 270, "texture": "#0"},
				"up": {"uv": [3.75, 3.375, 3.875, 3.5], "rotation": 270, "texture": "#0"},
				"down": {"uv": [3.25, 3.375, 3.375, 3.5], "rotation": 270, "texture": "#0"}
			}
		},
		{
			"from": [5.575, 14.625, 7.35],
			"to": [6.45, 14.75, 7.475],
			"rotation": {"angle": 0, "axis": "z", "origin": [7.6375, 14.6875, 7.4125]},
			"faces": {
				"north": {"uv": [3.625, 2.75, 3.5, 3.625], "rotation": 90, "texture": "#0"},
				"east": {"uv": [3.5, 3.625, 3.625, 3.5], "rotation": 270, "texture": "#0"},
				"south": {"uv": [3.5, 2.75, 3.625, 3.625], "rotation": 270, "texture": "#0"},
				"west": {"uv": [3.5, 2.875, 3.625, 2.75], "rotation": 270, "texture": "#0"},
				"up": {"uv": [3.5, 2.75, 3.625, 3.625], "rotation": 270, "texture": "#0"},
				"down": {"uv": [3.5, 2.75, 3.625, 3.625], "rotation": 270, "texture": "#0"}
			}
		},
		{
			"from": [5.95, 14.5, 7.35],
			"to": [6.2, 14.875, 7.475],
			"rotation": {"angle": 0, "axis": "z", "origin": [7.6375, 14.6875, 7.4125]},
			"faces": {
				"north": {"uv": [3.75, 3.125, 3.375, 3.375], "rotation": 90, "texture": "#0"},
				"east": {"uv": [3.375, 3.375, 3.75, 3.25], "rotation": 270, "texture": "#0"},
				"south": {"uv": [3.375, 3.125, 3.75, 3.375], "rotation": 270, "texture": "#0"},
				"west": {"uv": [3.375, 3.25, 3.75, 3.125], "rotation": 270, "texture": "#0"},
				"up": {"uv": [3.625, 3.125, 3.75, 3.375], "rotation": 270, "texture": "#0"},
				"down": {"uv": [3.375, 3.125, 3.5, 3.375], "rotation": 270, "texture": "#0"}
			}
		},
		{
			"from": [7.575, 14.5, 5.725],
			"to": [7.7, 14.875, 5.975],
			"rotation": {"angle": 45, "axis": "y", "origin": [7.6375, 14.6875, 7.4125]},
			"faces": {
				"north": {"uv": [3.375, 3.25, 3.75, 3.125], "rotation": 270, "texture": "#0"},
				"east": {"uv": [3.75, 3.125, 3.375, 3.375], "rotation": 90, "texture": "#0"},
				"south": {"uv": [3.375, 3.375, 3.75, 3.25], "rotation": 270, "texture": "#0"},
				"west": {"uv": [3.375, 3.125, 3.75, 3.375], "rotation": 270, "texture": "#0"},
				"up": {"uv": [3.625, 3.125, 3.75, 3.375], "texture": "#0"},
				"down": {"uv": [3.375, 3.125, 3.5, 3.375], "rotation": 180, "texture": "#0"}
			}
		},
		{
			"from": [7.575, 14.375, 5.975],
			"to": [7.7, 15, 6.1],
			"rotation": {"angle": 45, "axis": "y", "origin": [7.6375, 14.6875, 7.4125]},
			"faces": {
				"north": {"uv": [3.25, 3.5, 3.875, 3.375], "rotation": 270, "texture": "#0"},
				"east": {"uv": [3.875, 3.375, 3.25, 3.5], "rotation": 90, "texture": "#0"},
				"south": {"uv": [3.25, 3.5, 3.875, 3.375], "rotation": 270, "texture": "#0"},
				"west": {"uv": [3.25, 3.375, 3.875, 3.5], "rotation": 270, "texture": "#0"},
				"up": {"uv": [3.75, 3.375, 3.875, 3.5], "texture": "#0"},
				"down": {"uv": [3.25, 3.375, 3.375, 3.5], "rotation": 180, "texture": "#0"}
			}
		},
		{
			"from": [7.325, 14.625, 5.975],
			"to": [7.95, 14.75, 6.1],
			"rotation": {"angle": 45, "axis": "y", "origin": [7.6375, 14.6875, 7.4125]},
			"faces": {
				"north": {"uv": [3.25, 3.5, 3.875, 3.375], "rotation": 180, "texture": "#0"},
				"east": {"uv": [3.75, 3.375, 3.875, 3.5], "rotation": 90, "texture": "#0"},
				"south": {"uv": [3.25, 3.5, 3.875, 3.375], "texture": "#0"},
				"west": {"uv": [3.25, 3.375, 3.375, 3.5], "rotation": 270, "texture": "#0"},
				"up": {"uv": [3.25, 3.375, 3.875, 3.5], "texture": "#0"},
				"down": {"uv": [3.875, 3.375, 3.25, 3.5], "rotation": 180, "texture": "#0"}
			}
		},
		{
			"from": [7.575, 14.625, 5.35],
			"to": [7.7, 14.75, 6.225],
			"rotation": {"angle": 45, "axis": "y", "origin": [7.6375, 14.6875, 7.4125]},
			"faces": {
				"north": {"uv": [3.5, 2.875, 3.625, 2.75], "rotation": 180, "texture": "#0"},
				"east": {"uv": [3.5, 2.75, 3.625, 3.625], "rotation": 90, "texture": "#0"},
				"south": {"uv": [3.5, 3.625, 3.625, 3.5], "texture": "#0"},
				"west": {"uv": [3.5, 2.75, 3.625, 3.625], "rotation": 270, "texture": "#0"},
				"up": {"uv": [3.5, 2.75, 3.625, 3.625], "texture": "#0"},
				"down": {"uv": [3.625, 2.75, 3.5, 3.625], "rotation": 180, "texture": "#0"}
			}
		},
		{
			"from": [7.45, 14.625, 5.725],
			"to": [7.825, 14.75, 5.975],
			"rotation": {"angle": 45, "axis": "y", "origin": [7.6375, 14.6875, 7.4125]},
			"faces": {
				"north": {"uv": [3.375, 3.25, 3.75, 3.125], "rotation": 180, "texture": "#0"},
				"east": {"uv": [3.625, 3.125, 3.75, 3.375], "rotation": 90, "texture": "#0"},
				"south": {"uv": [3.375, 3.375, 3.75, 3.25], "texture": "#0"},
				"west": {"uv": [3.375, 3.125, 3.5, 3.375], "rotation": 270, "texture": "#0"},
				"up": {"uv": [3.375, 3.125, 3.75, 3.375], "texture": "#0"},
				"down": {"uv": [3.75, 3.125, 3.375, 3.375], "rotation": 180, "texture": "#0"}
			}
		},
		{
			"from": [7.575, 14.5, 8.85],
			"to": [7.7, 14.875, 9.1],
			"rotation": {"angle": 45, "axis": "y", "origin": [7.6375, 14.6875, 7.4125]},
			"faces": {
				"north": {"uv": [4.875, 3.375, 5.25, 3.25], "rotation": 90, "texture": "#0"},
				"east": {"uv": [5.25, 3.125, 4.875, 3.375], "rotation": 270, "texture": "#0"},
				"south": {"uv": [4.875, 3.25, 5.25, 3.125], "rotation": 90, "texture": "#0"},
				"west": {"uv": [4.875, 3.125, 5.25, 3.375], "rotation": 90, "texture": "#0"},
				"up": {"uv": [4.875, 3.125, 5, 3.375], "rotation": 180, "texture": "#0"},
				"down": {"uv": [5.125, 3.125, 5.25, 3.375], "texture": "#0"}
			}
		},
		{
			"from": [7.575, 14.375, 8.725],
			"to": [7.7, 15, 8.85],
			"rotation": {"angle": 45, "axis": "y", "origin": [7.6375, 14.6875, 7.4125]},
			"faces": {
				"north": {"uv": [4.75, 3.5, 5.375, 3.375], "rotation": 90, "texture": "#0"},
				"east": {"uv": [5.375, 3.375, 4.75, 3.5], "rotation": 270, "texture": "#0"},
				"south": {"uv": [4.75, 3.5, 5.375, 3.375], "rotation": 90, "texture": "#0"},
				"west": {"uv": [4.75, 3.375, 5.375, 3.5], "rotation": 90, "texture": "#0"},
				"up": {"uv": [4.75, 3.375, 4.875, 3.5], "rotation": 180, "texture": "#0"},
				"down": {"uv": [5.25, 3.375, 5.375, 3.5], "texture": "#0"}
			}
		},
		{
			"from": [7.325, 14.625, 8.725],
			"to": [7.95, 14.75, 8.85],
			"rotation": {"angle": 45, "axis": "y", "origin": [7.6375, 14.6875, 7.4125]},
			"faces": {
				"north": {"uv": [4.75, 3.5, 5.375, 3.375], "rotation": 180, "texture": "#0"},
				"east": {"uv": [5.25, 3.375, 5.375, 3.5], "rotation": 270, "texture": "#0"},
				"south": {"uv": [4.75, 3.5, 5.375, 3.375], "texture": "#0"},
				"west": {"uv": [4.75, 3.375, 4.875, 3.5], "rotation": 90, "texture": "#0"},
				"up": {"uv": [5.375, 3.375, 4.75, 3.5], "rotation": 180, "texture": "#0"},
				"down": {"uv": [4.75, 3.375, 5.375, 3.5], "texture": "#0"}
			}
		},
		{
			"from": [7.575, 14.625, 8.6],
			"to": [7.7, 14.75, 9.475],
			"rotation": {"angle": 45, "axis": "y", "origin": [7.6375, 14.6875, 7.4125]},
			"faces": {
				"north": {"uv": [5, 3.625, 5.125, 3.5], "rotation": 180, "texture": "#0"},
				"east": {"uv": [5, 2.75, 5.125, 3.625], "rotation": 270, "texture": "#0"},
				"south": {"uv": [5, 2.875, 5.125, 2.75], "texture": "#0"},
				"west": {"uv": [5, 2.75, 5.125, 3.625], "rotation": 90, "texture": "#0"},
				"up": {"uv": [5.125, 2.75, 5, 3.625], "rotation": 180, "texture": "#0"},
				"down": {"uv": [5, 2.75, 5.125, 3.625], "texture": "#0"}
			}
		},
		{
			"from": [7.45, 14.625, 8.85],
			"to": [7.825, 14.75, 9.1],
			"rotation": {"angle": 45, "axis": "y", "origin": [7.6375, 14.6875, 7.4125]},
			"faces": {
				"north": {"uv": [4.875, 3.375, 5.25, 3.25], "rotation": 180, "texture": "#0"},
				"east": {"uv": [5.125, 3.125, 5.25, 3.375], "rotation": 270, "texture": "#0"},
				"south": {"uv": [4.875, 3.25, 5.25, 3.125], "texture": "#0"},
				"west": {"uv": [4.875, 3.125, 5, 3.375], "rotation": 90, "texture": "#0"},
				"up": {"uv": [5.25, 3.125, 4.875, 3.375], "rotation": 180, "texture": "#0"},
				"down": {"uv": [4.875, 3.125, 5.25, 3.375], "texture": "#0"}
			}
		},
		{
			"from": [9.075, 14.625, 7.225],
			"to": [9.325, 14.75, 7.6],
			"rotation": {"angle": 45, "axis": "y", "origin": [7.6375, 14.6875, 7.4125]},
			"faces": {
				"north": {"uv": [4.875, 3.125, 5, 3.375], "rotation": 270, "texture": "#0"},
				"east": {"uv": [4.875, 3.25, 5.25, 3.125], "rotation": 180, "texture": "#0"},
				"south": {"uv": [5.125, 3.125, 5.25, 3.375], "rotation": 90, "texture": "#0"},
				"west": {"uv": [4.875, 3.375, 5.25, 3.25], "texture": "#0"},
				"up": {"uv": [4.875, 3.125, 5.25, 3.375], "rotation": 90, "texture": "#0"},
				"down": {"uv": [5.25, 3.125, 4.875, 3.375], "rotation": 90, "texture": "#0"}
			}
		},
		{
			"from": [8.95, 14.625, 7.1],
			"to": [9.075, 14.75, 7.725],
			"rotation": {"angle": 45, "axis": "y", "origin": [7.6375, 14.6875, 7.4125]},
			"faces": {
				"north": {"uv": [4.75, 3.375, 4.875, 3.5], "rotation": 270, "texture": "#0"},
				"east": {"uv": [4.75, 3.5, 5.375, 3.375], "rotation": 180, "texture": "#0"},
				"south": {"uv": [5.25, 3.375, 5.375, 3.5], "rotation": 90, "texture": "#0"},
				"west": {"uv": [4.75, 3.5, 5.375, 3.375], "texture": "#0"},
				"up": {"uv": [4.75, 3.375, 5.375, 3.5], "rotation": 90, "texture": "#0"},
				"down": {"uv": [5.375, 3.375, 4.75, 3.5], "rotation": 90, "texture": "#0"}
			}
		},
		{
			"from": [8.95, 14.375, 7.35],
			"to": [9.075, 15, 7.475],
			"rotation": {"angle": 45, "axis": "y", "origin": [7.6375, 14.6875, 7.4125]},
			"faces": {
				"north": {"uv": [5.375, 3.375, 4.75, 3.5], "rotation": 270, "texture": "#0"},
				"east": {"uv": [4.75, 3.5, 5.375, 3.375], "rotation": 90, "texture": "#0"},
				"south": {"uv": [4.75, 3.375, 5.375, 3.5], "rotation": 90, "texture": "#0"},
				"west": {"uv": [4.75, 3.5, 5.375, 3.375], "rotation": 90, "texture": "#0"},
				"up": {"uv": [4.75, 3.375, 4.875, 3.5], "rotation": 90, "texture": "#0"},
				"down": {"uv": [5.25, 3.375, 5.375, 3.5], "rotation": 90, "texture": "#0"}
			}
		},
		{
			"from": [8.825, 14.625, 7.35],
			"to": [9.7, 14.75, 7.475],
			"rotation": {"angle": 45, "axis": "y", "origin": [7.6375, 14.6875, 7.4125]},
			"faces": {
				"north": {"uv": [5.125, 2.75, 5, 3.625], "rotation": 270, "texture": "#0"},
				"east": {"uv": [5, 2.875, 5.125, 2.75], "rotation": 90, "texture": "#0"},
				"south": {"uv": [5, 2.75, 5.125, 3.625], "rotation": 90, "texture": "#0"},
				"west": {"uv": [5, 3.625, 5.125, 3.5], "rotation": 90, "texture": "#0"},
				"up": {"uv": [5, 2.75, 5.125, 3.625], "rotation": 90, "texture": "#0"},
				"down": {"uv": [5, 2.75, 5.125, 3.625], "rotation": 90, "texture": "#0"}
			}
		},
		{
			"from": [9.075, 14.5, 7.35],
			"to": [9.325, 14.875, 7.475],
			"rotation": {"angle": 45, "axis": "y", "origin": [7.6375, 14.6875, 7.4125]},
			"faces": {
				"north": {"uv": [5.25, 3.125, 4.875, 3.375], "rotation": 270, "texture": "#0"},
				"east": {"uv": [4.875, 3.25, 5.25, 3.125], "rotation": 90, "texture": "#0"},
				"south": {"uv": [4.875, 3.125, 5.25, 3.375], "rotation": 90, "texture": "#0"},
				"west": {"uv": [4.875, 3.375, 5.25, 3.25], "rotation": 90, "texture": "#0"},
				"up": {"uv": [4.875, 3.125, 5, 3.375], "rotation": 90, "texture": "#0"},
				"down": {"uv": [5.125, 3.125, 5.25, 3.375], "rotation": 90, "texture": "#0"}
			}
		},
		{
			"from": [5.95, 14.625, 7.225],
			"to": [6.2, 14.75, 7.6],
			"rotation": {"angle": 45, "axis": "y", "origin": [7.6375, 14.6875, 7.4125]},
			"faces": {
				"north": {"uv": [3.375, 3.125, 3.5, 3.375], "rotation": 90, "texture": "#0"},
				"east": {"uv": [3.375, 3.375, 3.75, 3.25], "rotation": 180, "texture": "#0"},
				"south": {"uv": [3.625, 3.125, 3.75, 3.375], "rotation": 270, "texture": "#0"},
				"west": {"uv": [3.375, 3.25, 3.75, 3.125], "texture": "#0"},
				"up": {"uv": [3.75, 3.125, 3.375, 3.375], "rotation": 270, "texture": "#0"},
				"down": {"uv": [3.375, 3.125, 3.75, 3.375], "rotation": 270, "texture": "#0"}
			}
		},
		{
			"from": [6.2, 14.625, 7.1],
			"to": [6.325, 14.75, 7.725],
			"rotation": {"angle": 45, "axis": "y", "origin": [7.6375, 14.6875, 7.4125]},
			"faces": {
				"north": {"uv": [3.25, 3.375, 3.375, 3.5], "rotation": 90, "texture": "#0"},
				"east": {"uv": [3.25, 3.5, 3.875, 3.375], "rotation": 180, "texture": "#0"},
				"south": {"uv": [3.75, 3.375, 3.875, 3.5], "rotation": 270, "texture": "#0"},
				"west": {"uv": [3.25, 3.5, 3.875, 3.375], "texture": "#0"},
				"up": {"uv": [3.875, 3.375, 3.25, 3.5], "rotation": 270, "texture": "#0"},
				"down": {"uv": [3.25, 3.375, 3.875, 3.5], "rotation": 270, "texture": "#0"}
			}
		},
		{
			"from": [6.2, 14.375, 7.35],
			"to": [6.325, 15, 7.475],
			"rotation": {"angle": 45, "axis": "y", "origin": [7.6375, 14.6875, 7.4125]},
			"faces": {
				"north": {"uv": [3.875, 3.375, 3.25, 3.5], "rotation": 90, "texture": "#0"},
				"east": {"uv": [3.25, 3.5, 3.875, 3.375], "rotation": 270, "texture": "#0"},
				"south": {"uv": [3.25, 3.375, 3.875, 3.5], "rotation": 270, "texture": "#0"},
				"west": {"uv": [3.25, 3.5, 3.875, 3.375], "rotation": 270, "texture": "#0"},
				"up": {"uv": [3.75, 3.375, 3.875, 3.5], "rotation": 270, "texture": "#0"},
				"down": {"uv": [3.25, 3.375, 3.375, 3.5], "rotation": 270, "texture": "#0"}
			}
		},
		{
			"from": [5.575, 14.625, 7.35],
			"to": [6.45, 14.75, 7.475],
			"rotation": {"angle": 45, "axis": "y", "origin": [7.6375, 14.6875, 7.4125]},
			"faces": {
				"north": {"uv": [3.625, 2.75, 3.5, 3.625], "rotation": 90, "texture": "#0"},
				"east": {"uv": [3.5, 3.625, 3.625, 3.5], "rotation": 270, "texture": "#0"},
				"south": {"uv": [3.5, 2.75, 3.625, 3.625], "rotation": 270, "texture": "#0"},
				"west": {"uv": [3.5, 2.875, 3.625, 2.75], "rotation": 270, "texture": "#0"},
				"up": {"uv": [3.5, 2.75, 3.625, 3.625], "rotation": 270, "texture": "#0"},
				"down": {"uv": [3.5, 2.75, 3.625, 3.625], "rotation": 270, "texture": "#0"}
			}
		},
		{
			"from": [5.95, 14.5, 7.35],
			"to": [6.2, 14.875, 7.475],
			"rotation": {"angle": 45, "axis": "y", "origin": [7.6375, 14.6875, 7.4125]},
			"faces": {
				"north": {"uv": [3.75, 3.125, 3.375, 3.375], "rotation": 90, "texture": "#0"},
				"east": {"uv": [3.375, 3.375, 3.75, 3.25], "rotation": 270, "texture": "#0"},
				"south": {"uv": [3.375, 3.125, 3.75, 3.375], "rotation": 270, "texture": "#0"},
				"west": {"uv": [3.375, 3.25, 3.75, 3.125], "rotation": 270, "texture": "#0"},
				"up": {"uv": [3.625, 3.125, 3.75, 3.375], "rotation": 270, "texture": "#0"},
				"down": {"uv": [3.375, 3.125, 3.5, 3.375], "rotation": 270, "texture": "#0"}
			}
		},
		{
			"from": [7.325, 16, 7.35],
			"to": [7.95, 16.125, 7.475],
			"rotation": {"angle": 0, "axis": "y", "origin": [7.6375, 14.6875, 7.4125]},
			"faces": {
				"north": {"uv": [4.625, 3.375, 4, 3.5], "texture": "#0"},
				"east": {"uv": [4.5, 3.375, 4.625, 3.5], "texture": "#0"},
				"south": {"uv": [4, 3.375, 4.625, 3.5], "texture": "#0"},
				"west": {"uv": [4, 3.375, 4.125, 3.5], "texture": "#0"},
				"up": {"uv": [4, 3.5, 4.625, 3.375], "texture": "#0"},
				"down": {"uv": [4, 3.5, 4.625, 3.375], "texture": "#0"}
			}
		},
		{
			"from": [7.575, 16.125, 7.225],
			"to": [7.7, 16.375, 7.6],
			"rotation": {"angle": 0, "axis": "y", "origin": [7.6375, 14.6875, 7.4125]},
			"faces": {
				"north": {"uv": [4.125, 3.125, 4.25, 3.375], "texture": "#0"},
				"east": {"uv": [4.5, 3.125, 4.125, 3.375], "texture": "#0"},
				"south": {"uv": [4.375, 3.125, 4.5, 3.375], "texture": "#0"},
				"west": {"uv": [4.125, 3.125, 4.5, 3.375], "texture": "#0"},
				"up": {"uv": [4.125, 3.25, 4.5, 3.125], "rotation": 90, "texture": "#0"},
				"down": {"uv": [4.125, 3.375, 4.5, 3.25], "rotation": 270, "texture": "#0"}
			}
		},
		{
			"from": [7.575, 16, 7.1],
			"to": [7.7, 16.125, 7.725],
			"rotation": {"angle": 0, "axis": "y", "origin": [7.6375, 14.6875, 7.4125]},
			"faces": {
				"north": {"uv": [4, 3.375, 4.125, 3.5], "texture": "#0"},
				"east": {"uv": [4.625, 3.375, 4, 3.5], "texture": "#0"},
				"south": {"uv": [4.5, 3.375, 4.625, 3.5], "texture": "#0"},
				"west": {"uv": [4, 3.375, 4.625, 3.5], "texture": "#0"},
				"up": {"uv": [4, 3.5, 4.625, 3.375], "rotation": 90, "texture": "#0"},
				"down": {"uv": [4, 3.5, 4.625, 3.375], "rotation": 270, "texture": "#0"}
			}
		}
	],
	"gui_light": "front",
	"display": {
		"thirdperson_righthand": {
			"rotation": [0, -90, 0],
			"translation": [-1.5, 1.25, 1.5],
			"scale": [1.65, 1.65, 1.65]
		},
		"thirdperson_lefthand": {
			"rotation": [0, 90, 0],
			"translation": [0.5, 1, 1.5],
			"scale": [1.65, 1.65, 1.65]
		},
		"firstperson_righthand": {
			"rotation": [55, -90, 60],
			"translation": [-1.25, 2.25, 1.5],
			"scale": [1.3, 1.3, 1.3]
		},
		"firstperson_lefthand": {
			"rotation": [-65, 90, 60],
			"translation": [-0.75, 2.25, 1.5],
			"scale": [1.3, 1.3, 1.3]
		},
		"ground": {
			"rotation": [-45, 90, 0],
			"translation": [0, 1.5, 0],
			"scale": [0.6, 0.6, 0.6]
		},
		"gui": {
			"rotation": [0, 0, -45],
			"translation": [-2.75, -3.75, 0],
			"scale": [1.7, 1.7, 1.7]
		},
		"head": {
			"translation": [0, 9.75, 0]
		},
		"fixed": {
			"rotation": [180, 0, 135],
			"translation": [2.75, -3.75, -0.75],
			"scale": [2, 2, 2]
		}
	}
}