{
	"credit": "Made with Blockbench",
	"textures": {
		"1": "./lynx_claws",
		"particle": "./lynx_claws"
	},
	"elements": [
		{
			"from": [5.55, 5.3, 5.25],
			"to": [10.05, 6.175, 9.75],
			"faces": {
				"north": {"uv": [0.75, 10.5, 1, 15], "rotation": 90, "texture": "#1"},
				"east": {"uv": [5.25, 14.75, 0.75, 15], "texture": "#1"},
				"south": {"uv": [5, 15, 5.25, 10.5], "rotation": 90, "texture": "#1"},
				"west": {"uv": [0.75, 10.5, 5.25, 10.75], "texture": "#1"},
				"up": {"uv": [0.75, 15, 5.25, 10.5], "rotation": 90, "texture": "#1"},
				"down": {"uv": [10.5, 15, 6, 10.5], "rotation": 90, "texture": "#1"}
			}
		},
		{
			"from": [6.3, 6.175, 7],
			"to": [9.3, 6.35, 8],
			"faces": {
				"north": {"uv": [2.5, 11.25, 2.75, 14.25], "rotation": 90, "texture": "#1"},
				"east": {"uv": [3.5, 14, 2.5, 14.25], "texture": "#1"},
				"south": {"uv": [3.25, 14.25, 3.5, 11.25], "rotation": 90, "texture": "#1"},
				"west": {"uv": [2.5, 11.25, 3.5, 11.5], "texture": "#1"},
				"up": {"uv": [2.5, 14.25, 3.5, 11.25], "rotation": 90, "texture": "#1"}
			}
		},
		{
			"from": [6.55, 6.175, 6.5],
			"to": [9.05, 6.35, 7],
			"faces": {
				"north": {"uv": [2, 11.5, 2.25, 14], "rotation": 90, "texture": "#1"},
				"east": {"uv": [2.5, 13.75, 2, 14], "texture": "#1"},
				"south": {"uv": [2.25, 11.5, 2.5, 14], "rotation": 90, "texture": "#1"},
				"west": {"uv": [2, 11.5, 2.5, 11.75], "texture": "#1"},
				"up": {"uv": [2, 14, 2.5, 11.5], "rotation": 90, "texture": "#1"}
			}
		},
		{
			"from": [6.55, 6.175, 8],
			"to": [9.05, 6.35, 8.5],
			"faces": {
				"north": {"uv": [3.5, 11.5, 3.75, 14], "rotation": 90, "texture": "#1"},
				"east": {"uv": [4, 13.75, 3.5, 14], "texture": "#1"},
				"south": {"uv": [3.75, 14, 4, 11.5], "rotation": 90, "texture": "#1"},
				"west": {"uv": [3.5, 11.5, 4, 11.75], "texture": "#1"},
				"up": {"uv": [3.5, 14, 4, 11.5], "rotation": 90, "texture": "#1"}
			}
		},
		{
			"from": [6.8, 6.35, 6.5],
			"to": [8.8, 6.525, 7],
			"faces": {
				"north": {"uv": [2, 11.75, 2.25, 13.75], "rotation": 90, "texture": "#1"},
				"east": {"uv": [2.5, 13.5, 2, 13.75], "texture": "#1"},
				"south": {"uv": [2.25, 11.75, 2.5, 13.75], "rotation": 90, "texture": "#1"},
				"west": {"uv": [2, 11.75, 2.5, 12], "texture": "#1"},
				"up": {"uv": [2, 13.75, 2.5, 11.75], "rotation": 90, "texture": "#1"}
			}
		},
		{
			"from": [6.55, 6.35, 7],
			"to": [9.05, 6.525, 8],
			"faces": {
				"north": {"uv": [2.5, 11.5, 2.75, 14], "rotation": 90, "texture": "#1"},
				"east": {"uv": [3.5, 13.75, 2.5, 14], "texture": "#1"},
				"south": {"uv": [3.25, 14, 3.5, 11.5], "rotation": 90, "texture": "#1"},
				"west": {"uv": [2.5, 11.5, 3.5, 11.75], "texture": "#1"},
				"up": {"uv": [2.5, 14, 3.5, 11.5], "rotation": 90, "texture": "#1"}
			}
		},
		{
			"from": [7.3, 6.35, 6.25],
			"to": [8.3, 6.525, 6.5],
			"faces": {
				"north": {"uv": [1.75, 12.25, 2, 13.25], "rotation": 90, "texture": "#1"},
				"east": {"uv": [2, 13, 1.75, 13.25], "texture": "#1"},
				"south": {"uv": [1.75, 12.25, 2, 13.25], "rotation": 90, "texture": "#1"},
				"west": {"uv": [1.75, 12.25, 2, 12.5], "texture": "#1"},
				"up": {"uv": [1.75, 13.25, 2, 12.25], "rotation": 90, "texture": "#1"}
			}
		},
		{
			"from": [7.3, 6.35, 8.5],
			"to": [8.3, 6.525, 8.75],
			"faces": {
				"north": {"uv": [4, 12.25, 4.25, 13.25], "rotation": 90, "texture": "#1"},
				"east": {"uv": [4.25, 13, 4, 13.25], "texture": "#1"},
				"south": {"uv": [4, 13.25, 4.25, 12.25], "rotation": 90, "texture": "#1"},
				"west": {"uv": [4, 12.25, 4.25, 12.5], "texture": "#1"},
				"up": {"uv": [4, 13.25, 4.25, 12.25], "rotation": 90, "texture": "#1"}
			}
		},
		{
			"from": [6.8, 6.35, 8],
			"to": [8.8, 6.525, 8.5],
			"faces": {
				"north": {"uv": [3.5, 11.75, 3.75, 13.75], "rotation": 90, "texture": "#1"},
				"east": {"uv": [4, 13.5, 3.5, 13.75], "texture": "#1"},
				"south": {"uv": [3.75, 13.75, 4, 11.75], "rotation": 90, "texture": "#1"},
				"west": {"uv": [3.5, 11.75, 4, 12], "texture": "#1"},
				"up": {"uv": [3.5, 13.75, 4, 11.75], "rotation": 90, "texture": "#1"}
			}
		},
		{
			"from": [6.8, 6.175, 8.5],
			"to": [8.8, 6.35, 8.75],
			"faces": {
				"north": {"uv": [4, 11.75, 4.25, 13.75], "rotation": 90, "texture": "#1"},
				"east": {"uv": [4.25, 13.5, 4, 13.75], "texture": "#1"},
				"south": {"uv": [4, 13.75, 4.25, 11.75], "rotation": 90, "texture": "#1"},
				"west": {"uv": [4, 11.75, 4.25, 12], "texture": "#1"},
				"up": {"uv": [4, 13.75, 4.25, 11.75], "rotation": 90, "texture": "#1"}
			}
		},
		{
			"from": [6.8, 6.175, 6.25],
			"to": [8.8, 6.35, 6.5],
			"faces": {
				"north": {"uv": [1.75, 11.75, 2, 13.75], "rotation": 90, "texture": "#1"},
				"east": {"uv": [2, 13.5, 1.75, 13.75], "texture": "#1"},
				"south": {"uv": [1.75, 11.75, 2, 13.75], "rotation": 90, "texture": "#1"},
				"west": {"uv": [1.75, 11.75, 2, 12], "texture": "#1"},
				"up": {"uv": [1.75, 13.75, 2, 11.75], "rotation": 90, "texture": "#1"}
			}
		},
		{
			"from": [7.3, 6.175, 6],
			"to": [8.3, 6.35, 6.25],
			"faces": {
				"north": {"uv": [1.5, 12.25, 1.75, 13.25], "rotation": 90, "texture": "#1"},
				"east": {"uv": [1.75, 13, 1.5, 13.25], "texture": "#1"},
				"south": {"uv": [1.5, 12.25, 1.75, 13.25], "rotation": 90, "texture": "#1"},
				"west": {"uv": [1.5, 12.25, 1.75, 12.5], "texture": "#1"},
				"up": {"uv": [1.5, 13.25, 1.75, 12.25], "rotation": 90, "texture": "#1"}
			}
		},
		{
			"from": [7.3, 6.175, 8.75],
			"to": [8.3, 6.35, 9],
			"faces": {
				"north": {"uv": [4.25, 12.25, 4.5, 13.25], "rotation": 90, "texture": "#1"},
				"east": {"uv": [4.5, 13, 4.25, 13.25], "texture": "#1"},
				"south": {"uv": [4.25, 13.25, 4.5, 12.25], "rotation": 90, "texture": "#1"},
				"west": {"uv": [4.25, 12.25, 4.5, 12.5], "texture": "#1"},
				"up": {"uv": [4.25, 13.25, 4.5, 12.25], "rotation": 90, "texture": "#1"}
			}
		},
		{
			"from": [5.55, 2.55, 5.8],
			"to": [6.05, 3.05, 9.1],
			"faces": {
				"north": {"uv": [11, 11.75, 11.25, 12.25], "rotation": 90, "texture": "#1"},
				"east": {"uv": [15.5, 11.75, 11, 12], "texture": "#1"},
				"south": {"uv": [15.25, 11.75, 15.5, 12.25], "rotation": 90, "texture": "#1"},
				"west": {"uv": [11, 12, 15.5, 12.25], "texture": "#1"},
				"up": {"uv": [11, 11.75, 15.5, 12.25], "rotation": 90, "texture": "#1"},
				"down": {"uv": [15.5, 11.75, 11, 12.25], "rotation": 90, "texture": "#1"}
			}
		},
		{
			"from": [5.55, 4.8, 9.2],
			"to": [6.8, 5.3, 9.75],
			"faces": {
				"north": {"uv": [12.75, 12.25, 14, 12.75], "texture": "#1"},
				"east": {"uv": [13, 12.25, 12.75, 12.75], "texture": "#1"},
				"south": {"uv": [14, 12.25, 12.75, 12.75], "texture": "#1"},
				"west": {"uv": [13.75, 12.25, 14, 12.75], "texture": "#1"},
				"up": {"uv": [12.75, 12.25, 14, 12.5], "rotation": 90, "texture": "#1"},
				"down": {"uv": [12.75, 12.5, 14, 12.75], "rotation": 270, "texture": "#1"}
			}
		},
		{
			"from": [6.05, 2.55, 9.1],
			"to": [6.3, 3.05, 9.85],
			"faces": {
				"north": {"uv": [13.25, 14.5, 13.5, 15], "texture": "#1"},
				"east": {"uv": [13.5, 14.5, 13.25, 15], "texture": "#1"},
				"south": {"uv": [13.5, 14.5, 13.25, 15], "texture": "#1"},
				"west": {"uv": [13.25, 14.5, 13.5, 15], "texture": "#1"},
				"up": {"uv": [13.25, 14.5, 13.5, 14.75], "rotation": 90, "texture": "#1"},
				"down": {"uv": [13.25, 14.75, 13.5, 15], "rotation": 270, "texture": "#1"}
			}
		},
		{
			"from": [5.55, 2.3, 9.1],
			"to": [6.05, 3.3, 9.85],
			"faces": {
				"north": {"uv": [13.5, 14.25, 14, 15.25], "texture": "#1"},
				"east": {"uv": [14, 14.25, 13.5, 15.25], "texture": "#1"},
				"south": {"uv": [14, 14.25, 13.5, 15.25], "texture": "#1"},
				"west": {"uv": [13.5, 14.25, 14, 15.25], "texture": "#1"},
				"up": {"uv": [13.5, 14.25, 14, 14.5], "rotation": 90, "texture": "#1"},
				"down": {"uv": [13.5, 15, 14, 15.25], "rotation": 270, "texture": "#1"}
			}
		},
		{
			"from": [5.55, 3.3, 9.2],
			"to": [6.05, 3.8, 9.75],
			"faces": {
				"north": {"uv": [13.5, 13.75, 14, 14.25], "texture": "#1"},
				"east": {"uv": [13.75, 13.75, 13.5, 14.25], "texture": "#1"},
				"south": {"uv": [14, 13.75, 13.5, 14.25], "texture": "#1"},
				"west": {"uv": [13.75, 13.75, 14, 14.25], "texture": "#1"},
				"up": {"uv": [13.5, 13.75, 14, 14], "rotation": 90, "texture": "#1"},
				"down": {"uv": [13.5, 14, 14, 14.25], "rotation": 270, "texture": "#1"}
			}
		},
		{
			"from": [5.55, 4.3, 9.2],
			"to": [6.55, 4.8, 9.75],
			"faces": {
				"north": {"uv": [13, 12.75, 14, 13.25], "texture": "#1"},
				"east": {"uv": [13.25, 12.75, 13, 13.25], "texture": "#1"},
				"south": {"uv": [14, 12.75, 13, 13.25], "texture": "#1"},
				"west": {"uv": [13.75, 12.75, 14, 13.25], "texture": "#1"},
				"up": {"uv": [13, 12.75, 14, 13], "rotation": 90, "texture": "#1"},
				"down": {"uv": [13, 13, 14, 13.25], "rotation": 270, "texture": "#1"}
			}
		},
		{
			"from": [5.55, 3.8, 9.2],
			"to": [6.3, 4.3, 9.75],
			"faces": {
				"north": {"uv": [13.25, 13.25, 14, 13.75], "texture": "#1"},
				"east": {"uv": [13.5, 13.25, 13.25, 13.75], "texture": "#1"},
				"south": {"uv": [14, 13.25, 13.25, 13.75], "texture": "#1"},
				"west": {"uv": [13.75, 13.25, 14, 13.75], "texture": "#1"},
				"up": {"uv": [13.25, 13.25, 14, 13.5], "rotation": 90, "texture": "#1"},
				"down": {"uv": [13.25, 13.5, 14, 13.75], "rotation": 270, "texture": "#1"}
			}
		},
		{
			"from": [5.3, 2.55, 9.1],
			"to": [5.55, 3.05, 9.85],
			"faces": {
				"north": {"uv": [14, 14.5, 14.25, 15], "texture": "#1"},
				"east": {"uv": [14.25, 14.5, 14, 15], "texture": "#1"},
				"south": {"uv": [14.25, 14.5, 14, 15], "texture": "#1"},
				"west": {"uv": [14, 14.5, 14.25, 15], "texture": "#1"},
				"up": {"uv": [14, 14.5, 14.25, 14.75], "rotation": 90, "texture": "#1"},
				"down": {"uv": [14, 14.75, 14.25, 15], "rotation": 270, "texture": "#1"}
			}
		},
		{
			"from": [6.05, 2.55, 5.15],
			"to": [6.3, 3.05, 5.9],
			"faces": {
				"north": {"uv": [11.5, 14.5, 11.75, 15], "texture": "#1"},
				"east": {"uv": [11.75, 14.5, 11.5, 15], "texture": "#1"},
				"south": {"uv": [11.75, 14.5, 11.5, 15], "texture": "#1"},
				"west": {"uv": [11.5, 14.5, 11.75, 15], "texture": "#1"},
				"up": {"uv": [11.5, 14.5, 11.75, 14.75], "rotation": 90, "texture": "#1"},
				"down": {"uv": [11.5, 14.75, 11.75, 15], "rotation": 270, "texture": "#1"}
			}
		},
		{
			"from": [5.55, 2.3, 5.15],
			"to": [6.05, 3.3, 5.9],
			"faces": {
				"north": {"uv": [11.75, 14.25, 12.25, 15.25], "texture": "#1"},
				"east": {"uv": [12.25, 14.25, 11.75, 15.25], "texture": "#1"},
				"south": {"uv": [12.25, 14.25, 11.75, 15.25], "texture": "#1"},
				"west": {"uv": [11.75, 14.25, 12.25, 15.25], "texture": "#1"},
				"up": {"uv": [11.75, 14.25, 12.25, 14.5], "rotation": 90, "texture": "#1"},
				"down": {"uv": [11.75, 15, 12.25, 15.25], "rotation": 270, "texture": "#1"}
			}
		},
		{
			"from": [5.55, 3.3, 5.25],
			"to": [6.05, 3.8, 5.8],
			"faces": {
				"north": {"uv": [11.75, 13.75, 12.25, 14.25], "texture": "#1"},
				"east": {"uv": [12, 13.75, 11.75, 14.25], "texture": "#1"},
				"south": {"uv": [12.25, 13.75, 11.75, 14.25], "texture": "#1"},
				"west": {"uv": [12, 13.75, 12.25, 14.25], "texture": "#1"},
				"up": {"uv": [11.75, 13.75, 12.25, 14], "rotation": 90, "texture": "#1"},
				"down": {"uv": [11.75, 14, 12.25, 14.25], "rotation": 270, "texture": "#1"}
			}
		},
		{
			"from": [5.55, 3.8, 5.25],
			"to": [6.3, 4.3, 5.8],
			"faces": {
				"north": {"uv": [11.5, 13.25, 12.25, 13.75], "texture": "#1"},
				"east": {"uv": [11.75, 13.25, 11.5, 13.75], "texture": "#1"},
				"south": {"uv": [12.25, 13.25, 11.5, 13.75], "texture": "#1"},
				"west": {"uv": [12, 13.25, 12.25, 13.75], "texture": "#1"},
				"up": {"uv": [11.5, 13.25, 12.25, 13.5], "rotation": 90, "texture": "#1"},
				"down": {"uv": [11.5, 13.5, 12.25, 13.75], "rotation": 270, "texture": "#1"}
			}
		},
		{
			"from": [5.55, 4.3, 5.25],
			"to": [6.55, 4.8, 5.8],
			"faces": {
				"north": {"uv": [11.25, 12.75, 12.25, 13.25], "texture": "#1"},
				"east": {"uv": [11.5, 12.75, 11.25, 13.25], "texture": "#1"},
				"south": {"uv": [12.25, 12.75, 11.25, 13.25], "texture": "#1"},
				"west": {"uv": [12, 12.75, 12.25, 13.25], "texture": "#1"},
				"up": {"uv": [11.25, 12.75, 12.25, 13], "rotation": 90, "texture": "#1"},
				"down": {"uv": [11.25, 13, 12.25, 13.25], "rotation": 270, "texture": "#1"}
			}
		},
		{
			"from": [5.55, 4.8, 5.25],
			"to": [6.8, 5.3, 5.8],
			"faces": {
				"north": {"uv": [11, 12.25, 12.25, 12.75], "texture": "#1"},
				"east": {"uv": [11.25, 12.25, 11, 12.75], "texture": "#1"},
				"south": {"uv": [12.25, 12.25, 11, 12.75], "texture": "#1"},
				"west": {"uv": [12, 12.25, 12.25, 12.75], "texture": "#1"},
				"up": {"uv": [11, 12.25, 12.25, 12.5], "rotation": 90, "texture": "#1"},
				"down": {"uv": [11, 12.5, 12.25, 12.75], "rotation": 270, "texture": "#1"}
			}
		},
		{
			"from": [5.3, 2.55, 5.15],
			"to": [5.55, 3.05, 5.9],
			"faces": {
				"north": {"uv": [12.25, 14.5, 12.5, 15], "texture": "#1"},
				"east": {"uv": [12.5, 14.5, 12.25, 15], "texture": "#1"},
				"south": {"uv": [12.5, 14.5, 12.25, 15], "texture": "#1"},
				"west": {"uv": [12.25, 14.5, 12.5, 15], "texture": "#1"},
				"up": {"uv": [12.25, 14.5, 12.5, 14.75], "rotation": 90, "texture": "#1"},
				"down": {"uv": [12.25, 14.75, 12.5, 15], "rotation": 270, "texture": "#1"}
			}
		},
		{
			"from": [-4.2, 4.35, 9],
			"to": [-3.95, 4.6, 9.5],
			"faces": {
				"north": {"uv": [14.75, 6, 15, 6.25], "texture": "#1"},
				"east": {"uv": [15, 6, 14.75, 6.25], "texture": "#1"},
				"south": {"uv": [15, 6, 14.75, 6.25], "texture": "#1"},
				"west": {"uv": [14.75, 6, 15, 6.25], "texture": "#1"},
				"up": {"uv": [15, 6.25, 14.75, 6], "texture": "#1"},
				"down": {"uv": [15, 6.25, 14.75, 6], "texture": "#1"}
			}
		},
		{
			"from": [-3.7, 4.8, 9],
			"to": [-3.45, 5.05, 9.5],
			"faces": {
				"north": {"uv": [14.25, 5.5, 14.5, 5.75], "texture": "#1"},
				"east": {"uv": [14.5, 5.5, 14.25, 5.75], "texture": "#1"},
				"south": {"uv": [14.5, 5.5, 14.25, 5.75], "texture": "#1"},
				"west": {"uv": [14.25, 5.5, 14.5, 5.75], "texture": "#1"},
				"up": {"uv": [14.5, 5.75, 14.25, 5.5], "texture": "#1"},
				"down": {"uv": [14.25, 5.75, 14.5, 5.5], "texture": "#1"}
			}
		},
		{
			"from": [-3.95, 4.3, 9],
			"to": [-3.45, 4.8, 9.5],
			"faces": {
				"north": {"uv": [14.25, 5.75, 14.75, 6.25], "texture": "#1"},
				"east": {"uv": [14.5, 5.75, 14.25, 6.25], "texture": "#1"},
				"south": {"uv": [14.75, 5.75, 14.25, 6.25], "texture": "#1"},
				"west": {"uv": [14.5, 5.75, 14.75, 6.25], "texture": "#1"},
				"up": {"uv": [14.75, 6, 14.25, 5.75], "texture": "#1"},
				"down": {"uv": [14.75, 6.25, 14.25, 6], "texture": "#1"}
			}
		},
		{
			"from": [-3.2, 4.55, 9],
			"to": [-2.7, 5.3, 9.5],
			"faces": {
				"north": {"uv": [13.5, 5.25, 14, 6], "texture": "#1"},
				"east": {"uv": [13.75, 5.25, 13.5, 6], "texture": "#1"},
				"south": {"uv": [14, 5.25, 13.5, 6], "texture": "#1"},
				"west": {"uv": [13.75, 5.25, 14, 6], "texture": "#1"},
				"up": {"uv": [14, 5.5, 13.5, 5.25], "texture": "#1"},
				"down": {"uv": [14, 6, 13.5, 5.75], "texture": "#1"}
			}
		},
		{
			"from": [-3.45, 4.55, 9],
			"to": [-3.2, 5.05, 9.5],
			"faces": {
				"north": {"uv": [14, 5.5, 14.25, 6], "texture": "#1"},
				"east": {"uv": [14.25, 5.5, 14, 6], "texture": "#1"},
				"south": {"uv": [14.25, 5.5, 14, 6], "texture": "#1"},
				"west": {"uv": [14, 5.5, 14.25, 6], "texture": "#1"},
				"up": {"uv": [14.25, 5.75, 14, 5.5], "texture": "#1"},
				"down": {"uv": [14.25, 6, 14, 5.75], "texture": "#1"}
			}
		},
		{
			"from": [-2.2, 4.8, 9],
			"to": [-1.7, 5.8, 9.5],
			"faces": {
				"north": {"uv": [12.5, 4.75, 13, 5.75], "texture": "#1"},
				"east": {"uv": [12.75, 4.75, 12.5, 5.75], "texture": "#1"},
				"south": {"uv": [13, 4.75, 12.5, 5.75], "texture": "#1"},
				"west": {"uv": [12.75, 4.75, 13, 5.75], "texture": "#1"},
				"up": {"uv": [13, 5, 12.5, 4.75], "texture": "#1"},
				"down": {"uv": [13, 5.75, 12.5, 5.5], "texture": "#1"}
			}
		},
		{
			"from": [-2.7, 4.8, 9],
			"to": [-2.2, 5.55, 9.5],
			"faces": {
				"north": {"uv": [13, 5, 13.5, 5.75], "texture": "#1"},
				"east": {"uv": [13.25, 5, 13, 5.75], "texture": "#1"},
				"south": {"uv": [13.5, 5, 13, 5.75], "texture": "#1"},
				"west": {"uv": [13.25, 5, 13.5, 5.75], "texture": "#1"},
				"up": {"uv": [13.5, 5.25, 13, 5], "texture": "#1"},
				"down": {"uv": [13.5, 5.75, 13, 5.5], "texture": "#1"}
			}
		},
		{
			"from": [-1.7, 5.05, 9],
			"to": [-0.45, 6.05, 9.5],
			"faces": {
				"north": {"uv": [11.25, 4.5, 12.5, 5.5], "texture": "#1"},
				"east": {"uv": [11.5, 4.5, 11.25, 5.5], "texture": "#1"},
				"south": {"uv": [12.5, 4.5, 11.25, 5.5], "texture": "#1"},
				"west": {"uv": [12.25, 4.5, 12.5, 5.5], "texture": "#1"},
				"up": {"uv": [12.5, 4.75, 11.25, 4.5], "texture": "#1"},
				"down": {"uv": [12.5, 5.5, 11.25, 5.25], "texture": "#1"}
			}
		},
		{
			"from": [-0.45, 5.3, 9],
			"to": [4.55, 6.3, 9.5],
			"faces": {
				"north": {"uv": [6.25, 4.25, 11.25, 5.25], "texture": "#1"},
				"east": {"uv": [6.5, 4.25, 6.25, 5.25], "texture": "#1"},
				"south": {"uv": [11.25, 4.25, 6.25, 5.25], "texture": "#1"},
				"west": {"uv": [11, 4.25, 11.25, 5.25], "texture": "#1"},
				"up": {"uv": [11.25, 4.25, 6.25, 4.5], "texture": "#1"},
				"down": {"uv": [11.25, 5.25, 6.25, 5], "texture": "#1"}
			}
		},
		{
			"from": [-4.2, 4.35, 7.25],
			"to": [-3.95, 4.6, 7.75],
			"faces": {
				"north": {"uv": [14.75, 6, 15, 6.25], "texture": "#1"},
				"east": {"uv": [15, 6, 14.75, 6.25], "texture": "#1"},
				"south": {"uv": [15, 6, 14.75, 6.25], "texture": "#1"},
				"west": {"uv": [14.75, 6, 15, 6.25], "texture": "#1"},
				"up": {"uv": [15, 6.25, 14.75, 6], "texture": "#1"},
				"down": {"uv": [15, 6.25, 14.75, 6], "texture": "#1"}
			}
		},
		{
			"from": [-3.7, 4.8, 7.25],
			"to": [-3.45, 5.05, 7.75],
			"faces": {
				"north": {"uv": [14.25, 5.5, 14.5, 5.75], "texture": "#1"},
				"east": {"uv": [14.5, 5.5, 14.25, 5.75], "texture": "#1"},
				"south": {"uv": [14.5, 5.5, 14.25, 5.75], "texture": "#1"},
				"west": {"uv": [14.25, 5.5, 14.5, 5.75], "texture": "#1"},
				"up": {"uv": [14.5, 5.75, 14.25, 5.5], "texture": "#1"},
				"down": {"uv": [14.25, 5.75, 14.5, 5.5], "texture": "#1"}
			}
		},
		{
			"from": [-3.95, 4.3, 7.25],
			"to": [-3.45, 4.8, 7.75],
			"faces": {
				"north": {"uv": [14.25, 5.75, 14.75, 6.25], "texture": "#1"},
				"east": {"uv": [14.5, 5.75, 14.25, 6.25], "texture": "#1"},
				"south": {"uv": [14.75, 5.75, 14.25, 6.25], "texture": "#1"},
				"west": {"uv": [14.5, 5.75, 14.75, 6.25], "texture": "#1"},
				"up": {"uv": [14.75, 6, 14.25, 5.75], "texture": "#1"},
				"down": {"uv": [14.75, 6.25, 14.25, 6], "texture": "#1"}
			}
		},
		{
			"from": [-3.2, 4.55, 7.25],
			"to": [-2.7, 5.3, 7.75],
			"faces": {
				"north": {"uv": [13.5, 5.25, 14, 6], "texture": "#1"},
				"east": {"uv": [13.75, 5.25, 13.5, 6], "texture": "#1"},
				"south": {"uv": [14, 5.25, 13.5, 6], "texture": "#1"},
				"west": {"uv": [13.75, 5.25, 14, 6], "texture": "#1"},
				"up": {"uv": [14, 5.5, 13.5, 5.25], "texture": "#1"},
				"down": {"uv": [14, 6, 13.5, 5.75], "texture": "#1"}
			}
		},
		{
			"from": [-3.45, 4.55, 7.25],
			"to": [-3.2, 5.05, 7.75],
			"faces": {
				"north": {"uv": [14, 5.5, 14.25, 6], "texture": "#1"},
				"east": {"uv": [14.25, 5.5, 14, 6], "texture": "#1"},
				"south": {"uv": [14.25, 5.5, 14, 6], "texture": "#1"},
				"west": {"uv": [14, 5.5, 14.25, 6], "texture": "#1"},
				"up": {"uv": [14.25, 5.75, 14, 5.5], "texture": "#1"},
				"down": {"uv": [14.25, 6, 14, 5.75], "texture": "#1"}
			}
		},
		{
			"from": [-2.2, 4.8, 7.25],
			"to": [-1.7, 5.8, 7.75],
			"faces": {
				"north": {"uv": [12.5, 4.75, 13, 5.75], "texture": "#1"},
				"east": {"uv": [12.75, 4.75, 12.5, 5.75], "texture": "#1"},
				"south": {"uv": [13, 4.75, 12.5, 5.75], "texture": "#1"},
				"west": {"uv": [12.75, 4.75, 13, 5.75], "texture": "#1"},
				"up": {"uv": [13, 5, 12.5, 4.75], "texture": "#1"},
				"down": {"uv": [13, 5.75, 12.5, 5.5], "texture": "#1"}
			}
		},
		{
			"from": [-2.7, 4.8, 7.25],
			"to": [-2.2, 5.55, 7.75],
			"faces": {
				"north": {"uv": [13, 5, 13.5, 5.75], "texture": "#1"},
				"east": {"uv": [13.25, 5, 13, 5.75], "texture": "#1"},
				"south": {"uv": [13.5, 5, 13, 5.75], "texture": "#1"},
				"west": {"uv": [13.25, 5, 13.5, 5.75], "texture": "#1"},
				"up": {"uv": [13.5, 5.25, 13, 5], "texture": "#1"},
				"down": {"uv": [13.5, 5.75, 13, 5.5], "texture": "#1"}
			}
		},
		{
			"from": [-1.7, 5.05, 7.25],
			"to": [-0.45, 6.05, 7.75],
			"faces": {
				"north": {"uv": [11.25, 4.5, 12.5, 5.5], "texture": "#1"},
				"east": {"uv": [11.5, 4.5, 11.25, 5.5], "texture": "#1"},
				"south": {"uv": [12.5, 4.5, 11.25, 5.5], "texture": "#1"},
				"west": {"uv": [12.25, 4.5, 12.5, 5.5], "texture": "#1"},
				"up": {"uv": [12.5, 4.75, 11.25, 4.5], "texture": "#1"},
				"down": {"uv": [12.5, 5.5, 11.25, 5.25], "texture": "#1"}
			}
		},
		{
			"from": [-0.45, 5.3, 7.25],
			"to": [4.55, 6.3, 7.75],
			"faces": {
				"north": {"uv": [6.25, 4.25, 11.25, 5.25], "texture": "#1"},
				"east": {"uv": [6.5, 4.25, 6.25, 5.25], "texture": "#1"},
				"south": {"uv": [11.25, 4.25, 6.25, 5.25], "texture": "#1"},
				"west": {"uv": [11, 4.25, 11.25, 5.25], "texture": "#1"},
				"up": {"uv": [11.25, 4.25, 6.25, 4.5], "texture": "#1"},
				"down": {"uv": [11.25, 5.25, 6.25, 5], "texture": "#1"}
			}
		},
		{
			"from": [-4.2, 4.35, 5.5],
			"to": [-3.95, 4.6, 6],
			"faces": {
				"north": {"uv": [14.75, 6, 15, 6.25], "texture": "#1"},
				"east": {"uv": [15, 6, 14.75, 6.25], "texture": "#1"},
				"south": {"uv": [15, 6, 14.75, 6.25], "texture": "#1"},
				"west": {"uv": [14.75, 6, 15, 6.25], "texture": "#1"},
				"up": {"uv": [15, 6.25, 14.75, 6], "texture": "#1"},
				"down": {"uv": [15, 6.25, 14.75, 6], "texture": "#1"}
			}
		},
		{
			"from": [-3.7, 4.8, 5.5],
			"to": [-3.45, 5.05, 6],
			"faces": {
				"north": {"uv": [14.25, 5.5, 14.5, 5.75], "texture": "#1"},
				"east": {"uv": [14.5, 5.5, 14.25, 5.75], "texture": "#1"},
				"south": {"uv": [14.5, 5.5, 14.25, 5.75], "texture": "#1"},
				"west": {"uv": [14.25, 5.5, 14.5, 5.75], "texture": "#1"},
				"up": {"uv": [14.5, 5.75, 14.25, 5.5], "texture": "#1"},
				"down": {"uv": [14.25, 5.75, 14.5, 5.5], "texture": "#1"}
			}
		},
		{
			"from": [-3.95, 4.3, 5.5],
			"to": [-3.45, 4.8, 6],
			"faces": {
				"north": {"uv": [14.25, 5.75, 14.75, 6.25], "texture": "#1"},
				"east": {"uv": [14.5, 5.75, 14.25, 6.25], "texture": "#1"},
				"south": {"uv": [14.75, 5.75, 14.25, 6.25], "texture": "#1"},
				"west": {"uv": [14.5, 5.75, 14.75, 6.25], "texture": "#1"},
				"up": {"uv": [14.75, 6, 14.25, 5.75], "texture": "#1"},
				"down": {"uv": [14.75, 6.25, 14.25, 6], "texture": "#1"}
			}
		},
		{
			"from": [-3.2, 4.55, 5.5],
			"to": [-2.7, 5.3, 6],
			"faces": {
				"north": {"uv": [13.5, 5.25, 14, 6], "texture": "#1"},
				"east": {"uv": [13.75, 5.25, 13.5, 6], "texture": "#1"},
				"south": {"uv": [14, 5.25, 13.5, 6], "texture": "#1"},
				"west": {"uv": [13.75, 5.25, 14, 6], "texture": "#1"},
				"up": {"uv": [14, 5.5, 13.5, 5.25], "texture": "#1"},
				"down": {"uv": [14, 6, 13.5, 5.75], "texture": "#1"}
			}
		},
		{
			"from": [-3.45, 4.55, 5.5],
			"to": [-3.2, 5.05, 6],
			"faces": {
				"north": {"uv": [14, 5.5, 14.25, 6], "texture": "#1"},
				"east": {"uv": [14.25, 5.5, 14, 6], "texture": "#1"},
				"south": {"uv": [14.25, 5.5, 14, 6], "texture": "#1"},
				"west": {"uv": [14, 5.5, 14.25, 6], "texture": "#1"},
				"up": {"uv": [14.25, 5.75, 14, 5.5], "texture": "#1"},
				"down": {"uv": [14.25, 6, 14, 5.75], "texture": "#1"}
			}
		},
		{
			"from": [-2.2, 4.8, 5.5],
			"to": [-1.7, 5.8, 6],
			"faces": {
				"north": {"uv": [12.5, 4.75, 13, 5.75], "texture": "#1"},
				"east": {"uv": [12.75, 4.75, 12.5, 5.75], "texture": "#1"},
				"south": {"uv": [13, 4.75, 12.5, 5.75], "texture": "#1"},
				"west": {"uv": [12.75, 4.75, 13, 5.75], "texture": "#1"},
				"up": {"uv": [13, 5, 12.5, 4.75], "texture": "#1"},
				"down": {"uv": [13, 5.75, 12.5, 5.5], "texture": "#1"}
			}
		},
		{
			"from": [-2.7, 4.8, 5.5],
			"to": [-2.2, 5.55, 6],
			"faces": {
				"north": {"uv": [13, 5, 13.5, 5.75], "texture": "#1"},
				"east": {"uv": [13.25, 5, 13, 5.75], "texture": "#1"},
				"south": {"uv": [13.5, 5, 13, 5.75], "texture": "#1"},
				"west": {"uv": [13.25, 5, 13.5, 5.75], "texture": "#1"},
				"up": {"uv": [13.5, 5.25, 13, 5], "texture": "#1"},
				"down": {"uv": [13.5, 5.75, 13, 5.5], "texture": "#1"}
			}
		},
		{
			"from": [-1.7, 5.05, 5.5],
			"to": [-0.45, 6.05, 6],
			"faces": {
				"north": {"uv": [11.25, 4.5, 12.5, 5.5], "texture": "#1"},
				"east": {"uv": [11.5, 4.5, 11.25, 5.5], "texture": "#1"},
				"south": {"uv": [12.5, 4.5, 11.25, 5.5], "texture": "#1"},
				"west": {"uv": [12.25, 4.5, 12.5, 5.5], "texture": "#1"},
				"up": {"uv": [12.5, 4.75, 11.25, 4.5], "texture": "#1"},
				"down": {"uv": [12.5, 5.5, 11.25, 5.25], "texture": "#1"}
			}
		},
		{
			"from": [-0.45, 5.3, 5.5],
			"to": [4.55, 6.3, 6],
			"faces": {
				"north": {"uv": [6.25, 4.25, 11.25, 5.25], "texture": "#1"},
				"east": {"uv": [6.5, 4.25, 6.25, 5.25], "texture": "#1"},
				"south": {"uv": [11.25, 4.25, 6.25, 5.25], "texture": "#1"},
				"west": {"uv": [11, 4.25, 11.25, 5.25], "texture": "#1"},
				"up": {"uv": [11.25, 4.25, 6.25, 4.5], "texture": "#1"},
				"down": {"uv": [11.25, 5.25, 6.25, 5], "texture": "#1"}
			}
		},
		{
			"from": [4.55, 5.3, 5],
			"to": [5.55, 6.3, 10],
			"faces": {
				"north": {"uv": [0.5, 9.5, 0.75, 10.5], "rotation": 90, "texture": "#1"},
				"east": {"uv": [5.5, 10.25, 0.5, 10.5], "texture": "#1"},
				"south": {"uv": [5.25, 10.5, 5.5, 9.5], "rotation": 90, "texture": "#1"},
				"west": {"uv": [0.5, 9.5, 5.5, 9.75], "texture": "#1"},
				"up": {"uv": [0.5, 10.5, 5.5, 9.5], "rotation": 90, "texture": "#1"},
				"down": {"uv": [10.75, 10.5, 5.75, 9.5], "rotation": 90, "texture": "#1"}
			}
		},
		{
			"from": [10.05, 5.3, 5.25],
			"to": [11.05, 6.175, 9.75],
			"faces": {
				"north": {"uv": [0.75, 15, 1, 16], "rotation": 90, "texture": "#1"},
				"east": {"uv": [5.25, 15.75, 0.75, 16], "texture": "#1"},
				"south": {"uv": [5, 16, 5.25, 15], "rotation": 90, "texture": "#1"},
				"west": {"uv": [0.75, 15, 5.25, 15.25], "texture": "#1"},
				"up": {"uv": [0.75, 16, 5.25, 15], "rotation": 90, "texture": "#1"},
				"down": {"uv": [10.5, 16, 6, 15], "rotation": 90, "texture": "#1"}
			}
		}
	],
	"gui_light": "front",
	"display": {
		"thirdperson_righthand": {
			"rotation": [0, -90, 0],
			"translation": [-0.5, 2.25, 2.75]
		},
		"thirdperson_lefthand": {
			"rotation": [0, 90, 0],
			"translation": [0.5, 2.25, 2.75]
		},
		"firstperson_righthand": {
			"rotation": [50, -90, 0],
			"translation": [-0.75, 3.5, 2]
		},
		"firstperson_lefthand": {
			"rotation": [50, 90, 0],
			"translation": [-0.25, 3.5, 2]
		},
		"ground": {
			"rotation": [45, -90, 0],
			"translation": [0, 1, 0],
			"scale": [0.55, 0.55, 0.55]
		},
		"gui": {
			"rotation": [-90, -45, -180],
			"translation": [-3.75, -3, 0]
		},
		"head": {
			"translation": [0, 9.75, 0]
		},
		"fixed": {
			"rotation": [-90, 45, 0],
			"translation": [4, -3.25, -3.5],
			"scale": [1.2, 1.2, 1.2]
		}
	}
}