{
	"credit": "Made with Blockbench",
	"textures": {
		"2": "./halberds",
		"particle": "./halberds"
	},
	"elements": [
		{
			"from": [9.4, 14.2, 7.45],
			"to": [9.525, 14.325, 7.575],
			"faces": {
				"north": {"uv": [4.5, 6.375, 4.375, 6.5], "texture": "#2"},
				"east": {"uv": [4.375, 6.375, 4.5, 6.5], "texture": "#2"},
				"south": {"uv": [4.375, 6.375, 4.5, 6.5], "texture": "#2"},
				"west": {"uv": [4.375, 6.375, 4.5, 6.5], "texture": "#2"},
				"up": {"uv": [4.375, 6.5, 4.5, 6.375], "texture": "#2"},
				"down": {"uv": [4.375, 6.5, 4.5, 6.375], "texture": "#2"}
			}
		},
		{
			"from": [9.15, 14.2, 7.45],
			"to": [9.4, 14.45, 7.575],
			"faces": {
				"north": {"uv": [4.375, 6.25, 4.125, 6.5], "texture": "#2"},
				"east": {"uv": [4.25, 6.25, 4.375, 6.5], "texture": "#2"},
				"south": {"uv": [4.125, 6.25, 4.375, 6.5], "texture": "#2"},
				"west": {"uv": [4.125, 6.25, 4.25, 6.5], "texture": "#2"},
				"up": {"uv": [4.125, 6.375, 4.375, 6.25], "texture": "#2"},
				"down": {"uv": [4.125, 6.5, 4.375, 6.375], "texture": "#2"}
			}
		},
		{
			"from": [8.9, 14.2, 7.45],
			"to": [9.15, 14.575, 7.575],
			"faces": {
				"north": {"uv": [4.125, 6.125, 3.875, 6.5], "texture": "#2"},
				"east": {"uv": [4, 6.125, 4.125, 6.5], "texture": "#2"},
				"south": {"uv": [3.875, 6.125, 4.125, 6.5], "texture": "#2"},
				"west": {"uv": [3.875, 6.125, 4, 6.5], "texture": "#2"},
				"up": {"uv": [3.875, 6.25, 4.125, 6.125], "texture": "#2"},
				"down": {"uv": [3.875, 6.5, 4.125, 6.375], "texture": "#2"}
			}
		},
		{
			"from": [8.775, 14.2, 7.45],
			"to": [8.9, 14.7, 7.575],
			"faces": {
				"north": {"uv": [3.875, 6, 3.75, 6.5], "texture": "#2"},
				"east": {"uv": [3.75, 6, 3.875, 6.5], "texture": "#2"},
				"south": {"uv": [3.75, 6, 3.875, 6.5], "texture": "#2"},
				"west": {"uv": [3.75, 6, 3.875, 6.5], "texture": "#2"},
				"up": {"uv": [3.75, 6.125, 3.875, 6], "texture": "#2"},
				"down": {"uv": [3.75, 6.5, 3.875, 6.375], "texture": "#2"}
			}
		},
		{
			"from": [8.025, 13.825, 7.45],
			"to": [8.15, 14.825, 7.575],
			"faces": {
				"north": {"uv": [3.125, 5.875, 3, 6.875], "texture": "#2"},
				"east": {"uv": [3, 5.875, 3.125, 6.875], "texture": "#2"},
				"south": {"uv": [3, 5.875, 3.125, 6.875], "texture": "#2"},
				"west": {"uv": [3, 5.875, 3.125, 6.875], "texture": "#2"},
				"up": {"uv": [3, 6, 3.125, 5.875], "texture": "#2"},
				"down": {"uv": [3, 6.875, 3.125, 6.75], "texture": "#2"}
			}
		},
		{
			"from": [8.275, 14.075, 7.45],
			"to": [8.525, 14.825, 7.575],
			"faces": {
				"north": {"uv": [3.5, 5.875, 3.25, 6.625], "texture": "#2"},
				"east": {"uv": [3.375, 5.875, 3.5, 6.625], "texture": "#2"},
				"south": {"uv": [3.25, 5.875, 3.5, 6.625], "texture": "#2"},
				"west": {"uv": [3.25, 5.875, 3.375, 6.625], "texture": "#2"},
				"up": {"uv": [3.25, 6, 3.5, 5.875], "texture": "#2"},
				"down": {"uv": [3.25, 6.625, 3.5, 6.5], "texture": "#2"}
			}
		},
		{
			"from": [8.525, 14.075, 7.45],
			"to": [8.775, 14.7, 7.575],
			"faces": {
				"north": {"uv": [3.75, 6, 3.5, 6.625], "texture": "#2"},
				"east": {"uv": [3.625, 6, 3.75, 6.625], "texture": "#2"},
				"south": {"uv": [3.5, 6, 3.75, 6.625], "texture": "#2"},
				"west": {"uv": [3.5, 6, 3.625, 6.625], "texture": "#2"},
				"up": {"uv": [3.5, 6.125, 3.75, 6], "texture": "#2"},
				"down": {"uv": [3.5, 6.625, 3.75, 6.5], "texture": "#2"}
			}
		},
		{
			"from": [8.9, 14.325, 7.375],
			"to": [9.15, 14.45, 7.65],
			"faces": {
				"north": {"uv": [4.125, 6.25, 3.875, 6.375], "texture": "#2"},
				"east": {"uv": [4, 6.25, 4.125, 6.375], "texture": "#2"},
				"south": {"uv": [3.875, 6.25, 4.125, 6.375], "texture": "#2"},
				"west": {"uv": [3.875, 6.25, 4, 6.375], "texture": "#2"},
				"up": {"uv": [3.875, 6.375, 4.125, 6.25], "texture": "#2"},
				"down": {"uv": [3.875, 6.375, 4.125, 6.25], "texture": "#2"}
			}
		},
		{
			"from": [8.775, 14.325, 7.375],
			"to": [8.9, 14.575, 7.65],
			"faces": {
				"north": {"uv": [3.875, 6.125, 3.75, 6.375], "texture": "#2"},
				"east": {"uv": [3.75, 6.125, 3.875, 6.375], "texture": "#2"},
				"south": {"uv": [3.75, 6.125, 3.875, 6.375], "texture": "#2"},
				"west": {"uv": [3.75, 6.125, 3.875, 6.375], "texture": "#2"},
				"up": {"uv": [3.75, 6.25, 3.875, 6.125], "texture": "#2"},
				"down": {"uv": [3.75, 6.375, 3.875, 6.25], "texture": "#2"}
			}
		},
		{
			"from": [8.525, 14.2, 7.375],
			"to": [8.775, 14.575, 7.65],
			"faces": {
				"north": {"uv": [3.75, 6.125, 3.5, 6.5], "texture": "#2"},
				"east": {"uv": [3.625, 6.125, 3.75, 6.5], "texture": "#2"},
				"south": {"uv": [3.5, 6.125, 3.75, 6.5], "texture": "#2"},
				"west": {"uv": [3.5, 6.125, 3.625, 6.5], "texture": "#2"},
				"up": {"uv": [3.5, 6.25, 3.75, 6.125], "texture": "#2"},
				"down": {"uv": [3.5, 6.5, 3.75, 6.375], "texture": "#2"}
			}
		},
		{
			"from": [8.275, 14.2, 7.375],
			"to": [8.525, 14.7, 7.65],
			"faces": {
				"north": {"uv": [3.5, 6, 3.25, 6.5], "texture": "#2"},
				"east": {"uv": [3.375, 6, 3.5, 6.5], "texture": "#2"},
				"south": {"uv": [3.25, 6, 3.5, 6.5], "texture": "#2"},
				"west": {"uv": [3.25, 6, 3.375, 6.5], "texture": "#2"},
				"up": {"uv": [3.25, 6.125, 3.5, 6], "texture": "#2"},
				"down": {"uv": [3.25, 6.5, 3.5, 6.375], "texture": "#2"}
			}
		},
		{
			"from": [8.025, 13.95, 7.375],
			"to": [8.15, 14.7, 7.65],
			"faces": {
				"north": {"uv": [3.125, 6, 3, 6.75], "texture": "#2"},
				"east": {"uv": [3, 6, 3.125, 6.75], "texture": "#2"},
				"south": {"uv": [3, 6, 3.125, 6.75], "texture": "#2"},
				"west": {"uv": [3, 6, 3.125, 6.75], "texture": "#2"},
				"up": {"uv": [3, 6.125, 3.125, 6], "texture": "#2"},
				"down": {"uv": [3, 6.75, 3.125, 6.625], "texture": "#2"}
			}
		},
		{
			"from": [8.15, 13.95, 7.45],
			"to": [8.275, 14.825, 7.575],
			"faces": {
				"north": {"uv": [3.25, 5.875, 3.125, 6.75], "texture": "#2"},
				"east": {"uv": [3.125, 5.875, 3.25, 6.75], "texture": "#2"},
				"south": {"uv": [3.125, 5.875, 3.25, 6.75], "texture": "#2"},
				"west": {"uv": [3.125, 5.875, 3.25, 6.75], "texture": "#2"},
				"up": {"uv": [3.125, 6, 3.25, 5.875], "texture": "#2"},
				"down": {"uv": [3.125, 6.75, 3.25, 6.625], "texture": "#2"}
			}
		},
		{
			"from": [8.15, 14.075, 7.375],
			"to": [8.275, 14.7, 7.65],
			"faces": {
				"north": {"uv": [3.25, 6, 3.125, 6.625], "texture": "#2"},
				"east": {"uv": [3.125, 6, 3.25, 6.625], "texture": "#2"},
				"south": {"uv": [3.125, 6, 3.25, 6.625], "texture": "#2"},
				"west": {"uv": [3.125, 6, 3.25, 6.625], "texture": "#2"},
				"up": {"uv": [3.125, 6.125, 3.25, 6], "texture": "#2"},
				"down": {"uv": [3.125, 6.625, 3.25, 6.5], "texture": "#2"}
			}
		},
		{
			"from": [7.025, 13.7, 7.375],
			"to": [7.275, 14.825, 7.65],
			"faces": {
				"north": {"uv": [2.25, 5.875, 2, 7], "texture": "#2"},
				"east": {"uv": [2.125, 5.875, 2.25, 7], "texture": "#2"},
				"south": {"uv": [2, 5.875, 2.25, 7], "texture": "#2"},
				"west": {"uv": [2, 5.875, 2.125, 7], "texture": "#2"},
				"up": {"uv": [2, 6, 2.25, 5.875], "texture": "#2"},
				"down": {"uv": [2, 7, 2.25, 6.875], "texture": "#2"}
			}
		},
		{
			"from": [6.525, 13.7, 7.375],
			"to": [6.775, 14.825, 7.65],
			"faces": {
				"north": {"uv": [1.75, 5.875, 1.5, 7], "texture": "#2"},
				"east": {"uv": [1.625, 5.875, 1.75, 7], "texture": "#2"},
				"south": {"uv": [1.5, 5.875, 1.75, 7], "texture": "#2"},
				"west": {"uv": [1.5, 5.875, 1.625, 7], "texture": "#2"},
				"up": {"uv": [1.5, 6, 1.75, 5.875], "texture": "#2"},
				"down": {"uv": [1.5, 7, 1.75, 6.875], "texture": "#2"}
			}
		},
		{
			"from": [6.775, 13.825, 7.375],
			"to": [7.025, 14.7, 7.65],
			"faces": {
				"north": {"uv": [2, 6, 1.75, 6.875], "texture": "#2"},
				"east": {"uv": [1.875, 6, 2, 6.875], "texture": "#2"},
				"south": {"uv": [1.75, 6, 2, 6.875], "texture": "#2"},
				"west": {"uv": [1.75, 6, 1.875, 6.875], "texture": "#2"},
				"up": {"uv": [1.75, 6.125, 2, 6], "texture": "#2"},
				"down": {"uv": [1.75, 6.875, 2, 6.75], "texture": "#2"}
			}
		},
		{
			"from": [7.275, 13.575, 7.375],
			"to": [7.4, 14.95, 7.65],
			"faces": {
				"north": {"uv": [2.375, 5.75, 2.25, 7.125], "texture": "#2"},
				"east": {"uv": [2.25, 5.75, 2.375, 7.125], "texture": "#2"},
				"south": {"uv": [2.25, 5.75, 2.375, 7.125], "texture": "#2"},
				"west": {"uv": [2.25, 5.75, 2.375, 7.125], "texture": "#2"},
				"up": {"uv": [2.25, 5.875, 2.375, 5.75], "texture": "#2"},
				"down": {"uv": [2.25, 7.125, 2.375, 7], "texture": "#2"}
			}
		},
		{
			"from": [6.4, 13.575, 7.375],
			"to": [6.525, 14.95, 7.65],
			"faces": {
				"north": {"uv": [1.5, 5.75, 1.375, 7.125], "texture": "#2"},
				"east": {"uv": [1.375, 5.75, 1.5, 7.125], "texture": "#2"},
				"south": {"uv": [1.375, 5.75, 1.5, 7.125], "texture": "#2"},
				"west": {"uv": [1.375, 5.75, 1.5, 7.125], "texture": "#2"},
				"up": {"uv": [1.375, 5.875, 1.5, 5.75], "texture": "#2"},
				"down": {"uv": [1.375, 7.125, 1.5, 7], "texture": "#2"}
			}
		},
		{
			"from": [6.275, 13.45, 7.375],
			"to": [6.4, 15.075, 7.65],
			"faces": {
				"north": {"uv": [1.375, 5.625, 1.25, 7.25], "texture": "#2"},
				"east": {"uv": [1.25, 5.625, 1.375, 7.25], "texture": "#2"},
				"south": {"uv": [1.25, 5.625, 1.375, 7.25], "texture": "#2"},
				"west": {"uv": [1.25, 5.625, 1.375, 7.25], "texture": "#2"},
				"up": {"uv": [1.25, 5.75, 1.375, 5.625], "texture": "#2"},
				"down": {"uv": [1.25, 7.25, 1.375, 7.125], "texture": "#2"}
			}
		},
		{
			"from": [6.15, 13.2, 7.375],
			"to": [6.275, 15.325, 7.65],
			"faces": {
				"north": {"uv": [1.25, 5.375, 1.125, 7.5], "texture": "#2"},
				"east": {"uv": [1.125, 5.375, 1.25, 7.5], "texture": "#2"},
				"south": {"uv": [1.125, 5.375, 1.25, 7.5], "texture": "#2"},
				"west": {"uv": [1.125, 5.375, 1.25, 7.5], "texture": "#2"},
				"up": {"uv": [1.125, 5.5, 1.25, 5.375], "texture": "#2"},
				"down": {"uv": [1.125, 7.5, 1.25, 7.375], "texture": "#2"}
			}
		},
		{
			"from": [5.9, 12.575, 7.375],
			"to": [6.025, 15.95, 7.65],
			"faces": {
				"north": {"uv": [1, 4.75, 0.875, 8.125], "texture": "#2"},
				"east": {"uv": [0.875, 4.75, 1, 8.125], "texture": "#2"},
				"south": {"uv": [0.875, 4.75, 1, 8.125], "texture": "#2"},
				"west": {"uv": [0.875, 4.75, 1, 8.125], "texture": "#2"},
				"up": {"uv": [0.875, 4.875, 1, 4.75], "texture": "#2"},
				"down": {"uv": [0.875, 8.125, 1, 8], "texture": "#2"}
			}
		},
		{
			"from": [5.4, 12.575, 7.45],
			"to": [5.525, 15.95, 7.575],
			"faces": {
				"north": {"uv": [0.5, 4.75, 0.375, 8.125], "texture": "#2"},
				"east": {"uv": [0.375, 4.75, 0.5, 8.125], "texture": "#2"},
				"south": {"uv": [0.375, 4.75, 0.5, 8.125], "texture": "#2"},
				"west": {"uv": [0.375, 4.75, 0.5, 8.125], "texture": "#2"},
				"up": {"uv": [0.375, 4.875, 0.5, 4.75], "texture": "#2"},
				"down": {"uv": [0.375, 8.125, 0.5, 8], "texture": "#2"}
			}
		},
		{
			"from": [5.275, 12.95, 7.45],
			"to": [5.4, 15.575, 7.575],
			"faces": {
				"north": {"uv": [0.375, 5.125, 0.25, 7.75], "texture": "#2"},
				"east": {"uv": [0.25, 5.125, 0.375, 7.75], "texture": "#2"},
				"south": {"uv": [0.25, 5.125, 0.375, 7.75], "texture": "#2"},
				"west": {"uv": [0.25, 5.125, 0.375, 7.75], "texture": "#2"},
				"up": {"uv": [0.25, 5.25, 0.375, 5.125], "texture": "#2"},
				"down": {"uv": [0.25, 7.75, 0.375, 7.625], "texture": "#2"}
			}
		},
		{
			"from": [5.15, 13.325, 7.45],
			"to": [5.275, 15.2, 7.575],
			"faces": {
				"north": {"uv": [0.25, 5.5, 0.125, 7.375], "texture": "#2"},
				"east": {"uv": [0.125, 5.5, 0.25, 7.375], "texture": "#2"},
				"south": {"uv": [0.125, 5.5, 0.25, 7.375], "texture": "#2"},
				"west": {"uv": [0.125, 5.5, 0.25, 7.375], "texture": "#2"},
				"up": {"uv": [0.125, 5.625, 0.25, 5.5], "texture": "#2"},
				"down": {"uv": [0.125, 7.375, 0.25, 7.25], "texture": "#2"}
			}
		},
		{
			"from": [5.025, 13.825, 7.45],
			"to": [5.15, 14.7, 7.575],
			"faces": {
				"north": {"uv": [0.125, 6, 0, 6.875], "texture": "#2"},
				"east": {"uv": [0, 6, 0.125, 6.875], "texture": "#2"},
				"south": {"uv": [0, 6, 0.125, 6.875], "texture": "#2"},
				"west": {"uv": [0, 6, 0.125, 6.875], "texture": "#2"},
				"up": {"uv": [0, 6.125, 0.125, 6], "texture": "#2"},
				"down": {"uv": [0, 6.875, 0.125, 6.75], "texture": "#2"}
			}
		},
		{
			"from": [5.9, 15.95, 7.45],
			"to": [6.025, 16.2, 7.575],
			"faces": {
				"north": {"uv": [1, 4.5, 0.875, 4.75], "texture": "#2"},
				"east": {"uv": [0.875, 4.5, 1, 4.75], "texture": "#2"},
				"south": {"uv": [0.875, 4.5, 1, 4.75], "texture": "#2"},
				"west": {"uv": [0.875, 4.5, 1, 4.75], "texture": "#2"},
				"up": {"uv": [0.875, 4.625, 1, 4.5], "texture": "#2"},
				"down": {"uv": [0.875, 4.75, 1, 4.625], "texture": "#2"}
			}
		},
		{
			"from": [5.9, 12.325, 7.45],
			"to": [6.025, 12.575, 7.575],
			"faces": {
				"north": {"uv": [1, 8.125, 0.875, 8.375], "texture": "#2"},
				"east": {"uv": [0.875, 8.125, 1, 8.375], "texture": "#2"},
				"south": {"uv": [0.875, 8.125, 1, 8.375], "texture": "#2"},
				"west": {"uv": [0.875, 8.125, 1, 8.375], "texture": "#2"},
				"up": {"uv": [0.875, 8.25, 1, 8.125], "texture": "#2"},
				"down": {"uv": [0.875, 8.375, 1, 8.25], "texture": "#2"}
			}
		},
		{
			"from": [5.525, 12.325, 7.45],
			"to": [5.65, 16.2, 7.575],
			"faces": {
				"north": {"uv": [0.625, 4.5, 0.5, 8.375], "texture": "#2"},
				"east": {"uv": [0.5, 4.5, 0.625, 8.375], "texture": "#2"},
				"south": {"uv": [0.5, 4.5, 0.625, 8.375], "texture": "#2"},
				"west": {"uv": [0.5, 4.5, 0.625, 8.375], "texture": "#2"},
				"up": {"uv": [0.5, 4.625, 0.625, 4.5], "texture": "#2"},
				"down": {"uv": [0.5, 8.375, 0.625, 8.25], "texture": "#2"}
			}
		},
		{
			"from": [5.65, 12.075, 7.45],
			"to": [5.775, 16.45, 7.575],
			"faces": {
				"north": {"uv": [0.75, 4.25, 0.625, 8.625], "texture": "#2"},
				"east": {"uv": [0.625, 4.25, 0.75, 8.625], "texture": "#2"},
				"south": {"uv": [0.625, 4.25, 0.75, 8.625], "texture": "#2"},
				"west": {"uv": [0.625, 4.25, 0.75, 8.625], "texture": "#2"},
				"up": {"uv": [0.625, 4.375, 0.75, 4.25], "texture": "#2"},
				"down": {"uv": [0.625, 8.625, 0.75, 8.5], "texture": "#2"}
			}
		},
		{
			"from": [5.775, 11.825, 7.45],
			"to": [5.9, 16.7, 7.575],
			"faces": {
				"north": {"uv": [0.875, 4, 0.75, 8.875], "texture": "#2"},
				"east": {"uv": [0.75, 4, 0.875, 8.875], "texture": "#2"},
				"south": {"uv": [0.75, 4, 0.875, 8.875], "texture": "#2"},
				"west": {"uv": [0.75, 4, 0.875, 8.875], "texture": "#2"},
				"up": {"uv": [0.75, 4.125, 0.875, 4], "texture": "#2"},
				"down": {"uv": [0.75, 8.875, 0.875, 8.75], "texture": "#2"}
			}
		},
		{
			"from": [5.775, 12.95, 7.375],
			"to": [5.9, 15.575, 7.65],
			"faces": {
				"north": {"uv": [0.875, 5.125, 0.75, 7.75], "texture": "#2"},
				"east": {"uv": [0.75, 5.125, 0.875, 7.75], "texture": "#2"},
				"south": {"uv": [0.75, 5.125, 0.875, 7.75], "texture": "#2"},
				"west": {"uv": [0.75, 5.125, 0.875, 7.75], "texture": "#2"},
				"up": {"uv": [0.75, 5.25, 0.875, 5.125], "texture": "#2"},
				"down": {"uv": [0.75, 7.75, 0.875, 7.625], "texture": "#2"}
			}
		},
		{
			"from": [5.65, 13.325, 7.375],
			"to": [5.775, 15.2, 7.65],
			"faces": {
				"north": {"uv": [0.75, 5.5, 0.625, 7.375], "texture": "#2"},
				"east": {"uv": [0.625, 5.5, 0.75, 7.375], "texture": "#2"},
				"south": {"uv": [0.625, 5.5, 0.75, 7.375], "texture": "#2"},
				"west": {"uv": [0.625, 5.5, 0.75, 7.375], "texture": "#2"},
				"up": {"uv": [0.625, 5.625, 0.75, 5.5], "texture": "#2"},
				"down": {"uv": [0.625, 7.375, 0.75, 7.25], "texture": "#2"}
			}
		},
		{
			"from": [5.525, 13.825, 7.375],
			"to": [5.65, 14.7, 7.65],
			"faces": {
				"north": {"uv": [0.625, 6, 0.5, 6.875], "texture": "#2"},
				"east": {"uv": [0.5, 6, 0.625, 6.875], "texture": "#2"},
				"south": {"uv": [0.5, 6, 0.625, 6.875], "texture": "#2"},
				"west": {"uv": [0.5, 6, 0.625, 6.875], "texture": "#2"},
				"up": {"uv": [0.5, 6.125, 0.625, 6], "texture": "#2"},
				"down": {"uv": [0.5, 6.875, 0.625, 6.75], "texture": "#2"}
			}
		},
		{
			"from": [6.025, 12.825, 7.375],
			"to": [6.15, 15.7, 7.65],
			"faces": {
				"north": {"uv": [1.125, 5, 1, 7.875], "texture": "#2"},
				"east": {"uv": [1, 5, 1.125, 7.875], "texture": "#2"},
				"south": {"uv": [1, 5, 1.125, 7.875], "texture": "#2"},
				"west": {"uv": [1, 5, 1.125, 7.875], "texture": "#2"},
				"up": {"uv": [1, 5.125, 1.125, 5], "texture": "#2"},
				"down": {"uv": [1, 7.875, 1.125, 7.75], "texture": "#2"}
			}
		},
		{
			"from": [7.4, 13.7, 7.375],
			"to": [8.025, 15.7, 7.65],
			"faces": {
				"north": {"uv": [3, 5, 2.375, 7], "texture": "#2"},
				"east": {"uv": [2.875, 5, 3, 7], "texture": "#2"},
				"south": {"uv": [2.375, 5, 3, 7], "texture": "#2"},
				"west": {"uv": [2.375, 5, 2.5, 7], "texture": "#2"},
				"up": {"uv": [2.375, 5.125, 3, 5], "texture": "#2"},
				"down": {"uv": [2.375, 7, 3, 6.875], "texture": "#2"}
			}
		},
		{
			"from": [7.525, 15.7, 7.425],
			"to": [7.9, 16.575, 7.6],
			"faces": {
				"north": {"uv": [2.875, 4.125, 2.5, 5], "texture": "#2"},
				"east": {"uv": [2.75, 4.125, 2.875, 5], "texture": "#2"},
				"south": {"uv": [2.5, 4.125, 2.875, 5], "texture": "#2"},
				"west": {"uv": [2.5, 4.125, 2.625, 5], "texture": "#2"},
				"up": {"uv": [2.5, 4.25, 2.875, 4.125], "texture": "#2"},
				"down": {"uv": [2.5, 5, 2.875, 4.875], "texture": "#2"}
			}
		},
		{
			"from": [7.65, 16.575, 7.475],
			"to": [7.775, 17.075, 7.55],
			"faces": {
				"north": {"uv": [2.75, 3.625, 2.625, 4.125], "texture": "#2"},
				"east": {"uv": [2.625, 3.625, 2.75, 4.125], "texture": "#2"},
				"south": {"uv": [2.625, 3.625, 2.75, 4.125], "texture": "#2"},
				"west": {"uv": [2.625, 3.625, 2.75, 4.125], "texture": "#2"},
				"up": {"uv": [2.625, 3.75, 2.75, 3.625], "texture": "#2"},
				"down": {"uv": [2.625, 4.125, 2.75, 4], "texture": "#2"}
			}
		},
		{
			"from": [7.525, 13.7, 7.25],
			"to": [7.9, 14.45, 7.775],
			"rotation": {"angle": 0, "axis": "y", "origin": [-0.1, 0.75, -6.5]},
			"faces": {
				"north": {"uv": [10.875, 0.625, 10.5, 1.375], "texture": "#2"},
				"east": {"uv": [11.375, 0.625, 11.75, 1.375], "texture": "#2"},
				"south": {"uv": [10.5, 0.625, 10.875, 1.375], "texture": "#2"},
				"west": {"uv": [9.625, 0.625, 10, 1.375], "texture": "#2"},
				"up": {"uv": [10.5, 0.625, 10.875, 0.75], "texture": "#2"},
				"down": {"uv": [10.875, 1.25, 10.5, 1.375], "rotation": 180, "texture": "#2"}
			}
		},
		{
			"from": [7.65, 14.45, 7.3],
			"to": [7.775, 15.075, 7.725],
			"rotation": {"angle": 0, "axis": "y", "origin": [-0.1, 0.75, -6.5]},
			"faces": {
				"north": {"uv": [10.75, 0, 10.625, 0.625], "texture": "#2"},
				"east": {"uv": [11.5, 0, 11.625, 0.625], "texture": "#2"},
				"south": {"uv": [10.625, 0, 10.75, 0.625], "texture": "#2"},
				"west": {"uv": [9.75, 0, 9.875, 0.625], "texture": "#2"},
				"up": {"uv": [10.625, 0, 10.75, 0.125], "texture": "#2"},
				"down": {"uv": [10.75, 0.5, 10.625, 0.625], "rotation": 180, "texture": "#2"}
			}
		},
		{
			"from": [7.425, -0.425, 7.35],
			"to": [8, 13.2, 7.675],
			"rotation": {"angle": 0, "axis": "y", "origin": [-0.1, 0.75, -6.5]},
			"faces": {
				"north": {"uv": [11, 1.875, 10.375, 15.5], "texture": "#2"},
				"east": {"uv": [11.375, 1.875, 11.75, 15.5], "texture": "#2"},
				"south": {"uv": [10.375, 1.875, 11, 15.5], "texture": "#2"},
				"west": {"uv": [9.625, 1.875, 10, 15.5], "texture": "#2"},
				"up": {"uv": [10.375, 1.875, 11, 2], "texture": "#2"},
				"down": {"uv": [11, 15.5, 10.375, 15.375], "rotation": 180, "texture": "#2"}
			}
		},
		{
			"from": [7.3, 12.45, 7.225],
			"to": [8.125, 12.575, 7.8],
			"faces": {
				"north": {"uv": [11.125, 2.5, 10.25, 2.625], "texture": "#2"},
				"east": {"uv": [11.25, 2.5, 11.875, 2.625], "texture": "#2"},
				"south": {"uv": [10.25, 2.5, 11.125, 2.625], "texture": "#2"},
				"west": {"uv": [9.5, 2.5, 10.125, 2.625], "texture": "#2"},
				"up": {"uv": [10.25, 2.625, 11.125, 2.5], "texture": "#2"},
				"down": {"uv": [10.25, 2.625, 11.125, 2.5], "texture": "#2"}
			}
		},
		{
			"from": [7.425, 12.45, 7.1],
			"to": [8, 12.575, 7.925],
			"faces": {
				"north": {"uv": [11, 2.5, 10.375, 2.625], "texture": "#2"},
				"east": {"uv": [11.125, 2.5, 12, 2.625], "texture": "#2"},
				"south": {"uv": [10.375, 2.5, 11, 2.625], "texture": "#2"},
				"west": {"uv": [9.375, 2.5, 10.25, 2.625], "texture": "#2"},
				"up": {"uv": [10.375, 2.625, 11, 2.5], "texture": "#2"},
				"down": {"uv": [10.375, 2.625, 11, 2.5], "texture": "#2"}
			}
		},
		{
			"from": [7.55, -0.425, 7.225],
			"to": [7.875, 13.2, 7.8],
			"rotation": {"angle": 0, "axis": "y", "origin": [-0.1, 0.75, -6.5]},
			"faces": {
				"north": {"uv": [10.875, 1.875, 10.5, 15.5], "texture": "#2"},
				"east": {"uv": [11.25, 1.875, 11.875, 15.5], "texture": "#2"},
				"south": {"uv": [10.5, 1.875, 10.875, 15.5], "texture": "#2"},
				"west": {"uv": [9.5, 1.875, 10.125, 15.5], "texture": "#2"},
				"up": {"uv": [10.5, 1.875, 10.875, 2], "texture": "#2"},
				"down": {"uv": [10.875, 15.5, 10.5, 15.375], "rotation": 180, "texture": "#2"}
			}
		},
		{
			"from": [7.3, 13.2, 7.225],
			"to": [8.125, 13.325, 7.8],
			"faces": {
				"north": {"uv": [11.125, 1.75, 10.25, 1.875], "texture": "#2"},
				"east": {"uv": [11.25, 1.75, 11.875, 1.875], "texture": "#2"},
				"south": {"uv": [10.25, 1.75, 11.125, 1.875], "texture": "#2"},
				"west": {"uv": [9.5, 1.75, 10.125, 1.875], "texture": "#2"},
				"up": {"uv": [10.25, 1.875, 11.125, 1.75], "texture": "#2"},
				"down": {"uv": [10.25, 1.875, 11.125, 1.75], "texture": "#2"}
			}
		},
		{
			"from": [7.425, 13.2, 7.1],
			"to": [8, 13.325, 7.925],
			"faces": {
				"north": {"uv": [11, 1.75, 10.375, 1.875], "texture": "#2"},
				"east": {"uv": [11.125, 1.75, 12, 1.875], "texture": "#2"},
				"south": {"uv": [10.375, 1.75, 11, 1.875], "texture": "#2"},
				"west": {"uv": [9.375, 1.75, 10.25, 1.875], "texture": "#2"},
				"up": {"uv": [10.375, 1.875, 11, 1.75], "texture": "#2"},
				"down": {"uv": [10.375, 1.875, 11, 1.75], "texture": "#2"}
			}
		},
		{
			"from": [7.425, 13.325, 7.2],
			"to": [8, 13.7, 7.825],
			"rotation": {"angle": 0, "axis": "y", "origin": [-0.1, 0.75, -6.5]},
			"faces": {
				"north": {"uv": [11, 1.375, 10.375, 1.75], "texture": "#2"},
				"east": {"uv": [11.25, 1.375, 11.875, 1.75], "texture": "#2"},
				"south": {"uv": [10.375, 1.375, 11, 1.75], "texture": "#2"},
				"west": {"uv": [9.5, 1.375, 10.125, 1.75], "texture": "#2"},
				"up": {"uv": [10.375, 1.375, 11, 1.5], "texture": "#2"},
				"down": {"uv": [11, 1.625, 10.375, 1.75], "rotation": 180, "texture": "#2"}
			}
		},
		{
			"from": [7.475, -0.95, 7.15],
			"to": [7.95, -0.425, 7.875],
			"faces": {
				"north": {"uv": [11, 15.5, 10.375, 16], "texture": "#2"},
				"east": {"uv": [11.125, 15.5, 12, 16], "texture": "#2"},
				"south": {"uv": [10.375, 15.5, 11, 16], "texture": "#2"},
				"west": {"uv": [9.375, 15.5, 10.25, 16], "texture": "#2"},
				"up": {"uv": [10.375, 15.625, 11, 15.5], "texture": "#2"},
				"down": {"uv": [10.375, 16, 11, 15.875], "texture": "#2"}
			}
		},
		{
			"from": [7.35, -0.95, 7.275],
			"to": [8.075, -0.425, 7.75],
			"faces": {
				"north": {"uv": [11.125, 15.5, 10.25, 16], "texture": "#2"},
				"east": {"uv": [11.25, 15.5, 11.875, 16], "texture": "#2"},
				"south": {"uv": [10.25, 15.5, 11.125, 16], "texture": "#2"},
				"west": {"uv": [9.5, 15.5, 10.125, 16], "texture": "#2"},
				"up": {"uv": [10.25, 15.625, 11.125, 15.5], "texture": "#2"},
				"down": {"uv": [10.25, 16, 11.125, 15.875], "texture": "#2"}
			}
		}
	],
	"gui_light": "front",
	"display": {
		"thirdperson_righthand": {
			"rotation": [0, -90, 0],
			"translation": [-1.5, 3, 1.5],
			"scale": [2.1, 2.1, 2.1]
		},
		"thirdperson_lefthand": {
			"rotation": [0, 90, 0],
			"translation": [0.5, 3, 1.5],
			"scale": [2.1, 2.1, 2.1]
		},
		"firstperson_righthand": {
			"rotation": [55, -90, 60],
			"translation": [-1.25, 3.75, 1.5],
			"scale": [1.7, 1.7, 1.5]
		},
		"firstperson_lefthand": {
			"rotation": [-65, 90, 60],
			"translation": [-0.75, 3.75, 1.5],
			"scale": [1.7, 1.7, 1.5]
		},
		"ground": {
			"rotation": [-45, 90, 0],
			"translation": [0, 1.5, 0],
			"scale": [0.7, 0.7, 0.7]
		},
		"gui": {
			"rotation": [0, 0, -45],
			"translation": [-0.25, -0.75, 0],
			"scale": [1.3, 1.3, 1.3]
		},
		"head": {
			"translation": [0, 9.75, 0]
		},
		"fixed": {
			"rotation": [180, 0, 135],
			"translation": [0, -0.75, -1.5],
			"scale": [2.3, 2.3, 2.3]
		}
	}
}