{
	"credit": "Made with Blockbench",
	"textures": {
		"0": "./kukri",
		"particle": "./kukri"
	},
	"elements": [
		{
			"from": [7.65, 4.8, 7.35],
			"to": [7.775, 5.175, 7.925],
			"faces": {
				"north": {"uv": [6, 11.125, 5.875, 11.5], "texture": "#0"},
				"east": {"uv": [5.875, 11.125, 6, 11.5], "texture": "#0"},
				"south": {"uv": [5.875, 11.125, 6, 11.5], "texture": "#0"},
				"west": {"uv": [5.875, 11.125, 6, 11.5], "texture": "#0"},
				"up": {"uv": [5.875, 11.25, 6, 11.125], "texture": "#0"},
				"down": {"uv": [5.875, 11.5, 6, 11.375], "texture": "#0"}
			}
		},
		{
			"from": [7.525, 4.8, 7.35],
			"to": [7.65, 5.05, 7.925],
			"faces": {
				"north": {"uv": [5.875, 11.25, 5.75, 11.5], "texture": "#0"},
				"east": {"uv": [5.75, 11.25, 5.875, 11.5], "texture": "#0"},
				"south": {"uv": [5.75, 11.25, 5.875, 11.5], "texture": "#0"},
				"west": {"uv": [5.125, 11.25, 5.75, 11.5], "texture": "#0"},
				"up": {"uv": [5.75, 11.375, 5.875, 11.25], "texture": "#0"},
				"down": {"uv": [5.75, 11.5, 5.875, 11.375], "texture": "#0"}
			}
		},
		{
			"from": [7.775, 4.8, 7.35],
			"to": [8.025, 5.3, 7.925],
			"faces": {
				"north": {"uv": [6.25, 11, 6, 11.5], "texture": "#0"},
				"east": {"uv": [6.125, 11, 6.25, 11.5], "texture": "#0"},
				"south": {"uv": [6, 11, 6.25, 11.5], "texture": "#0"},
				"west": {"uv": [6, 11, 6.125, 11.5], "texture": "#0"},
				"up": {"uv": [6, 11.125, 6.25, 11], "texture": "#0"},
				"down": {"uv": [6, 11.5, 6.25, 11.375], "texture": "#0"}
			}
		},
		{
			"from": [8.025, 4.8, 7.35],
			"to": [8.275, 5.425, 7.925],
			"faces": {
				"north": {"uv": [6.5, 10.875, 6.25, 11.5], "texture": "#0"},
				"east": {"uv": [6.375, 10.875, 6.5, 11.5], "texture": "#0"},
				"south": {"uv": [6.25, 10.875, 6.5, 11.5], "texture": "#0"},
				"west": {"uv": [6.25, 10.875, 6.375, 11.5], "texture": "#0"},
				"up": {"uv": [6.25, 11, 6.5, 10.875], "texture": "#0"},
				"down": {"uv": [6.25, 11.5, 6.5, 11.375], "texture": "#0"}
			}
		},
		{
			"from": [8.275, 4.8, 7.35],
			"to": [8.65, 5.55, 7.925],
			"faces": {
				"north": {"uv": [6.875, 10.75, 6.5, 11.5], "texture": "#0"},
				"east": {"uv": [7, 10.75, 7.625, 11.5], "texture": "#0"},
				"south": {"uv": [6.5, 10.75, 6.875, 11.5], "texture": "#0"},
				"west": {"uv": [6.5, 10.75, 6.625, 11.5], "texture": "#0"},
				"up": {"uv": [6.5, 10.875, 6.875, 10.75], "texture": "#0"},
				"down": {"uv": [6.5, 11.5, 6.875, 11.375], "texture": "#0"}
			}
		},
		{
			"from": [7.775, 1.925, 7.35],
			"to": [8.65, 2.8, 7.925],
			"faces": {
				"north": {"uv": [6.875, 13.25, 6, 14], "texture": "#0"},
				"east": {"uv": [7, 13.25, 7.625, 14], "texture": "#0"},
				"south": {"uv": [6, 13.25, 6.875, 14], "texture": "#0"},
				"west": {"uv": [5.125, 13.25, 5.75, 14], "texture": "#0"},
				"up": {"uv": [6, 13.375, 6.875, 13.25], "texture": "#0"},
				"down": {"uv": [6, 14, 6.875, 13.875], "texture": "#0"}
			}
		},
		{
			"from": [7.775, 0.925, 7.35],
			"to": [8.525, 1.925, 7.925],
			"faces": {
				"north": {"uv": [6.75, 14, 6, 15], "texture": "#0"},
				"east": {"uv": [7, 14, 7.625, 15], "texture": "#0"},
				"south": {"uv": [6, 14, 6.75, 15], "texture": "#0"},
				"west": {"uv": [5.125, 14, 5.75, 15], "texture": "#0"},
				"up": {"uv": [6, 14.125, 6.75, 14], "texture": "#0"},
				"down": {"uv": [6, 15, 6.75, 14.875], "texture": "#0"}
			}
		},
		{
			"from": [7.65, 0.8, 7.35],
			"to": [8.525, 0.925, 7.925],
			"faces": {
				"north": {"uv": [6.75, 15, 5.875, 15.125], "texture": "#0"},
				"east": {"uv": [7, 15, 7.625, 15.125], "texture": "#0"},
				"south": {"uv": [5.875, 15, 6.75, 15.125], "texture": "#0"},
				"west": {"uv": [5.125, 15, 5.75, 15.125], "texture": "#0"},
				"up": {"uv": [5.875, 15.125, 6.75, 15], "texture": "#0"},
				"down": {"uv": [5.875, 15.125, 6.75, 15], "texture": "#0"}
			}
		},
		{
			"from": [7.775, 0.3, 7.35],
			"to": [8.65, 0.425, 7.925],
			"faces": {
				"north": {"uv": [6.875, 15.5, 6, 15.625], "texture": "#0"},
				"east": {"uv": [7, 15.5, 7.625, 15.625], "texture": "#0"},
				"south": {"uv": [6, 15.5, 6.875, 15.625], "texture": "#0"},
				"west": {"uv": [5.125, 15.5, 5.75, 15.625], "texture": "#0"},
				"up": {"uv": [6, 15.625, 6.875, 15.5], "texture": "#0"},
				"down": {"uv": [6, 15.625, 6.875, 15.5], "texture": "#0"}
			}
		},
		{
			"from": [8.025, 0.175, 7.35],
			"to": [8.4, 0.3, 7.925],
			"faces": {
				"north": {"uv": [6.625, 15.625, 6.25, 15.75], "texture": "#0"},
				"east": {"uv": [7, 15.625, 7.625, 15.75], "texture": "#0"},
				"south": {"uv": [6.25, 15.625, 6.625, 15.75], "texture": "#0"},
				"west": {"uv": [5.125, 15.625, 5.75, 15.75], "texture": "#0"},
				"up": {"uv": [6.25, 15.75, 6.625, 15.625], "texture": "#0"},
				"down": {"uv": [6.25, 15.75, 6.625, 15.625], "texture": "#0"}
			}
		},
		{
			"from": [7.65, 0.425, 7.35],
			"to": [8.025, 0.55, 7.925],
			"faces": {
				"north": {"uv": [6.25, 15.375, 5.875, 15.5], "texture": "#0"},
				"east": {"uv": [6.125, 15.375, 6.25, 15.5], "texture": "#0"},
				"south": {"uv": [5.875, 15.375, 6.25, 15.5], "texture": "#0"},
				"west": {"uv": [5.125, 15.375, 5.75, 15.5], "texture": "#0"},
				"up": {"uv": [5.875, 15.5, 6.25, 15.375], "texture": "#0"},
				"down": {"uv": [5.875, 15.5, 6.25, 15.375], "texture": "#0"}
			}
		},
		{
			"from": [7.65, 0.55, 7.35],
			"to": [7.9, 0.675, 7.925],
			"faces": {
				"north": {"uv": [6.125, 15.25, 5.875, 15.375], "texture": "#0"},
				"east": {"uv": [6, 15.25, 6.125, 15.375], "texture": "#0"},
				"south": {"uv": [5.875, 15.25, 6.125, 15.375], "texture": "#0"},
				"west": {"uv": [5.125, 15.25, 5.75, 15.375], "texture": "#0"},
				"up": {"uv": [5.875, 15.375, 6.125, 15.25], "texture": "#0"},
				"down": {"uv": [5.875, 15.375, 6.125, 15.25], "texture": "#0"}
			}
		},
		{
			"from": [8.15, 0.425, 7.35],
			"to": [8.65, 0.55, 7.925],
			"faces": {
				"north": {"uv": [6.875, 15.375, 6.375, 15.5], "texture": "#0"},
				"east": {"uv": [7, 15.375, 7.625, 15.5], "texture": "#0"},
				"south": {"uv": [6.375, 15.375, 6.875, 15.5], "texture": "#0"},
				"west": {"uv": [6.375, 15.375, 6.5, 15.5], "texture": "#0"},
				"up": {"uv": [6.375, 15.5, 6.875, 15.375], "texture": "#0"},
				"down": {"uv": [6.375, 15.5, 6.875, 15.375], "texture": "#0"}
			}
		},
		{
			"from": [7.65, 0.675, 7.35],
			"to": [8.025, 0.8, 7.925],
			"faces": {
				"north": {"uv": [6.25, 15.125, 5.875, 15.25], "texture": "#0"},
				"east": {"uv": [6.125, 15.125, 6.25, 15.25], "texture": "#0"},
				"south": {"uv": [5.875, 15.125, 6.25, 15.25], "texture": "#0"},
				"west": {"uv": [5.125, 15.125, 5.75, 15.25], "texture": "#0"},
				"up": {"uv": [5.875, 15.25, 6.25, 15.125], "texture": "#0"},
				"down": {"uv": [5.875, 15.25, 6.25, 15.125], "texture": "#0"}
			}
		},
		{
			"from": [8.15, 0.675, 7.35],
			"to": [8.525, 0.8, 7.925],
			"faces": {
				"north": {"uv": [6.75, 15.125, 6.375, 15.25], "texture": "#0"},
				"east": {"uv": [7, 15.125, 7.625, 15.25], "texture": "#0"},
				"south": {"uv": [6.375, 15.125, 6.75, 15.25], "texture": "#0"},
				"west": {"uv": [6.375, 15.125, 6.5, 15.25], "texture": "#0"},
				"up": {"uv": [6.375, 15.25, 6.75, 15.125], "texture": "#0"},
				"down": {"uv": [6.375, 15.25, 6.75, 15.125], "texture": "#0"}
			}
		},
		{
			"from": [8.275, 0.55, 7.35],
			"to": [8.65, 0.675, 7.925],
			"faces": {
				"north": {"uv": [6.875, 15.25, 6.5, 15.375], "texture": "#0"},
				"east": {"uv": [7, 15.25, 7.625, 15.375], "texture": "#0"},
				"south": {"uv": [6.5, 15.25, 6.875, 15.375], "texture": "#0"},
				"west": {"uv": [6.5, 15.25, 6.625, 15.375], "texture": "#0"},
				"up": {"uv": [6.5, 15.375, 6.875, 15.25], "texture": "#0"},
				"down": {"uv": [6.5, 15.375, 6.875, 15.25], "texture": "#0"}
			}
		},
		{
			"from": [7.65, 2.8, 7.35],
			"to": [8.775, 4.05, 7.925],
			"faces": {
				"north": {"uv": [7, 12, 5.875, 13.25], "texture": "#0"},
				"east": {"uv": [7, 12, 7.625, 13.25], "texture": "#0"},
				"south": {"uv": [5.875, 12, 7, 13.25], "texture": "#0"},
				"west": {"uv": [5.125, 12, 5.75, 13.25], "texture": "#0"},
				"up": {"uv": [5.875, 12.125, 7, 12], "texture": "#0"},
				"down": {"uv": [5.875, 13.25, 7, 13.125], "texture": "#0"}
			}
		},
		{
			"from": [7.65, 4.05, 7.35],
			"to": [8.65, 4.8, 7.925],
			"faces": {
				"north": {"uv": [6.875, 11.5, 5.875, 12], "texture": "#0"},
				"east": {"uv": [7, 11.5, 7.625, 12], "texture": "#0"},
				"south": {"uv": [5.875, 11.5, 6.875, 12], "texture": "#0"},
				"west": {"uv": [5.125, 11.5, 5.75, 12], "texture": "#0"},
				"up": {"uv": [5.875, 11.625, 6.875, 11.5], "texture": "#0"},
				"down": {"uv": [5.875, 12, 6.875, 11.875], "texture": "#0"}
			}
		},
		{
			"from": [5.275, 14.675, 7.55],
			"to": [6.4, 14.925, 7.725],
			"faces": {
				"north": {"uv": [4.625, 1.375, 3.5, 1.625], "texture": "#0"},
				"east": {"uv": [4.5, 1.375, 4.625, 1.625], "texture": "#0"},
				"south": {"uv": [3.5, 1.375, 4.625, 1.625], "texture": "#0"},
				"west": {"uv": [3.5, 1.375, 3.625, 1.625], "texture": "#0"},
				"up": {"uv": [3.5, 1.5, 4.625, 1.375], "texture": "#0"},
				"down": {"uv": [3.5, 1.625, 4.625, 1.5], "texture": "#0"}
			}
		},
		{
			"from": [5.275, 14.925, 7.55],
			"to": [6.275, 15.175, 7.725],
			"faces": {
				"north": {"uv": [4.5, 1.125, 3.5, 1.375], "texture": "#0"},
				"east": {"uv": [4.375, 1.125, 4.5, 1.375], "texture": "#0"},
				"south": {"uv": [3.5, 1.125, 4.5, 1.375], "texture": "#0"},
				"west": {"uv": [3.5, 1.125, 3.625, 1.375], "texture": "#0"},
				"up": {"uv": [3.5, 1.25, 4.5, 1.125], "texture": "#0"},
				"down": {"uv": [3.5, 1.375, 4.5, 1.25], "texture": "#0"}
			}
		},
		{
			"from": [5.275, 15.175, 7.55],
			"to": [6.15, 15.425, 7.725],
			"faces": {
				"north": {"uv": [4.375, 0.875, 3.5, 1.125], "texture": "#0"},
				"east": {"uv": [4.25, 0.875, 4.375, 1.125], "texture": "#0"},
				"south": {"uv": [3.5, 0.875, 4.375, 1.125], "texture": "#0"},
				"west": {"uv": [3.5, 0.875, 3.625, 1.125], "texture": "#0"},
				"up": {"uv": [3.5, 1, 4.375, 0.875], "texture": "#0"},
				"down": {"uv": [3.5, 1.125, 4.375, 1], "texture": "#0"}
			}
		},
		{
			"from": [6.15, 13.175, 7.475],
			"to": [6.9, 13.425, 7.8],
			"faces": {
				"north": {"uv": [5.125, 2.875, 4.375, 3.125], "texture": "#0"},
				"east": {"uv": [5, 2.875, 5.125, 3.125], "texture": "#0"},
				"south": {"uv": [4.375, 2.875, 5.125, 3.125], "texture": "#0"},
				"west": {"uv": [4.375, 2.875, 4.5, 3.125], "texture": "#0"},
				"up": {"uv": [4.375, 3, 5.125, 2.875], "texture": "#0"},
				"down": {"uv": [4.375, 3.125, 5.125, 3], "texture": "#0"}
			}
		},
		{
			"from": [6.025, 12.925, 7.475],
			"to": [7.025, 13.175, 7.8],
			"faces": {
				"north": {"uv": [5.25, 3.125, 4.25, 3.375], "texture": "#0"},
				"east": {"uv": [5.125, 3.125, 5.25, 3.375], "texture": "#0"},
				"south": {"uv": [4.25, 3.125, 5.25, 3.375], "texture": "#0"},
				"west": {"uv": [4.25, 3.125, 4.375, 3.375], "texture": "#0"},
				"up": {"uv": [4.25, 3.25, 5.25, 3.125], "texture": "#0"},
				"down": {"uv": [4.25, 3.375, 5.25, 3.25], "texture": "#0"}
			}
		},
		{
			"from": [5.9, 12.675, 7.475],
			"to": [7.15, 12.925, 7.8],
			"faces": {
				"north": {"uv": [5.375, 3.375, 4.125, 3.625], "texture": "#0"},
				"east": {"uv": [5.25, 3.375, 5.375, 3.625], "texture": "#0"},
				"south": {"uv": [4.125, 3.375, 5.375, 3.625], "texture": "#0"},
				"west": {"uv": [4.125, 3.375, 4.25, 3.625], "texture": "#0"},
				"up": {"uv": [4.125, 3.5, 5.375, 3.375], "texture": "#0"},
				"down": {"uv": [4.125, 3.625, 5.375, 3.5], "texture": "#0"}
			}
		},
		{
			"from": [7.25, 9.3, 7.475],
			"to": [8.15, 9.675, 7.8],
			"faces": {
				"north": {"uv": [6.375, 6.625, 5.5, 7], "texture": "#0"},
				"east": {"uv": [6.25, 6.625, 6.375, 7], "texture": "#0"},
				"south": {"uv": [5.5, 6.625, 6.375, 7], "texture": "#0"},
				"west": {"uv": [5.5, 6.625, 5.625, 7], "texture": "#0"},
				"up": {"uv": [5.5, 6.75, 6.375, 6.625], "texture": "#0"},
				"down": {"uv": [5.5, 7, 6.375, 6.875], "texture": "#0"}
			}
		},
		{
			"from": [7.375, 8.675, 7.475],
			"to": [8.275, 9.3, 7.8],
			"faces": {
				"north": {"uv": [6.5, 7, 5.625, 7.625], "texture": "#0"},
				"east": {"uv": [6.375, 7, 6.5, 7.625], "texture": "#0"},
				"south": {"uv": [5.625, 7, 6.5, 7.625], "texture": "#0"},
				"west": {"uv": [5.625, 7, 5.75, 7.625], "texture": "#0"},
				"up": {"uv": [5.625, 7.125, 6.5, 7], "texture": "#0"},
				"down": {"uv": [5.625, 7.625, 6.5, 7.5], "texture": "#0"}
			}
		},
		{
			"from": [7.525, 7.925, 7.475],
			"to": [8.275, 8.675, 7.8],
			"faces": {
				"north": {"uv": [6.5, 7.625, 5.75, 8.375], "texture": "#0"},
				"east": {"uv": [6.375, 7.625, 6.5, 8.375], "texture": "#0"},
				"south": {"uv": [5.75, 7.625, 6.5, 8.375], "texture": "#0"},
				"west": {"uv": [5.75, 7.625, 5.875, 8.375], "texture": "#0"},
				"up": {"uv": [5.75, 7.75, 6.5, 7.625], "texture": "#0"},
				"down": {"uv": [5.75, 8.375, 6.5, 8.25], "texture": "#0"}
			}
		},
		{
			"from": [7.65, 7.05, 7.475],
			"to": [8.4, 7.925, 7.8],
			"faces": {
				"north": {"uv": [6.625, 8.375, 5.875, 9.25], "texture": "#0"},
				"east": {"uv": [6.5, 8.375, 6.625, 9.25], "texture": "#0"},
				"south": {"uv": [5.875, 8.375, 6.625, 9.25], "texture": "#0"},
				"west": {"uv": [5.875, 8.375, 6, 9.25], "texture": "#0"},
				"up": {"uv": [5.875, 8.5, 6.625, 8.375], "texture": "#0"},
				"down": {"uv": [5.875, 9.25, 6.625, 9.125], "texture": "#0"}
			}
		},
		{
			"from": [7.775, 6.175, 7.475],
			"to": [8.525, 7.05, 7.8],
			"faces": {
				"north": {"uv": [6.75, 9.25, 6, 10.125], "texture": "#0"},
				"east": {"uv": [6.625, 9.25, 6.75, 10.125], "texture": "#0"},
				"south": {"uv": [6, 9.25, 6.75, 10.125], "texture": "#0"},
				"west": {"uv": [6, 9.25, 6.125, 10.125], "texture": "#0"},
				"up": {"uv": [6, 9.375, 6.75, 9.25], "texture": "#0"},
				"down": {"uv": [6, 10.125, 6.75, 10], "texture": "#0"}
			}
		},
		{
			"from": [7.775, 5.925, 7.475],
			"to": [8.65, 6.05, 7.8],
			"faces": {
				"north": {"uv": [6.875, 10.25, 6, 10.375], "texture": "#0"},
				"east": {"uv": [6.75, 10.25, 6.875, 10.375], "texture": "#0"},
				"south": {"uv": [6, 10.25, 6.875, 10.375], "texture": "#0"},
				"west": {"uv": [6, 10.25, 6.125, 10.375], "texture": "#0"},
				"up": {"uv": [6, 10.375, 6.875, 10.25], "texture": "#0"},
				"down": {"uv": [6, 10.375, 6.875, 10.25], "texture": "#0"}
			}
		},
		{
			"from": [7.15, 9.675, 7.475],
			"to": [8.15, 10.05, 7.8],
			"faces": {
				"north": {"uv": [6.375, 6.25, 5.375, 6.625], "texture": "#0"},
				"east": {"uv": [6.25, 6.25, 6.375, 6.625], "texture": "#0"},
				"south": {"uv": [5.375, 6.25, 6.375, 6.625], "texture": "#0"},
				"west": {"uv": [5.375, 6.25, 5.5, 6.625], "texture": "#0"},
				"up": {"uv": [5.375, 6.375, 6.375, 6.25], "texture": "#0"},
				"down": {"uv": [5.375, 6.625, 6.375, 6.5], "texture": "#0"}
			}
		},
		{
			"from": [5.775, 12.425, 7.475],
			"to": [7.275, 12.675, 7.8],
			"faces": {
				"north": {"uv": [5.5, 3.625, 4, 3.875], "texture": "#0"},
				"east": {"uv": [5.375, 3.625, 5.5, 3.875], "texture": "#0"},
				"south": {"uv": [4, 3.625, 5.5, 3.875], "texture": "#0"},
				"west": {"uv": [4, 3.625, 4.125, 3.875], "texture": "#0"},
				"up": {"uv": [4, 3.75, 5.5, 3.625], "texture": "#0"},
				"down": {"uv": [4, 3.875, 5.5, 3.75], "texture": "#0"}
			}
		},
		{
			"from": [5.9, 12.175, 7.475],
			"to": [7.4, 12.425, 7.8],
			"faces": {
				"north": {"uv": [5.625, 3.875, 4.125, 4.125], "texture": "#0"},
				"east": {"uv": [5.5, 3.875, 5.625, 4.125], "texture": "#0"},
				"south": {"uv": [4.125, 3.875, 5.625, 4.125], "texture": "#0"},
				"west": {"uv": [4.125, 3.875, 4.25, 4.125], "texture": "#0"},
				"up": {"uv": [4.125, 4, 5.625, 3.875], "texture": "#0"},
				"down": {"uv": [4.125, 4.125, 5.625, 4], "texture": "#0"}
			}
		},
		{
			"from": [5.9, 12.05, 7.475],
			"to": [7.525, 12.175, 7.8],
			"faces": {
				"north": {"uv": [5.75, 4.125, 4.125, 4.25], "texture": "#0"},
				"east": {"uv": [5.625, 4.125, 5.75, 4.25], "texture": "#0"},
				"south": {"uv": [4.125, 4.125, 5.75, 4.25], "texture": "#0"},
				"west": {"uv": [4.125, 4.125, 4.25, 4.25], "texture": "#0"},
				"up": {"uv": [4.125, 4.25, 5.75, 4.125], "texture": "#0"},
				"down": {"uv": [4.125, 4.25, 5.75, 4.125], "texture": "#0"}
			}
		},
		{
			"from": [6.025, 11.675, 7.475],
			"to": [7.65, 11.925, 7.8],
			"faces": {
				"north": {"uv": [5.875, 4.375, 4.25, 4.625], "texture": "#0"},
				"east": {"uv": [5.75, 4.375, 5.875, 4.625], "texture": "#0"},
				"south": {"uv": [4.25, 4.375, 5.875, 4.625], "texture": "#0"},
				"west": {"uv": [4.25, 4.375, 4.375, 4.625], "texture": "#0"},
				"up": {"uv": [4.25, 4.5, 5.875, 4.375], "texture": "#0"},
				"down": {"uv": [4.25, 4.625, 5.875, 4.5], "texture": "#0"}
			}
		},
		{
			"from": [6.15, 11.55, 7.475],
			"to": [7.65, 11.675, 7.8],
			"faces": {
				"north": {"uv": [5.875, 4.625, 4.375, 4.75], "texture": "#0"},
				"east": {"uv": [5.75, 4.625, 5.875, 4.75], "texture": "#0"},
				"south": {"uv": [4.375, 4.625, 5.875, 4.75], "texture": "#0"},
				"west": {"uv": [4.375, 4.625, 4.5, 4.75], "texture": "#0"},
				"up": {"uv": [4.375, 4.75, 5.875, 4.625], "texture": "#0"},
				"down": {"uv": [4.375, 4.75, 5.875, 4.625], "texture": "#0"}
			}
		},
		{
			"from": [6.15, 11.3, 7.475],
			"to": [7.775, 11.55, 7.8],
			"faces": {
				"north": {"uv": [6, 4.75, 4.375, 5], "texture": "#0"},
				"east": {"uv": [5.875, 4.75, 6, 5], "texture": "#0"},
				"south": {"uv": [4.375, 4.75, 6, 5], "texture": "#0"},
				"west": {"uv": [4.375, 4.75, 4.5, 5], "texture": "#0"},
				"up": {"uv": [4.375, 4.875, 6, 4.75], "texture": "#0"},
				"down": {"uv": [4.375, 5, 6, 4.875], "texture": "#0"}
			}
		},
		{
			"from": [6.275, 11.175, 7.475],
			"to": [7.775, 11.3, 7.8],
			"faces": {
				"north": {"uv": [6, 5, 4.5, 5.125], "texture": "#0"},
				"east": {"uv": [5.875, 5, 6, 5.125], "texture": "#0"},
				"south": {"uv": [4.5, 5, 6, 5.125], "texture": "#0"},
				"west": {"uv": [4.5, 5, 4.625, 5.125], "texture": "#0"},
				"up": {"uv": [4.5, 5.125, 6, 5], "texture": "#0"},
				"down": {"uv": [4.5, 5.125, 6, 5], "texture": "#0"}
			}
		},
		{
			"from": [6.525, 10.55, 7.475],
			"to": [8.025, 10.675, 7.8],
			"faces": {
				"north": {"uv": [6.25, 5.625, 4.75, 5.75], "texture": "#0"},
				"east": {"uv": [6.125, 5.625, 6.25, 5.75], "texture": "#0"},
				"south": {"uv": [4.75, 5.625, 6.25, 5.75], "texture": "#0"},
				"west": {"uv": [4.75, 5.625, 4.875, 5.75], "texture": "#0"},
				"up": {"uv": [4.75, 5.75, 6.25, 5.625], "texture": "#0"},
				"down": {"uv": [4.75, 5.75, 6.25, 5.625], "texture": "#0"}
			}
		},
		{
			"from": [6.65, 10.425, 7.475],
			"to": [8.025, 10.55, 7.8],
			"faces": {
				"north": {"uv": [6.25, 5.75, 4.875, 5.875], "texture": "#0"},
				"east": {"uv": [6.125, 5.75, 6.25, 5.875], "texture": "#0"},
				"south": {"uv": [4.875, 5.75, 6.25, 5.875], "texture": "#0"},
				"west": {"uv": [4.875, 5.75, 5, 5.875], "texture": "#0"},
				"up": {"uv": [4.875, 5.875, 6.25, 5.75], "texture": "#0"},
				"down": {"uv": [4.875, 5.875, 6.25, 5.75], "texture": "#0"}
			}
		},
		{
			"from": [6.775, 10.3, 7.475],
			"to": [8.025, 10.425, 7.8],
			"faces": {
				"north": {"uv": [6.25, 5.875, 5, 6], "texture": "#0"},
				"east": {"uv": [6.125, 5.875, 6.25, 6], "texture": "#0"},
				"south": {"uv": [5, 5.875, 6.25, 6], "texture": "#0"},
				"west": {"uv": [5, 5.875, 5.125, 6], "texture": "#0"},
				"up": {"uv": [5, 6, 6.25, 5.875], "texture": "#0"},
				"down": {"uv": [5, 6, 6.25, 5.875], "texture": "#0"}
			}
		},
		{
			"from": [6.9, 10.175, 7.475],
			"to": [8.025, 10.3, 7.8],
			"faces": {
				"north": {"uv": [6.25, 6, 5.125, 6.125], "texture": "#0"},
				"east": {"uv": [6.125, 6, 6.25, 6.125], "texture": "#0"},
				"south": {"uv": [5.125, 6, 6.25, 6.125], "texture": "#0"},
				"west": {"uv": [5.125, 6, 5.25, 6.125], "texture": "#0"},
				"up": {"uv": [5.125, 6.125, 6.25, 6], "texture": "#0"},
				"down": {"uv": [5.125, 6.125, 6.25, 6], "texture": "#0"}
			}
		},
		{
			"from": [7.025, 10.05, 7.475],
			"to": [8.15, 10.175, 7.8],
			"faces": {
				"north": {"uv": [6.375, 6.125, 5.25, 6.25], "texture": "#0"},
				"east": {"uv": [6.25, 6.125, 6.375, 6.25], "texture": "#0"},
				"south": {"uv": [5.25, 6.125, 6.375, 6.25], "texture": "#0"},
				"west": {"uv": [5.25, 6.125, 5.375, 6.25], "texture": "#0"},
				"up": {"uv": [5.25, 6.25, 6.375, 6.125], "texture": "#0"},
				"down": {"uv": [5.25, 6.25, 6.375, 6.125], "texture": "#0"}
			}
		},
		{
			"from": [7.65, 6.05, 7.475],
			"to": [8.65, 6.175, 7.8],
			"faces": {
				"north": {"uv": [6.875, 10.125, 5.875, 10.25], "texture": "#0"},
				"east": {"uv": [6.75, 10.125, 6.875, 10.25], "texture": "#0"},
				"south": {"uv": [5.875, 10.125, 6.875, 10.25], "texture": "#0"},
				"west": {"uv": [5.875, 10.125, 6, 10.25], "texture": "#0"},
				"up": {"uv": [5.875, 10.25, 6.875, 10.125], "texture": "#0"},
				"down": {"uv": [5.875, 10.25, 6.875, 10.125], "texture": "#0"}
			}
		},
		{
			"from": [7.4, 5.675, 7.475],
			"to": [8.65, 5.8, 7.8],
			"faces": {
				"north": {"uv": [6.875, 10.5, 5.625, 10.625], "texture": "#0"},
				"east": {"uv": [6.75, 10.5, 6.875, 10.625], "texture": "#0"},
				"south": {"uv": [5.625, 10.5, 6.875, 10.625], "texture": "#0"},
				"west": {"uv": [5.625, 10.5, 5.75, 10.625], "texture": "#0"},
				"up": {"uv": [5.625, 10.625, 6.875, 10.5], "texture": "#0"},
				"down": {"uv": [5.625, 10.625, 6.875, 10.5], "texture": "#0"}
			}
		},
		{
			"from": [7.65, 5.8, 7.475],
			"to": [8.65, 5.925, 7.8],
			"faces": {
				"north": {"uv": [6.875, 10.375, 5.875, 10.5], "texture": "#0"},
				"east": {"uv": [6.75, 10.375, 6.875, 10.5], "texture": "#0"},
				"south": {"uv": [5.875, 10.375, 6.875, 10.5], "texture": "#0"},
				"west": {"uv": [5.875, 10.375, 6, 10.5], "texture": "#0"},
				"up": {"uv": [5.875, 10.5, 6.875, 10.375], "texture": "#0"},
				"down": {"uv": [5.875, 10.5, 6.875, 10.375], "texture": "#0"}
			}
		},
		{
			"from": [7.275, 5.55, 7.475],
			"to": [8.65, 5.675, 7.8],
			"faces": {
				"north": {"uv": [6.875, 10.625, 5.5, 10.75], "texture": "#0"},
				"east": {"uv": [6.75, 10.625, 6.875, 10.75], "texture": "#0"},
				"south": {"uv": [5.5, 10.625, 6.875, 10.75], "texture": "#0"},
				"west": {"uv": [5.5, 10.625, 5.625, 10.75], "texture": "#0"},
				"up": {"uv": [5.5, 10.75, 6.875, 10.625], "texture": "#0"},
				"down": {"uv": [5.5, 10.75, 6.875, 10.625], "texture": "#0"}
			}
		},
		{
			"from": [7.275, 5.175, 7.475],
			"to": [7.775, 5.3, 7.8],
			"faces": {
				"north": {"uv": [6, 11, 5.5, 11.125], "texture": "#0"},
				"east": {"uv": [5.875, 11, 6, 11.125], "texture": "#0"},
				"south": {"uv": [5.5, 11, 6, 11.125], "texture": "#0"},
				"west": {"uv": [5.5, 11, 5.625, 11.125], "texture": "#0"},
				"up": {"uv": [5.5, 11.125, 6, 11], "texture": "#0"},
				"down": {"uv": [5.5, 11.125, 6, 11], "texture": "#0"}
			}
		},
		{
			"from": [7.65, 5.3, 7.475],
			"to": [8.025, 5.425, 7.8],
			"faces": {
				"north": {"uv": [6.25, 10.875, 5.875, 11], "texture": "#0"},
				"east": {"uv": [6.125, 10.875, 6.25, 11], "texture": "#0"},
				"south": {"uv": [5.875, 10.875, 6.25, 11], "texture": "#0"},
				"west": {"uv": [5.875, 10.875, 6, 11], "texture": "#0"},
				"up": {"uv": [5.875, 11, 6.25, 10.875], "texture": "#0"},
				"down": {"uv": [5.875, 11, 6.25, 10.875], "texture": "#0"}
			}
		},
		{
			"from": [7.65, 5.425, 7.475],
			"to": [8.275, 5.55, 7.8],
			"faces": {
				"north": {"uv": [6.5, 10.75, 5.875, 10.875], "texture": "#0"},
				"east": {"uv": [6.375, 10.75, 6.5, 10.875], "texture": "#0"},
				"south": {"uv": [5.875, 10.75, 6.5, 10.875], "texture": "#0"},
				"west": {"uv": [5.875, 10.75, 6, 10.875], "texture": "#0"},
				"up": {"uv": [5.875, 10.875, 6.5, 10.75], "texture": "#0"},
				"down": {"uv": [5.875, 10.875, 6.5, 10.75], "texture": "#0"}
			}
		},
		{
			"from": [7.4, 5.05, 7.475],
			"to": [7.65, 5.175, 7.8],
			"faces": {
				"north": {"uv": [5.875, 11.125, 5.625, 11.25], "texture": "#0"},
				"east": {"uv": [5.75, 11.125, 5.875, 11.25], "texture": "#0"},
				"south": {"uv": [5.625, 11.125, 5.875, 11.25], "texture": "#0"},
				"west": {"uv": [5.625, 11.125, 5.75, 11.25], "texture": "#0"},
				"up": {"uv": [5.625, 11.25, 5.875, 11.125], "texture": "#0"},
				"down": {"uv": [5.625, 11.25, 5.875, 11.125], "texture": "#0"}
			}
		},
		{
			"from": [7.15, 5.3, 7.475],
			"to": [7.4, 5.55, 7.8],
			"faces": {
				"north": {"uv": [5.625, 10.75, 5.375, 11], "texture": "#0"},
				"east": {"uv": [5.5, 10.75, 5.625, 11], "texture": "#0"},
				"south": {"uv": [5.375, 10.75, 5.625, 11], "texture": "#0"},
				"west": {"uv": [5.375, 10.75, 5.5, 11], "texture": "#0"},
				"up": {"uv": [5.375, 10.875, 5.625, 10.75], "texture": "#0"},
				"down": {"uv": [5.375, 11, 5.625, 10.875], "texture": "#0"}
			}
		},
		{
			"from": [6.275, 10.925, 7.475],
			"to": [7.9, 11.175, 7.8],
			"faces": {
				"north": {"uv": [6.125, 5.125, 4.5, 5.375], "texture": "#0"},
				"east": {"uv": [6, 5.125, 6.125, 5.375], "texture": "#0"},
				"south": {"uv": [4.5, 5.125, 6.125, 5.375], "texture": "#0"},
				"west": {"uv": [4.5, 5.125, 4.625, 5.375], "texture": "#0"},
				"up": {"uv": [4.5, 5.25, 6.125, 5.125], "texture": "#0"},
				"down": {"uv": [4.5, 5.375, 6.125, 5.25], "texture": "#0"}
			}
		},
		{
			"from": [6.4, 10.675, 7.475],
			"to": [7.9, 10.925, 7.8],
			"faces": {
				"north": {"uv": [6.125, 5.375, 4.625, 5.625], "texture": "#0"},
				"east": {"uv": [6, 5.375, 6.125, 5.625], "texture": "#0"},
				"south": {"uv": [4.625, 5.375, 6.125, 5.625], "texture": "#0"},
				"west": {"uv": [4.625, 5.375, 4.75, 5.625], "texture": "#0"},
				"up": {"uv": [4.625, 5.5, 6.125, 5.375], "texture": "#0"},
				"down": {"uv": [4.625, 5.625, 6.125, 5.5], "texture": "#0"}
			}
		},
		{
			"from": [6.025, 11.925, 7.475],
			"to": [7.525, 12.05, 7.8],
			"faces": {
				"north": {"uv": [5.75, 4.25, 4.25, 4.375], "texture": "#0"},
				"east": {"uv": [5.625, 4.25, 5.75, 4.375], "texture": "#0"},
				"south": {"uv": [4.25, 4.25, 5.75, 4.375], "texture": "#0"},
				"west": {"uv": [4.25, 4.25, 4.375, 4.375], "texture": "#0"},
				"up": {"uv": [4.25, 4.375, 5.75, 4.25], "texture": "#0"},
				"down": {"uv": [4.25, 4.375, 5.75, 4.25], "texture": "#0"}
			}
		},
		{
			"from": [7.4, 12.175, 7.525],
			"to": [7.525, 12.425, 7.75],
			"faces": {
				"north": {"uv": [5.75, 3.875, 5.625, 4.125], "texture": "#0"},
				"east": {"uv": [5.625, 3.875, 5.75, 4.125], "texture": "#0"},
				"south": {"uv": [5.625, 3.875, 5.75, 4.125], "texture": "#0"},
				"west": {"uv": [5.625, 3.875, 5.75, 4.125], "texture": "#0"},
				"up": {"uv": [5.625, 4, 5.75, 3.875], "texture": "#0"},
				"down": {"uv": [5.625, 4.125, 5.75, 4], "texture": "#0"}
			}
		},
		{
			"from": [5.65, 12.05, 7.525],
			"to": [5.9, 12.425, 7.75],
			"faces": {
				"north": {"uv": [4.125, 3.875, 3.875, 4.25], "texture": "#0"},
				"east": {"uv": [4, 3.875, 4.125, 4.25], "texture": "#0"},
				"south": {"uv": [3.875, 3.875, 4.125, 4.25], "texture": "#0"},
				"west": {"uv": [3.875, 3.875, 4, 4.25], "texture": "#0"},
				"up": {"uv": [3.875, 4, 4.125, 3.875], "texture": "#0"},
				"down": {"uv": [3.875, 4.25, 4.125, 4.125], "texture": "#0"}
			}
		},
		{
			"from": [5.775, 11.675, 7.525],
			"to": [6.025, 12.05, 7.75],
			"faces": {
				"north": {"uv": [4.25, 4.25, 4, 4.625], "texture": "#0"},
				"east": {"uv": [4.125, 4.25, 4.25, 4.625], "texture": "#0"},
				"south": {"uv": [4, 4.25, 4.25, 4.625], "texture": "#0"},
				"west": {"uv": [4, 4.25, 4.125, 4.625], "texture": "#0"},
				"up": {"uv": [4, 4.375, 4.25, 4.25], "texture": "#0"},
				"down": {"uv": [4, 4.625, 4.25, 4.5], "texture": "#0"}
			}
		},
		{
			"from": [7.775, 11.175, 7.525],
			"to": [8.025, 11.55, 7.75],
			"faces": {
				"north": {"uv": [6.25, 4.75, 6, 5.125], "texture": "#0"},
				"east": {"uv": [6.125, 4.75, 6.25, 5.125], "texture": "#0"},
				"south": {"uv": [6, 4.75, 6.25, 5.125], "texture": "#0"},
				"west": {"uv": [6, 4.75, 6.125, 5.125], "texture": "#0"},
				"up": {"uv": [6, 4.875, 6.25, 4.75], "texture": "#0"},
				"down": {"uv": [6, 5.125, 6.25, 5], "texture": "#0"}
			}
		},
		{
			"from": [7.9, 10.675, 7.525],
			"to": [8.15, 11.175, 7.75],
			"faces": {
				"north": {"uv": [6.375, 5.125, 6.125, 5.625], "texture": "#0"},
				"east": {"uv": [6.25, 5.125, 6.375, 5.625], "texture": "#0"},
				"south": {"uv": [6.125, 5.125, 6.375, 5.625], "texture": "#0"},
				"west": {"uv": [6.125, 5.125, 6.25, 5.625], "texture": "#0"},
				"up": {"uv": [6.125, 5.25, 6.375, 5.125], "texture": "#0"},
				"down": {"uv": [6.125, 5.625, 6.375, 5.5], "texture": "#0"}
			}
		},
		{
			"from": [7.15, 8.675, 7.525],
			"to": [8.525, 9.3, 7.75],
			"faces": {
				"north": {"uv": [6.75, 7, 5.375, 7.625], "texture": "#0"},
				"east": {"uv": [6.625, 7, 6.75, 7.625], "texture": "#0"},
				"south": {"uv": [5.375, 7, 6.75, 7.625], "texture": "#0"},
				"west": {"uv": [5.375, 7, 5.5, 7.625], "texture": "#0"},
				"up": {"uv": [5.375, 7.125, 6.75, 7], "texture": "#0"},
				"down": {"uv": [5.375, 7.625, 6.75, 7.5], "texture": "#0"}
			}
		},
		{
			"from": [7.275, 7.925, 7.525],
			"to": [8.525, 8.675, 7.75],
			"faces": {
				"north": {"uv": [6.75, 7.625, 5.5, 8.375], "texture": "#0"},
				"east": {"uv": [6.625, 7.625, 6.75, 8.375], "texture": "#0"},
				"south": {"uv": [5.5, 7.625, 6.75, 8.375], "texture": "#0"},
				"west": {"uv": [5.5, 7.625, 5.625, 8.375], "texture": "#0"},
				"up": {"uv": [5.5, 7.75, 6.75, 7.625], "texture": "#0"},
				"down": {"uv": [5.5, 8.375, 6.75, 8.25], "texture": "#0"}
			}
		},
		{
			"from": [7.4, 7.05, 7.525],
			"to": [7.65, 7.925, 7.75],
			"faces": {
				"north": {"uv": [5.875, 8.375, 5.625, 9.25], "texture": "#0"},
				"east": {"uv": [5.75, 8.375, 5.875, 9.25], "texture": "#0"},
				"south": {"uv": [5.625, 8.375, 5.875, 9.25], "texture": "#0"},
				"west": {"uv": [5.625, 8.375, 5.75, 9.25], "texture": "#0"},
				"up": {"uv": [5.625, 8.5, 5.875, 8.375], "texture": "#0"},
				"down": {"uv": [5.625, 9.25, 5.875, 9.125], "texture": "#0"}
			}
		},
		{
			"from": [7.65, 6.175, 7.525],
			"to": [8.65, 7.05, 7.75],
			"faces": {
				"north": {"uv": [6.875, 9.25, 5.875, 10.125], "texture": "#0"},
				"east": {"uv": [6.75, 9.25, 6.875, 10.125], "texture": "#0"},
				"south": {"uv": [5.875, 9.25, 6.875, 10.125], "texture": "#0"},
				"west": {"uv": [5.875, 9.25, 6, 10.125], "texture": "#0"},
				"up": {"uv": [5.875, 9.375, 6.875, 9.25], "texture": "#0"},
				"down": {"uv": [5.875, 10.125, 6.875, 10], "texture": "#0"}
			}
		},
		{
			"from": [7.525, 6.925, 7.525],
			"to": [7.65, 7.05, 7.75],
			"faces": {
				"north": {"uv": [5.875, 9.25, 5.75, 9.375], "texture": "#0"},
				"east": {"uv": [5.75, 9.25, 5.875, 9.375], "texture": "#0"},
				"south": {"uv": [5.75, 9.25, 5.875, 9.375], "texture": "#0"},
				"west": {"uv": [5.75, 9.25, 5.875, 9.375], "texture": "#0"},
				"up": {"uv": [5.75, 9.375, 5.875, 9.25], "texture": "#0"},
				"down": {"uv": [5.75, 9.375, 5.875, 9.25], "texture": "#0"}
			}
		},
		{
			"from": [7.525, 6.675, 7.525],
			"to": [7.65, 6.8, 7.75],
			"faces": {
				"north": {"uv": [5.875, 9.5, 5.75, 9.625], "texture": "#0"},
				"east": {"uv": [5.75, 9.5, 5.875, 9.625], "texture": "#0"},
				"south": {"uv": [5.75, 9.5, 5.875, 9.625], "texture": "#0"},
				"west": {"uv": [5.75, 9.5, 5.875, 9.625], "texture": "#0"},
				"up": {"uv": [5.75, 9.625, 5.875, 9.5], "texture": "#0"},
				"down": {"uv": [5.75, 9.625, 5.875, 9.5], "texture": "#0"}
			}
		},
		{
			"from": [7.525, 6.425, 7.525],
			"to": [7.65, 6.55, 7.75],
			"faces": {
				"north": {"uv": [5.875, 9.75, 5.75, 9.875], "texture": "#0"},
				"east": {"uv": [5.75, 9.75, 5.875, 9.875], "texture": "#0"},
				"south": {"uv": [5.75, 9.75, 5.875, 9.875], "texture": "#0"},
				"west": {"uv": [5.75, 9.75, 5.875, 9.875], "texture": "#0"},
				"up": {"uv": [5.75, 9.875, 5.875, 9.75], "texture": "#0"},
				"down": {"uv": [5.75, 9.875, 5.875, 9.75], "texture": "#0"}
			}
		},
		{
			"from": [7.525, 6.175, 7.525],
			"to": [7.65, 6.3, 7.75],
			"faces": {
				"north": {"uv": [5.875, 10, 5.75, 10.125], "texture": "#0"},
				"east": {"uv": [5.75, 10, 5.875, 10.125], "texture": "#0"},
				"south": {"uv": [5.75, 10, 5.875, 10.125], "texture": "#0"},
				"west": {"uv": [5.75, 10, 5.875, 10.125], "texture": "#0"},
				"up": {"uv": [5.75, 10.125, 5.875, 10], "texture": "#0"},
				"down": {"uv": [5.75, 10.125, 5.875, 10], "texture": "#0"}
			}
		},
		{
			"from": [8.4, 7.05, 7.525],
			"to": [8.65, 7.925, 7.75],
			"faces": {
				"north": {"uv": [6.875, 8.375, 6.625, 9.25], "texture": "#0"},
				"east": {"uv": [6.75, 8.375, 6.875, 9.25], "texture": "#0"},
				"south": {"uv": [6.625, 8.375, 6.875, 9.25], "texture": "#0"},
				"west": {"uv": [6.625, 8.375, 6.75, 9.25], "texture": "#0"},
				"up": {"uv": [6.625, 8.5, 6.875, 8.375], "texture": "#0"},
				"down": {"uv": [6.625, 9.25, 6.875, 9.125], "texture": "#0"}
			}
		},
		{
			"from": [7.65, 11.55, 7.525],
			"to": [7.9, 11.925, 7.75],
			"faces": {
				"north": {"uv": [6.125, 4.375, 5.875, 4.75], "texture": "#0"},
				"east": {"uv": [6, 4.375, 6.125, 4.75], "texture": "#0"},
				"south": {"uv": [5.875, 4.375, 6.125, 4.75], "texture": "#0"},
				"west": {"uv": [5.875, 4.375, 6, 4.75], "texture": "#0"},
				"up": {"uv": [5.875, 4.5, 6.125, 4.375], "texture": "#0"},
				"down": {"uv": [5.875, 4.75, 6.125, 4.625], "texture": "#0"}
			}
		},
		{
			"from": [5.9, 11.3, 7.525],
			"to": [6.15, 11.675, 7.75],
			"faces": {
				"north": {"uv": [4.375, 4.625, 4.125, 5], "texture": "#0"},
				"east": {"uv": [4.25, 4.625, 4.375, 5], "texture": "#0"},
				"south": {"uv": [4.125, 4.625, 4.375, 5], "texture": "#0"},
				"west": {"uv": [4.125, 4.625, 4.25, 5], "texture": "#0"},
				"up": {"uv": [4.125, 4.75, 4.375, 4.625], "texture": "#0"},
				"down": {"uv": [4.125, 5, 4.375, 4.875], "texture": "#0"}
			}
		},
		{
			"from": [6.025, 10.925, 7.525],
			"to": [6.275, 11.3, 7.75],
			"faces": {
				"north": {"uv": [4.5, 5, 4.25, 5.375], "texture": "#0"},
				"east": {"uv": [4.375, 5, 4.5, 5.375], "texture": "#0"},
				"south": {"uv": [4.25, 5, 4.5, 5.375], "texture": "#0"},
				"west": {"uv": [4.25, 5, 4.375, 5.375], "texture": "#0"},
				"up": {"uv": [4.25, 5.125, 4.5, 5], "texture": "#0"},
				"down": {"uv": [4.25, 5.375, 4.5, 5.25], "texture": "#0"}
			}
		},
		{
			"from": [6.9, 9.675, 7.525],
			"to": [8.4, 10.05, 7.75],
			"faces": {
				"north": {"uv": [6.625, 6.25, 5.125, 6.625], "texture": "#0"},
				"east": {"uv": [6.5, 6.25, 6.625, 6.625], "texture": "#0"},
				"south": {"uv": [5.125, 6.25, 6.625, 6.625], "texture": "#0"},
				"west": {"uv": [5.125, 6.25, 5.25, 6.625], "texture": "#0"},
				"up": {"uv": [5.125, 6.375, 6.625, 6.25], "texture": "#0"},
				"down": {"uv": [5.125, 6.625, 6.625, 6.5], "texture": "#0"}
			}
		},
		{
			"from": [7.025, 9.3, 7.525],
			"to": [8.4, 9.675, 7.75],
			"faces": {
				"north": {"uv": [6.625, 6.625, 5.25, 7], "texture": "#0"},
				"east": {"uv": [6.5, 6.625, 6.625, 7], "texture": "#0"},
				"south": {"uv": [5.25, 6.625, 6.625, 7], "texture": "#0"},
				"west": {"uv": [5.25, 6.625, 5.375, 7], "texture": "#0"},
				"up": {"uv": [5.25, 6.75, 6.625, 6.625], "texture": "#0"},
				"down": {"uv": [5.25, 7, 6.625, 6.875], "texture": "#0"}
			}
		},
		{
			"from": [6.275, 13.425, 7.475],
			"to": [6.775, 13.675, 7.8],
			"faces": {
				"north": {"uv": [5, 2.625, 4.5, 2.875], "texture": "#0"},
				"east": {"uv": [4.875, 2.625, 5, 2.875], "texture": "#0"},
				"south": {"uv": [4.5, 2.625, 5, 2.875], "texture": "#0"},
				"west": {"uv": [4.5, 2.625, 4.625, 2.875], "texture": "#0"},
				"up": {"uv": [4.5, 2.75, 5, 2.625], "texture": "#0"},
				"down": {"uv": [4.5, 2.875, 5, 2.75], "texture": "#0"}
			}
		},
		{
			"from": [6.525, 13.925, 7.525],
			"to": [6.775, 14.175, 7.75],
			"faces": {
				"north": {"uv": [5, 2.125, 4.75, 2.375], "texture": "#0"},
				"east": {"uv": [4.875, 2.125, 5, 2.375], "texture": "#0"},
				"south": {"uv": [4.75, 2.125, 5, 2.375], "texture": "#0"},
				"west": {"uv": [4.75, 2.125, 4.875, 2.375], "texture": "#0"},
				"up": {"uv": [4.75, 2.25, 5, 2.125], "texture": "#0"},
				"down": {"uv": [4.75, 2.375, 5, 2.25], "texture": "#0"}
			}
		},
		{
			"from": [6.65, 13.675, 7.525],
			"to": [6.775, 13.925, 7.75],
			"faces": {
				"north": {"uv": [5, 2.375, 4.875, 2.625], "texture": "#0"},
				"east": {"uv": [4.875, 2.375, 5, 2.625], "texture": "#0"},
				"south": {"uv": [4.875, 2.375, 5, 2.625], "texture": "#0"},
				"west": {"uv": [4.875, 2.375, 5, 2.625], "texture": "#0"},
				"up": {"uv": [4.875, 2.5, 5, 2.375], "texture": "#0"},
				"down": {"uv": [4.875, 2.625, 5, 2.5], "texture": "#0"}
			}
		},
		{
			"from": [6.775, 13.425, 7.525],
			"to": [6.9, 13.675, 7.75],
			"faces": {
				"north": {"uv": [5.125, 2.625, 5, 2.875], "texture": "#0"},
				"east": {"uv": [5, 2.625, 5.125, 2.875], "texture": "#0"},
				"south": {"uv": [5, 2.625, 5.125, 2.875], "texture": "#0"},
				"west": {"uv": [5, 2.625, 5.125, 2.875], "texture": "#0"},
				"up": {"uv": [5, 2.75, 5.125, 2.625], "texture": "#0"},
				"down": {"uv": [5, 2.875, 5.125, 2.75], "texture": "#0"}
			}
		},
		{
			"from": [6.9, 13.175, 7.525],
			"to": [7.025, 13.425, 7.75],
			"faces": {
				"north": {"uv": [5.25, 2.875, 5.125, 3.125], "texture": "#0"},
				"east": {"uv": [5.125, 2.875, 5.25, 3.125], "texture": "#0"},
				"south": {"uv": [5.125, 2.875, 5.25, 3.125], "texture": "#0"},
				"west": {"uv": [5.125, 2.875, 5.25, 3.125], "texture": "#0"},
				"up": {"uv": [5.125, 3, 5.25, 2.875], "texture": "#0"},
				"down": {"uv": [5.125, 3.125, 5.25, 3], "texture": "#0"}
			}
		},
		{
			"from": [7.025, 12.925, 7.525],
			"to": [7.15, 13.175, 7.75],
			"faces": {
				"north": {"uv": [5.375, 3.125, 5.25, 3.375], "texture": "#0"},
				"east": {"uv": [5.25, 3.125, 5.375, 3.375], "texture": "#0"},
				"south": {"uv": [5.25, 3.125, 5.375, 3.375], "texture": "#0"},
				"west": {"uv": [5.25, 3.125, 5.375, 3.375], "texture": "#0"},
				"up": {"uv": [5.25, 3.25, 5.375, 3.125], "texture": "#0"},
				"down": {"uv": [5.25, 3.375, 5.375, 3.25], "texture": "#0"}
			}
		},
		{
			"from": [7.15, 12.675, 7.525],
			"to": [7.275, 12.925, 7.75],
			"faces": {
				"north": {"uv": [5.5, 3.375, 5.375, 3.625], "texture": "#0"},
				"east": {"uv": [5.375, 3.375, 5.5, 3.625], "texture": "#0"},
				"south": {"uv": [5.375, 3.375, 5.5, 3.625], "texture": "#0"},
				"west": {"uv": [5.375, 3.375, 5.5, 3.625], "texture": "#0"},
				"up": {"uv": [5.375, 3.5, 5.5, 3.375], "texture": "#0"},
				"down": {"uv": [5.375, 3.625, 5.5, 3.5], "texture": "#0"}
			}
		},
		{
			"from": [7.275, 12.425, 7.525],
			"to": [7.4, 12.675, 7.75],
			"faces": {
				"north": {"uv": [5.625, 3.625, 5.5, 3.875], "texture": "#0"},
				"east": {"uv": [5.5, 3.625, 5.625, 3.875], "texture": "#0"},
				"south": {"uv": [5.5, 3.625, 5.625, 3.875], "texture": "#0"},
				"west": {"uv": [5.5, 3.625, 5.625, 3.875], "texture": "#0"},
				"up": {"uv": [5.5, 3.75, 5.625, 3.625], "texture": "#0"},
				"down": {"uv": [5.5, 3.875, 5.625, 3.75], "texture": "#0"}
			}
		},
		{
			"from": [7.525, 11.925, 7.525],
			"to": [7.65, 12.175, 7.75],
			"faces": {
				"north": {"uv": [5.875, 4.125, 5.75, 4.375], "texture": "#0"},
				"east": {"uv": [5.75, 4.125, 5.875, 4.375], "texture": "#0"},
				"south": {"uv": [5.75, 4.125, 5.875, 4.375], "texture": "#0"},
				"west": {"uv": [5.75, 4.125, 5.875, 4.375], "texture": "#0"},
				"up": {"uv": [5.75, 4.25, 5.875, 4.125], "texture": "#0"},
				"down": {"uv": [5.75, 4.375, 5.875, 4.25], "texture": "#0"}
			}
		},
		{
			"from": [6.775, 13.8, 7.525],
			"to": [6.9, 13.925, 7.75],
			"faces": {
				"north": {"uv": [5.125, 2.375, 5, 2.5], "texture": "#0"},
				"east": {"uv": [5, 2.375, 5.125, 2.5], "texture": "#0"},
				"south": {"uv": [5, 2.375, 5.125, 2.5], "texture": "#0"},
				"west": {"uv": [5, 2.375, 5.125, 2.5], "texture": "#0"},
				"up": {"uv": [5, 2.5, 5.125, 2.375], "texture": "#0"},
				"down": {"uv": [5, 2.5, 5.125, 2.375], "texture": "#0"}
			}
		},
		{
			"from": [6.9, 13.55, 7.525],
			"to": [7.025, 13.675, 7.75],
			"faces": {
				"north": {"uv": [5.25, 2.625, 5.125, 2.75], "texture": "#0"},
				"east": {"uv": [5.125, 2.625, 5.25, 2.75], "texture": "#0"},
				"south": {"uv": [5.125, 2.625, 5.25, 2.75], "texture": "#0"},
				"west": {"uv": [5.125, 2.625, 5.25, 2.75], "texture": "#0"},
				"up": {"uv": [5.125, 2.75, 5.25, 2.625], "texture": "#0"},
				"down": {"uv": [5.125, 2.75, 5.25, 2.625], "texture": "#0"}
			}
		},
		{
			"from": [7.025, 13.3, 7.525],
			"to": [7.15, 13.425, 7.75],
			"faces": {
				"north": {"uv": [5.375, 2.875, 5.25, 3], "texture": "#0"},
				"east": {"uv": [5.25, 2.875, 5.375, 3], "texture": "#0"},
				"south": {"uv": [5.25, 2.875, 5.375, 3], "texture": "#0"},
				"west": {"uv": [5.25, 2.875, 5.375, 3], "texture": "#0"},
				"up": {"uv": [5.25, 3, 5.375, 2.875], "texture": "#0"},
				"down": {"uv": [5.25, 3, 5.375, 2.875], "texture": "#0"}
			}
		},
		{
			"from": [7.15, 13.05, 7.525],
			"to": [7.275, 13.175, 7.75],
			"faces": {
				"north": {"uv": [5.5, 3.125, 5.375, 3.25], "texture": "#0"},
				"east": {"uv": [5.375, 3.125, 5.5, 3.25], "texture": "#0"},
				"south": {"uv": [5.375, 3.125, 5.5, 3.25], "texture": "#0"},
				"west": {"uv": [5.375, 3.125, 5.5, 3.25], "texture": "#0"},
				"up": {"uv": [5.375, 3.25, 5.5, 3.125], "texture": "#0"},
				"down": {"uv": [5.375, 3.25, 5.5, 3.125], "texture": "#0"}
			}
		},
		{
			"from": [7.275, 12.8, 7.525],
			"to": [7.4, 12.925, 7.75],
			"faces": {
				"north": {"uv": [5.625, 3.375, 5.5, 3.5], "texture": "#0"},
				"east": {"uv": [5.5, 3.375, 5.625, 3.5], "texture": "#0"},
				"south": {"uv": [5.5, 3.375, 5.625, 3.5], "texture": "#0"},
				"west": {"uv": [5.5, 3.375, 5.625, 3.5], "texture": "#0"},
				"up": {"uv": [5.5, 3.5, 5.625, 3.375], "texture": "#0"},
				"down": {"uv": [5.5, 3.5, 5.625, 3.375], "texture": "#0"}
			}
		},
		{
			"from": [7.4, 12.55, 7.525],
			"to": [7.525, 12.675, 7.75],
			"faces": {
				"north": {"uv": [5.75, 3.625, 5.625, 3.75], "texture": "#0"},
				"east": {"uv": [5.625, 3.625, 5.75, 3.75], "texture": "#0"},
				"south": {"uv": [5.625, 3.625, 5.75, 3.75], "texture": "#0"},
				"west": {"uv": [5.625, 3.625, 5.75, 3.75], "texture": "#0"},
				"up": {"uv": [5.625, 3.75, 5.75, 3.625], "texture": "#0"},
				"down": {"uv": [5.625, 3.75, 5.75, 3.625], "texture": "#0"}
			}
		},
		{
			"from": [7.525, 12.3, 7.525],
			"to": [7.65, 12.425, 7.75],
			"faces": {
				"north": {"uv": [5.875, 3.875, 5.75, 4], "texture": "#0"},
				"east": {"uv": [5.75, 3.875, 5.875, 4], "texture": "#0"},
				"south": {"uv": [5.75, 3.875, 5.875, 4], "texture": "#0"},
				"west": {"uv": [5.75, 3.875, 5.875, 4], "texture": "#0"},
				"up": {"uv": [5.75, 4, 5.875, 3.875], "texture": "#0"},
				"down": {"uv": [5.75, 4, 5.875, 3.875], "texture": "#0"}
			}
		},
		{
			"from": [7.65, 12.05, 7.525],
			"to": [7.775, 12.175, 7.75],
			"faces": {
				"north": {"uv": [6, 4.125, 5.875, 4.25], "texture": "#0"},
				"east": {"uv": [5.875, 4.125, 6, 4.25], "texture": "#0"},
				"south": {"uv": [5.875, 4.125, 6, 4.25], "texture": "#0"},
				"west": {"uv": [5.875, 4.125, 6, 4.25], "texture": "#0"},
				"up": {"uv": [5.875, 4.25, 6, 4.125], "texture": "#0"},
				"down": {"uv": [5.875, 4.25, 6, 4.125], "texture": "#0"}
			}
		},
		{
			"from": [6.15, 10.675, 7.525],
			"to": [6.4, 10.925, 7.75],
			"faces": {
				"north": {"uv": [4.625, 5.375, 4.375, 5.625], "texture": "#0"},
				"east": {"uv": [4.5, 5.375, 4.625, 5.625], "texture": "#0"},
				"south": {"uv": [4.375, 5.375, 4.625, 5.625], "texture": "#0"},
				"west": {"uv": [4.375, 5.375, 4.5, 5.625], "texture": "#0"},
				"up": {"uv": [4.375, 5.5, 4.625, 5.375], "texture": "#0"},
				"down": {"uv": [4.375, 5.625, 4.625, 5.5], "texture": "#0"}
			}
		},
		{
			"from": [6.275, 10.55, 7.525],
			"to": [8.275, 10.675, 7.75],
			"faces": {
				"north": {"uv": [6.5, 5.625, 4.5, 5.75], "texture": "#0"},
				"east": {"uv": [6.375, 5.625, 6.5, 5.75], "texture": "#0"},
				"south": {"uv": [4.5, 5.625, 6.5, 5.75], "texture": "#0"},
				"west": {"uv": [4.5, 5.625, 4.625, 5.75], "texture": "#0"},
				"up": {"uv": [4.5, 5.75, 6.5, 5.625], "texture": "#0"},
				"down": {"uv": [4.5, 5.75, 6.5, 5.625], "texture": "#0"}
			}
		},
		{
			"from": [6.65, 10.175, 7.525],
			"to": [8.275, 10.3, 7.75],
			"faces": {
				"north": {"uv": [6.5, 6, 4.875, 6.125], "texture": "#0"},
				"east": {"uv": [6.375, 6, 6.5, 6.125], "texture": "#0"},
				"south": {"uv": [4.875, 6, 6.5, 6.125], "texture": "#0"},
				"west": {"uv": [4.875, 6, 5, 6.125], "texture": "#0"},
				"up": {"uv": [4.875, 6.125, 6.5, 6], "texture": "#0"},
				"down": {"uv": [4.875, 6.125, 6.5, 6], "texture": "#0"}
			}
		},
		{
			"from": [6.775, 10.05, 7.525],
			"to": [8.4, 10.175, 7.75],
			"faces": {
				"north": {"uv": [6.625, 6.125, 5, 6.25], "texture": "#0"},
				"east": {"uv": [6.5, 6.125, 6.625, 6.25], "texture": "#0"},
				"south": {"uv": [5, 6.125, 6.625, 6.25], "texture": "#0"},
				"west": {"uv": [5, 6.125, 5.125, 6.25], "texture": "#0"},
				"up": {"uv": [5, 6.25, 6.625, 6.125], "texture": "#0"},
				"down": {"uv": [5, 6.25, 6.625, 6.125], "texture": "#0"}
			}
		},
		{
			"from": [6.525, 10.3, 7.525],
			"to": [8.275, 10.425, 7.75],
			"faces": {
				"north": {"uv": [6.5, 5.875, 4.75, 6], "texture": "#0"},
				"east": {"uv": [6.375, 5.875, 6.5, 6], "texture": "#0"},
				"south": {"uv": [4.75, 5.875, 6.5, 6], "texture": "#0"},
				"west": {"uv": [4.75, 5.875, 4.875, 6], "texture": "#0"},
				"up": {"uv": [4.75, 6, 6.5, 5.875], "texture": "#0"},
				"down": {"uv": [4.75, 6, 6.5, 5.875], "texture": "#0"}
			}
		},
		{
			"from": [6.4, 10.425, 7.525],
			"to": [8.275, 10.55, 7.75],
			"faces": {
				"north": {"uv": [6.5, 5.75, 4.625, 5.875], "texture": "#0"},
				"east": {"uv": [6.375, 5.75, 6.5, 5.875], "texture": "#0"},
				"south": {"uv": [4.625, 5.75, 6.5, 5.875], "texture": "#0"},
				"west": {"uv": [4.625, 5.75, 4.75, 5.875], "texture": "#0"},
				"up": {"uv": [4.625, 5.875, 6.5, 5.75], "texture": "#0"},
				"down": {"uv": [4.625, 5.875, 6.5, 5.75], "texture": "#0"}
			}
		},
		{
			"from": [6.4, 13.675, 7.475],
			"to": [6.65, 13.925, 7.8],
			"faces": {
				"north": {"uv": [4.875, 2.375, 4.625, 2.625], "texture": "#0"},
				"east": {"uv": [4.75, 2.375, 4.875, 2.625], "texture": "#0"},
				"south": {"uv": [4.625, 2.375, 4.875, 2.625], "texture": "#0"},
				"west": {"uv": [4.625, 2.375, 4.75, 2.625], "texture": "#0"},
				"up": {"uv": [4.625, 2.5, 4.875, 2.375], "texture": "#0"},
				"down": {"uv": [4.625, 2.625, 4.875, 2.5], "texture": "#0"}
			}
		},
		{
			"from": [5.4, 13.925, 7.55],
			"to": [6.525, 14.175, 7.725],
			"faces": {
				"north": {"uv": [4.75, 2.125, 3.625, 2.375], "texture": "#0"},
				"east": {"uv": [4.625, 2.125, 4.75, 2.375], "texture": "#0"},
				"south": {"uv": [3.625, 2.125, 4.75, 2.375], "texture": "#0"},
				"west": {"uv": [3.625, 2.125, 3.75, 2.375], "texture": "#0"},
				"up": {"uv": [3.625, 2.25, 4.75, 2.125], "texture": "#0"},
				"down": {"uv": [3.625, 2.375, 4.75, 2.25], "texture": "#0"}
			}
		},
		{
			"from": [5.525, 13.675, 7.55],
			"to": [6.4, 13.925, 7.725],
			"faces": {
				"north": {"uv": [4.625, 2.375, 3.75, 2.625], "texture": "#0"},
				"east": {"uv": [4.5, 2.375, 4.625, 2.625], "texture": "#0"},
				"south": {"uv": [3.75, 2.375, 4.625, 2.625], "texture": "#0"},
				"west": {"uv": [3.75, 2.375, 3.875, 2.625], "texture": "#0"},
				"up": {"uv": [3.75, 2.5, 4.625, 2.375], "texture": "#0"},
				"down": {"uv": [3.75, 2.625, 4.625, 2.5], "texture": "#0"}
			}
		},
		{
			"from": [5.525, 13.425, 7.55],
			"to": [6.275, 13.675, 7.725],
			"faces": {
				"north": {"uv": [4.5, 2.625, 3.75, 2.875], "texture": "#0"},
				"east": {"uv": [4.375, 2.625, 4.5, 2.875], "texture": "#0"},
				"south": {"uv": [3.75, 2.625, 4.5, 2.875], "texture": "#0"},
				"west": {"uv": [3.75, 2.625, 3.875, 2.875], "texture": "#0"},
				"up": {"uv": [3.75, 2.75, 4.5, 2.625], "texture": "#0"},
				"down": {"uv": [3.75, 2.875, 4.5, 2.75], "texture": "#0"}
			}
		},
		{
			"from": [5.65, 13.175, 7.55],
			"to": [6.15, 13.425, 7.725],
			"faces": {
				"north": {"uv": [4.375, 2.875, 3.875, 3.125], "texture": "#0"},
				"east": {"uv": [4.25, 2.875, 4.375, 3.125], "texture": "#0"},
				"south": {"uv": [3.875, 2.875, 4.375, 3.125], "texture": "#0"},
				"west": {"uv": [3.875, 2.875, 4, 3.125], "texture": "#0"},
				"up": {"uv": [3.875, 3, 4.375, 2.875], "texture": "#0"},
				"down": {"uv": [3.875, 3.125, 4.375, 3], "texture": "#0"}
			}
		},
		{
			"from": [5.65, 12.925, 7.55],
			"to": [6.025, 13.175, 7.725],
			"faces": {
				"north": {"uv": [4.25, 3.125, 3.875, 3.375], "texture": "#0"},
				"east": {"uv": [4.125, 3.125, 4.25, 3.375], "texture": "#0"},
				"south": {"uv": [3.875, 3.125, 4.25, 3.375], "texture": "#0"},
				"west": {"uv": [3.875, 3.125, 4, 3.375], "texture": "#0"},
				"up": {"uv": [3.875, 3.25, 4.25, 3.125], "texture": "#0"},
				"down": {"uv": [3.875, 3.375, 4.25, 3.25], "texture": "#0"}
			}
		},
		{
			"from": [5.775, 12.675, 7.55],
			"to": [5.9, 12.925, 7.725],
			"faces": {
				"north": {"uv": [4.125, 3.375, 4, 3.625], "texture": "#0"},
				"east": {"uv": [4, 3.375, 4.125, 3.625], "texture": "#0"},
				"south": {"uv": [4, 3.375, 4.125, 3.625], "texture": "#0"},
				"west": {"uv": [4, 3.375, 4.125, 3.625], "texture": "#0"},
				"up": {"uv": [4, 3.5, 4.125, 3.375], "texture": "#0"},
				"down": {"uv": [4, 3.625, 4.125, 3.5], "texture": "#0"}
			}
		},
		{
			"from": [5.4, 14.175, 7.55],
			"to": [6.65, 14.425, 7.725],
			"faces": {
				"north": {"uv": [4.875, 1.875, 3.625, 2.125], "texture": "#0"},
				"east": {"uv": [4.75, 1.875, 4.875, 2.125], "texture": "#0"},
				"south": {"uv": [3.625, 1.875, 4.875, 2.125], "texture": "#0"},
				"west": {"uv": [3.625, 1.875, 3.75, 2.125], "texture": "#0"},
				"up": {"uv": [3.625, 2, 4.875, 1.875], "texture": "#0"},
				"down": {"uv": [3.625, 2.125, 4.875, 2], "texture": "#0"}
			}
		},
		{
			"from": [5.4, 15.425, 7.55],
			"to": [6.025, 15.675, 7.725],
			"faces": {
				"north": {"uv": [4.25, 0.625, 3.625, 0.875], "texture": "#0"},
				"east": {"uv": [4.125, 0.625, 4.25, 0.875], "texture": "#0"},
				"south": {"uv": [3.625, 0.625, 4.25, 0.875], "texture": "#0"},
				"west": {"uv": [3.625, 0.625, 3.75, 0.875], "texture": "#0"},
				"up": {"uv": [3.625, 0.75, 4.25, 0.625], "texture": "#0"},
				"down": {"uv": [3.625, 0.875, 4.25, 0.75], "texture": "#0"}
			}
		},
		{
			"from": [5.275, 15.8, 7.6],
			"to": [5.525, 16.05, 7.675],
			"faces": {
				"north": {"uv": [3.75, 0.25, 3.5, 0.5], "texture": "#0"},
				"east": {"uv": [3.625, 0.25, 3.75, 0.5], "texture": "#0"},
				"south": {"uv": [3.5, 0.25, 3.75, 0.5], "texture": "#0"},
				"west": {"uv": [3.5, 0.25, 3.625, 0.5], "texture": "#0"},
				"up": {"uv": [3.5, 0.375, 3.75, 0.25], "texture": "#0"},
				"down": {"uv": [3.5, 0.5, 3.75, 0.375], "texture": "#0"}
			}
		},
		{
			"from": [5.15, 15.425, 7.6],
			"to": [5.4, 15.8, 7.675],
			"faces": {
				"north": {"uv": [3.625, 0.5, 3.375, 0.875], "texture": "#0"},
				"east": {"uv": [3.5, 0.5, 3.625, 0.875], "texture": "#0"},
				"south": {"uv": [3.375, 0.5, 3.625, 0.875], "texture": "#0"},
				"west": {"uv": [3.375, 0.5, 3.5, 0.875], "texture": "#0"},
				"up": {"uv": [3.375, 0.625, 3.625, 0.5], "texture": "#0"},
				"down": {"uv": [3.375, 0.875, 3.625, 0.75], "texture": "#0"}
			}
		},
		{
			"from": [5.15, 13.925, 7.6],
			"to": [5.4, 14.55, 7.675],
			"faces": {
				"north": {"uv": [3.625, 1.75, 3.375, 2.375], "texture": "#0"},
				"east": {"uv": [3.5, 1.75, 3.625, 2.375], "texture": "#0"},
				"south": {"uv": [3.375, 1.75, 3.625, 2.375], "texture": "#0"},
				"west": {"uv": [3.375, 1.75, 3.5, 2.375], "texture": "#0"},
				"up": {"uv": [3.375, 1.875, 3.625, 1.75], "texture": "#0"},
				"down": {"uv": [3.375, 2.375, 3.625, 2.25], "texture": "#0"}
			}
		},
		{
			"from": [5.275, 13.425, 7.6],
			"to": [5.525, 13.925, 7.675],
			"faces": {
				"north": {"uv": [3.75, 2.375, 3.5, 2.875], "texture": "#0"},
				"east": {"uv": [3.625, 2.375, 3.75, 2.875], "texture": "#0"},
				"south": {"uv": [3.5, 2.375, 3.75, 2.875], "texture": "#0"},
				"west": {"uv": [3.5, 2.375, 3.625, 2.875], "texture": "#0"},
				"up": {"uv": [3.5, 2.5, 3.75, 2.375], "texture": "#0"},
				"down": {"uv": [3.5, 2.875, 3.75, 2.75], "texture": "#0"}
			}
		},
		{
			"from": [5.4, 12.925, 7.6],
			"to": [5.65, 13.425, 7.675],
			"faces": {
				"north": {"uv": [3.875, 2.875, 3.625, 3.375], "texture": "#0"},
				"east": {"uv": [3.75, 2.875, 3.875, 3.375], "texture": "#0"},
				"south": {"uv": [3.625, 2.875, 3.875, 3.375], "texture": "#0"},
				"west": {"uv": [3.625, 2.875, 3.75, 3.375], "texture": "#0"},
				"up": {"uv": [3.625, 3, 3.875, 2.875], "texture": "#0"},
				"down": {"uv": [3.625, 3.375, 3.875, 3.25], "texture": "#0"}
			}
		},
		{
			"from": [5.525, 12.425, 7.6],
			"to": [5.775, 12.925, 7.675],
			"faces": {
				"north": {"uv": [4, 3.375, 3.75, 3.875], "texture": "#0"},
				"east": {"uv": [3.875, 3.375, 4, 3.875], "texture": "#0"},
				"south": {"uv": [3.75, 3.375, 4, 3.875], "texture": "#0"},
				"west": {"uv": [3.75, 3.375, 3.875, 3.875], "texture": "#0"},
				"up": {"uv": [3.75, 3.5, 4, 3.375], "texture": "#0"},
				"down": {"uv": [3.75, 3.875, 4, 3.75], "texture": "#0"}
			}
		},
		{
			"from": [5.025, 14.55, 7.6],
			"to": [5.275, 15.425, 7.675],
			"faces": {
				"north": {"uv": [3.5, 0.875, 3.25, 1.75], "texture": "#0"},
				"east": {"uv": [3.375, 0.875, 3.5, 1.75], "texture": "#0"},
				"south": {"uv": [3.25, 0.875, 3.5, 1.75], "texture": "#0"},
				"west": {"uv": [3.25, 0.875, 3.375, 1.75], "texture": "#0"},
				"up": {"uv": [3.25, 1, 3.5, 0.875], "texture": "#0"},
				"down": {"uv": [3.25, 1.75, 3.5, 1.625], "texture": "#0"}
			}
		},
		{
			"from": [5.4, 14.425, 7.55],
			"to": [6.525, 14.55, 7.725],
			"faces": {
				"north": {"uv": [4.75, 1.75, 3.625, 1.875], "texture": "#0"},
				"east": {"uv": [4.625, 1.75, 4.75, 1.875], "texture": "#0"},
				"south": {"uv": [3.625, 1.75, 4.75, 1.875], "texture": "#0"},
				"west": {"uv": [3.625, 1.75, 3.75, 1.875], "texture": "#0"},
				"up": {"uv": [3.625, 1.875, 4.75, 1.75], "texture": "#0"},
				"down": {"uv": [3.625, 1.875, 4.75, 1.75], "texture": "#0"}
			}
		},
		{
			"from": [5.4, 15.675, 7.55],
			"to": [5.9, 15.8, 7.725],
			"faces": {
				"north": {"uv": [4.125, 0.5, 3.625, 0.625], "texture": "#0"},
				"east": {"uv": [4, 0.5, 4.125, 0.625], "texture": "#0"},
				"south": {"uv": [3.625, 0.5, 4.125, 0.625], "texture": "#0"},
				"west": {"uv": [3.625, 0.5, 3.75, 0.625], "texture": "#0"},
				"up": {"uv": [3.625, 0.625, 4.125, 0.5], "texture": "#0"},
				"down": {"uv": [3.625, 0.625, 4.125, 0.5], "texture": "#0"}
			}
		},
		{
			"from": [5.525, 15.8, 7.55],
			"to": [5.9, 15.925, 7.725],
			"faces": {
				"north": {"uv": [4.125, 0.375, 3.75, 0.5], "texture": "#0"},
				"east": {"uv": [4, 0.375, 4.125, 0.5], "texture": "#0"},
				"south": {"uv": [3.75, 0.375, 4.125, 0.5], "texture": "#0"},
				"west": {"uv": [3.75, 0.375, 3.875, 0.5], "texture": "#0"},
				"up": {"uv": [3.75, 0.5, 4.125, 0.375], "texture": "#0"},
				"down": {"uv": [3.75, 0.5, 4.125, 0.375], "texture": "#0"}
			}
		},
		{
			"from": [5.525, 15.925, 7.55],
			"to": [5.775, 16.05, 7.725],
			"faces": {
				"north": {"uv": [4, 0.25, 3.75, 0.375], "texture": "#0"},
				"east": {"uv": [3.875, 0.25, 4, 0.375], "texture": "#0"},
				"south": {"uv": [3.75, 0.25, 4, 0.375], "texture": "#0"},
				"west": {"uv": [3.75, 0.25, 3.875, 0.375], "texture": "#0"},
				"up": {"uv": [3.75, 0.375, 4, 0.25], "texture": "#0"},
				"down": {"uv": [3.75, 0.375, 4, 0.25], "texture": "#0"}
			}
		},
		{
			"from": [5.65, 16.05, 7.55],
			"to": [5.775, 16.175, 7.725],
			"faces": {
				"north": {"uv": [4, 0.125, 3.875, 0.25], "texture": "#0"},
				"east": {"uv": [3.875, 0.125, 4, 0.25], "texture": "#0"},
				"south": {"uv": [3.875, 0.125, 4, 0.25], "texture": "#0"},
				"west": {"uv": [3.875, 0.125, 4, 0.25], "texture": "#0"},
				"up": {"uv": [3.875, 0.25, 4, 0.125], "texture": "#0"},
				"down": {"uv": [3.875, 0.25, 4, 0.125], "texture": "#0"}
			}
		},
		{
			"from": [5.4, 16.05, 7.6],
			"to": [5.65, 16.175, 7.675],
			"faces": {
				"north": {"uv": [3.875, 0.125, 3.625, 0.25], "texture": "#0"},
				"east": {"uv": [3.75, 0.125, 3.875, 0.25], "texture": "#0"},
				"south": {"uv": [3.625, 0.125, 3.875, 0.25], "texture": "#0"},
				"west": {"uv": [3.625, 0.125, 3.75, 0.25], "texture": "#0"},
				"up": {"uv": [3.625, 0.25, 3.875, 0.125], "texture": "#0"},
				"down": {"uv": [3.625, 0.25, 3.875, 0.125], "texture": "#0"}
			}
		},
		{
			"from": [5.525, 16.175, 7.6],
			"to": [5.65, 16.3, 7.675],
			"faces": {
				"north": {"uv": [3.875, 0, 3.75, 0.125], "texture": "#0"},
				"east": {"uv": [3.75, 0, 3.875, 0.125], "texture": "#0"},
				"south": {"uv": [3.75, 0, 3.875, 0.125], "texture": "#0"},
				"west": {"uv": [3.75, 0, 3.875, 0.125], "texture": "#0"},
				"up": {"uv": [3.75, 0.125, 3.875, 0], "texture": "#0"},
				"down": {"uv": [3.75, 0.125, 3.875, 0], "texture": "#0"}
			}
		},
		{
			"from": [5.275, 14.55, 7.55],
			"to": [6.525, 14.675, 7.725],
			"faces": {
				"north": {"uv": [4.75, 1.625, 3.5, 1.75], "texture": "#0"},
				"east": {"uv": [4.625, 1.625, 4.75, 1.75], "texture": "#0"},
				"south": {"uv": [3.5, 1.625, 4.75, 1.75], "texture": "#0"},
				"west": {"uv": [3.5, 1.625, 3.625, 1.75], "texture": "#0"},
				"up": {"uv": [3.5, 1.75, 4.75, 1.625], "texture": "#0"},
				"down": {"uv": [3.5, 1.75, 4.75, 1.625], "texture": "#0"}
			}
		}
	],
	"gui_light": "front",
	"display": {
		"thirdperson_righthand": {
			"rotation": [0, -90, 0],
			"translation": [-0.7, 3.5, 1.25],
			"scale": [1.1, 1.1, 1.1]
		},
		"thirdperson_lefthand": {
			"rotation": [0, 90, 0],
			"translation": [0.25, 3.5, 1.25],
			"scale": [1.1, 1.1, 1.1]
		},
		"firstperson_righthand": {
			"rotation": [55, -90, 60],
			"translation": [-1.25, 4.75, 1.75],
			"scale": [0.9, 0.9, 0.9]
		},
		"firstperson_lefthand": {
			"rotation": [-65, 90, 60],
			"translation": [-0.75, 4.75, 1.75],
			"scale": [0.9, 0.9, 0.9]
		},
		"ground": {
			"rotation": [-45, -90, 0],
			"translation": [0, 1, 0],
			"scale": [0.5, 0.5, 0.5]
		},
		"gui": {
			"rotation": [0, -180, 35],
			"translation": [-1.25, 0.75, 0],
			"scale": [1.3, 1.3, 1.3]
		},
		"head": {
			"rotation": [120, 90, 0],
			"translation": [-5.75, -22.25, -3.25],
			"scale": [2, 2, 2]
		},
		"fixed": {
			"rotation": [-180, 180, -135],
			"translation": [1.25, 1.25, 0],
			"scale": [1.3, 1.3, 1.3]
		}
	}
}