{
	"credit": "Made with Blockbench",
	"textures": {
		"2": "./shogun_daisho",
		"particle": "./shogun_daisho"
	},
	"elements": [
		{
			"from": [6.975, 5.875, 7.275],
			"to": [7.85, 6.375, 7.75],
			"rotation": {"angle": 0, "axis": "y", "origin": [0.05, -0.1, 0]},
			"faces": {
				"north": {"uv": [11, 15.5, 10.125, 16], "texture": "#2"},
				"east": {"uv": [10.875, 15.5, 11, 16], "texture": "#2"},
				"south": {"uv": [10.125, 15.5, 11, 16], "texture": "#2"},
				"west": {"uv": [10.125, 15.5, 10.25, 16], "texture": "#2"},
				"up": {"uv": [10.125, 15.625, 11, 15.5], "texture": "#2"},
				"down": {"uv": [10.125, 16, 11, 15.875], "texture": "#2"}
			}
		},
		{
			"from": [6.475, 5.875, 7.375],
			"to": [6.975, 6.375, 7.65],
			"rotation": {"angle": 0, "axis": "y", "origin": [-0.95, -0.1, 0]},
			"faces": {
				"north": {"uv": [10.125, 15.5, 9.625, 16], "texture": "#2"},
				"east": {"uv": [10, 15.5, 10.125, 16], "texture": "#2"},
				"south": {"uv": [9.625, 15.5, 10.125, 16], "texture": "#2"},
				"west": {"uv": [9.625, 15.5, 9.75, 16], "texture": "#2"},
				"up": {"uv": [9.625, 15.625, 10.125, 15.5], "texture": "#2"},
				"down": {"uv": [9.625, 16, 10.125, 15.875], "texture": "#2"}
			}
		},
		{
			"from": [8.1, 5.6, 6.7],
			"to": [8.35, 5.875, 8.325],
			"rotation": {"angle": 0, "axis": "y", "origin": [0, 0, -0.125]},
			"faces": {
				"north": {"uv": [14.75, 6.25, 14.5, 6.375], "texture": "#2"},
				"east": {"uv": [14.625, 6.25, 14.75, 7.875], "rotation": 90, "texture": "#2"},
				"south": {"uv": [14.5, 7.75, 14.75, 7.875], "texture": "#2"},
				"west": {"uv": [14.5, 6.25, 14.625, 7.875], "rotation": 90, "texture": "#2"},
				"up": {"uv": [14.5, 6.25, 14.75, 7.875], "texture": "#2"},
				"down": {"uv": [14.75, 6.25, 14.5, 7.875], "rotation": 180, "texture": "#2"}
			}
		},
		{
			"from": [8.35, 5.6, 6.95],
			"to": [8.475, 5.875, 8.075],
			"rotation": {"angle": 0, "axis": "y", "origin": [0, 0, -0.125]},
			"faces": {
				"north": {"uv": [14.875, 6.5, 14.75, 6.625], "texture": "#2"},
				"east": {"uv": [14.75, 6.5, 14.875, 7.625], "rotation": 90, "texture": "#2"},
				"south": {"uv": [14.75, 7.5, 14.875, 7.625], "texture": "#2"},
				"west": {"uv": [14.75, 6.5, 14.875, 7.625], "rotation": 90, "texture": "#2"},
				"up": {"uv": [14.75, 6.5, 14.875, 7.625], "texture": "#2"},
				"down": {"uv": [14.875, 6.5, 14.75, 7.625], "rotation": 180, "texture": "#2"}
			}
		},
		{
			"from": [5.85, 5.6, 6.95],
			"to": [5.975, 5.875, 8.075],
			"rotation": {"angle": 0, "axis": "y", "origin": [0, 0, -0.125]},
			"faces": {
				"north": {"uv": [12.375, 6.5, 12.25, 6.625], "texture": "#2"},
				"east": {"uv": [12.25, 6.5, 12.375, 7.625], "rotation": 90, "texture": "#2"},
				"south": {"uv": [12.25, 7.5, 12.375, 7.625], "texture": "#2"},
				"west": {"uv": [12.25, 6.5, 12.375, 7.625], "rotation": 90, "texture": "#2"},
				"up": {"uv": [12.25, 6.5, 12.375, 7.625], "texture": "#2"},
				"down": {"uv": [12.375, 6.5, 12.25, 7.625], "rotation": 180, "texture": "#2"}
			}
		},
		{
			"from": [6.225, 5.6, 6.575],
			"to": [8.1, 5.875, 8.45],
			"rotation": {"angle": 0, "axis": "y", "origin": [0, 0, -0.125]},
			"faces": {
				"north": {"uv": [14.5, 6.125, 12.625, 6.25], "texture": "#2"},
				"east": {"uv": [14.375, 6.125, 14.5, 8], "rotation": 90, "texture": "#2"},
				"south": {"uv": [12.625, 7.875, 14.5, 8], "texture": "#2"},
				"west": {"uv": [12.625, 6.125, 12.75, 8], "rotation": 90, "texture": "#2"},
				"up": {"uv": [12.625, 6.125, 14.5, 8], "texture": "#2"},
				"down": {"uv": [14.5, 6.125, 12.625, 8], "rotation": 180, "texture": "#2"}
			}
		},
		{
			"from": [5.975, 5.6, 6.7],
			"to": [6.225, 5.875, 8.325],
			"rotation": {"angle": 0, "axis": "y", "origin": [0, 0, -0.125]},
			"faces": {
				"north": {"uv": [12.625, 6.25, 12.375, 6.375], "texture": "#2"},
				"east": {"uv": [12.5, 6.25, 12.625, 7.875], "rotation": 90, "texture": "#2"},
				"south": {"uv": [12.375, 7.75, 12.625, 7.875], "texture": "#2"},
				"west": {"uv": [12.375, 6.25, 12.5, 7.875], "rotation": 90, "texture": "#2"},
				"up": {"uv": [12.375, 6.25, 12.625, 7.875], "texture": "#2"},
				"down": {"uv": [12.625, 6.25, 12.375, 7.875], "rotation": 180, "texture": "#2"}
			}
		},
		{
			"from": [6.185, -5.4, 7.5],
			"to": [8.31, -1.625, 7.5],
			"rotation": {"angle": 0, "axis": "y", "origin": [0.3, -0.95, 0]},
			"faces": {
				"north": {"uv": [7.75, 0.125, 10.25, 4], "texture": "#2"},
				"south": {"uv": [10.25, 0.125, 7.75, 4], "texture": "#2"}
			}
		},
		{
			"from": [7.375, -1.625, 7.425],
			"to": [7.55, -1.5, 7.6],
			"rotation": {"angle": 0, "axis": "y", "origin": [0.025, -2.775, -0.15]},
			"faces": {
				"north": {"uv": [14, 15.875, 13.875, 16], "texture": "#2"},
				"east": {"uv": [13.875, 15.875, 14, 16], "texture": "#2"},
				"south": {"uv": [13.875, 15.875, 14, 16], "texture": "#2"},
				"west": {"uv": [13.875, 15.875, 14, 16], "texture": "#2"},
				"up": {"uv": [13.875, 15.875, 14, 16], "texture": "#2"},
				"down": {"uv": [13.875, 15.875, 14, 16], "texture": "#2"}
			}
		},
		{
			"from": [6.85, -0.05, 7.35],
			"to": [7.85, 1.225, 7.675],
			"rotation": {"angle": 0, "axis": "y", "origin": [0.425, -5.7, 0]},
			"faces": {
				"north": {"uv": [14.375, 12.875, 13.25, 14.25], "texture": "#2"},
				"east": {"uv": [14.75, 12.875, 15.125, 14.25], "texture": "#2"},
				"south": {"uv": [13.25, 12.875, 14.375, 14.25], "texture": "#2"},
				"west": {"uv": [12.375, 12.875, 12.75, 14.25], "texture": "#2"},
				"up": {"uv": [13.25, 12.875, 14.375, 13], "texture": "#2"},
				"down": {"uv": [13.25, 14.125, 14.375, 14.25], "texture": "#2"}
			}
		},
		{
			"from": [6.775, 1.225, 7.35],
			"to": [7.775, 3.225, 7.675],
			"rotation": {"angle": 0, "axis": "y", "origin": [0.325, -3.65, 0]},
			"faces": {
				"north": {"uv": [14.25, 10.625, 13.125, 12.875], "texture": "#2"},
				"east": {"uv": [14.75, 10.625, 15.125, 12.875], "texture": "#2"},
				"south": {"uv": [13.125, 10.625, 14.25, 12.875], "texture": "#2"},
				"west": {"uv": [12.375, 10.625, 12.75, 12.875], "texture": "#2"},
				"up": {"uv": [13.125, 10.625, 14.25, 10.75], "texture": "#2"},
				"down": {"uv": [13.125, 12.75, 14.25, 12.875], "texture": "#2"}
			}
		},
		{
			"from": [6.675, 3.225, 7.35],
			"to": [7.675, 5.225, 7.675],
			"rotation": {"angle": 0, "axis": "y", "origin": [0.175, -1.725, 0]},
			"faces": {
				"north": {"uv": [14.125, 8.375, 13, 10.625], "texture": "#2"},
				"east": {"uv": [14.75, 8.375, 15.125, 10.625], "texture": "#2"},
				"south": {"uv": [13, 8.375, 14.125, 10.625], "texture": "#2"},
				"west": {"uv": [12.375, 8.375, 12.75, 10.625], "texture": "#2"},
				"up": {"uv": [13, 8.375, 14.125, 8.5], "texture": "#2"},
				"down": {"uv": [13, 10.5, 14.125, 10.625], "texture": "#2"}
			}
		},
		{
			"from": [6.95, -0.825, 7.35],
			"to": [7.95, -0.05, 7.675],
			"rotation": {"angle": 0, "axis": "y", "origin": [0.425, -6.95, 0]},
			"faces": {
				"north": {"uv": [14.5, 14.25, 13.375, 15.125], "texture": "#2"},
				"east": {"uv": [14.75, 14.25, 15.125, 15.125], "texture": "#2"},
				"south": {"uv": [13.375, 14.25, 14.5, 15.125], "texture": "#2"},
				"west": {"uv": [12.375, 14.25, 12.75, 15.125], "texture": "#2"},
				"up": {"uv": [13.375, 14.25, 14.5, 14.375], "texture": "#2"},
				"down": {"uv": [13.375, 15, 14.5, 15.125], "texture": "#2"}
			}
		},
		{
			"from": [7.075, -0.05, 7.225],
			"to": [7.625, 1.225, 7.8],
			"rotation": {"angle": 0, "axis": "y", "origin": [0.6, -5.7, 0]},
			"faces": {
				"north": {"uv": [14.125, 12.875, 13.5, 14.25], "texture": "#2"},
				"east": {"uv": [14, 12.875, 14.125, 14.25], "texture": "#2"},
				"south": {"uv": [13.5, 12.875, 14.125, 14.25], "texture": "#2"},
				"west": {"uv": [13.5, 12.875, 13.625, 14.25], "texture": "#2"},
				"up": {"uv": [13.5, 12.875, 14.125, 13], "texture": "#2"},
				"down": {"uv": [13.5, 14.125, 14.125, 14.25], "texture": "#2"}
			}
		},
		{
			"from": [7.175, -0.825, 7.225],
			"to": [7.725, -0.05, 7.8],
			"rotation": {"angle": 0, "axis": "y", "origin": [0.6, -6.925, 0]},
			"faces": {
				"north": {"uv": [14.25, 14.25, 13.625, 15.125], "texture": "#2"},
				"east": {"uv": [14.125, 14.25, 14.25, 15.125], "texture": "#2"},
				"south": {"uv": [13.625, 14.25, 14.25, 15.125], "texture": "#2"},
				"west": {"uv": [13.625, 14.25, 13.75, 15.125], "texture": "#2"},
				"up": {"uv": [13.625, 14.25, 14.25, 14.375], "texture": "#2"},
				"down": {"uv": [13.625, 15, 14.25, 15.125], "texture": "#2"}
			}
		},
		{
			"from": [6.9, 3.225, 7.225],
			"to": [7.45, 5.225, 7.8],
			"rotation": {"angle": 0, "axis": "y", "origin": [0.35, -1.6, 0]},
			"faces": {
				"north": {"uv": [13.875, 8.375, 13.25, 10.625], "texture": "#2"},
				"east": {"uv": [13.75, 8.375, 13.875, 10.625], "texture": "#2"},
				"south": {"uv": [13.25, 8.375, 13.875, 10.625], "texture": "#2"},
				"west": {"uv": [13.25, 8.375, 13.375, 10.625], "texture": "#2"},
				"up": {"uv": [13.25, 8.375, 13.875, 8.5], "texture": "#2"},
				"down": {"uv": [13.25, 10.5, 13.875, 10.625], "texture": "#2"}
			}
		},
		{
			"from": [7, 1.225, 7.225],
			"to": [7.55, 3.225, 7.8],
			"rotation": {"angle": 0, "axis": "y", "origin": [0.5, -3.9, 0]},
			"faces": {
				"north": {"uv": [14, 10.625, 13.375, 12.875], "texture": "#2"},
				"east": {"uv": [13.875, 10.625, 14, 12.875], "texture": "#2"},
				"south": {"uv": [13.375, 10.625, 14, 12.875], "texture": "#2"},
				"west": {"uv": [13.375, 10.625, 13.5, 12.875], "texture": "#2"},
				"up": {"uv": [13.375, 10.625, 14, 10.75], "texture": "#2"},
				"down": {"uv": [13.375, 12.75, 14, 12.875], "texture": "#2"}
			}
		},
		{
			"from": [6.65, 5.225, 7.275],
			"to": [7.8, 5.35, 7.75],
			"rotation": {"angle": 0, "axis": "y", "origin": [-0.625, 3.575, 0]},
			"faces": {
				"north": {"uv": [14.25, 8.25, 13, 8.375], "texture": "#2"},
				"east": {"uv": [14.75, 8.25, 15.125, 8.375], "texture": "#2"},
				"south": {"uv": [13, 8.25, 14.25, 8.375], "texture": "#2"},
				"west": {"uv": [12.375, 8.25, 12.75, 8.375], "texture": "#2"},
				"up": {"uv": [13, 8.25, 14.25, 8.375], "texture": "#2"},
				"down": {"uv": [13, 8.25, 14.25, 8.375], "texture": "#2"}
			}
		},
		{
			"from": [7.3, -1.5, 7.175],
			"to": [7.625, -1.075, 7.85],
			"rotation": {"angle": 0, "axis": "y", "origin": [-0.325, -2.85, 0]},
			"faces": {
				"north": {"uv": [14.125, 15.375, 13.75, 15.875], "texture": "#2"},
				"east": {"uv": [14, 15.375, 14.125, 15.875], "texture": "#2"},
				"south": {"uv": [13.75, 15.375, 14.125, 15.875], "texture": "#2"},
				"west": {"uv": [13.75, 15.375, 13.875, 15.875], "texture": "#2"},
				"up": {"uv": [13.75, 15.375, 14.125, 15.5], "texture": "#2"},
				"down": {"uv": [13.75, 15.75, 14.125, 15.875], "texture": "#2"}
			}
		},
		{
			"from": [7.075, -1.5, 7.325],
			"to": [7.3, -1.075, 7.7],
			"rotation": {"angle": 0, "axis": "y", "origin": [-0.325, -2.85, 0]},
			"faces": {
				"north": {"uv": [13.75, 15.375, 13.5, 15.875], "texture": "#2"},
				"east": {"uv": [13.625, 15.375, 13.75, 15.875], "texture": "#2"},
				"south": {"uv": [13.5, 15.375, 13.75, 15.875], "texture": "#2"},
				"west": {"uv": [13.5, 15.375, 13.625, 15.875], "texture": "#2"},
				"up": {"uv": [13.5, 15.375, 13.75, 15.5], "texture": "#2"},
				"down": {"uv": [13.5, 15.75, 13.75, 15.875], "texture": "#2"}
			}
		},
		{
			"from": [7.625, -1.5, 7.325],
			"to": [7.85, -1.075, 7.7],
			"rotation": {"angle": 0, "axis": "y", "origin": [0.225, -2.85, 0]},
			"faces": {
				"north": {"uv": [14.375, 15.375, 14.125, 15.875], "texture": "#2"},
				"east": {"uv": [14.25, 15.375, 14.375, 15.875], "texture": "#2"},
				"south": {"uv": [14.125, 15.375, 14.375, 15.875], "texture": "#2"},
				"west": {"uv": [14.125, 15.375, 14.25, 15.875], "texture": "#2"},
				"up": {"uv": [14.125, 15.375, 14.375, 15.5], "texture": "#2"},
				"down": {"uv": [14.125, 15.75, 14.375, 15.875], "texture": "#2"}
			}
		},
		{
			"from": [6.875, 5.225, 7.125],
			"to": [7.575, 5.35, 7.9],
			"rotation": {"angle": 0, "axis": "y", "origin": [-0.625, 3.575, 0]},
			"faces": {
				"north": {"uv": [14, 8.25, 13.25, 8.375], "texture": "#2"},
				"east": {"uv": [13.875, 8.25, 14, 8.375], "texture": "#2"},
				"south": {"uv": [13.25, 8.25, 14, 8.375], "texture": "#2"},
				"west": {"uv": [13.125, 8.25, 13.25, 8.375], "texture": "#2"},
				"up": {"uv": [13.25, 8.25, 14, 8.375], "texture": "#2"},
				"down": {"uv": [13.25, 8.25, 14, 8.375], "texture": "#2"}
			}
		},
		{
			"from": [6.525, 5.35, 7.275],
			"to": [7.8, 5.475, 7.75],
			"rotation": {"angle": 0, "axis": "y", "origin": [-0.625, 3.7, 0]},
			"faces": {
				"north": {"uv": [14.25, 8.125, 12.875, 8.25], "texture": "#2"},
				"east": {"uv": [14.75, 8.125, 15.125, 8.25], "texture": "#2"},
				"south": {"uv": [12.875, 8.125, 14.25, 8.25], "texture": "#2"},
				"west": {"uv": [12.375, 8.125, 12.75, 8.25], "texture": "#2"},
				"up": {"uv": [12.875, 8.125, 14.25, 8.25], "texture": "#2"},
				"down": {"uv": [12.875, 8.125, 14.25, 8.25], "texture": "#2"}
			}
		},
		{
			"from": [7.05, -1.075, 7],
			"to": [7.875, -0.825, 8.025],
			"rotation": {"angle": 0, "axis": "y", "origin": [-0.325, -2.6, 0.125]},
			"faces": {
				"north": {"uv": [14.375, 15.125, 13.5, 15.375], "texture": "#2"},
				"east": {"uv": [14.25, 15.125, 14.375, 15.375], "texture": "#2"},
				"south": {"uv": [13.5, 15.125, 14.375, 15.375], "texture": "#2"},
				"west": {"uv": [13.5, 15.125, 13.625, 15.375], "texture": "#2"},
				"up": {"uv": [13.5, 15.125, 14.375, 15.25], "texture": "#2"},
				"down": {"uv": [13.5, 15.25, 14.375, 15.375], "texture": "#2"}
			}
		},
		{
			"from": [6.825, -1.075, 7.15],
			"to": [8.1, -0.825, 7.875],
			"rotation": {"angle": 0, "axis": "y", "origin": [-0.325, -2.6, 0.125]},
			"faces": {
				"north": {"uv": [14.625, 15.125, 13.25, 15.375], "texture": "#2"},
				"east": {"uv": [14.5, 15.125, 14.625, 15.375], "texture": "#2"},
				"south": {"uv": [13.25, 15.125, 14.625, 15.375], "texture": "#2"},
				"west": {"uv": [13.25, 15.125, 13.375, 15.375], "texture": "#2"},
				"up": {"uv": [13.25, 15.125, 14.625, 15.25], "texture": "#2"},
				"down": {"uv": [13.25, 15.25, 14.625, 15.375], "texture": "#2"}
			}
		},
		{
			"from": [6.75, 5.35, 7.125],
			"to": [7.575, 5.475, 7.9],
			"rotation": {"angle": 0, "axis": "y", "origin": [-0.625, 3.7, 0]},
			"faces": {
				"north": {"uv": [14, 8.125, 13.125, 8.25], "texture": "#2"},
				"east": {"uv": [13.875, 8.125, 14, 8.25], "texture": "#2"},
				"south": {"uv": [13.125, 8.125, 14, 8.25], "texture": "#2"},
				"west": {"uv": [13.125, 8.125, 13.25, 8.25], "texture": "#2"},
				"up": {"uv": [13.125, 8.125, 14, 8.25], "texture": "#2"},
				"down": {"uv": [13.125, 8.125, 14, 8.25], "texture": "#2"}
			}
		},
		{
			"from": [6.4, 5.475, 7.275],
			"to": [7.925, 5.6, 7.75],
			"rotation": {"angle": 0, "axis": "y", "origin": [-0.75, 3.825, 0]},
			"faces": {
				"north": {"uv": [14.375, 8, 12.75, 8.125], "texture": "#2"},
				"east": {"uv": [14.75, 8, 15.125, 8.125], "texture": "#2"},
				"south": {"uv": [12.75, 8, 14.375, 8.125], "texture": "#2"},
				"west": {"uv": [12.375, 8, 12.75, 8.125], "texture": "#2"},
				"up": {"uv": [12.75, 8, 14.375, 8.125], "texture": "#2"},
				"down": {"uv": [12.75, 8, 14.375, 8.125], "texture": "#2"}
			}
		},
		{
			"from": [6.625, 5.475, 7.125],
			"to": [7.7, 5.6, 7.9],
			"rotation": {"angle": 0, "axis": "y", "origin": [-0.75, 3.825, 0]},
			"faces": {
				"north": {"uv": [14.125, 8, 13, 8.125], "texture": "#2"},
				"east": {"uv": [14, 8, 14.125, 8.125], "texture": "#2"},
				"south": {"uv": [13, 8, 14.125, 8.125], "texture": "#2"},
				"west": {"uv": [13, 8, 13.125, 8.125], "texture": "#2"},
				"up": {"uv": [13, 8, 14.125, 8.125], "texture": "#2"},
				"down": {"uv": [13, 8, 14.125, 8.125], "texture": "#2"}
			}
		},
		{
			"from": [8.225, 19.5, 7.45],
			"to": [8.6, 19.875, 7.575],
			"rotation": {"angle": 0, "axis": "y", "origin": [-0.675, -2.7, 0]},
			"faces": {
				"north": {"uv": [11.75, 2, 11.375, 2.375], "texture": "#2"},
				"east": {"uv": [11.625, 2, 11.75, 2.375], "texture": "#2"},
				"south": {"uv": [11.375, 2, 11.75, 2.375], "texture": "#2"},
				"west": {"uv": [11.375, 2, 11.5, 2.375], "texture": "#2"},
				"up": {"uv": [11.375, 2.125, 11.75, 2], "texture": "#2"},
				"down": {"uv": [11.375, 2.375, 11.75, 2.25], "texture": "#2"}
			}
		},
		{
			"from": [8.35, 19.875, 7.45],
			"to": [8.725, 20.125, 7.575],
			"rotation": {"angle": 0, "axis": "y", "origin": [-0.675, -2.7, 0]},
			"faces": {
				"north": {"uv": [11.875, 1.75, 11.5, 2], "texture": "#2"},
				"east": {"uv": [11.75, 1.75, 11.875, 2], "texture": "#2"},
				"south": {"uv": [11.5, 1.75, 11.875, 2], "texture": "#2"},
				"west": {"uv": [11.5, 1.75, 11.625, 2], "texture": "#2"},
				"up": {"uv": [11.5, 1.875, 11.875, 1.75], "texture": "#2"},
				"down": {"uv": [11.5, 2, 11.875, 1.875], "texture": "#2"}
			}
		},
		{
			"from": [9.725, 21, 7.45],
			"to": [9.85, 21.25, 7.575],
			"rotation": {"angle": 0, "axis": "y", "origin": [-0.8, -2.575, 0]},
			"faces": {
				"north": {"uv": [13, 0.625, 12.875, 0.875], "texture": "#2"},
				"east": {"uv": [12.875, 0.625, 13, 0.875], "texture": "#2"},
				"south": {"uv": [12.875, 0.625, 13, 0.875], "texture": "#2"},
				"west": {"uv": [12.875, 0.625, 13, 0.875], "texture": "#2"},
				"up": {"uv": [12.875, 0.75, 13, 0.625], "texture": "#2"},
				"down": {"uv": [12.875, 0.875, 13, 0.75], "texture": "#2"}
			}
		},
		{
			"from": [9.6, 20.875, 7.45],
			"to": [9.725, 21.25, 7.575],
			"rotation": {"angle": 0, "axis": "y", "origin": [-0.925, -2.575, 0]},
			"faces": {
				"north": {"uv": [12.875, 0.625, 12.75, 1], "texture": "#2"},
				"east": {"uv": [12.75, 0.625, 12.875, 1], "texture": "#2"},
				"south": {"uv": [12.75, 0.625, 12.875, 1], "texture": "#2"},
				"west": {"uv": [12.75, 0.625, 12.875, 0.875], "texture": "#2"},
				"up": {"uv": [12.75, 0.75, 12.875, 0.625], "texture": "#2"},
				"down": {"uv": [12.75, 1, 12.875, 0.875], "texture": "#2"}
			}
		},
		{
			"from": [9.35, 20.75, 7.45],
			"to": [9.6, 21.125, 7.575],
			"rotation": {"angle": 0, "axis": "y", "origin": [-0.8, -2.575, 0]},
			"faces": {
				"north": {"uv": [12.75, 0.75, 12.5, 1.125], "texture": "#2"},
				"east": {"uv": [12.625, 0.75, 12.75, 1.125], "texture": "#2"},
				"south": {"uv": [12.5, 0.75, 12.75, 1.125], "texture": "#2"},
				"west": {"uv": [12.5, 0.75, 12.625, 1.125], "texture": "#2"},
				"up": {"uv": [12.5, 0.875, 12.75, 0.75], "texture": "#2"},
				"down": {"uv": [12.5, 1.125, 12.75, 1], "texture": "#2"}
			}
		},
		{
			"from": [9.1, 20.625, 7.45],
			"to": [9.35, 21, 7.575],
			"rotation": {"angle": 0, "axis": "y", "origin": [-0.8, -2.575, 0]},
			"faces": {
				"north": {"uv": [12.5, 0.875, 12.25, 1.25], "texture": "#2"},
				"east": {"uv": [12.375, 0.875, 12.5, 1.25], "texture": "#2"},
				"south": {"uv": [12.25, 0.875, 12.5, 1.25], "texture": "#2"},
				"west": {"uv": [12.25, 0.875, 12.375, 1.25], "texture": "#2"},
				"up": {"uv": [12.25, 1, 12.5, 0.875], "texture": "#2"},
				"down": {"uv": [12.25, 1.25, 12.5, 1.125], "texture": "#2"}
			}
		},
		{
			"from": [8.85, 20.6, 7.45],
			"to": [9.1, 20.725, 7.575],
			"rotation": {"angle": 0, "axis": "y", "origin": [-0.55, -2.475, 0]},
			"faces": {
				"north": {"uv": [12.25, 1.125, 12, 1.25], "texture": "#2"},
				"east": {"uv": [12.125, 1.125, 12.25, 1.25], "texture": "#2"},
				"south": {"uv": [12, 1.125, 12.25, 1.25], "texture": "#2"},
				"west": {"uv": [12, 1.125, 12.125, 1.25], "texture": "#2"},
				"up": {"uv": [12, 1.25, 12.25, 1.125], "texture": "#2"},
				"down": {"uv": [12, 1.25, 12.25, 1.125], "texture": "#2"}
			}
		},
		{
			"from": [8.6, 20.375, 7.45],
			"to": [8.975, 20.5, 7.575],
			"rotation": {"angle": 0, "axis": "y", "origin": [-0.8, -2.7, 0]},
			"faces": {
				"north": {"uv": [12.125, 1.375, 11.75, 1.5], "texture": "#2"},
				"east": {"uv": [12, 1.375, 12.125, 1.5], "texture": "#2"},
				"south": {"uv": [11.75, 1.375, 12.125, 1.5], "texture": "#2"},
				"west": {"uv": [11.75, 1.375, 11.875, 1.5], "texture": "#2"},
				"up": {"uv": [11.75, 1.5, 12.125, 1.375], "texture": "#2"},
				"down": {"uv": [11.75, 1.5, 12.125, 1.375], "texture": "#2"}
			}
		},
		{
			"from": [8.725, 20.5, 7.45],
			"to": [9.1, 20.625, 7.575],
			"rotation": {"angle": 0, "axis": "y", "origin": [-0.675, -2.575, 0]},
			"faces": {
				"north": {"uv": [12.25, 1.25, 11.875, 1.375], "texture": "#2"},
				"east": {"uv": [12.125, 1.25, 12.25, 1.375], "texture": "#2"},
				"south": {"uv": [11.875, 1.25, 12.25, 1.375], "texture": "#2"},
				"west": {"uv": [11.875, 1.25, 12, 1.375], "texture": "#2"},
				"up": {"uv": [11.875, 1.375, 12.25, 1.25], "texture": "#2"},
				"down": {"uv": [11.875, 1.375, 12.25, 1.25], "texture": "#2"}
			}
		},
		{
			"from": [8.975, 20.725, 7.45],
			"to": [9.1, 20.85, 7.575],
			"rotation": {"angle": 0, "axis": "y", "origin": [-0.3, -2.35, 0]},
			"faces": {
				"north": {"uv": [12.25, 1, 12.125, 1.125], "texture": "#2"},
				"east": {"uv": [12.125, 1, 12.25, 1.125], "texture": "#2"},
				"south": {"uv": [12.125, 1, 12.25, 1.125], "texture": "#2"},
				"west": {"uv": [12.125, 1, 12.25, 1.125], "texture": "#2"},
				"up": {"uv": [12.125, 1.125, 12.25, 1], "texture": "#2"},
				"down": {"uv": [12.125, 1.125, 12.25, 1], "texture": "#2"}
			}
		},
		{
			"from": [8.475, 20.125, 7.45],
			"to": [8.85, 20.375, 7.575],
			"rotation": {"angle": 0, "axis": "y", "origin": [-0.675, -2.7, 0]},
			"faces": {
				"north": {"uv": [12, 1.5, 11.625, 1.75], "texture": "#2"},
				"east": {"uv": [11.875, 1.5, 12, 1.75], "texture": "#2"},
				"south": {"uv": [11.625, 1.5, 12, 1.75], "texture": "#2"},
				"west": {"uv": [11.625, 1.5, 11.75, 1.75], "texture": "#2"},
				"up": {"uv": [11.625, 1.625, 12, 1.5], "texture": "#2"},
				"down": {"uv": [11.625, 1.75, 12, 1.625], "texture": "#2"}
			}
		},
		{
			"from": [8.1, 19.125, 7.45],
			"to": [8.475, 19.5, 7.575],
			"rotation": {"angle": 0, "axis": "y", "origin": [-0.675, -2.7, 0]},
			"faces": {
				"north": {"uv": [11.625, 2.375, 11.25, 2.75], "texture": "#2"},
				"east": {"uv": [11.5, 2.375, 11.625, 2.75], "texture": "#2"},
				"south": {"uv": [11.25, 2.375, 11.625, 2.75], "texture": "#2"},
				"west": {"uv": [11.25, 2.375, 11.375, 2.75], "texture": "#2"},
				"up": {"uv": [11.25, 2.5, 11.625, 2.375], "texture": "#2"},
				"down": {"uv": [11.25, 2.75, 11.625, 2.625], "texture": "#2"}
			}
		},
		{
			"from": [7.975, 18.75, 7.45],
			"to": [8.35, 19.125, 7.575],
			"rotation": {"angle": 0, "axis": "y", "origin": [-0.8, -3.075, 0]},
			"faces": {
				"north": {"uv": [11.5, 2.75, 11.125, 3.125], "texture": "#2"},
				"east": {"uv": [11.375, 2.75, 11.5, 3.125], "texture": "#2"},
				"south": {"uv": [11.125, 2.75, 11.5, 3.125], "texture": "#2"},
				"west": {"uv": [11.125, 2.75, 11.25, 3.125], "texture": "#2"},
				"up": {"uv": [11.125, 2.875, 11.5, 2.75], "texture": "#2"},
				"down": {"uv": [11.125, 3.125, 11.5, 3], "texture": "#2"}
			}
		},
		{
			"from": [7.725, 17.75, 7.45],
			"to": [8.1, 18.25, 7.575],
			"rotation": {"angle": 0, "axis": "y", "origin": [-0.8, -3.075, 0]},
			"faces": {
				"north": {"uv": [11.25, 3.625, 10.875, 4.125], "texture": "#2"},
				"east": {"uv": [11.125, 3.625, 11.25, 4.125], "texture": "#2"},
				"south": {"uv": [10.875, 3.625, 11.25, 4.125], "texture": "#2"},
				"west": {"uv": [10.875, 3.625, 11, 4.125], "texture": "#2"},
				"up": {"uv": [10.875, 3.75, 11.25, 3.625], "texture": "#2"},
				"down": {"uv": [10.875, 4.125, 11.25, 4], "texture": "#2"}
			}
		},
		{
			"from": [7.85, 18.25, 7.45],
			"to": [8.225, 18.75, 7.575],
			"rotation": {"angle": 0, "axis": "y", "origin": [-0.675, -2.575, 0]},
			"faces": {
				"north": {"uv": [11.375, 3.125, 11, 3.625], "texture": "#2"},
				"east": {"uv": [11.25, 3.125, 11.375, 3.625], "texture": "#2"},
				"south": {"uv": [11, 3.125, 11.375, 3.625], "texture": "#2"},
				"west": {"uv": [11, 3.125, 11.125, 3.625], "texture": "#2"},
				"up": {"uv": [11, 3.25, 11.375, 3.125], "texture": "#2"},
				"down": {"uv": [11, 3.625, 11.375, 3.5], "texture": "#2"}
			}
		},
		{
			"from": [7.6, 17.125, 7.45],
			"to": [7.975, 17.75, 7.575],
			"rotation": {"angle": 0, "axis": "y", "origin": [-0.8, -3.075, 0]},
			"faces": {
				"north": {"uv": [11.125, 4.125, 10.75, 4.75], "texture": "#2"},
				"east": {"uv": [11, 4.125, 11.125, 4.75], "texture": "#2"},
				"south": {"uv": [10.75, 4.125, 11.125, 4.75], "texture": "#2"},
				"west": {"uv": [10.75, 4.125, 10.875, 4.75], "texture": "#2"},
				"up": {"uv": [10.75, 4.25, 11.125, 4.125], "texture": "#2"},
				"down": {"uv": [10.75, 4.75, 11.125, 4.625], "texture": "#2"}
			}
		},
		{
			"from": [7.475, 16.5, 7.45],
			"to": [7.85, 17.125, 7.575],
			"rotation": {"angle": 0, "axis": "y", "origin": [-0.8, -3.075, 0]},
			"faces": {
				"north": {"uv": [11, 4.75, 10.625, 5.375], "texture": "#2"},
				"east": {"uv": [10.875, 4.75, 11, 5.375], "texture": "#2"},
				"south": {"uv": [10.625, 4.75, 11, 5.375], "texture": "#2"},
				"west": {"uv": [10.625, 4.75, 10.75, 5.375], "texture": "#2"},
				"up": {"uv": [10.625, 4.875, 11, 4.75], "texture": "#2"},
				"down": {"uv": [10.625, 5.375, 11, 5.25], "texture": "#2"}
			}
		},
		{
			"from": [7.35, 15.75, 7.45],
			"to": [7.725, 16.5, 7.575],
			"rotation": {"angle": 0, "axis": "y", "origin": [-0.55, -1.825, 0]},
			"faces": {
				"north": {"uv": [10.875, 5.375, 10.5, 6.125], "texture": "#2"},
				"east": {"uv": [10.75, 5.375, 10.875, 6.125], "texture": "#2"},
				"south": {"uv": [10.5, 5.375, 10.875, 6.125], "texture": "#2"},
				"west": {"uv": [10.5, 5.375, 10.625, 6.125], "texture": "#2"},
				"up": {"uv": [10.5, 5.5, 10.875, 5.375], "texture": "#2"},
				"down": {"uv": [10.5, 6.125, 10.875, 6], "texture": "#2"}
			}
		},
		{
			"from": [7.225, 14.875, 7.45],
			"to": [7.6, 15.75, 7.575],
			"rotation": {"angle": 0, "axis": "y", "origin": [-0.55, -1.825, 0]},
			"faces": {
				"north": {"uv": [10.75, 6.125, 10.375, 7], "texture": "#2"},
				"east": {"uv": [10.625, 6.125, 10.75, 7], "texture": "#2"},
				"south": {"uv": [10.375, 6.125, 10.75, 7], "texture": "#2"},
				"west": {"uv": [10.375, 6.125, 10.5, 7], "texture": "#2"},
				"up": {"uv": [10.375, 6.25, 10.75, 6.125], "texture": "#2"},
				"down": {"uv": [10.375, 7, 10.75, 6.875], "texture": "#2"}
			}
		},
		{
			"from": [7.1, 13.875, 7.45],
			"to": [7.475, 14.875, 7.575],
			"rotation": {"angle": 0, "axis": "y", "origin": [-0.55, -1.825, 0]},
			"faces": {
				"north": {"uv": [10.625, 7, 10.25, 8], "texture": "#2"},
				"east": {"uv": [10.5, 7, 10.625, 8], "texture": "#2"},
				"south": {"uv": [10.25, 7, 10.625, 8], "texture": "#2"},
				"west": {"uv": [10.25, 7, 10.375, 8], "texture": "#2"},
				"up": {"uv": [10.25, 7.125, 10.625, 7], "texture": "#2"},
				"down": {"uv": [10.25, 8, 10.625, 7.875], "texture": "#2"}
			}
		},
		{
			"from": [7.35, 12.75, 7.375],
			"to": [8.1, 13.875, 7.65],
			"rotation": {"angle": 0, "axis": "y", "origin": [-0.8, -2.825, 0]},
			"faces": {
				"north": {"uv": [11.25, 8, 10.5, 9.125], "texture": "#2"},
				"east": {"uv": [11.125, 8, 11.25, 9.125], "texture": "#2"},
				"south": {"uv": [10.5, 8, 11.25, 9.125], "texture": "#2"},
				"west": {"uv": [10.5, 8, 10.625, 9.125], "texture": "#2"},
				"up": {"uv": [10.5, 8.125, 11.25, 8], "texture": "#2"},
				"down": {"uv": [10.5, 9.125, 11.25, 9], "texture": "#2"}
			}
		},
		{
			"from": [7.475, 13.875, 7.375],
			"to": [8.225, 14.875, 7.65],
			"rotation": {"angle": 0, "axis": "y", "origin": [-0.8, -2.7, 0]},
			"faces": {
				"north": {"uv": [11.375, 7, 10.625, 8], "texture": "#2"},
				"east": {"uv": [11.25, 7, 11.375, 8], "texture": "#2"},
				"south": {"uv": [10.625, 7, 11.375, 8], "texture": "#2"},
				"west": {"uv": [10.625, 7, 10.75, 8], "texture": "#2"},
				"up": {"uv": [10.625, 7.125, 11.375, 7], "texture": "#2"},
				"down": {"uv": [10.625, 8, 11.375, 7.875], "texture": "#2"}
			}
		},
		{
			"from": [8.225, 18.25, 7.375],
			"to": [8.975, 18.75, 7.65],
			"rotation": {"angle": 0, "axis": "y", "origin": [-0.8, -2.575, 0]},
			"faces": {
				"north": {"uv": [12.125, 3.125, 11.375, 3.625], "texture": "#2"},
				"east": {"uv": [12, 3.125, 12.125, 3.625], "texture": "#2"},
				"south": {"uv": [11.375, 3.125, 12.125, 3.625], "texture": "#2"},
				"west": {"uv": [11.375, 3.125, 11.5, 3.625], "texture": "#2"},
				"up": {"uv": [11.375, 3.25, 12.125, 3.125], "texture": "#2"},
				"down": {"uv": [11.375, 3.625, 12.125, 3.5], "texture": "#2"}
			}
		},
		{
			"from": [8.1, 17.75, 7.375],
			"to": [8.85, 18.25, 7.65],
			"rotation": {"angle": 0, "axis": "y", "origin": [-0.8, -2.575, 0]},
			"faces": {
				"north": {"uv": [12, 3.625, 11.25, 4.125], "texture": "#2"},
				"east": {"uv": [11.875, 3.625, 12, 4.125], "texture": "#2"},
				"south": {"uv": [11.25, 3.625, 12, 4.125], "texture": "#2"},
				"west": {"uv": [11.25, 3.625, 11.375, 4.125], "texture": "#2"},
				"up": {"uv": [11.25, 3.75, 12, 3.625], "texture": "#2"},
				"down": {"uv": [11.25, 4.125, 12, 4], "texture": "#2"}
			}
		},
		{
			"from": [7.725, 15.75, 7.375],
			"to": [8.475, 16.5, 7.65],
			"rotation": {"angle": 0, "axis": "y", "origin": [-0.8, -2.575, 0]},
			"faces": {
				"north": {"uv": [11.625, 5.375, 10.875, 6.125], "texture": "#2"},
				"east": {"uv": [11.5, 5.375, 11.625, 6.125], "texture": "#2"},
				"south": {"uv": [10.875, 5.375, 11.625, 6.125], "texture": "#2"},
				"west": {"uv": [10.875, 5.375, 11, 6.125], "texture": "#2"},
				"up": {"uv": [10.875, 5.5, 11.625, 5.375], "texture": "#2"},
				"down": {"uv": [10.875, 6.125, 11.625, 6], "texture": "#2"}
			}
		},
		{
			"from": [7.85, 16.5, 7.375],
			"to": [8.6, 17.125, 7.65],
			"rotation": {"angle": 0, "axis": "y", "origin": [-0.675, -1.825, 0]},
			"faces": {
				"north": {"uv": [11.75, 4.75, 11, 5.375], "texture": "#2"},
				"east": {"uv": [11.625, 4.75, 11.75, 5.375], "texture": "#2"},
				"south": {"uv": [11, 4.75, 11.75, 5.375], "texture": "#2"},
				"west": {"uv": [11, 4.75, 11.125, 5.375], "texture": "#2"},
				"up": {"uv": [11, 4.875, 11.75, 4.75], "texture": "#2"},
				"down": {"uv": [11, 5.375, 11.75, 5.25], "texture": "#2"}
			}
		},
		{
			"from": [7.975, 17.125, 7.375],
			"to": [8.725, 17.75, 7.65],
			"rotation": {"angle": 0, "axis": "y", "origin": [-0.55, -1.2, 0]},
			"faces": {
				"north": {"uv": [11.875, 4.125, 11.125, 4.75], "texture": "#2"},
				"east": {"uv": [11.75, 4.125, 11.875, 4.75], "texture": "#2"},
				"south": {"uv": [11.125, 4.125, 11.875, 4.75], "texture": "#2"},
				"west": {"uv": [11.125, 4.125, 11.25, 4.75], "texture": "#2"},
				"up": {"uv": [11.125, 4.25, 11.875, 4.125], "texture": "#2"},
				"down": {"uv": [11.125, 4.75, 11.875, 4.625], "texture": "#2"}
			}
		},
		{
			"from": [7.6, 14.875, 7.375],
			"to": [8.35, 15.75, 7.65],
			"rotation": {"angle": 0, "axis": "y", "origin": [-0.8, -2.7, 0]},
			"faces": {
				"north": {"uv": [11.5, 6.125, 10.75, 7], "texture": "#2"},
				"east": {"uv": [11.375, 6.125, 11.5, 7], "texture": "#2"},
				"south": {"uv": [10.75, 6.125, 11.5, 7], "texture": "#2"},
				"west": {"uv": [10.75, 6.125, 10.875, 7], "texture": "#2"},
				"up": {"uv": [10.75, 6.25, 11.5, 6.125], "texture": "#2"},
				"down": {"uv": [10.75, 7, 11.5, 6.875], "texture": "#2"}
			}
		},
		{
			"from": [8.475, 19.125, 7.375],
			"to": [9.1, 19.25, 7.65],
			"rotation": {"angle": 0, "axis": "y", "origin": [-0.925, -3.075, 0]},
			"faces": {
				"north": {"uv": [12.25, 2.625, 11.625, 2.75], "texture": "#2"},
				"east": {"uv": [12.125, 2.625, 12.25, 2.75], "texture": "#2"},
				"south": {"uv": [11.625, 2.625, 12.25, 2.75], "texture": "#2"},
				"west": {"uv": [11.625, 2.625, 11.75, 2.75], "texture": "#2"},
				"up": {"uv": [11.625, 2.75, 12.25, 2.625], "texture": "#2"},
				"down": {"uv": [11.625, 2.75, 12.25, 2.625], "texture": "#2"}
			}
		},
		{
			"from": [7.35, 12.625, 7.375],
			"to": [7.975, 12.75, 7.65],
			"rotation": {"angle": 0, "axis": "y", "origin": [-0.925, -4.075, 0]},
			"faces": {
				"north": {"uv": [11.125, 9.125, 10.5, 9.25], "texture": "#2"},
				"east": {"uv": [11, 9.125, 11.125, 9.25], "texture": "#2"},
				"south": {"uv": [10.5, 9.125, 11.125, 9.25], "texture": "#2"},
				"west": {"uv": [10.5, 9.125, 10.625, 9.25], "texture": "#2"},
				"up": {"uv": [10.5, 9.25, 11.125, 9.125], "texture": "#2"},
				"down": {"uv": [10.5, 9.25, 11.125, 9.125], "texture": "#2"}
			}
		},
		{
			"from": [8.35, 18.75, 7.375],
			"to": [9.1, 19.125, 7.65],
			"rotation": {"angle": 0, "axis": "y", "origin": [-0.925, -3.075, 0]},
			"faces": {
				"north": {"uv": [12.25, 2.75, 11.5, 3.125], "texture": "#2"},
				"east": {"uv": [12.125, 2.75, 12.25, 3.125], "texture": "#2"},
				"south": {"uv": [11.5, 2.75, 12.25, 3.125], "texture": "#2"},
				"west": {"uv": [11.5, 2.75, 11.625, 3.125], "texture": "#2"},
				"up": {"uv": [11.5, 2.875, 12.25, 2.75], "texture": "#2"},
				"down": {"uv": [11.5, 3.125, 12.25, 3], "texture": "#2"}
			}
		},
		{
			"from": [9.6, 20.75, 7.375],
			"to": [9.725, 20.875, 7.65],
			"rotation": {"angle": 0, "axis": "y", "origin": [-0.925, -2.575, 0]},
			"faces": {
				"north": {"uv": [12.875, 1, 12.75, 1.125], "texture": "#2"},
				"east": {"uv": [12.75, 1, 12.875, 1.125], "texture": "#2"},
				"south": {"uv": [12.75, 1, 12.875, 1.125], "texture": "#2"},
				"west": {"uv": [12.75, 1, 12.875, 1.125], "texture": "#2"},
				"up": {"uv": [12.75, 1.125, 12.875, 1], "texture": "#2"},
				"down": {"uv": [12.75, 1.125, 12.875, 1], "texture": "#2"}
			}
		},
		{
			"from": [9.35, 20.625, 7.375],
			"to": [9.6, 20.75, 7.65],
			"rotation": {"angle": 0, "axis": "y", "origin": [-0.925, -2.7, 0]},
			"faces": {
				"north": {"uv": [12.75, 1.125, 12.5, 1.25], "texture": "#2"},
				"east": {"uv": [12.625, 1.125, 12.75, 1.25], "texture": "#2"},
				"south": {"uv": [12.5, 1.125, 12.75, 1.25], "texture": "#2"},
				"west": {"uv": [12.5, 1.125, 12.625, 1.25], "texture": "#2"},
				"up": {"uv": [12.5, 1.25, 12.75, 1.125], "texture": "#2"},
				"down": {"uv": [12.5, 1.25, 12.75, 1.125], "texture": "#2"}
			}
		},
		{
			"from": [9.1, 20.5, 7.375],
			"to": [9.6, 20.625, 7.65],
			"rotation": {"angle": 0, "axis": "y", "origin": [-0.925, -2.825, 0]},
			"faces": {
				"north": {"uv": [12.75, 1.25, 12.25, 1.375], "texture": "#2"},
				"east": {"uv": [12.625, 1.25, 12.75, 1.375], "texture": "#2"},
				"south": {"uv": [12.25, 1.25, 12.75, 1.375], "texture": "#2"},
				"west": {"uv": [12.25, 1.25, 12.375, 1.375], "texture": "#2"},
				"up": {"uv": [12.25, 1.375, 12.75, 1.25], "texture": "#2"},
				"down": {"uv": [12.25, 1.375, 12.75, 1.25], "texture": "#2"}
			}
		},
		{
			"from": [8.975, 20.375, 7.375],
			"to": [9.6, 20.5, 7.65],
			"rotation": {"angle": 0, "axis": "y", "origin": [-0.925, -2.95, 0]},
			"faces": {
				"north": {"uv": [12.75, 1.375, 12.125, 1.5], "texture": "#2"},
				"east": {"uv": [12.625, 1.375, 12.75, 1.5], "texture": "#2"},
				"south": {"uv": [12.125, 1.375, 12.75, 1.5], "texture": "#2"},
				"west": {"uv": [12.125, 1.375, 12.25, 1.5], "texture": "#2"},
				"up": {"uv": [12.125, 1.5, 12.75, 1.375], "texture": "#2"},
				"down": {"uv": [12.125, 1.5, 12.75, 1.375], "texture": "#2"}
			}
		},
		{
			"from": [8.6, 19.5, 7.375],
			"to": [9.225, 19.625, 7.65],
			"rotation": {"angle": 0, "axis": "y", "origin": [-1.175, -3.575, 0]},
			"faces": {
				"north": {"uv": [12.375, 2.25, 11.75, 2.375], "texture": "#2"},
				"east": {"uv": [12.25, 2.25, 12.375, 2.375], "texture": "#2"},
				"south": {"uv": [11.75, 2.25, 12.375, 2.375], "texture": "#2"},
				"west": {"uv": [11.75, 2.25, 11.875, 2.375], "texture": "#2"},
				"up": {"uv": [11.75, 2.375, 12.375, 2.25], "texture": "#2"},
				"down": {"uv": [11.75, 2.375, 12.375, 2.25], "texture": "#2"}
			}
		},
		{
			"from": [8.6, 19.625, 7.375],
			"to": [9.35, 19.875, 7.65],
			"rotation": {"angle": 0, "axis": "y", "origin": [-0.8, -2.7, 0]},
			"faces": {
				"north": {"uv": [12.5, 2, 11.75, 2.25], "texture": "#2"},
				"east": {"uv": [12.375, 2, 12.5, 2.25], "texture": "#2"},
				"south": {"uv": [11.75, 2, 12.5, 2.25], "texture": "#2"},
				"west": {"uv": [11.75, 2, 11.875, 2.25], "texture": "#2"},
				"up": {"uv": [11.75, 2.125, 12.5, 2], "texture": "#2"},
				"down": {"uv": [11.75, 2.25, 12.5, 2.125], "texture": "#2"}
			}
		},
		{
			"from": [8.725, 19.875, 7.375],
			"to": [9.35, 20, 7.65],
			"rotation": {"angle": 0, "axis": "y", "origin": [-1.05, -3.2, 0]},
			"faces": {
				"north": {"uv": [12.5, 1.875, 11.875, 2], "texture": "#2"},
				"east": {"uv": [12.375, 1.875, 12.5, 2], "texture": "#2"},
				"south": {"uv": [11.875, 1.875, 12.5, 2], "texture": "#2"},
				"west": {"uv": [11.875, 1.875, 12, 2], "texture": "#2"},
				"up": {"uv": [11.875, 2, 12.5, 1.875], "texture": "#2"},
				"down": {"uv": [11.875, 2, 12.5, 1.875], "texture": "#2"}
			}
		},
		{
			"from": [8.725, 20, 7.375],
			"to": [9.475, 20.125, 7.65],
			"rotation": {"angle": 0, "axis": "y", "origin": [-1.05, -3.075, 0]},
			"faces": {
				"north": {"uv": [12.625, 1.75, 11.875, 1.875], "texture": "#2"},
				"east": {"uv": [12.5, 1.75, 12.625, 1.875], "texture": "#2"},
				"south": {"uv": [11.875, 1.75, 12.625, 1.875], "texture": "#2"},
				"west": {"uv": [11.875, 1.75, 12, 1.875], "texture": "#2"},
				"up": {"uv": [11.875, 1.875, 12.625, 1.75], "texture": "#2"},
				"down": {"uv": [11.875, 1.875, 12.625, 1.75], "texture": "#2"}
			}
		},
		{
			"from": [8.85, 20.125, 7.375],
			"to": [9.475, 20.375, 7.65],
			"rotation": {"angle": 0, "axis": "y", "origin": [-0.8, -2.7, 0]},
			"faces": {
				"north": {"uv": [12.625, 1.5, 12, 1.75], "texture": "#2"},
				"east": {"uv": [12.5, 1.5, 12.625, 1.75], "texture": "#2"},
				"south": {"uv": [12, 1.5, 12.625, 1.75], "texture": "#2"},
				"west": {"uv": [12, 1.5, 12.125, 1.75], "texture": "#2"},
				"up": {"uv": [12, 1.625, 12.625, 1.5], "texture": "#2"},
				"down": {"uv": [12, 1.75, 12.625, 1.625], "texture": "#2"}
			}
		},
		{
			"from": [8.475, 19.25, 7.375],
			"to": [9.225, 19.5, 7.65],
			"rotation": {"angle": 0, "axis": "y", "origin": [-0.925, -3.075, 0]},
			"faces": {
				"north": {"uv": [12.375, 2.375, 11.625, 2.625], "texture": "#2"},
				"east": {"uv": [12.25, 2.375, 12.375, 2.625], "texture": "#2"},
				"south": {"uv": [11.625, 2.375, 12.375, 2.625], "texture": "#2"},
				"west": {"uv": [11.625, 2.375, 11.75, 2.625], "texture": "#2"},
				"up": {"uv": [11.625, 2.5, 12.375, 2.375], "texture": "#2"},
				"down": {"uv": [11.625, 2.625, 12.375, 2.5], "texture": "#2"}
			}
		},
		{
			"from": [7.1, 9.75, 7.375],
			"to": [7.85, 11.125, 7.65],
			"rotation": {"angle": 0, "axis": "y", "origin": [-0.8, -3.2, 0]},
			"faces": {
				"north": {"uv": [11, 10.75, 10.25, 12.125], "texture": "#2"},
				"east": {"uv": [10.875, 10.75, 11, 12.125], "texture": "#2"},
				"south": {"uv": [10.25, 10.75, 11, 12.125], "texture": "#2"},
				"west": {"uv": [10.25, 10.75, 10.375, 12.125], "texture": "#2"},
				"up": {"uv": [10.25, 10.875, 11, 10.75], "texture": "#2"},
				"down": {"uv": [10.25, 12.125, 11, 12], "texture": "#2"}
			}
		},
		{
			"from": [6.85, 11.125, 7.45],
			"to": [7.225, 12.625, 7.575],
			"rotation": {"angle": 0, "axis": "y", "origin": [-0.55, -1.825, 0]},
			"faces": {
				"north": {"uv": [10.375, 9.25, 10, 10.75], "texture": "#2"},
				"east": {"uv": [10.25, 9.25, 10.375, 10.75], "texture": "#2"},
				"south": {"uv": [10, 9.25, 10.375, 10.75], "texture": "#2"},
				"west": {"uv": [10, 9.25, 10.125, 10.75], "texture": "#2"},
				"up": {"uv": [10, 9.375, 10.375, 9.25], "texture": "#2"},
				"down": {"uv": [10, 10.75, 10.375, 10.625], "texture": "#2"}
			}
		},
		{
			"from": [7.225, 11.375, 7.375],
			"to": [7.975, 12.625, 7.65],
			"rotation": {"angle": 0, "axis": "y", "origin": [-0.8, -3.075, 0]},
			"faces": {
				"north": {"uv": [11.125, 9.25, 10.375, 10.5], "texture": "#2"},
				"east": {"uv": [11, 9.25, 11.125, 10.5], "texture": "#2"},
				"south": {"uv": [10.375, 9.25, 11.125, 10.5], "texture": "#2"},
				"west": {"uv": [10.375, 9.25, 10.5, 10.5], "texture": "#2"},
				"up": {"uv": [10.375, 9.375, 11.125, 9.25], "texture": "#2"},
				"down": {"uv": [10.375, 10.5, 11.125, 10.375], "texture": "#2"}
			}
		},
		{
			"from": [6.975, 12.625, 7.45],
			"to": [7.35, 13.875, 7.575],
			"rotation": {"angle": 0, "axis": "y", "origin": [-0.55, -1.825, 0]},
			"faces": {
				"north": {"uv": [10.5, 8, 10.125, 9.25], "texture": "#2"},
				"east": {"uv": [10.375, 8, 10.5, 9.25], "texture": "#2"},
				"south": {"uv": [10.125, 8, 10.5, 9.25], "texture": "#2"},
				"west": {"uv": [10.125, 8, 10.25, 9.25], "texture": "#2"},
				"up": {"uv": [10.125, 8.125, 10.5, 8], "texture": "#2"},
				"down": {"uv": [10.125, 9.25, 10.5, 9.125], "texture": "#2"}
			}
		},
		{
			"from": [6.6, 6.375, 7.45],
			"to": [6.975, 9.375, 7.575],
			"rotation": {"angle": 0, "axis": "y", "origin": [-0.55, -1.95, 0]},
			"faces": {
				"north": {"uv": [10.125, 12.5, 9.75, 15.5], "texture": "#2"},
				"east": {"uv": [10, 12.5, 10.125, 15.5], "texture": "#2"},
				"south": {"uv": [9.75, 12.5, 10.125, 15.5], "texture": "#2"},
				"west": {"uv": [9.75, 12.5, 9.875, 15.5], "texture": "#2"},
				"up": {"uv": [9.75, 12.625, 10.125, 12.5], "texture": "#2"},
				"down": {"uv": [9.75, 15.5, 10.125, 15.375], "texture": "#2"}
			}
		},
		{
			"from": [6.975, 6.375, 7.375],
			"to": [7.725, 9.375, 7.65],
			"rotation": {"angle": 0, "axis": "y", "origin": [-0.675, -0.95, 0]},
			"faces": {
				"north": {"uv": [10.875, 12.5, 10.125, 15.5], "texture": "#2"},
				"east": {"uv": [10.75, 12.5, 10.875, 15.5], "texture": "#2"},
				"south": {"uv": [10.125, 12.5, 10.875, 15.5], "texture": "#2"},
				"west": {"uv": [10.125, 12.5, 10.25, 15.5], "texture": "#2"},
				"up": {"uv": [10.125, 12.625, 10.875, 12.5], "texture": "#2"},
				"down": {"uv": [10.125, 15.5, 10.875, 15.375], "texture": "#2"}
			}
		},
		{
			"from": [6.725, 9.375, 7.45],
			"to": [7.1, 11.125, 7.575],
			"rotation": {"angle": 0, "axis": "y", "origin": [-0.55, -1.825, 0]},
			"faces": {
				"north": {"uv": [10.25, 10.75, 9.875, 12.5], "texture": "#2"},
				"east": {"uv": [10.125, 10.75, 10.25, 12.5], "texture": "#2"},
				"south": {"uv": [9.875, 10.75, 10.25, 12.5], "texture": "#2"},
				"west": {"uv": [9.875, 10.75, 10, 12.5], "texture": "#2"},
				"up": {"uv": [9.875, 10.875, 10.25, 10.75], "texture": "#2"},
				"down": {"uv": [9.875, 12.5, 10.25, 12.375], "texture": "#2"}
			}
		},
		{
			"from": [7.1, 9.375, 7.375],
			"to": [7.725, 9.75, 7.65],
			"rotation": {"angle": 0, "axis": "y", "origin": [-0.8, -4.825, 0]},
			"faces": {
				"north": {"uv": [10.875, 12.125, 10.25, 12.5], "texture": "#2"},
				"east": {"uv": [10.75, 12.125, 10.875, 12.5], "texture": "#2"},
				"south": {"uv": [10.25, 12.125, 10.875, 12.5], "texture": "#2"},
				"west": {"uv": [10.25, 12.125, 10.375, 12.5], "texture": "#2"},
				"up": {"uv": [10.25, 12.25, 10.875, 12.125], "texture": "#2"},
				"down": {"uv": [10.25, 12.5, 10.875, 12.375], "texture": "#2"}
			}
		},
		{
			"from": [7.225, 11.125, 7.375],
			"to": [7.85, 11.375, 7.65],
			"rotation": {"angle": 0, "axis": "y", "origin": [-0.675, -3.075, 0]},
			"faces": {
				"north": {"uv": [11, 10.5, 10.375, 10.75], "texture": "#2"},
				"east": {"uv": [10.875, 10.5, 11, 10.75], "texture": "#2"},
				"south": {"uv": [10.375, 10.5, 11, 10.75], "texture": "#2"},
				"west": {"uv": [10.375, 10.5, 10.5, 10.75], "texture": "#2"},
				"up": {"uv": [10.375, 10.625, 11, 10.5], "texture": "#2"},
				"down": {"uv": [10.375, 10.75, 11, 10.625], "texture": "#2"}
			}
		}
	],
	"gui_light": "front",
	"display": {
		"thirdperson_righthand": {
			"rotation": [0, -90, 0],
			"translation": [-1, 3, 2],
			"scale": [1.2, 1.2, 1.2]
		},
		"thirdperson_lefthand": {
			"rotation": [0, 90, 0],
			"translation": [0.14, 3, 2],
			"scale": [1.2, 1.2, 1.2]
		},
		"firstperson_righthand": {
			"rotation": [55, -90, 60],
			"translation": [-1.5, 3.5, 1.25],
			"scale": [0.8, 0.8, 0.8]
		},
		"firstperson_lefthand": {
			"rotation": [-65, 90, 60],
			"translation": [-0.75, 3.5, 1.25],
			"scale": [0.8, 0.8, 0.8]
		},
		"ground": {
			"rotation": [-45, -90, 0],
			"translation": [0, 1, 0],
			"scale": [0.5, 0.5, 0.5]
		},
		"gui": {
			"rotation": [0, -180, 45],
			"translation": [-1.25, -1.5, 0],
			"scale": [0.9, 0.9, 0.9]
		},
		"head": {
			"translation": [0, 9.75, 0]
		},
		"fixed": {
			"rotation": [-180, 180, -135],
			"translation": [2.5, -2, 0]
		}
	}
}