{
	"credit": "Made with Blockbench",
	"textures": {
		"0": "./hook",
		"1": "./hook2",
		"2": "./hook3",
		"particle": "./hook"
	},
	"elements": [
		{
			"from": [3.825, 2.675, 9.15],
			"to": [6.075, 2.925, 10.15],
			"faces": {
				"north": {"uv": [13.25, 12, 11, 12.25], "texture": "#1"},
				"east": {"uv": [13, 12, 13.25, 12.25], "texture": "#1"},
				"south": {"uv": [11, 12, 13.25, 12.25], "texture": "#1"},
				"west": {"uv": [11, 12, 11.25, 12.25], "texture": "#1"},
				"up": {"uv": [11, 12, 13.25, 12.25], "texture": "#1"},
				"down": {"uv": [13.25, 12, 11, 12.25], "rotation": 180, "texture": "#1"}
			}
		},
		{
			"from": [6.575, 5.675, 9.15],
			"to": [8.075, 6.925, 10.15],
			"faces": {
				"north": {"uv": [15.25, 8, 13.75, 9.25], "texture": "#1"},
				"east": {"uv": [15, 8, 15.25, 9.25], "texture": "#1"},
				"south": {"uv": [13.75, 8, 15.25, 9.25], "texture": "#1"},
				"west": {"uv": [13.75, 8, 14, 9.25], "texture": "#1"},
				"up": {"uv": [13.75, 8, 15.25, 8.25], "texture": "#1"},
				"down": {"uv": [15.25, 9, 13.75, 9.25], "rotation": 180, "texture": "#1"}
			}
		},
		{
			"from": [6.325, 6.925, 9.15],
			"to": [7.825, 7.675, 10.15],
			"faces": {
				"north": {"uv": [15, 7.25, 13.5, 8], "texture": "#1"},
				"east": {"uv": [14.75, 7.25, 15, 8], "texture": "#1"},
				"south": {"uv": [13.5, 7.25, 15, 8], "texture": "#1"},
				"west": {"uv": [13.5, 7.25, 13.75, 8], "texture": "#1"},
				"up": {"uv": [13.5, 7.25, 15, 7.5], "texture": "#1"},
				"down": {"uv": [15, 7.75, 13.5, 8], "rotation": 180, "texture": "#1"}
			}
		},
		{
			"from": [6.325, 4.925, 9.15],
			"to": [7.825, 5.675, 10.15],
			"faces": {
				"north": {"uv": [15, 9.25, 13.5, 10], "texture": "#1"},
				"east": {"uv": [14.75, 9.25, 15, 10], "texture": "#1"},
				"south": {"uv": [13.5, 9.25, 15, 10], "texture": "#1"},
				"west": {"uv": [13.5, 9.25, 13.75, 10], "texture": "#1"},
				"up": {"uv": [13.5, 9.25, 15, 9.5], "texture": "#1"},
				"down": {"uv": [15, 9.75, 13.5, 10], "rotation": 180, "texture": "#1"}
			}
		},
		{
			"from": [6.075, 7.675, 9.25],
			"to": [7.575, 7.925, 10.05],
			"faces": {
				"north": {"uv": [14.75, 7, 13.25, 7.25], "texture": "#1"},
				"east": {"uv": [14.5, 7, 14.75, 7.25], "texture": "#1"},
				"south": {"uv": [13.25, 7, 14.75, 7.25], "texture": "#1"},
				"west": {"uv": [13.25, 7, 13.5, 7.25], "texture": "#1"},
				"up": {"uv": [13.25, 7, 14.75, 7.25], "texture": "#1"},
				"down": {"uv": [14.75, 7, 13.25, 7.25], "rotation": 180, "texture": "#1"}
			}
		},
		{
			"from": [6.075, 4.675, 9.15],
			"to": [7.575, 4.925, 10.15],
			"faces": {
				"north": {"uv": [14.75, 10, 13.25, 10.25], "texture": "#1"},
				"east": {"uv": [14.5, 10, 14.75, 10.25], "texture": "#1"},
				"south": {"uv": [13.25, 10, 14.75, 10.25], "texture": "#1"},
				"west": {"uv": [13.25, 10, 13.5, 10.25], "texture": "#1"},
				"up": {"uv": [13.25, 10, 14.75, 10.25], "texture": "#1"},
				"down": {"uv": [14.75, 10, 13.25, 10.25], "rotation": 180, "texture": "#1"}
			}
		},
		{
			"from": [3.575, 10.175, 9.25],
			"to": [4.825, 10.425, 10.05],
			"faces": {
				"north": {"uv": [12, 4.5, 10.75, 4.75], "texture": "#1"},
				"east": {"uv": [11.75, 4.5, 12, 4.75], "texture": "#1"},
				"south": {"uv": [10.75, 4.5, 12, 4.75], "texture": "#1"},
				"west": {"uv": [10.75, 4.5, 11, 4.75], "texture": "#1"},
				"up": {"uv": [10.75, 4.5, 12, 4.75], "texture": "#1"},
				"down": {"uv": [12, 4.5, 10.75, 4.75], "rotation": 180, "texture": "#1"}
			}
		},
		{
			"from": [2.825, 9.925, 9.25],
			"to": [5.575, 10.175, 10.05],
			"faces": {
				"north": {"uv": [12.75, 4.75, 10, 5], "texture": "#1"},
				"east": {"uv": [12.5, 4.75, 12.75, 5], "texture": "#1"},
				"south": {"uv": [10, 4.75, 12.75, 5], "texture": "#1"},
				"west": {"uv": [10, 4.75, 10.25, 5], "texture": "#1"},
				"up": {"uv": [10, 4.75, 12.75, 5], "texture": "#1"},
				"down": {"uv": [12.75, 4.75, 10, 5], "rotation": 180, "texture": "#1"}
			}
		},
		{
			"from": [2.325, 9.675, 9.25],
			"to": [6.075, 9.925, 10.05],
			"faces": {
				"north": {"uv": [13.25, 5, 9.5, 5.25], "texture": "#1"},
				"east": {"uv": [13, 5, 13.25, 5.25], "texture": "#1"},
				"south": {"uv": [9.5, 5, 13.25, 5.25], "texture": "#1"},
				"west": {"uv": [9.5, 5, 9.75, 5.25], "texture": "#1"},
				"up": {"uv": [9.5, 5, 13.25, 5.25], "texture": "#1"},
				"down": {"uv": [13.25, 5, 9.5, 5.25], "rotation": 180, "texture": "#1"}
			}
		},
		{
			"from": [2.075, 9.425, 9.25],
			"to": [6.325, 9.675, 10.05],
			"faces": {
				"north": {"uv": [13.5, 5.25, 9.25, 5.5], "texture": "#1"},
				"east": {"uv": [13.25, 5.25, 13.5, 5.5], "texture": "#1"},
				"south": {"uv": [9.25, 5.25, 13.5, 5.5], "texture": "#1"},
				"west": {"uv": [9.25, 5.25, 9.5, 5.5], "texture": "#1"},
				"up": {"uv": [9.25, 5.25, 13.5, 5.5], "texture": "#1"},
				"down": {"uv": [13.5, 5.25, 9.25, 5.5], "rotation": 180, "texture": "#1"}
			}
		},
		{
			"from": [1.825, 9.175, 9.25],
			"to": [6.575, 9.425, 10.05],
			"faces": {
				"north": {"uv": [13.75, 5.5, 9, 5.75], "texture": "#1"},
				"east": {"uv": [13.5, 5.5, 13.75, 5.75], "texture": "#1"},
				"south": {"uv": [9, 5.5, 13.75, 5.75], "texture": "#1"},
				"west": {"uv": [9, 5.5, 9.25, 5.75], "texture": "#1"},
				"up": {"uv": [9, 5.5, 13.75, 5.75], "texture": "#1"},
				"down": {"uv": [13.75, 5.5, 9, 5.75], "rotation": 180, "texture": "#1"}
			}
		},
		{
			"from": [0.825, 5.925, 9.45],
			"to": [1.075, 6.675, 9.85],
			"faces": {
				"north": {"uv": [8.25, 8.25, 8, 9], "texture": "#1"},
				"east": {"uv": [8, 8.25, 8.25, 9], "texture": "#1"},
				"south": {"uv": [8, 8.25, 8.25, 9], "texture": "#1"},
				"west": {"uv": [8, 8.25, 8.25, 9], "texture": "#1"},
				"up": {"uv": [8, 8.25, 8.25, 8.5], "texture": "#1"},
				"down": {"uv": [8.25, 8.75, 8, 9], "rotation": 180, "texture": "#1"}
			}
		},
		{
			"from": [0.825, 6.675, 9.45],
			"to": [1.325, 7.175, 9.85],
			"faces": {
				"north": {"uv": [8.5, 7.75, 8, 8.25], "texture": "#1"},
				"east": {"uv": [8.25, 7.75, 8.5, 8.25], "texture": "#1"},
				"south": {"uv": [8, 7.75, 8.5, 8.25], "texture": "#1"},
				"west": {"uv": [8, 7.75, 8.25, 8.25], "texture": "#1"},
				"up": {"uv": [8, 7.75, 8.5, 8], "texture": "#1"},
				"down": {"uv": [8.5, 8, 8, 8.25], "rotation": 180, "texture": "#1"}
			}
		},
		{
			"from": [0.825, 7.175, 9.45],
			"to": [1.575, 7.675, 9.85],
			"faces": {
				"north": {"uv": [8.75, 7.25, 8, 7.75], "texture": "#1"},
				"east": {"uv": [8.5, 7.25, 8.75, 7.75], "texture": "#1"},
				"south": {"uv": [8, 7.25, 8.75, 7.75], "texture": "#1"},
				"west": {"uv": [8, 7.25, 8.25, 7.75], "texture": "#1"},
				"up": {"uv": [8, 7.25, 8.75, 7.5], "texture": "#1"},
				"down": {"uv": [8.75, 7.5, 8, 7.75], "rotation": 180, "texture": "#1"}
			}
		},
		{
			"from": [1.075, 7.675, 9.35],
			"to": [1.825, 7.925, 9.95],
			"faces": {
				"north": {"uv": [9, 7, 8.25, 7.25], "texture": "#1"},
				"east": {"uv": [8.75, 7, 9, 7.25], "texture": "#1"},
				"south": {"uv": [8.25, 7, 9, 7.25], "texture": "#1"},
				"west": {"uv": [8.25, 7, 8.5, 7.25], "texture": "#1"},
				"up": {"uv": [8.25, 7, 9, 7.25], "texture": "#1"},
				"down": {"uv": [9, 7, 8.25, 7.25], "rotation": 180, "texture": "#1"}
			}
		},
		{
			"from": [1.075, 7.925, 9.35],
			"to": [2.075, 8.175, 9.95],
			"faces": {
				"north": {"uv": [9.25, 6.75, 8.25, 7], "texture": "#1"},
				"east": {"uv": [9, 6.75, 9.25, 7], "texture": "#1"},
				"south": {"uv": [8.25, 6.75, 9.25, 7], "texture": "#1"},
				"west": {"uv": [8.25, 6.75, 8.5, 7], "texture": "#1"},
				"up": {"uv": [8.25, 6.75, 9.25, 7], "texture": "#1"},
				"down": {"uv": [9.25, 6.75, 8.25, 7], "rotation": 180, "texture": "#1"}
			}
		},
		{
			"from": [1.075, 8.175, 9.35],
			"to": [2.325, 8.425, 9.95],
			"faces": {
				"north": {"uv": [9.5, 6.5, 8.25, 6.75], "texture": "#1"},
				"east": {"uv": [9.25, 6.5, 9.5, 6.75], "texture": "#1"},
				"south": {"uv": [8.25, 6.5, 9.5, 6.75], "texture": "#1"},
				"west": {"uv": [8.25, 6.5, 8.5, 6.75], "texture": "#1"},
				"up": {"uv": [8.25, 6.5, 9.5, 6.75], "texture": "#1"},
				"down": {"uv": [9.5, 6.5, 8.25, 6.75], "rotation": 180, "texture": "#1"}
			}
		},
		{
			"from": [1.325, 8.425, 9.35],
			"to": [2.575, 8.675, 9.95],
			"faces": {
				"north": {"uv": [9.75, 6.25, 8.5, 6.5], "texture": "#1"},
				"east": {"uv": [9.5, 6.25, 9.75, 6.5], "texture": "#1"},
				"south": {"uv": [8.5, 6.25, 9.75, 6.5], "texture": "#1"},
				"west": {"uv": [8.5, 6.25, 8.75, 6.5], "texture": "#1"},
				"up": {"uv": [8.5, 6.25, 9.75, 6.5], "texture": "#1"},
				"down": {"uv": [9.75, 6.25, 8.5, 6.5], "rotation": 180, "texture": "#1"}
			}
		},
		{
			"from": [1.325, 8.675, 9.35],
			"to": [3.075, 8.925, 9.95],
			"faces": {
				"north": {"uv": [10.25, 6, 8.5, 6.25], "texture": "#1"},
				"east": {"uv": [10, 6, 10.25, 6.25], "texture": "#1"},
				"south": {"uv": [8.5, 6, 10.25, 6.25], "texture": "#1"},
				"west": {"uv": [8.5, 6, 8.75, 6.25], "texture": "#1"},
				"up": {"uv": [8.5, 6, 10.25, 6.25], "texture": "#1"},
				"down": {"uv": [10.25, 6, 8.5, 6.25], "rotation": 180, "texture": "#1"}
			}
		},
		{
			"from": [1.575, 8.925, 9.25],
			"to": [3.575, 9.175, 10.05],
			"faces": {
				"north": {"uv": [10.75, 5.75, 8.75, 6], "texture": "#1"},
				"east": {"uv": [10.5, 5.75, 10.75, 6], "texture": "#1"},
				"south": {"uv": [8.75, 5.75, 10.75, 6], "texture": "#1"},
				"west": {"uv": [8.75, 5.75, 9, 6], "texture": "#1"},
				"up": {"uv": [8.75, 5.75, 10.75, 6], "texture": "#1"},
				"down": {"uv": [10.75, 5.75, 8.75, 6], "rotation": 180, "texture": "#1"}
			}
		},
		{
			"from": [4.325, 8.925, 9.25],
			"to": [6.825, 9.175, 10.05],
			"faces": {
				"north": {"uv": [14, 5.75, 11.5, 6], "texture": "#1"},
				"east": {"uv": [13.75, 5.75, 14, 6], "texture": "#1"},
				"south": {"uv": [11.5, 5.75, 14, 6], "texture": "#1"},
				"west": {"uv": [11.5, 5.75, 11.75, 6], "texture": "#1"},
				"up": {"uv": [11.5, 5.75, 14, 6], "texture": "#1"},
				"down": {"uv": [14, 5.75, 11.5, 6], "rotation": 180, "texture": "#1"}
			}
		},
		{
			"from": [4.825, 8.675, 9.25],
			"to": [7.075, 8.925, 10.05],
			"faces": {
				"north": {"uv": [14.25, 6, 12, 6.25], "texture": "#1"},
				"east": {"uv": [14, 6, 14.25, 6.25], "texture": "#1"},
				"south": {"uv": [12, 6, 14.25, 6.25], "texture": "#1"},
				"west": {"uv": [12, 6, 12.25, 6.25], "texture": "#1"},
				"up": {"uv": [12, 6, 14.25, 6.25], "texture": "#1"},
				"down": {"uv": [14.25, 6, 12, 6.25], "rotation": 180, "texture": "#1"}
			}
		},
		{
			"from": [5.325, 8.425, 9.25],
			"to": [7.325, 8.675, 10.05],
			"faces": {
				"north": {"uv": [14.5, 6.25, 12.5, 6.5], "texture": "#1"},
				"east": {"uv": [14.25, 6.25, 14.5, 6.5], "texture": "#1"},
				"south": {"uv": [12.5, 6.25, 14.5, 6.5], "texture": "#1"},
				"west": {"uv": [12.5, 6.25, 12.75, 6.5], "texture": "#1"},
				"up": {"uv": [12.5, 6.25, 14.5, 6.5], "texture": "#1"},
				"down": {"uv": [14.5, 6.25, 12.5, 6.5], "rotation": 180, "texture": "#1"}
			}
		},
		{
			"from": [5.575, 8.175, 9.25],
			"to": [7.325, 8.425, 10.05],
			"faces": {
				"north": {"uv": [14.5, 6.5, 12.75, 6.75], "texture": "#1"},
				"east": {"uv": [14.25, 6.5, 14.5, 6.75], "texture": "#1"},
				"south": {"uv": [12.75, 6.5, 14.5, 6.75], "texture": "#1"},
				"west": {"uv": [12.75, 6.5, 13, 6.75], "texture": "#1"},
				"up": {"uv": [12.75, 6.5, 14.5, 6.75], "texture": "#1"},
				"down": {"uv": [14.5, 6.5, 12.75, 6.75], "rotation": 180, "texture": "#1"}
			}
		},
		{
			"from": [5.825, 7.925, 9.25],
			"to": [7.575, 8.175, 10.05],
			"faces": {
				"north": {"uv": [14.75, 6.75, 13, 7], "texture": "#1"},
				"east": {"uv": [14.5, 6.75, 14.75, 7], "texture": "#1"},
				"south": {"uv": [13, 6.75, 14.75, 7], "texture": "#1"},
				"west": {"uv": [13, 6.75, 13.25, 7], "texture": "#1"},
				"up": {"uv": [13, 6.75, 14.75, 7], "texture": "#1"},
				"down": {"uv": [14.75, 6.75, 13, 7], "rotation": 180, "texture": "#1"}
			}
		},
		{
			"from": [5.825, 4.425, 9.15],
			"to": [7.575, 4.675, 10.15],
			"faces": {
				"north": {"uv": [14.75, 10.25, 13, 10.5], "texture": "#1"},
				"east": {"uv": [14.5, 10.25, 14.75, 10.5], "texture": "#1"},
				"south": {"uv": [13, 10.25, 14.75, 10.5], "texture": "#1"},
				"west": {"uv": [13, 10.25, 13.25, 10.5], "texture": "#1"},
				"up": {"uv": [13, 10.25, 14.75, 10.5], "texture": "#1"},
				"down": {"uv": [14.75, 10.25, 13, 10.5], "rotation": 180, "texture": "#1"}
			}
		},
		{
			"from": [5.575, 4.175, 9.15],
			"to": [7.325, 4.425, 10.15],
			"faces": {
				"north": {"uv": [14.5, 10.5, 12.75, 10.75], "texture": "#1"},
				"east": {"uv": [14.25, 10.5, 14.5, 10.75], "texture": "#1"},
				"south": {"uv": [12.75, 10.5, 14.5, 10.75], "texture": "#1"},
				"west": {"uv": [12.75, 10.5, 13, 10.75], "texture": "#1"},
				"up": {"uv": [12.75, 10.5, 14.5, 10.75], "texture": "#1"},
				"down": {"uv": [14.5, 10.5, 12.75, 10.75], "rotation": 180, "texture": "#1"}
			}
		},
		{
			"from": [5.325, 3.925, 9.15],
			"to": [7.325, 4.175, 10.15],
			"faces": {
				"north": {"uv": [14.5, 10.75, 12.5, 11], "texture": "#1"},
				"east": {"uv": [14.25, 10.75, 14.5, 11], "texture": "#1"},
				"south": {"uv": [12.5, 10.75, 14.5, 11], "texture": "#1"},
				"west": {"uv": [12.5, 10.75, 12.75, 11], "texture": "#1"},
				"up": {"uv": [12.5, 10.75, 14.5, 11], "texture": "#1"},
				"down": {"uv": [14.5, 10.75, 12.5, 11], "rotation": 180, "texture": "#1"}
			}
		},
		{
			"from": [4.825, 3.675, 9.15],
			"to": [7.075, 3.925, 10.15],
			"faces": {
				"north": {"uv": [14.25, 11, 12, 11.25], "texture": "#1"},
				"east": {"uv": [14, 11, 14.25, 11.25], "texture": "#1"},
				"south": {"uv": [12, 11, 14.25, 11.25], "texture": "#1"},
				"west": {"uv": [12, 11, 12.25, 11.25], "texture": "#1"},
				"up": {"uv": [12, 11, 14.25, 11.25], "texture": "#1"},
				"down": {"uv": [14.25, 11, 12, 11.25], "rotation": 180, "texture": "#1"}
			}
		},
		{
			"from": [4.325, 3.425, 9.15],
			"to": [6.825, 3.675, 10.15],
			"faces": {
				"north": {"uv": [14, 11.25, 11.5, 11.5], "texture": "#1"},
				"east": {"uv": [13.75, 11.25, 14, 11.5], "texture": "#1"},
				"south": {"uv": [11.5, 11.25, 14, 11.5], "texture": "#1"},
				"west": {"uv": [11.5, 11.25, 11.75, 11.5], "texture": "#1"},
				"up": {"uv": [11.5, 11.25, 14, 11.5], "texture": "#1"},
				"down": {"uv": [14, 11.25, 11.5, 11.5], "rotation": 180, "texture": "#1"}
			}
		},
		{
			"from": [4.075, 3.175, 9.15],
			"to": [6.575, 3.425, 10.15],
			"faces": {
				"north": {"uv": [13.75, 11.5, 11.25, 11.75], "texture": "#1"},
				"east": {"uv": [13.5, 11.5, 13.75, 11.75], "texture": "#1"},
				"south": {"uv": [11.25, 11.5, 13.75, 11.75], "texture": "#1"},
				"west": {"uv": [11.25, 11.5, 11.5, 11.75], "texture": "#1"},
				"up": {"uv": [11.25, 11.5, 13.75, 11.75], "texture": "#1"},
				"down": {"uv": [13.75, 11.5, 11.25, 11.75], "rotation": 180, "texture": "#1"}
			}
		},
		{
			"from": [3.825, 2.925, 9.15],
			"to": [6.325, 3.175, 10.15],
			"faces": {
				"north": {"uv": [13.5, 11.75, 11, 12], "texture": "#1"},
				"east": {"uv": [13.25, 11.75, 13.5, 12], "texture": "#1"},
				"south": {"uv": [11, 11.75, 13.5, 12], "texture": "#1"},
				"west": {"uv": [11, 11.75, 11.25, 12], "texture": "#1"},
				"up": {"uv": [11, 11.75, 13.5, 12], "texture": "#1"},
				"down": {"uv": [13.5, 11.75, 11, 12], "rotation": 180, "texture": "#1"}
			}
		},
		{
			"from": [3.825, 2.425, 9.15],
			"to": [5.575, 2.675, 10.15],
			"faces": {
				"north": {"uv": [12.75, 12.25, 11, 12.5], "texture": "#1"},
				"east": {"uv": [12.5, 12.25, 12.75, 12.5], "texture": "#1"},
				"south": {"uv": [11, 12.25, 12.75, 12.5], "texture": "#1"},
				"west": {"uv": [11, 12.25, 11.25, 12.5], "texture": "#1"},
				"up": {"uv": [11, 12.25, 12.75, 12.5], "texture": "#1"},
				"down": {"uv": [12.75, 12.25, 11, 12.5], "rotation": 180, "texture": "#1"}
			}
		},
		{
			"from": [3.825, 0.675, 8.9],
			"to": [5.325, 2.425, 10.4],
			"faces": {
				"north": {"uv": [12.5, 12.5, 11, 14], "texture": "#1"},
				"east": {"uv": [12.25, 12.5, 12.5, 14], "texture": "#1"},
				"south": {"uv": [11, 12.5, 12.5, 14], "texture": "#1"},
				"west": {"uv": [11, 12.5, 11.25, 14], "texture": "#1"},
				"up": {"uv": [11, 12.5, 12.5, 12.75], "texture": "#1"},
				"down": {"uv": [12.5, 13.75, 11, 14], "rotation": 180, "texture": "#1"}
			}
		},
		{
			"from": [1.2, -5.775, 6.3],
			"to": [7.95, -1.275, 13.05],
			"faces": {
				"north": {"uv": [9, 11.5, 15.75, 16], "texture": "#0"},
				"east": {"uv": [9, 11.5, 15.75, 16], "texture": "#0"},
				"south": {"uv": [9, 11.5, 15.75, 16], "texture": "#0"},
				"west": {"uv": [9, 11.5, 15.75, 16], "texture": "#0"},
				"up": {"uv": [7.25, 9.25, 14, 16], "texture": "#2"},
				"down": {"uv": [15.75, 0.25, 8.5, 7.5], "rotation": 180, "texture": "#0"}
			}
		},
		{
			"from": [1.45, -1.275, 6.55],
			"to": [7.7, -0.525, 12.8],
			"faces": {
				"north": {"uv": [9.25, 10.75, 15.5, 11.5], "texture": "#0"},
				"east": {"uv": [9.25, 10.75, 15.5, 11.5], "texture": "#0"},
				"south": {"uv": [9.25, 10.75, 15.5, 11.5], "texture": "#0"},
				"west": {"uv": [9.25, 10.75, 15.5, 11.5], "texture": "#0"},
				"up": {"uv": [0, 2.25, 6.25, 8.5], "texture": "#2"},
				"down": {"uv": [15.5, 11.25, 9.25, 11.5], "rotation": 180, "texture": "#0"}
			}
		},
		{
			"from": [1.7, -0.525, 6.8],
			"to": [7.45, -0.025, 12.55],
			"faces": {
				"north": {"uv": [9.5, 10.25, 15.25, 10.75], "texture": "#0"},
				"east": {"uv": [9.5, 10.25, 15.25, 10.75], "texture": "#0"},
				"south": {"uv": [9.5, 10.25, 15.25, 10.75], "texture": "#0"},
				"west": {"uv": [9.5, 10.25, 15.25, 10.75], "texture": "#0"},
				"up": {"uv": [6.5, 2.75, 12.25, 8.5], "texture": "#2"},
				"down": {"uv": [15.25, 10.5, 9.5, 10.75], "rotation": 180, "texture": "#0"}
			}
		},
		{
			"from": [1.95, -0.025, 7.05],
			"to": [7.2, 0.475, 12.3],
			"faces": {
				"north": {"uv": [9.75, 9.75, 15, 10.25], "texture": "#0"},
				"east": {"uv": [9.75, 9.75, 15, 10.25], "texture": "#0"},
				"south": {"uv": [9.75, 9.75, 15, 10.25], "texture": "#0"},
				"west": {"uv": [9.75, 9.75, 15, 10.25], "texture": "#0"},
				"up": {"uv": [0, 10.75, 5.25, 16], "texture": "#0"},
				"down": {"uv": [15, 10, 9.75, 10.25], "rotation": 180, "texture": "#0"}
			}
		},
		{
			"from": [2.2, 0.475, 7.3],
			"to": [6.95, 0.725, 12.05],
			"faces": {
				"north": {"uv": [10, 9.5, 14.75, 9.75], "texture": "#0"},
				"east": {"uv": [10, 9.5, 14.75, 9.75], "texture": "#0"},
				"south": {"uv": [10, 9.5, 14.75, 9.75], "texture": "#0"},
				"west": {"uv": [10, 9.5, 14.75, 9.75], "texture": "#0"},
				"up": {"uv": [0, 5.75, 4.75, 10.5], "texture": "#0"},
				"down": {"uv": [14.75, 9.5, 10, 9.75], "rotation": 180, "texture": "#0"}
			}
		},
		{
			"from": [2.45, 0.725, 7.55],
			"to": [6.7, 0.975, 11.8],
			"faces": {
				"north": {"uv": [10.25, 9.25, 14.5, 9.5], "texture": "#0"},
				"east": {"uv": [10.25, 9.25, 14.5, 9.5], "texture": "#0"},
				"south": {"uv": [10.25, 9.25, 14.5, 9.5], "texture": "#0"},
				"west": {"uv": [10.25, 9.25, 14.5, 9.5], "texture": "#0"},
				"up": {"uv": [0, 1.25, 4.25, 5.5], "texture": "#0"},
				"down": {"uv": [14.5, 9.25, 10.25, 9.5], "rotation": 180, "texture": "#0"}
			}
		},
		{
			"from": [2.7, 0.975, 7.8],
			"to": [6.45, 1.225, 11.55],
			"faces": {
				"north": {"uv": [10.5, 9, 14.25, 9.25], "texture": "#0"},
				"east": {"uv": [10.5, 9, 14.25, 9.25], "texture": "#0"},
				"south": {"uv": [10.5, 9, 14.25, 9.25], "texture": "#0"},
				"west": {"uv": [10.5, 9, 14.25, 9.25], "texture": "#0"},
				"up": {"uv": [4.5, 1.75, 8.25, 5.5], "texture": "#0"},
				"down": {"uv": [14.25, 9, 10.5, 9.25], "rotation": 180, "texture": "#0"}
			}
		},
		{
			"from": [3.2, 1.225, 8.3],
			"to": [5.95, 1.475, 11.05],
			"faces": {
				"north": {"uv": [11, 8.75, 13.75, 9], "texture": "#0"},
				"east": {"uv": [11, 8.75, 13.75, 9], "texture": "#0"},
				"south": {"uv": [11, 8.75, 13.75, 9], "texture": "#0"},
				"west": {"uv": [11, 8.75, 13.75, 9], "texture": "#0"},
				"up": {"uv": [5.25, 5.75, 8, 8.5], "texture": "#0"},
				"down": {"uv": [13.75, 8.75, 11, 9], "rotation": 180, "texture": "#0"}
			}
		}
	],
	"gui_light": "front",
	"display": {
		"thirdperson_righthand": {
			"rotation": [-90, -90, 0],
			"translation": [1, 0.05, -5.75],
			"scale": [0.6, 0.6, 0.6]
		},
		"thirdperson_lefthand": {
			"rotation": [-90, 90, 0],
			"translation": [-1, 0.05, -5.75],
			"scale": [0.6, 0.6, 0.6]
		},
		"firstperson_righthand": {
			"rotation": [-25, -90, 0],
			"translation": [-2.25, 7.75, 3.5],
			"scale": [0.4, 0.4, 0.4]
		},
		"firstperson_lefthand": {
			"rotation": [-25, 90, 0],
			"translation": [-3.5, 7.75, 3.5],
			"scale": [0.4, 0.4, 0.4]
		},
		"ground": {
			"rotation": [-45, -90, 0],
			"translation": [1.5, 3.5, -2.5],
			"scale": [0.35, 0.35, 0.35]
		},
		"gui": {
			"rotation": [0, -180, 45],
			"translation": [2.5, 7, 0]
		},
		"head": {
			"rotation": [120, 90, 0],
			"translation": [-5.75, -22.25, -3.25]
		},
		"fixed": {
			"rotation": [-180, 180, -135],
			"translation": [-2.5, 7, -3]
		}
	}
}