{
	"credit": "Made with Blockbench",
	"textures": {
		"2": "./skimitar",
		"particle": "./skimitar"
	},
	"elements": [
		{
			"from": [9.45, 7.25, 7.35],
			"to": [9.825, 7.75, 7.675],
			"faces": {
				"north": {"uv": [11.375, 10.5, 11, 11], "texture": "#2"},
				"east": {"uv": [11.25, 10.5, 11.375, 11], "texture": "#2"},
				"south": {"uv": [11, 10.5, 11.375, 11], "texture": "#2"},
				"west": {"uv": [11, 10.5, 11.125, 11], "texture": "#2"},
				"up": {"uv": [11, 10.625, 11.375, 10.5], "texture": "#2"},
				"down": {"uv": [11, 11, 11.375, 10.875], "texture": "#2"}
			}
		},
		{
			"from": [5.7, 7.25, 7.35],
			"to": [6.075, 7.75, 7.675],
			"faces": {
				"north": {"uv": [7.625, 10.5, 7.25, 11], "texture": "#2"},
				"east": {"uv": [7.5, 10.5, 7.625, 11], "texture": "#2"},
				"south": {"uv": [7.25, 10.5, 7.625, 11], "texture": "#2"},
				"west": {"uv": [7.25, 10.5, 7.375, 11], "texture": "#2"},
				"up": {"uv": [7.25, 10.625, 7.625, 10.5], "texture": "#2"},
				"down": {"uv": [7.25, 11, 7.625, 10.875], "texture": "#2"}
			}
		},
		{
			"from": [8.325, 7.25, 7.35],
			"to": [9.45, 7.625, 7.675],
			"faces": {
				"north": {"uv": [11, 10.625, 9.875, 11], "texture": "#2"},
				"east": {"uv": [10.875, 10.625, 11, 11], "texture": "#2"},
				"south": {"uv": [9.875, 10.625, 11, 11], "texture": "#2"},
				"west": {"uv": [9.875, 10.625, 10, 11], "texture": "#2"},
				"up": {"uv": [9.875, 10.75, 11, 10.625], "texture": "#2"},
				"down": {"uv": [9.875, 11, 11, 10.875], "texture": "#2"}
			}
		},
		{
			"from": [6.075, 7.25, 7.35],
			"to": [7.2, 7.625, 7.675],
			"faces": {
				"north": {"uv": [8.75, 10.625, 7.625, 11], "texture": "#2"},
				"east": {"uv": [8.625, 10.625, 8.75, 11], "texture": "#2"},
				"south": {"uv": [7.625, 10.625, 8.75, 11], "texture": "#2"},
				"west": {"uv": [7.625, 10.625, 7.75, 11], "texture": "#2"},
				"up": {"uv": [7.625, 10.75, 8.75, 10.625], "texture": "#2"},
				"down": {"uv": [7.625, 11, 8.75, 10.875], "texture": "#2"}
			}
		},
		{
			"from": [7.45, 7.75, 7.175],
			"to": [8.075, 8, 7.85],
			"faces": {
				"north": {"uv": [9.625, 10.25, 9, 10.5], "texture": "#2"},
				"east": {"uv": [9.5, 10.25, 9.625, 10.5], "texture": "#2"},
				"south": {"uv": [9, 10.25, 9.625, 10.5], "texture": "#2"},
				"west": {"uv": [9, 10.25, 9.125, 10.5], "texture": "#2"},
				"up": {"uv": [9, 10.25, 9.625, 10.375], "texture": "#2"},
				"down": {"uv": [9.625, 10.375, 9, 10.5], "rotation": 180, "texture": "#2"}
			}
		},
		{
			"from": [7.575, 8, 7.2],
			"to": [7.95, 8.25, 7.85],
			"faces": {
				"north": {"uv": [9.5, 10, 9.125, 10.25], "texture": "#2"},
				"east": {"uv": [9.375, 10, 9.5, 10.25], "texture": "#2"},
				"south": {"uv": [9.125, 10, 9.5, 10.25], "texture": "#2"},
				"west": {"uv": [9.125, 10, 9.25, 10.25], "texture": "#2"},
				"up": {"uv": [9.125, 10, 9.5, 10.125], "texture": "#2"},
				"down": {"uv": [9.125, 10.125, 9.5, 10.25], "texture": "#2"}
			}
		},
		{
			"from": [7.7, 8.25, 7.2],
			"to": [7.825, 8.5, 7.85],
			"faces": {
				"north": {"uv": [9.375, 9.75, 9.25, 10], "texture": "#2"},
				"east": {"uv": [9.25, 9.75, 9.375, 10], "texture": "#2"},
				"south": {"uv": [9.25, 9.75, 9.375, 10], "texture": "#2"},
				"west": {"uv": [9.25, 9.75, 9.375, 10], "texture": "#2"},
				"up": {"uv": [9.25, 9.75, 9.375, 9.875], "texture": "#2"},
				"down": {"uv": [9.25, 9.875, 9.375, 10], "texture": "#2"}
			}
		},
		{
			"from": [7.2, 7.75, 7.45],
			"to": [7.575, 11.75, 7.575],
			"faces": {
				"north": {"uv": [3.125, 12, 2.75, 16], "texture": "#2"},
				"east": {"uv": [3, 12, 3.125, 16], "texture": "#2"},
				"south": {"uv": [2.75, 12, 3.125, 16], "texture": "#2"},
				"west": {"uv": [2.75, 12, 2.875, 16], "texture": "#2"},
				"up": {"uv": [2.75, 12.125, 3.125, 12], "texture": "#2"},
				"down": {"uv": [2.75, 16, 3.125, 15.875], "texture": "#2"}
			}
		},
		{
			"from": [7.575, 7.75, 7.4],
			"to": [8.325, 9.5, 7.625],
			"faces": {
				"north": {"uv": [3.875, 14.25, 3.125, 16], "texture": "#2"},
				"east": {"uv": [3.75, 14.25, 3.875, 16], "texture": "#2"},
				"south": {"uv": [3.125, 14.25, 3.875, 16], "texture": "#2"},
				"west": {"uv": [3.125, 14.25, 3.25, 16], "texture": "#2"},
				"up": {"uv": [3.125, 14.375, 3.875, 14.25], "texture": "#2"},
				"down": {"uv": [3.125, 16, 3.875, 15.875], "texture": "#2"}
			}
		},
		{
			"from": [7.575, 9.5, 7.4],
			"to": [8.45, 10.75, 7.625],
			"faces": {
				"north": {"uv": [4, 13, 3.125, 14.25], "texture": "#2"},
				"east": {"uv": [3.875, 13, 4, 14.25], "texture": "#2"},
				"south": {"uv": [3.125, 13, 4, 14.25], "texture": "#2"},
				"west": {"uv": [3.125, 13, 3.25, 14.25], "texture": "#2"},
				"up": {"uv": [3.125, 13.125, 4, 13], "texture": "#2"},
				"down": {"uv": [3.125, 14.25, 4, 14.125], "texture": "#2"}
			}
		},
		{
			"from": [7.575, 10.75, 7.4],
			"to": [8.575, 11.75, 7.625],
			"faces": {
				"north": {"uv": [4.125, 12, 3.125, 13], "texture": "#2"},
				"east": {"uv": [4, 12, 4.125, 13], "texture": "#2"},
				"south": {"uv": [3.125, 12, 4.125, 13], "texture": "#2"},
				"west": {"uv": [3.125, 12, 3.25, 13], "texture": "#2"},
				"up": {"uv": [3.125, 12.125, 4.125, 12], "texture": "#2"},
				"down": {"uv": [3.125, 13, 4.125, 12.875], "texture": "#2"}
			}
		},
		{
			"from": [7.7, 11.75, 7.4],
			"to": [8.7, 12.625, 7.625],
			"faces": {
				"north": {"uv": [4.25, 11.125, 3.25, 12], "texture": "#2"},
				"east": {"uv": [4.125, 11.125, 4.25, 12], "texture": "#2"},
				"south": {"uv": [3.25, 11.125, 4.25, 12], "texture": "#2"},
				"west": {"uv": [3.25, 11.125, 3.375, 12], "texture": "#2"},
				"up": {"uv": [3.25, 11.25, 4.25, 11.125], "texture": "#2"},
				"down": {"uv": [3.25, 12, 4.25, 11.875], "texture": "#2"}
			}
		},
		{
			"from": [7.7, 12.625, 7.4],
			"to": [8.825, 13, 7.625],
			"faces": {
				"north": {"uv": [4.375, 10.75, 3.25, 11.125], "texture": "#2"},
				"east": {"uv": [4.25, 10.75, 4.375, 11.125], "texture": "#2"},
				"south": {"uv": [3.25, 10.75, 4.375, 11.125], "texture": "#2"},
				"west": {"uv": [3.25, 10.75, 3.375, 11.125], "texture": "#2"},
				"up": {"uv": [3.25, 10.875, 4.375, 10.75], "texture": "#2"},
				"down": {"uv": [3.25, 11.125, 4.375, 11], "texture": "#2"}
			}
		},
		{
			"from": [7.95, 14.25, 7.4],
			"to": [9.2, 14.625, 7.625],
			"faces": {
				"north": {"uv": [4.75, 9.125, 3.5, 9.5], "texture": "#2"},
				"east": {"uv": [4.625, 9.125, 4.75, 9.5], "texture": "#2"},
				"south": {"uv": [3.5, 9.125, 4.75, 9.5], "texture": "#2"},
				"west": {"uv": [3.5, 9.125, 3.625, 9.5], "texture": "#2"},
				"up": {"uv": [3.5, 9.25, 4.75, 9.125], "texture": "#2"},
				"down": {"uv": [3.5, 9.5, 4.75, 9.375], "texture": "#2"}
			}
		},
		{
			"from": [7.825, 13.25, 7.4],
			"to": [8.95, 13.75, 7.625],
			"faces": {
				"north": {"uv": [4.5, 10, 3.375, 10.5], "texture": "#2"},
				"east": {"uv": [4.375, 10, 4.5, 10.5], "texture": "#2"},
				"south": {"uv": [3.375, 10, 4.5, 10.5], "texture": "#2"},
				"west": {"uv": [3.375, 10, 3.5, 10.5], "texture": "#2"},
				"up": {"uv": [3.375, 10.125, 4.5, 10], "texture": "#2"},
				"down": {"uv": [3.375, 10.5, 4.5, 10.375], "texture": "#2"}
			}
		},
		{
			"from": [7.825, 13, 7.4],
			"to": [8.825, 13.25, 7.625],
			"faces": {
				"north": {"uv": [4.375, 10.5, 3.375, 10.75], "texture": "#2"},
				"east": {"uv": [4.25, 10.5, 4.375, 10.75], "texture": "#2"},
				"south": {"uv": [3.375, 10.5, 4.375, 10.75], "texture": "#2"},
				"west": {"uv": [3.375, 10.5, 3.5, 10.75], "texture": "#2"},
				"up": {"uv": [3.375, 10.625, 4.375, 10.5], "texture": "#2"},
				"down": {"uv": [3.375, 10.75, 4.375, 10.625], "texture": "#2"}
			}
		},
		{
			"from": [7.825, 13.75, 7.4],
			"to": [9.075, 14, 7.625],
			"faces": {
				"north": {"uv": [4.625, 9.75, 3.375, 10], "texture": "#2"},
				"east": {"uv": [4.5, 9.75, 4.625, 10], "texture": "#2"},
				"south": {"uv": [3.375, 9.75, 4.625, 10], "texture": "#2"},
				"west": {"uv": [3.375, 9.75, 3.5, 10], "texture": "#2"},
				"up": {"uv": [3.375, 9.875, 4.625, 9.75], "texture": "#2"},
				"down": {"uv": [3.375, 10, 4.625, 9.875], "texture": "#2"}
			}
		},
		{
			"from": [7.95, 14.625, 7.4],
			"to": [9.325, 14.875, 7.625],
			"faces": {
				"north": {"uv": [4.875, 8.875, 3.5, 9.125], "texture": "#2"},
				"east": {"uv": [4.75, 8.875, 4.875, 9.125], "texture": "#2"},
				"south": {"uv": [3.5, 8.875, 4.875, 9.125], "texture": "#2"},
				"west": {"uv": [3.5, 8.875, 3.625, 9.125], "texture": "#2"},
				"up": {"uv": [3.5, 9, 4.875, 8.875], "texture": "#2"},
				"down": {"uv": [3.5, 9.125, 4.875, 9], "texture": "#2"}
			}
		},
		{
			"from": [7.95, 14, 7.4],
			"to": [9.075, 14.25, 7.625],
			"faces": {
				"north": {"uv": [4.625, 9.5, 3.5, 9.75], "texture": "#2"},
				"east": {"uv": [4.5, 9.5, 4.625, 9.75], "texture": "#2"},
				"south": {"uv": [3.5, 9.5, 4.625, 9.75], "texture": "#2"},
				"west": {"uv": [3.5, 9.5, 3.625, 9.75], "texture": "#2"},
				"up": {"uv": [3.5, 9.625, 4.625, 9.5], "texture": "#2"},
				"down": {"uv": [3.5, 9.75, 4.625, 9.625], "texture": "#2"}
			}
		},
		{
			"from": [8.075, 14.875, 7.4],
			"to": [9.45, 15.125, 7.625],
			"faces": {
				"north": {"uv": [5, 8.625, 3.625, 8.875], "texture": "#2"},
				"east": {"uv": [4.875, 8.625, 5, 8.875], "texture": "#2"},
				"south": {"uv": [3.625, 8.625, 5, 8.875], "texture": "#2"},
				"west": {"uv": [3.625, 8.625, 3.75, 8.875], "texture": "#2"},
				"up": {"uv": [3.625, 8.75, 5, 8.625], "texture": "#2"},
				"down": {"uv": [3.625, 8.875, 5, 8.75], "texture": "#2"}
			}
		},
		{
			"from": [8.075, 15.125, 7.4],
			"to": [9.575, 15.375, 7.625],
			"faces": {
				"north": {"uv": [5.125, 8.375, 3.625, 8.625], "texture": "#2"},
				"east": {"uv": [5, 8.375, 5.125, 8.625], "texture": "#2"},
				"south": {"uv": [3.625, 8.375, 5.125, 8.625], "texture": "#2"},
				"west": {"uv": [3.625, 8.375, 3.75, 8.625], "texture": "#2"},
				"up": {"uv": [3.625, 8.5, 5.125, 8.375], "texture": "#2"},
				"down": {"uv": [3.625, 8.625, 5.125, 8.5], "texture": "#2"}
			}
		},
		{
			"from": [8.075, 15.375, 7.4],
			"to": [9.7, 15.625, 7.625],
			"faces": {
				"north": {"uv": [5.25, 8.125, 3.625, 8.375], "texture": "#2"},
				"east": {"uv": [5.125, 8.125, 5.25, 8.375], "texture": "#2"},
				"south": {"uv": [3.625, 8.125, 5.25, 8.375], "texture": "#2"},
				"west": {"uv": [3.625, 8.125, 3.75, 8.375], "texture": "#2"},
				"up": {"uv": [3.625, 8.25, 5.25, 8.125], "texture": "#2"},
				"down": {"uv": [3.625, 8.375, 5.25, 8.25], "texture": "#2"}
			}
		},
		{
			"from": [8.2, 15.625, 7.4],
			"to": [9.825, 15.875, 7.625],
			"faces": {
				"north": {"uv": [5.375, 7.875, 3.75, 8.125], "texture": "#2"},
				"east": {"uv": [5.25, 7.875, 5.375, 8.125], "texture": "#2"},
				"south": {"uv": [3.75, 7.875, 5.375, 8.125], "texture": "#2"},
				"west": {"uv": [3.75, 7.875, 3.875, 8.125], "texture": "#2"},
				"up": {"uv": [3.75, 8, 5.375, 7.875], "texture": "#2"},
				"down": {"uv": [3.75, 8.125, 5.375, 8], "texture": "#2"}
			}
		},
		{
			"from": [8.2, 15.875, 7.4],
			"to": [9.95, 16.125, 7.625],
			"faces": {
				"north": {"uv": [5.5, 7.625, 3.75, 7.875], "texture": "#2"},
				"east": {"uv": [5.375, 7.625, 5.5, 7.875], "texture": "#2"},
				"south": {"uv": [3.75, 7.625, 5.5, 7.875], "texture": "#2"},
				"west": {"uv": [3.75, 7.625, 3.875, 7.875], "texture": "#2"},
				"up": {"uv": [3.75, 7.75, 5.5, 7.625], "texture": "#2"},
				"down": {"uv": [3.75, 7.875, 5.5, 7.75], "texture": "#2"}
			}
		},
		{
			"from": [8.45, 16.625, 7.4],
			"to": [10.45, 17, 7.625],
			"faces": {
				"north": {"uv": [6, 6.75, 4, 7.125], "texture": "#2"},
				"east": {"uv": [5.875, 6.75, 6, 7.125], "texture": "#2"},
				"south": {"uv": [4, 6.75, 6, 7.125], "texture": "#2"},
				"west": {"uv": [4, 6.75, 4.125, 7.125], "texture": "#2"},
				"up": {"uv": [4, 6.875, 6, 6.75], "texture": "#2"},
				"down": {"uv": [4, 7.125, 6, 7], "texture": "#2"}
			}
		},
		{
			"from": [8.575, 17, 7.4],
			"to": [10.45, 17.375, 7.625],
			"faces": {
				"north": {"uv": [6, 6.375, 4.125, 6.75], "texture": "#2"},
				"east": {"uv": [5.875, 6.375, 6, 6.75], "texture": "#2"},
				"south": {"uv": [4.125, 6.375, 6, 6.75], "texture": "#2"},
				"west": {"uv": [4.125, 6.375, 4.25, 6.75], "texture": "#2"},
				"up": {"uv": [4.125, 6.5, 6, 6.375], "texture": "#2"},
				"down": {"uv": [4.125, 6.75, 6, 6.625], "texture": "#2"}
			}
		},
		{
			"from": [8.7, 17.375, 7.4],
			"to": [10.45, 17.75, 7.625],
			"faces": {
				"north": {"uv": [6, 6, 4.25, 6.375], "texture": "#2"},
				"east": {"uv": [5.875, 6, 6, 6.375], "texture": "#2"},
				"south": {"uv": [4.25, 6, 6, 6.375], "texture": "#2"},
				"west": {"uv": [4.25, 6, 4.375, 6.375], "texture": "#2"},
				"up": {"uv": [4.25, 6.125, 6, 6], "texture": "#2"},
				"down": {"uv": [4.25, 6.375, 6, 6.25], "texture": "#2"}
			}
		},
		{
			"from": [8.825, 17.875, 7.4],
			"to": [10.575, 18.125, 7.625],
			"faces": {
				"north": {"uv": [6.125, 5.625, 4.375, 5.875], "texture": "#2"},
				"east": {"uv": [6, 5.625, 6.125, 5.875], "texture": "#2"},
				"south": {"uv": [4.375, 5.625, 6.125, 5.875], "texture": "#2"},
				"west": {"uv": [4.375, 5.625, 4.5, 5.875], "texture": "#2"},
				"up": {"uv": [4.375, 5.75, 6.125, 5.625], "texture": "#2"},
				"down": {"uv": [4.375, 5.875, 6.125, 5.75], "texture": "#2"}
			}
		},
		{
			"from": [8.95, 18.125, 7.4],
			"to": [10.575, 18.375, 7.625],
			"faces": {
				"north": {"uv": [6.125, 5.375, 4.5, 5.625], "texture": "#2"},
				"east": {"uv": [6, 5.375, 6.125, 5.625], "texture": "#2"},
				"south": {"uv": [4.5, 5.375, 6.125, 5.625], "texture": "#2"},
				"west": {"uv": [4.5, 5.375, 4.625, 5.625], "texture": "#2"},
				"up": {"uv": [4.5, 5.5, 6.125, 5.375], "texture": "#2"},
				"down": {"uv": [4.5, 5.625, 6.125, 5.5], "texture": "#2"}
			}
		},
		{
			"from": [9.2, 18.625, 7.4],
			"to": [10.7, 18.875, 7.625],
			"faces": {
				"north": {"uv": [6.25, 4.875, 4.75, 5.125], "texture": "#2"},
				"east": {"uv": [6.125, 4.875, 6.25, 5.125], "texture": "#2"},
				"south": {"uv": [4.75, 4.875, 6.25, 5.125], "texture": "#2"},
				"west": {"uv": [4.75, 4.875, 4.875, 5.125], "texture": "#2"},
				"up": {"uv": [4.75, 5, 6.25, 4.875], "texture": "#2"},
				"down": {"uv": [4.75, 5.125, 6.25, 5], "texture": "#2"}
			}
		},
		{
			"from": [8.2, 16.125, 7.4],
			"to": [10.075, 16.25, 7.625],
			"faces": {
				"north": {"uv": [5.625, 7.5, 3.75, 7.625], "texture": "#2"},
				"east": {"uv": [5.5, 7.5, 5.625, 7.625], "texture": "#2"},
				"south": {"uv": [3.75, 7.5, 5.625, 7.625], "texture": "#2"},
				"west": {"uv": [3.75, 7.5, 3.875, 7.625], "texture": "#2"},
				"up": {"uv": [3.75, 7.625, 5.625, 7.5], "texture": "#2"},
				"down": {"uv": [3.75, 7.625, 5.625, 7.5], "texture": "#2"}
			}
		},
		{
			"from": [8.325, 16.25, 7.4],
			"to": [10.2, 16.375, 7.625],
			"faces": {
				"north": {"uv": [5.75, 7.375, 3.875, 7.5], "texture": "#2"},
				"east": {"uv": [5.625, 7.375, 5.75, 7.5], "texture": "#2"},
				"south": {"uv": [3.875, 7.375, 5.75, 7.5], "texture": "#2"},
				"west": {"uv": [3.875, 7.375, 4, 7.5], "texture": "#2"},
				"up": {"uv": [3.875, 7.5, 5.75, 7.375], "texture": "#2"},
				"down": {"uv": [3.875, 7.5, 5.75, 7.375], "texture": "#2"}
			}
		},
		{
			"from": [8.325, 16.375, 7.4],
			"to": [10.325, 16.5, 7.625],
			"faces": {
				"north": {"uv": [5.875, 7.25, 3.875, 7.375], "texture": "#2"},
				"east": {"uv": [5.75, 7.25, 5.875, 7.375], "texture": "#2"},
				"south": {"uv": [3.875, 7.25, 5.875, 7.375], "texture": "#2"},
				"west": {"uv": [3.875, 7.25, 4, 7.375], "texture": "#2"},
				"up": {"uv": [3.875, 7.375, 5.875, 7.25], "texture": "#2"},
				"down": {"uv": [3.875, 7.375, 5.875, 7.25], "texture": "#2"}
			}
		},
		{
			"from": [8.825, 17.75, 7.4],
			"to": [10.45, 17.875, 7.625],
			"faces": {
				"north": {"uv": [6, 5.875, 4.375, 6], "texture": "#2"},
				"east": {"uv": [5.875, 5.875, 6, 6], "texture": "#2"},
				"south": {"uv": [4.375, 5.875, 6, 6], "texture": "#2"},
				"west": {"uv": [4.375, 5.875, 4.5, 6], "texture": "#2"},
				"up": {"uv": [4.375, 6, 6, 5.875], "texture": "#2"},
				"down": {"uv": [4.375, 6, 6, 5.875], "texture": "#2"}
			}
		},
		{
			"from": [9.075, 18.375, 7.4],
			"to": [10.575, 18.5, 7.625],
			"faces": {
				"north": {"uv": [6.125, 5.25, 4.625, 5.375], "texture": "#2"},
				"east": {"uv": [6, 5.25, 6.125, 5.375], "texture": "#2"},
				"south": {"uv": [4.625, 5.25, 6.125, 5.375], "texture": "#2"},
				"west": {"uv": [4.625, 5.25, 4.75, 5.375], "texture": "#2"},
				"up": {"uv": [4.625, 5.375, 6.125, 5.25], "texture": "#2"},
				"down": {"uv": [4.625, 5.375, 6.125, 5.25], "texture": "#2"}
			}
		},
		{
			"from": [9.075, 18.5, 7.4],
			"to": [10.7, 18.625, 7.625],
			"faces": {
				"north": {"uv": [6.25, 5.125, 4.625, 5.25], "texture": "#2"},
				"east": {"uv": [6.125, 5.125, 6.25, 5.25], "texture": "#2"},
				"south": {"uv": [4.625, 5.125, 6.25, 5.25], "texture": "#2"},
				"west": {"uv": [4.625, 5.125, 4.75, 5.25], "texture": "#2"},
				"up": {"uv": [4.625, 5.25, 6.25, 5.125], "texture": "#2"},
				"down": {"uv": [4.625, 5.25, 6.25, 5.125], "texture": "#2"}
			}
		},
		{
			"from": [9.325, 18.875, 7.4],
			"to": [10.7, 19, 7.625],
			"faces": {
				"north": {"uv": [6.25, 4.75, 4.875, 4.875], "texture": "#2"},
				"east": {"uv": [6.125, 4.75, 6.25, 4.875], "texture": "#2"},
				"south": {"uv": [4.875, 4.75, 6.25, 4.875], "texture": "#2"},
				"west": {"uv": [4.875, 4.75, 5, 4.875], "texture": "#2"},
				"up": {"uv": [4.875, 4.875, 6.25, 4.75], "texture": "#2"},
				"down": {"uv": [4.875, 4.875, 6.25, 4.75], "texture": "#2"}
			}
		},
		{
			"from": [9.325, 19, 7.4],
			"to": [10.825, 19.125, 7.625],
			"faces": {
				"north": {"uv": [6.375, 4.625, 4.875, 4.75], "texture": "#2"},
				"east": {"uv": [6.25, 4.625, 6.375, 4.75], "texture": "#2"},
				"south": {"uv": [4.875, 4.625, 6.375, 4.75], "texture": "#2"},
				"west": {"uv": [4.875, 4.625, 5, 4.75], "texture": "#2"},
				"up": {"uv": [4.875, 4.75, 6.375, 4.625], "texture": "#2"},
				"down": {"uv": [4.875, 4.75, 6.375, 4.625], "texture": "#2"}
			}
		},
		{
			"from": [9.45, 19.125, 7.4],
			"to": [10.825, 19.25, 7.625],
			"faces": {
				"north": {"uv": [6.375, 4.5, 5, 4.625], "texture": "#2"},
				"east": {"uv": [6.25, 4.5, 6.375, 4.625], "texture": "#2"},
				"south": {"uv": [5, 4.5, 6.375, 4.625], "texture": "#2"},
				"west": {"uv": [5, 4.5, 5.125, 4.625], "texture": "#2"},
				"up": {"uv": [5, 4.625, 6.375, 4.5], "texture": "#2"},
				"down": {"uv": [5, 4.625, 6.375, 4.5], "texture": "#2"}
			}
		},
		{
			"from": [9.575, 19.25, 7.4],
			"to": [10.825, 19.375, 7.625],
			"faces": {
				"north": {"uv": [6.375, 4.375, 5.125, 4.5], "texture": "#2"},
				"east": {"uv": [6.25, 4.375, 6.375, 4.5], "texture": "#2"},
				"south": {"uv": [5.125, 4.375, 6.375, 4.5], "texture": "#2"},
				"west": {"uv": [5.125, 4.375, 5.25, 4.5], "texture": "#2"},
				"up": {"uv": [5.125, 4.5, 6.375, 4.375], "texture": "#2"},
				"down": {"uv": [5.125, 4.5, 6.375, 4.375], "texture": "#2"}
			}
		},
		{
			"from": [10.2, 19.875, 7.4],
			"to": [11.075, 20, 7.625],
			"faces": {
				"north": {"uv": [6.625, 3.75, 5.75, 3.875], "texture": "#2"},
				"east": {"uv": [6.5, 3.75, 6.625, 3.875], "texture": "#2"},
				"south": {"uv": [5.75, 3.75, 6.625, 3.875], "texture": "#2"},
				"west": {"uv": [5.75, 3.75, 5.875, 3.875], "texture": "#2"},
				"up": {"uv": [5.75, 3.875, 6.625, 3.75], "texture": "#2"},
				"down": {"uv": [5.75, 3.875, 6.625, 3.75], "texture": "#2"}
			}
		},
		{
			"from": [10.45, 20, 7.4],
			"to": [11.075, 20.125, 7.625],
			"faces": {
				"north": {"uv": [6.625, 3.625, 6, 3.75], "texture": "#2"},
				"east": {"uv": [6.5, 3.625, 6.625, 3.75], "texture": "#2"},
				"south": {"uv": [6, 3.625, 6.625, 3.75], "texture": "#2"},
				"west": {"uv": [6, 3.625, 6.125, 3.75], "texture": "#2"},
				"up": {"uv": [6, 3.75, 6.625, 3.625], "texture": "#2"},
				"down": {"uv": [6, 3.75, 6.625, 3.625], "texture": "#2"}
			}
		},
		{
			"from": [10.7, 20.125, 7.4],
			"to": [11.2, 20.25, 7.625],
			"faces": {
				"north": {"uv": [6.75, 3.5, 6.25, 3.625], "texture": "#2"},
				"east": {"uv": [6.625, 3.5, 6.75, 3.625], "texture": "#2"},
				"south": {"uv": [6.25, 3.5, 6.75, 3.625], "texture": "#2"},
				"west": {"uv": [6.25, 3.5, 6.375, 3.625], "texture": "#2"},
				"up": {"uv": [6.25, 3.625, 6.75, 3.5], "texture": "#2"},
				"down": {"uv": [6.25, 3.625, 6.75, 3.5], "texture": "#2"}
			}
		},
		{
			"from": [10.95, 20.25, 7.4],
			"to": [11.2, 20.375, 7.625],
			"faces": {
				"north": {"uv": [6.75, 3.375, 6.5, 3.5], "texture": "#2"},
				"east": {"uv": [6.625, 3.375, 6.75, 3.5], "texture": "#2"},
				"south": {"uv": [6.5, 3.375, 6.75, 3.5], "texture": "#2"},
				"west": {"uv": [6.5, 3.375, 6.625, 3.5], "texture": "#2"},
				"up": {"uv": [6.5, 3.5, 6.75, 3.375], "texture": "#2"},
				"down": {"uv": [6.5, 3.5, 6.75, 3.375], "texture": "#2"}
			}
		},
		{
			"from": [11.2, 20.375, 7.4],
			"to": [11.325, 20.5, 7.625],
			"faces": {
				"north": {"uv": [6.875, 3.25, 6.75, 3.375], "texture": "#2"},
				"east": {"uv": [6.75, 3.25, 6.875, 3.375], "texture": "#2"},
				"south": {"uv": [6.75, 3.25, 6.875, 3.375], "texture": "#2"},
				"west": {"uv": [6.75, 3.25, 6.875, 3.375], "texture": "#2"},
				"up": {"uv": [6.75, 3.375, 6.875, 3.25], "texture": "#2"},
				"down": {"uv": [6.75, 3.375, 6.875, 3.25], "texture": "#2"}
			}
		},
		{
			"from": [10.075, 19.75, 7.4],
			"to": [11.075, 19.875, 7.625],
			"faces": {
				"north": {"uv": [6.625, 3.875, 5.625, 4], "texture": "#2"},
				"east": {"uv": [6.5, 3.875, 6.625, 4], "texture": "#2"},
				"south": {"uv": [5.625, 3.875, 6.625, 4], "texture": "#2"},
				"west": {"uv": [5.625, 3.875, 5.75, 4], "texture": "#2"},
				"up": {"uv": [5.625, 4, 6.625, 3.875], "texture": "#2"},
				"down": {"uv": [5.625, 4, 6.625, 3.875], "texture": "#2"}
			}
		},
		{
			"from": [9.95, 19.625, 7.4],
			"to": [10.95, 19.75, 7.625],
			"faces": {
				"north": {"uv": [6.5, 4, 5.5, 4.125], "texture": "#2"},
				"east": {"uv": [6.375, 4, 6.5, 4.125], "texture": "#2"},
				"south": {"uv": [5.5, 4, 6.5, 4.125], "texture": "#2"},
				"west": {"uv": [5.5, 4, 5.625, 4.125], "texture": "#2"},
				"up": {"uv": [5.5, 4.125, 6.5, 4], "texture": "#2"},
				"down": {"uv": [5.5, 4.125, 6.5, 4], "texture": "#2"}
			}
		},
		{
			"from": [9.7, 19.375, 7.4],
			"to": [10.95, 19.5, 7.625],
			"faces": {
				"north": {"uv": [6.5, 4.25, 5.25, 4.375], "texture": "#2"},
				"east": {"uv": [6.375, 4.25, 6.5, 4.375], "texture": "#2"},
				"south": {"uv": [5.25, 4.25, 6.5, 4.375], "texture": "#2"},
				"west": {"uv": [5.25, 4.25, 5.375, 4.375], "texture": "#2"},
				"up": {"uv": [5.25, 4.375, 6.5, 4.25], "texture": "#2"},
				"down": {"uv": [5.25, 4.375, 6.5, 4.25], "texture": "#2"}
			}
		},
		{
			"from": [9.825, 19.5, 7.4],
			"to": [10.95, 19.625, 7.625],
			"faces": {
				"north": {"uv": [6.5, 4.125, 5.375, 4.25], "texture": "#2"},
				"east": {"uv": [6.375, 4.125, 6.5, 4.25], "texture": "#2"},
				"south": {"uv": [5.375, 4.125, 6.5, 4.25], "texture": "#2"},
				"west": {"uv": [5.375, 4.125, 5.5, 4.25], "texture": "#2"},
				"up": {"uv": [5.375, 4.25, 6.5, 4.125], "texture": "#2"},
				"down": {"uv": [5.375, 4.25, 6.5, 4.125], "texture": "#2"}
			}
		},
		{
			"from": [8.325, 16.5, 7.4],
			"to": [10.45, 16.625, 7.625],
			"faces": {
				"north": {"uv": [6, 7.125, 3.875, 7.25], "texture": "#2"},
				"east": {"uv": [5.875, 7.125, 6, 7.25], "texture": "#2"},
				"south": {"uv": [3.875, 7.125, 6, 7.25], "texture": "#2"},
				"west": {"uv": [3.875, 7.125, 4, 7.25], "texture": "#2"},
				"up": {"uv": [3.875, 7.25, 6, 7.125], "texture": "#2"},
				"down": {"uv": [3.875, 7.25, 6, 7.125], "texture": "#2"}
			}
		},
		{
			"from": [7.325, 11.75, 7.45],
			"to": [7.7, 13, 7.575],
			"faces": {
				"north": {"uv": [3.25, 10.75, 2.875, 12], "texture": "#2"},
				"east": {"uv": [3.125, 10.75, 3.25, 12], "texture": "#2"},
				"south": {"uv": [2.875, 10.75, 3.25, 12], "texture": "#2"},
				"west": {"uv": [2.875, 10.75, 3, 12], "texture": "#2"},
				"up": {"uv": [2.875, 10.875, 3.25, 10.75], "texture": "#2"},
				"down": {"uv": [2.875, 12, 3.25, 11.875], "texture": "#2"}
			}
		},
		{
			"from": [7.45, 13, 7.45],
			"to": [7.825, 14, 7.575],
			"faces": {
				"north": {"uv": [3.375, 9.75, 3, 10.75], "texture": "#2"},
				"east": {"uv": [3.25, 9.75, 3.375, 10.75], "texture": "#2"},
				"south": {"uv": [3, 9.75, 3.375, 10.75], "texture": "#2"},
				"west": {"uv": [3, 9.75, 3.125, 10.75], "texture": "#2"},
				"up": {"uv": [3, 9.875, 3.375, 9.75], "texture": "#2"},
				"down": {"uv": [3, 10.75, 3.375, 10.625], "texture": "#2"}
			}
		},
		{
			"from": [7.575, 14, 7.45],
			"to": [7.95, 14.875, 7.575],
			"faces": {
				"north": {"uv": [3.5, 8.875, 3.125, 9.75], "texture": "#2"},
				"east": {"uv": [3.375, 8.875, 3.5, 9.75], "texture": "#2"},
				"south": {"uv": [3.125, 8.875, 3.5, 9.75], "texture": "#2"},
				"west": {"uv": [3.125, 8.875, 3.25, 9.75], "texture": "#2"},
				"up": {"uv": [3.125, 9, 3.5, 8.875], "texture": "#2"},
				"down": {"uv": [3.125, 9.75, 3.5, 9.625], "texture": "#2"}
			}
		},
		{
			"from": [7.7, 14.875, 7.45],
			"to": [8.075, 15.625, 7.575],
			"faces": {
				"north": {"uv": [3.625, 8.125, 3.25, 8.875], "texture": "#2"},
				"east": {"uv": [3.5, 8.125, 3.625, 8.875], "texture": "#2"},
				"south": {"uv": [3.25, 8.125, 3.625, 8.875], "texture": "#2"},
				"west": {"uv": [3.25, 8.125, 3.375, 8.875], "texture": "#2"},
				"up": {"uv": [3.25, 8.25, 3.625, 8.125], "texture": "#2"},
				"down": {"uv": [3.25, 8.875, 3.625, 8.75], "texture": "#2"}
			}
		},
		{
			"from": [7.825, 15.625, 7.45],
			"to": [8.2, 16.25, 7.575],
			"faces": {
				"north": {"uv": [3.75, 7.5, 3.375, 8.125], "texture": "#2"},
				"east": {"uv": [3.625, 7.5, 3.75, 8.125], "texture": "#2"},
				"south": {"uv": [3.375, 7.5, 3.75, 8.125], "texture": "#2"},
				"west": {"uv": [3.375, 7.5, 3.5, 8.125], "texture": "#2"},
				"up": {"uv": [3.375, 7.625, 3.75, 7.5], "texture": "#2"},
				"down": {"uv": [3.375, 8.125, 3.75, 8], "texture": "#2"}
			}
		},
		{
			"from": [7.95, 16.25, 7.45],
			"to": [8.325, 16.625, 7.575],
			"faces": {
				"north": {"uv": [3.875, 7.125, 3.5, 7.5], "texture": "#2"},
				"east": {"uv": [3.75, 7.125, 3.875, 7.5], "texture": "#2"},
				"south": {"uv": [3.5, 7.125, 3.875, 7.5], "texture": "#2"},
				"west": {"uv": [3.5, 7.125, 3.625, 7.5], "texture": "#2"},
				"up": {"uv": [3.5, 7.25, 3.875, 7.125], "texture": "#2"},
				"down": {"uv": [3.5, 7.5, 3.875, 7.375], "texture": "#2"}
			}
		},
		{
			"from": [8.325, 17.375, 7.45],
			"to": [8.7, 17.75, 7.575],
			"faces": {
				"north": {"uv": [4.25, 6, 3.875, 6.375], "texture": "#2"},
				"east": {"uv": [4.125, 6, 4.25, 6.375], "texture": "#2"},
				"south": {"uv": [3.875, 6, 4.25, 6.375], "texture": "#2"},
				"west": {"uv": [3.875, 6, 4, 6.375], "texture": "#2"},
				"up": {"uv": [3.875, 6.125, 4.25, 6], "texture": "#2"},
				"down": {"uv": [3.875, 6.375, 4.25, 6.25], "texture": "#2"}
			}
		},
		{
			"from": [8.45, 17.75, 7.45],
			"to": [8.825, 18.125, 7.575],
			"faces": {
				"north": {"uv": [4.375, 5.625, 4, 6], "texture": "#2"},
				"east": {"uv": [4.25, 5.625, 4.375, 6], "texture": "#2"},
				"south": {"uv": [4, 5.625, 4.375, 6], "texture": "#2"},
				"west": {"uv": [4, 5.625, 4.125, 6], "texture": "#2"},
				"up": {"uv": [4, 5.75, 4.375, 5.625], "texture": "#2"},
				"down": {"uv": [4, 6, 4.375, 5.875], "texture": "#2"}
			}
		},
		{
			"from": [8.575, 18.125, 7.45],
			"to": [8.95, 18.375, 7.575],
			"faces": {
				"north": {"uv": [4.5, 5.375, 4.125, 5.625], "texture": "#2"},
				"east": {"uv": [4.375, 5.375, 4.5, 5.625], "texture": "#2"},
				"south": {"uv": [4.125, 5.375, 4.5, 5.625], "texture": "#2"},
				"west": {"uv": [4.125, 5.375, 4.25, 5.625], "texture": "#2"},
				"up": {"uv": [4.125, 5.5, 4.5, 5.375], "texture": "#2"},
				"down": {"uv": [4.125, 5.625, 4.5, 5.5], "texture": "#2"}
			}
		},
		{
			"from": [8.7, 18.375, 7.45],
			"to": [9.075, 18.625, 7.575],
			"faces": {
				"north": {"uv": [4.625, 5.125, 4.25, 5.375], "texture": "#2"},
				"east": {"uv": [4.5, 5.125, 4.625, 5.375], "texture": "#2"},
				"south": {"uv": [4.25, 5.125, 4.625, 5.375], "texture": "#2"},
				"west": {"uv": [4.25, 5.125, 4.375, 5.375], "texture": "#2"},
				"up": {"uv": [4.25, 5.25, 4.625, 5.125], "texture": "#2"},
				"down": {"uv": [4.25, 5.375, 4.625, 5.25], "texture": "#2"}
			}
		},
		{
			"from": [8.825, 18.625, 7.45],
			"to": [9.2, 18.875, 7.575],
			"faces": {
				"north": {"uv": [4.75, 4.875, 4.375, 5.125], "texture": "#2"},
				"east": {"uv": [4.625, 4.875, 4.75, 5.125], "texture": "#2"},
				"south": {"uv": [4.375, 4.875, 4.75, 5.125], "texture": "#2"},
				"west": {"uv": [4.375, 4.875, 4.5, 5.125], "texture": "#2"},
				"up": {"uv": [4.375, 5, 4.75, 4.875], "texture": "#2"},
				"down": {"uv": [4.375, 5.125, 4.75, 5], "texture": "#2"}
			}
		},
		{
			"from": [8.95, 18.875, 7.45],
			"to": [9.325, 19.125, 7.575],
			"faces": {
				"north": {"uv": [4.875, 4.625, 4.5, 4.875], "texture": "#2"},
				"east": {"uv": [4.75, 4.625, 4.875, 4.875], "texture": "#2"},
				"south": {"uv": [4.5, 4.625, 4.875, 4.875], "texture": "#2"},
				"west": {"uv": [4.5, 4.625, 4.625, 4.875], "texture": "#2"},
				"up": {"uv": [4.5, 4.75, 4.875, 4.625], "texture": "#2"},
				"down": {"uv": [4.5, 4.875, 4.875, 4.75], "texture": "#2"}
			}
		},
		{
			"from": [9.075, 19.125, 7.45],
			"to": [9.45, 19.25, 7.575],
			"faces": {
				"north": {"uv": [5, 4.5, 4.625, 4.625], "texture": "#2"},
				"east": {"uv": [4.875, 4.5, 5, 4.625], "texture": "#2"},
				"south": {"uv": [4.625, 4.5, 5, 4.625], "texture": "#2"},
				"west": {"uv": [4.625, 4.5, 4.75, 4.625], "texture": "#2"},
				"up": {"uv": [4.625, 4.625, 5, 4.5], "texture": "#2"},
				"down": {"uv": [4.625, 4.625, 5, 4.5], "texture": "#2"}
			}
		},
		{
			"from": [9.2, 19.25, 7.45],
			"to": [9.575, 19.375, 7.575],
			"faces": {
				"north": {"uv": [5.125, 4.375, 4.75, 4.5], "texture": "#2"},
				"east": {"uv": [5, 4.375, 5.125, 4.5], "texture": "#2"},
				"south": {"uv": [4.75, 4.375, 5.125, 4.5], "texture": "#2"},
				"west": {"uv": [4.75, 4.375, 4.875, 4.5], "texture": "#2"},
				"up": {"uv": [4.75, 4.5, 5.125, 4.375], "texture": "#2"},
				"down": {"uv": [4.75, 4.5, 5.125, 4.375], "texture": "#2"}
			}
		},
		{
			"from": [9.325, 19.375, 7.45],
			"to": [9.7, 19.5, 7.575],
			"faces": {
				"north": {"uv": [5.25, 4.25, 4.875, 4.375], "texture": "#2"},
				"east": {"uv": [5.125, 4.25, 5.25, 4.375], "texture": "#2"},
				"south": {"uv": [4.875, 4.25, 5.25, 4.375], "texture": "#2"},
				"west": {"uv": [4.875, 4.25, 5, 4.375], "texture": "#2"},
				"up": {"uv": [4.875, 4.375, 5.25, 4.25], "texture": "#2"},
				"down": {"uv": [4.875, 4.375, 5.25, 4.25], "texture": "#2"}
			}
		},
		{
			"from": [9.45, 19.5, 7.45],
			"to": [9.825, 19.625, 7.575],
			"faces": {
				"north": {"uv": [5.375, 4.125, 5, 4.25], "texture": "#2"},
				"east": {"uv": [5.25, 4.125, 5.375, 4.25], "texture": "#2"},
				"south": {"uv": [5, 4.125, 5.375, 4.25], "texture": "#2"},
				"west": {"uv": [5, 4.125, 5.125, 4.25], "texture": "#2"},
				"up": {"uv": [5, 4.25, 5.375, 4.125], "texture": "#2"},
				"down": {"uv": [5, 4.25, 5.375, 4.125], "texture": "#2"}
			}
		},
		{
			"from": [9.575, 19.625, 7.45],
			"to": [9.95, 19.75, 7.575],
			"faces": {
				"north": {"uv": [5.5, 4, 5.125, 4.125], "texture": "#2"},
				"east": {"uv": [5.375, 4, 5.5, 4.125], "texture": "#2"},
				"south": {"uv": [5.125, 4, 5.5, 4.125], "texture": "#2"},
				"west": {"uv": [5.125, 4, 5.25, 4.125], "texture": "#2"},
				"up": {"uv": [5.125, 4.125, 5.5, 4], "texture": "#2"},
				"down": {"uv": [5.125, 4.125, 5.5, 4], "texture": "#2"}
			}
		},
		{
			"from": [9.825, 19.875, 7.45],
			"to": [10.2, 20, 7.575],
			"faces": {
				"north": {"uv": [5.75, 3.75, 5.375, 3.875], "texture": "#2"},
				"east": {"uv": [5.625, 3.75, 5.75, 3.875], "texture": "#2"},
				"south": {"uv": [5.375, 3.75, 5.75, 3.875], "texture": "#2"},
				"west": {"uv": [5.375, 3.75, 5.5, 3.875], "texture": "#2"},
				"up": {"uv": [5.375, 3.875, 5.75, 3.75], "texture": "#2"},
				"down": {"uv": [5.375, 3.875, 5.75, 3.75], "texture": "#2"}
			}
		},
		{
			"from": [10.2, 20, 7.45],
			"to": [10.45, 20.375, 7.575],
			"faces": {
				"north": {"uv": [6, 3.375, 5.75, 3.75], "texture": "#2"},
				"east": {"uv": [5.875, 3.375, 6, 3.75], "texture": "#2"},
				"south": {"uv": [5.75, 3.375, 6, 3.75], "texture": "#2"},
				"west": {"uv": [5.75, 3.375, 5.875, 3.75], "texture": "#2"},
				"up": {"uv": [5.75, 3.5, 6, 3.375], "texture": "#2"},
				"down": {"uv": [5.75, 3.75, 6, 3.625], "texture": "#2"}
			}
		},
		{
			"from": [10.45, 20.125, 7.45],
			"to": [10.7, 20.5, 7.575],
			"faces": {
				"north": {"uv": [6.25, 3.25, 6, 3.625], "texture": "#2"},
				"east": {"uv": [6.125, 3.25, 6.25, 3.625], "texture": "#2"},
				"south": {"uv": [6, 3.25, 6.25, 3.625], "texture": "#2"},
				"west": {"uv": [6, 3.25, 6.125, 3.625], "texture": "#2"},
				"up": {"uv": [6, 3.375, 6.25, 3.25], "texture": "#2"},
				"down": {"uv": [6, 3.625, 6.25, 3.5], "texture": "#2"}
			}
		},
		{
			"from": [10.7, 20.25, 7.45],
			"to": [10.95, 20.625, 7.575],
			"faces": {
				"north": {"uv": [6.5, 3.125, 6.25, 3.5], "texture": "#2"},
				"east": {"uv": [6.375, 3.125, 6.5, 3.5], "texture": "#2"},
				"south": {"uv": [6.25, 3.125, 6.5, 3.5], "texture": "#2"},
				"west": {"uv": [6.25, 3.125, 6.375, 3.5], "texture": "#2"},
				"up": {"uv": [6.25, 3.25, 6.5, 3.125], "texture": "#2"},
				"down": {"uv": [6.25, 3.5, 6.5, 3.375], "texture": "#2"}
			}
		},
		{
			"from": [10.95, 20.375, 7.45],
			"to": [11.2, 20.75, 7.575],
			"faces": {
				"north": {"uv": [6.75, 3, 6.5, 3.375], "texture": "#2"},
				"east": {"uv": [6.625, 3, 6.75, 3.375], "texture": "#2"},
				"south": {"uv": [6.5, 3, 6.75, 3.375], "texture": "#2"},
				"west": {"uv": [6.5, 3, 6.625, 3.375], "texture": "#2"},
				"up": {"uv": [6.5, 3.125, 6.75, 3], "texture": "#2"},
				"down": {"uv": [6.5, 3.375, 6.75, 3.25], "texture": "#2"}
			}
		},
		{
			"from": [11.2, 20.5, 7.45],
			"to": [11.325, 20.875, 7.575],
			"faces": {
				"north": {"uv": [6.875, 2.875, 6.75, 3.25], "texture": "#2"},
				"east": {"uv": [6.75, 2.875, 6.875, 3.25], "texture": "#2"},
				"south": {"uv": [6.75, 2.875, 6.875, 3.25], "texture": "#2"},
				"west": {"uv": [6.75, 2.875, 6.875, 3.25], "texture": "#2"},
				"up": {"uv": [6.75, 3, 6.875, 2.875], "texture": "#2"},
				"down": {"uv": [6.75, 3.25, 6.875, 3.125], "texture": "#2"}
			}
		},
		{
			"from": [11.325, 20.625, 7.45],
			"to": [11.45, 20.875, 7.575],
			"faces": {
				"north": {"uv": [7, 2.875, 6.875, 3.125], "texture": "#2"},
				"east": {"uv": [6.875, 2.875, 7, 3.125], "texture": "#2"},
				"south": {"uv": [6.875, 2.875, 7, 3.125], "texture": "#2"},
				"west": {"uv": [6.875, 2.875, 7, 3.125], "texture": "#2"},
				"up": {"uv": [6.875, 3, 7, 2.875], "texture": "#2"},
				"down": {"uv": [6.875, 3.125, 7, 3], "texture": "#2"}
			}
		},
		{
			"from": [9.95, 20, 7.45],
			"to": [10.2, 20.125, 7.575],
			"faces": {
				"north": {"uv": [5.75, 3.625, 5.5, 3.75], "texture": "#2"},
				"east": {"uv": [5.625, 3.625, 5.75, 3.75], "texture": "#2"},
				"south": {"uv": [5.5, 3.625, 5.75, 3.75], "texture": "#2"},
				"west": {"uv": [5.5, 3.625, 5.625, 3.75], "texture": "#2"},
				"up": {"uv": [5.5, 3.75, 5.75, 3.625], "texture": "#2"},
				"down": {"uv": [5.5, 3.75, 5.75, 3.625], "texture": "#2"}
			}
		},
		{
			"from": [10.075, 20.125, 7.45],
			"to": [10.2, 20.25, 7.575],
			"faces": {
				"north": {"uv": [5.75, 3.5, 5.625, 3.625], "texture": "#2"},
				"east": {"uv": [5.625, 3.5, 5.75, 3.625], "texture": "#2"},
				"south": {"uv": [5.625, 3.5, 5.75, 3.625], "texture": "#2"},
				"west": {"uv": [5.625, 3.5, 5.75, 3.625], "texture": "#2"},
				"up": {"uv": [5.625, 3.625, 5.75, 3.5], "texture": "#2"},
				"down": {"uv": [5.625, 3.625, 5.75, 3.5], "texture": "#2"}
			}
		},
		{
			"from": [9.7, 19.75, 7.45],
			"to": [10.075, 19.875, 7.575],
			"faces": {
				"north": {"uv": [5.625, 3.875, 5.25, 4], "texture": "#2"},
				"east": {"uv": [5.5, 3.875, 5.625, 4], "texture": "#2"},
				"south": {"uv": [5.25, 3.875, 5.625, 4], "texture": "#2"},
				"west": {"uv": [5.25, 3.875, 5.375, 4], "texture": "#2"},
				"up": {"uv": [5.25, 4, 5.625, 3.875], "texture": "#2"},
				"down": {"uv": [5.25, 4, 5.625, 3.875], "texture": "#2"}
			}
		},
		{
			"from": [8.2, 17, 7.45],
			"to": [8.575, 17.375, 7.575],
			"faces": {
				"north": {"uv": [4.125, 6.375, 3.75, 6.75], "texture": "#2"},
				"east": {"uv": [4, 6.375, 4.125, 6.75], "texture": "#2"},
				"south": {"uv": [3.75, 6.375, 4.125, 6.75], "texture": "#2"},
				"west": {"uv": [3.75, 6.375, 3.875, 6.75], "texture": "#2"},
				"up": {"uv": [3.75, 6.5, 4.125, 6.375], "texture": "#2"},
				"down": {"uv": [3.75, 6.75, 4.125, 6.625], "texture": "#2"}
			}
		},
		{
			"from": [8.075, 16.625, 7.45],
			"to": [8.45, 17, 7.575],
			"faces": {
				"north": {"uv": [4, 6.75, 3.625, 7.125], "texture": "#2"},
				"east": {"uv": [3.875, 6.75, 4, 7.125], "texture": "#2"},
				"south": {"uv": [3.625, 6.75, 4, 7.125], "texture": "#2"},
				"west": {"uv": [3.625, 6.75, 3.75, 7.125], "texture": "#2"},
				"up": {"uv": [3.625, 6.875, 4, 6.75], "texture": "#2"},
				"down": {"uv": [3.625, 7.125, 4, 7], "texture": "#2"}
			}
		},
		{
			"from": [7.2, 7.125, 7.275],
			"to": [7.45, 7.75, 7.775],
			"rotation": {"angle": 0, "axis": "y", "origin": [0, 0.1, 0]},
			"faces": {
				"north": {"uv": [9, 10.5, 8.75, 11.125], "texture": "#2"},
				"east": {"uv": [8.875, 10.5, 9, 11.125], "texture": "#2"},
				"south": {"uv": [8.75, 10.5, 9, 11.125], "texture": "#2"},
				"west": {"uv": [8.75, 10.5, 8.875, 11.125], "texture": "#2"},
				"up": {"uv": [8.75, 10.625, 9, 10.5], "texture": "#2"},
				"down": {"uv": [8.75, 11.125, 9, 11], "texture": "#2"}
			}
		},
		{
			"from": [7.45, 7.125, 7.175],
			"to": [8.075, 7.75, 7.85],
			"rotation": {"angle": 0, "axis": "y", "origin": [0, 0.1, 0]},
			"faces": {
				"north": {"uv": [9.625, 10.5, 9, 11.125], "texture": "#2"},
				"east": {"uv": [9.5, 10.5, 9.625, 11.125], "texture": "#2"},
				"south": {"uv": [9, 10.5, 9.625, 11.125], "texture": "#2"},
				"west": {"uv": [9, 10.5, 9.125, 11.125], "texture": "#2"},
				"up": {"uv": [9, 10.625, 9.625, 10.5], "texture": "#2"},
				"down": {"uv": [9, 11.125, 9.625, 11], "texture": "#2"}
			}
		},
		{
			"from": [8.075, 7.125, 7.3],
			"to": [8.325, 7.75, 7.75],
			"rotation": {"angle": 0, "axis": "y", "origin": [0, 0.1, 0]},
			"faces": {
				"north": {"uv": [9.875, 10.5, 9.625, 11.125], "texture": "#2"},
				"east": {"uv": [9.75, 10.5, 9.875, 11.125], "texture": "#2"},
				"south": {"uv": [9.625, 10.5, 9.875, 11.125], "texture": "#2"},
				"west": {"uv": [9.625, 10.5, 9.75, 11.125], "texture": "#2"},
				"up": {"uv": [9.625, 10.625, 9.875, 10.5], "texture": "#2"},
				"down": {"uv": [9.625, 11.125, 9.875, 11], "texture": "#2"}
			}
		},
		{
			"from": [7.2, 6.75, 7.375],
			"to": [8.325, 7.125, 7.65],
			"rotation": {"angle": 0, "axis": "y", "origin": [-0.025, -2.475, 0]},
			"faces": {
				"north": {"uv": [9.875, 11.125, 8.75, 11.5], "texture": "#2"},
				"east": {"uv": [10.125, 11.125, 10.5, 11.5], "texture": "#2"},
				"south": {"uv": [8.75, 11.125, 9.875, 11.5], "texture": "#2"},
				"west": {"uv": [7.75, 11.125, 8.125, 11.5], "texture": "#2"},
				"up": {"uv": [8.125, 11.125, 7.75, 11.25], "rotation": 90, "texture": "#2"},
				"down": {"uv": [10.5, 11.375, 10.125, 11.5], "rotation": 90, "texture": "#2"}
			}
		},
		{
			"from": [6.95, 3.375, 7.3],
			"to": [7.575, 3.5, 7.725],
			"rotation": {"angle": 0, "axis": "y", "origin": [-0.4, -5.975, 0.125]},
			"faces": {
				"north": {"uv": [9.125, 14.75, 8.5, 14.875], "texture": "#2"},
				"east": {"uv": [10, 14.75, 10.625, 14.875], "texture": "#2"},
				"south": {"uv": [8.5, 14.75, 9.125, 14.875], "texture": "#2"},
				"west": {"uv": [7.625, 14.75, 8.25, 14.875], "texture": "#2"},
				"up": {"uv": [8.25, 14.75, 7.625, 14.875], "rotation": 90, "texture": "#2"},
				"down": {"uv": [10.625, 14.75, 10, 14.875], "rotation": 90, "texture": "#2"}
			}
		},
		{
			"from": [6.95, 3.5, 7.3],
			"to": [7.7, 3.75, 7.725],
			"rotation": {"angle": 0, "axis": "y", "origin": [-0.525, -5.725, 0.125]},
			"faces": {
				"north": {"uv": [9.25, 14.5, 8.5, 14.75], "texture": "#2"},
				"east": {"uv": [10, 14.5, 10.625, 14.75], "texture": "#2"},
				"south": {"uv": [8.5, 14.5, 9.25, 14.75], "texture": "#2"},
				"west": {"uv": [7.625, 14.5, 8.25, 14.75], "texture": "#2"},
				"up": {"uv": [8.25, 14.5, 7.625, 14.625], "rotation": 90, "texture": "#2"},
				"down": {"uv": [10.625, 14.625, 10, 14.75], "rotation": 90, "texture": "#2"}
			}
		},
		{
			"from": [6.95, 3.75, 7.3],
			"to": [7.825, 3.875, 7.725],
			"rotation": {"angle": 0, "axis": "y", "origin": [-0.4, -5.6, 0.125]},
			"faces": {
				"north": {"uv": [9.375, 14.375, 8.5, 14.5], "texture": "#2"},
				"east": {"uv": [10, 14.375, 10.625, 14.5], "texture": "#2"},
				"south": {"uv": [8.5, 14.375, 9.375, 14.5], "texture": "#2"},
				"west": {"uv": [7.625, 14.375, 8.25, 14.5], "texture": "#2"},
				"up": {"uv": [8.25, 14.375, 7.625, 14.5], "rotation": 90, "texture": "#2"},
				"down": {"uv": [10.625, 14.375, 10, 14.5], "rotation": 90, "texture": "#2"}
			}
		},
		{
			"from": [7.075, 3.875, 7.3],
			"to": [7.825, 4, 7.725],
			"rotation": {"angle": 0, "axis": "y", "origin": [-0.4, -5.475, 0.125]},
			"faces": {
				"north": {"uv": [9.375, 14.25, 8.625, 14.375], "texture": "#2"},
				"east": {"uv": [10, 14.25, 10.625, 14.375], "texture": "#2"},
				"south": {"uv": [8.625, 14.25, 9.375, 14.375], "texture": "#2"},
				"west": {"uv": [7.625, 14.25, 8.25, 14.375], "texture": "#2"},
				"up": {"uv": [8.25, 14.25, 7.625, 14.375], "rotation": 90, "texture": "#2"},
				"down": {"uv": [10.625, 14.25, 10, 14.375], "rotation": 90, "texture": "#2"}
			}
		},
		{
			"from": [7.2, 4, 7.3],
			"to": [7.95, 4.25, 7.725],
			"rotation": {"angle": 0, "axis": "y", "origin": [-0.275, -5.225, 0.125]},
			"faces": {
				"north": {"uv": [9.5, 14, 8.75, 14.25], "texture": "#2"},
				"east": {"uv": [10, 14, 10.625, 14.25], "texture": "#2"},
				"south": {"uv": [8.75, 14, 9.5, 14.25], "texture": "#2"},
				"west": {"uv": [7.625, 14, 8.25, 14.25], "texture": "#2"},
				"up": {"uv": [8.25, 14, 7.625, 14.125], "rotation": 90, "texture": "#2"},
				"down": {"uv": [10.625, 14.125, 10, 14.25], "rotation": 90, "texture": "#2"}
			}
		},
		{
			"from": [7.325, 4.25, 7.3],
			"to": [7.95, 4.625, 7.725],
			"rotation": {"angle": 0, "axis": "y", "origin": [-0.275, -4.975, 0.125]},
			"faces": {
				"north": {"uv": [9.5, 13.625, 8.875, 14], "texture": "#2"},
				"east": {"uv": [10, 13.625, 10.625, 14], "texture": "#2"},
				"south": {"uv": [8.875, 13.625, 9.5, 14], "texture": "#2"},
				"west": {"uv": [7.625, 13.625, 8.25, 14], "texture": "#2"},
				"up": {"uv": [8.25, 13.625, 7.625, 13.75], "rotation": 90, "texture": "#2"},
				"down": {"uv": [10.625, 13.875, 10, 14], "rotation": 90, "texture": "#2"}
			}
		},
		{
			"from": [7.45, 4.625, 7.3],
			"to": [8.075, 5.125, 7.725],
			"rotation": {"angle": 0, "axis": "y", "origin": [-0.15, -4.475, 0.125]},
			"faces": {
				"north": {"uv": [9.625, 13.125, 9, 13.625], "texture": "#2"},
				"east": {"uv": [10, 13.125, 10.625, 13.625], "texture": "#2"},
				"south": {"uv": [9, 13.125, 9.625, 13.625], "texture": "#2"},
				"west": {"uv": [7.625, 13.125, 8.25, 13.625], "texture": "#2"},
				"up": {"uv": [8.25, 13.125, 7.625, 13.25], "rotation": 90, "texture": "#2"},
				"down": {"uv": [10.625, 13.5, 10, 13.625], "rotation": 90, "texture": "#2"}
			}
		},
		{
			"from": [7.325, 5.125, 7.3],
			"to": [8.075, 6.125, 7.725],
			"rotation": {"angle": 0, "axis": "y", "origin": [-0.15, -3.475, 0.125]},
			"faces": {
				"north": {"uv": [9.625, 12.125, 8.875, 13.125], "texture": "#2"},
				"east": {"uv": [10, 12.125, 10.625, 13.125], "texture": "#2"},
				"south": {"uv": [8.875, 12.125, 9.625, 13.125], "texture": "#2"},
				"west": {"uv": [7.625, 12.125, 8.25, 13.125], "texture": "#2"},
				"up": {"uv": [10.625, 12.125, 10, 12.25], "rotation": 90, "texture": "#2"},
				"down": {"uv": [8.25, 13, 7.625, 13.125], "rotation": 90, "texture": "#2"}
			}
		},
		{
			"from": [7.45, 6.125, 7.3],
			"to": [8.075, 6.5, 7.725],
			"rotation": {"angle": 0, "axis": "y", "origin": [-0.15, -3.1, 0.125]},
			"faces": {
				"north": {"uv": [9.625, 11.75, 9, 12.125], "texture": "#2"},
				"east": {"uv": [10, 11.75, 10.625, 12.125], "texture": "#2"},
				"south": {"uv": [9, 11.75, 9.625, 12.125], "texture": "#2"},
				"west": {"uv": [7.625, 11.75, 8.25, 12.125], "texture": "#2"},
				"up": {"uv": [10.625, 11.75, 10, 11.875], "rotation": 90, "texture": "#2"},
				"down": {"uv": [8.25, 12, 7.625, 12.125], "rotation": 90, "texture": "#2"}
			}
		},
		{
			"from": [7.325, 6.5, 7.3],
			"to": [8.075, 6.75, 7.725],
			"rotation": {"angle": 0, "axis": "y", "origin": [-0.15, -2.85, 0.125]},
			"faces": {
				"north": {"uv": [9.625, 11.5, 8.875, 11.75], "texture": "#2"},
				"east": {"uv": [10, 11.5, 10.625, 11.75], "texture": "#2"},
				"south": {"uv": [8.875, 11.5, 9.625, 11.75], "texture": "#2"},
				"west": {"uv": [7.625, 11.5, 8.25, 11.75], "texture": "#2"},
				"up": {"uv": [10.625, 11.5, 10, 11.625], "rotation": 90, "texture": "#2"},
				"down": {"uv": [8.25, 11.625, 7.625, 11.75], "rotation": 90, "texture": "#2"}
			}
		},
		{
			"from": [7.325, 6.75, 7.3],
			"to": [8.2, 7.125, 7.725],
			"rotation": {"angle": 0, "axis": "y", "origin": [-0.15, -2.475, 0.125]},
			"faces": {
				"north": {"uv": [9.75, 11.125, 8.875, 11.5], "texture": "#2"},
				"east": {"uv": [10, 11.125, 10.625, 11.5], "texture": "#2"},
				"south": {"uv": [8.875, 11.125, 9.75, 11.5], "texture": "#2"},
				"west": {"uv": [7.625, 11.125, 8.25, 11.5], "texture": "#2"},
				"up": {"uv": [8.25, 11.125, 7.625, 11.25], "rotation": 90, "texture": "#2"},
				"down": {"uv": [10.625, 11.375, 10, 11.5], "rotation": 90, "texture": "#2"}
			}
		},
		{
			"from": [7.2, 6.5, 7.375],
			"to": [8.2, 6.75, 7.65],
			"rotation": {"angle": 0, "axis": "y", "origin": [-0.025, -2.85, 0]},
			"faces": {
				"north": {"uv": [9.75, 11.5, 8.75, 11.75], "texture": "#2"},
				"east": {"uv": [10.125, 11.5, 10.5, 11.75], "texture": "#2"},
				"south": {"uv": [8.75, 11.5, 9.75, 11.75], "texture": "#2"},
				"west": {"uv": [7.75, 11.5, 8.125, 11.75], "texture": "#2"},
				"up": {"uv": [10.5, 11.5, 10.125, 11.625], "rotation": 90, "texture": "#2"},
				"down": {"uv": [8.125, 11.625, 7.75, 11.75], "rotation": 90, "texture": "#2"}
			}
		},
		{
			"from": [7.2, 5.125, 7.375],
			"to": [8.2, 6.125, 7.65],
			"rotation": {"angle": 0, "axis": "y", "origin": [-0.025, -3.475, 0]},
			"faces": {
				"north": {"uv": [9.75, 12.125, 8.75, 13.125], "texture": "#2"},
				"east": {"uv": [10.125, 12.125, 10.5, 13.125], "texture": "#2"},
				"south": {"uv": [8.75, 12.125, 9.75, 13.125], "texture": "#2"},
				"west": {"uv": [7.75, 12.125, 8.125, 13.125], "texture": "#2"},
				"up": {"uv": [10.5, 12.125, 10.125, 12.25], "rotation": 90, "texture": "#2"},
				"down": {"uv": [8.125, 13, 7.75, 13.125], "rotation": 90, "texture": "#2"}
			}
		},
		{
			"from": [7.325, 6.125, 7.375],
			"to": [8.2, 6.5, 7.65],
			"rotation": {"angle": 0, "axis": "y", "origin": [-0.025, -3.1, 0]},
			"faces": {
				"north": {"uv": [9.75, 11.75, 8.875, 12.125], "texture": "#2"},
				"east": {"uv": [10.125, 11.75, 10.5, 12.125], "texture": "#2"},
				"south": {"uv": [8.875, 11.75, 9.75, 12.125], "texture": "#2"},
				"west": {"uv": [7.75, 11.75, 8.125, 12.125], "texture": "#2"},
				"up": {"uv": [10.5, 11.75, 10.125, 11.875], "rotation": 90, "texture": "#2"},
				"down": {"uv": [8.125, 12, 7.75, 12.125], "rotation": 90, "texture": "#2"}
			}
		},
		{
			"from": [7.325, 4.625, 7.375],
			"to": [8.2, 5.125, 7.65],
			"rotation": {"angle": 0, "axis": "y", "origin": [-0.025, -4.475, 0]},
			"faces": {
				"north": {"uv": [9.75, 13.125, 8.875, 13.625], "texture": "#2"},
				"east": {"uv": [10.125, 13.125, 10.5, 13.625], "texture": "#2"},
				"south": {"uv": [8.875, 13.125, 9.75, 13.625], "texture": "#2"},
				"west": {"uv": [7.75, 13.125, 8.125, 13.625], "texture": "#2"},
				"up": {"uv": [8.125, 13.125, 7.75, 13.25], "rotation": 90, "texture": "#2"},
				"down": {"uv": [10.5, 13.5, 10.125, 13.625], "rotation": 90, "texture": "#2"}
			}
		},
		{
			"from": [7.2, 4.25, 7.375],
			"to": [8.075, 4.625, 7.65],
			"rotation": {"angle": 0, "axis": "y", "origin": [-0.15, -4.975, 0]},
			"faces": {
				"north": {"uv": [9.625, 13.625, 8.75, 14], "texture": "#2"},
				"east": {"uv": [10.125, 13.625, 10.5, 14], "texture": "#2"},
				"south": {"uv": [8.75, 13.625, 9.625, 14], "texture": "#2"},
				"west": {"uv": [7.75, 13.625, 8.125, 14], "texture": "#2"},
				"up": {"uv": [8.125, 13.625, 7.75, 13.75], "rotation": 90, "texture": "#2"},
				"down": {"uv": [10.5, 13.875, 10.125, 14], "rotation": 90, "texture": "#2"}
			}
		},
		{
			"from": [7.075, 4, 7.375],
			"to": [8.075, 4.25, 7.65],
			"rotation": {"angle": 0, "axis": "y", "origin": [-0.15, -5.225, 0]},
			"faces": {
				"north": {"uv": [9.625, 14, 8.625, 14.25], "texture": "#2"},
				"east": {"uv": [10.125, 14, 10.5, 14.25], "texture": "#2"},
				"south": {"uv": [8.625, 14, 9.625, 14.25], "texture": "#2"},
				"west": {"uv": [7.75, 14, 8.125, 14.25], "texture": "#2"},
				"up": {"uv": [8.125, 14, 7.75, 14.125], "rotation": 90, "texture": "#2"},
				"down": {"uv": [10.5, 14.125, 10.125, 14.25], "rotation": 90, "texture": "#2"}
			}
		},
		{
			"from": [6.95, 3.875, 7.375],
			"to": [7.95, 4, 7.65],
			"rotation": {"angle": 0, "axis": "y", "origin": [-0.275, -5.475, 0]},
			"faces": {
				"north": {"uv": [9.5, 14.25, 8.5, 14.375], "texture": "#2"},
				"east": {"uv": [10.125, 14.25, 10.5, 14.375], "texture": "#2"},
				"south": {"uv": [8.5, 14.25, 9.5, 14.375], "texture": "#2"},
				"west": {"uv": [7.75, 14.25, 8.125, 14.375], "texture": "#2"},
				"up": {"uv": [8.125, 14.25, 7.75, 14.375], "rotation": 90, "texture": "#2"},
				"down": {"uv": [10.5, 14.25, 10.125, 14.375], "rotation": 90, "texture": "#2"}
			}
		},
		{
			"from": [6.825, 3.5, 7.375],
			"to": [7.825, 3.75, 7.65],
			"rotation": {"angle": 0, "axis": "y", "origin": [-0.4, -5.725, 0]},
			"faces": {
				"north": {"uv": [9.375, 14.5, 8.375, 14.75], "texture": "#2"},
				"east": {"uv": [10.125, 14.5, 10.5, 14.75], "texture": "#2"},
				"south": {"uv": [8.375, 14.5, 9.375, 14.75], "texture": "#2"},
				"west": {"uv": [7.75, 14.5, 8.125, 14.75], "texture": "#2"},
				"up": {"uv": [8.125, 14.5, 7.75, 14.625], "rotation": 90, "texture": "#2"},
				"down": {"uv": [10.5, 14.625, 10.125, 14.75], "rotation": 90, "texture": "#2"}
			}
		},
		{
			"from": [6.825, 3.75, 7.375],
			"to": [7.95, 3.875, 7.65],
			"rotation": {"angle": 0, "axis": "y", "origin": [-0.275, -5.6, 0]},
			"faces": {
				"north": {"uv": [9.5, 14.375, 8.375, 14.5], "texture": "#2"},
				"east": {"uv": [10.125, 14.375, 10.5, 14.5], "texture": "#2"},
				"south": {"uv": [8.375, 14.375, 9.5, 14.5], "texture": "#2"},
				"west": {"uv": [7.75, 14.375, 8.125, 14.5], "texture": "#2"},
				"up": {"uv": [8.125, 14.375, 7.75, 14.5], "rotation": 90, "texture": "#2"},
				"down": {"uv": [10.5, 14.375, 10.125, 14.5], "rotation": 90, "texture": "#2"}
			}
		},
		{
			"from": [6.825, 3.375, 7.375],
			"to": [7.7, 3.5, 7.65],
			"rotation": {"angle": 0, "axis": "y", "origin": [-0.275, -5.975, 0]},
			"faces": {
				"north": {"uv": [9.25, 14.75, 8.375, 14.875], "texture": "#2"},
				"east": {"uv": [10.125, 14.75, 10.5, 14.875], "texture": "#2"},
				"south": {"uv": [8.375, 14.75, 9.25, 14.875], "texture": "#2"},
				"west": {"uv": [7.75, 14.75, 8.125, 14.875], "texture": "#2"},
				"up": {"uv": [8.125, 14.75, 7.75, 14.875], "rotation": 90, "texture": "#2"},
				"down": {"uv": [10.5, 14.75, 10.125, 14.875], "rotation": 90, "texture": "#2"}
			}
		},
		{
			"from": [6.95, 3.25, 7.375],
			"to": [7.575, 3.375, 7.65],
			"rotation": {"angle": 0, "axis": "y", "origin": [-0.4, -6.1, 0]},
			"faces": {
				"north": {"uv": [9.125, 14.875, 8.5, 15], "texture": "#2"},
				"east": {"uv": [10.125, 14.875, 10.5, 15], "texture": "#2"},
				"south": {"uv": [8.5, 14.875, 9.125, 15], "texture": "#2"},
				"west": {"uv": [7.75, 14.875, 8.125, 15], "texture": "#2"},
				"up": {"uv": [8.125, 14.875, 7.75, 15], "rotation": 90, "texture": "#2"},
				"down": {"uv": [10.5, 14.875, 10.125, 15], "rotation": 90, "texture": "#2"}
			}
		}
	],
	"gui_light": "front",
	"display": {
		"thirdperson_righthand": {
			"rotation": [0, -90, 0],
			"translation": [-1.2, 1.25, 1.5],
			"scale": [1.2, 1.2, 1.2]
		},
		"thirdperson_lefthand": {
			"rotation": [0, 90, 0],
			"translation": [0, 1.25, 1.5],
			"scale": [1.2, 1.2, 1.2]
		},
		"firstperson_righthand": {
			"rotation": [55, -90, 60],
			"translation": [-1.25, 3, 1.75],
			"scale": [0.75, 0.85, 0.75]
		},
		"firstperson_lefthand": {
			"rotation": [-65, 90, 60],
			"translation": [-0.75, 3, 1.75],
			"scale": [0.75, 0.85, 0.75]
		},
		"ground": {
			"rotation": [-45, -90, 0],
			"translation": [0, 1, 0],
			"scale": [0.6, 0.6, 0.6]
		},
		"gui": {
			"rotation": [0, -180, 50],
			"translation": [-2.75, -3.5, 0],
			"scale": [1.2, 1.2, 1.2]
		},
		"head": {
			"rotation": [120, 90, 0],
			"translation": [-5.75, -22.25, -3.25],
			"scale": [2, 2, 2]
		},
		"fixed": {
			"rotation": [-180, 180, -135],
			"translation": [2.75, -4, 0],
			"scale": [1.3, 1.3, 1.3]
		}
	}
}