{
	"credit": "Made with Blockbench",
	"textures": {
		"1": "./hermit_katana",
		"particle": "./hermit_katana"
	},
	"elements": [
		{
			"from": [8.075, 7.325, 7.2],
			"to": [8.45, 7.625, 7.825],
			"rotation": {"angle": 0, "axis": "y", "origin": [0.5, 1.3, 0.175]},
			"faces": {
				"north": {"uv": [6.125, 6.5, 5.75, 6.625], "texture": "#1"},
				"east": {"uv": [6, 6.5, 6.125, 7.125], "rotation": 90, "texture": "#1"},
				"south": {"uv": [5.75, 7, 6.125, 7.125], "texture": "#1"},
				"west": {"uv": [5.75, 7.125, 5.875, 6.5], "rotation": 90, "texture": "#1"},
				"up": {"uv": [5.75, 6.5, 6.125, 7.125], "texture": "#1"},
				"down": {"uv": [6.125, 6.5, 5.75, 7.125], "rotation": 180, "texture": "#1"}
			}
		},
		{
			"from": [6.95, 7.325, 6.325],
			"to": [7.075, 7.625, 6.7],
			"rotation": {"angle": 0, "axis": "y", "origin": [0.625, 1.3, 0.175]},
			"faces": {
				"north": {"uv": [4.75, 5.625, 4.625, 5.75], "texture": "#1"},
				"east": {"uv": [4.625, 5.625, 4.75, 6], "rotation": 90, "texture": "#1"},
				"south": {"uv": [4.625, 5.875, 4.75, 6], "texture": "#1"},
				"west": {"uv": [4.625, 6, 4.75, 5.625], "rotation": 90, "texture": "#1"},
				"up": {"uv": [4.625, 5.625, 4.75, 6], "texture": "#1"},
				"down": {"uv": [4.75, 5.625, 4.625, 6], "rotation": 180, "texture": "#1"}
			}
		},
		{
			"from": [6.825, 7.325, 6.325],
			"to": [6.95, 7.625, 6.825],
			"rotation": {"angle": 0, "axis": "y", "origin": [0.625, 1.3, 0.175]},
			"faces": {
				"north": {"uv": [4.625, 5.625, 4.5, 5.75], "texture": "#1"},
				"east": {"uv": [4.5, 5.625, 4.625, 6.125], "rotation": 90, "texture": "#1"},
				"south": {"uv": [4.5, 6, 4.625, 6.125], "texture": "#1"},
				"west": {"uv": [4.5, 6.125, 4.625, 5.625], "rotation": 90, "texture": "#1"},
				"up": {"uv": [4.5, 5.625, 4.625, 6.125], "texture": "#1"},
				"down": {"uv": [4.625, 5.625, 4.5, 6.125], "rotation": 180, "texture": "#1"}
			}
		},
		{
			"from": [6.7, 7.325, 8.075],
			"to": [6.825, 7.625, 8.575],
			"rotation": {"angle": 0, "axis": "y", "origin": [0.625, 1.3, -0.075]},
			"faces": {
				"north": {"uv": [4.5, 7.375, 4.375, 7.5], "texture": "#1"},
				"east": {"uv": [4.375, 7.375, 4.5, 7.875], "rotation": 90, "texture": "#1"},
				"south": {"uv": [4.375, 7.75, 4.5, 7.875], "texture": "#1"},
				"west": {"uv": [4.375, 7.875, 4.5, 7.375], "rotation": 90, "texture": "#1"},
				"up": {"uv": [4.375, 7.375, 4.5, 7.875], "texture": "#1"},
				"down": {"uv": [4.5, 7.375, 4.375, 7.875], "rotation": 180, "texture": "#1"}
			}
		},
		{
			"from": [8.575, 7.325, 8.2],
			"to": [8.7, 7.625, 8.7],
			"rotation": {"angle": 0, "axis": "y", "origin": [0.375, 1.3, -0.075]},
			"faces": {
				"north": {"uv": [6.375, 7.5, 6.25, 7.625], "texture": "#1"},
				"east": {"uv": [6.25, 7.5, 6.375, 8], "rotation": 90, "texture": "#1"},
				"south": {"uv": [6.25, 7.875, 6.375, 8], "texture": "#1"},
				"west": {"uv": [6.25, 8, 6.375, 7.5], "rotation": 90, "texture": "#1"},
				"up": {"uv": [6.25, 7.5, 6.375, 8], "texture": "#1"},
				"down": {"uv": [6.375, 7.5, 6.25, 8], "rotation": 180, "texture": "#1"}
			}
		},
		{
			"from": [8.575, 7.325, 6.325],
			"to": [8.7, 7.625, 6.825],
			"rotation": {"angle": 0, "axis": "y", "origin": [0.375, 1.3, 0.175]},
			"faces": {
				"north": {"uv": [6.375, 5.625, 6.25, 5.75], "texture": "#1"},
				"east": {"uv": [6.25, 5.625, 6.375, 6.125], "rotation": 90, "texture": "#1"},
				"south": {"uv": [6.25, 6, 6.375, 6.125], "texture": "#1"},
				"west": {"uv": [6.25, 6.125, 6.375, 5.625], "rotation": 90, "texture": "#1"},
				"up": {"uv": [6.25, 5.625, 6.375, 6.125], "texture": "#1"},
				"down": {"uv": [6.375, 5.625, 6.25, 6.125], "rotation": 180, "texture": "#1"}
			}
		},
		{
			"from": [6.825, 7.325, 8.2],
			"to": [6.95, 7.625, 8.7],
			"rotation": {"angle": 0, "axis": "y", "origin": [0.625, 1.3, -0.075]},
			"faces": {
				"north": {"uv": [4.625, 7.5, 4.5, 7.625], "texture": "#1"},
				"east": {"uv": [4.5, 7.5, 4.625, 8], "rotation": 90, "texture": "#1"},
				"south": {"uv": [4.5, 7.875, 4.625, 8], "texture": "#1"},
				"west": {"uv": [4.5, 8, 4.625, 7.5], "rotation": 90, "texture": "#1"},
				"up": {"uv": [4.5, 7.5, 4.625, 8], "texture": "#1"},
				"down": {"uv": [4.625, 7.5, 4.5, 8], "rotation": 180, "texture": "#1"}
			}
		},
		{
			"from": [8.45, 7.325, 8.325],
			"to": [8.575, 7.625, 8.7],
			"rotation": {"angle": 0, "axis": "y", "origin": [0.375, 1.3, -0.075]},
			"faces": {
				"north": {"uv": [6.25, 7.625, 6.125, 7.75], "texture": "#1"},
				"east": {"uv": [6.125, 7.625, 6.25, 8], "rotation": 90, "texture": "#1"},
				"south": {"uv": [6.125, 7.875, 6.25, 8], "texture": "#1"},
				"west": {"uv": [6.125, 8, 6.25, 7.625], "rotation": 90, "texture": "#1"},
				"up": {"uv": [6.125, 7.625, 6.25, 8], "texture": "#1"},
				"down": {"uv": [6.25, 7.625, 6.125, 8], "rotation": 180, "texture": "#1"}
			}
		},
		{
			"from": [8.45, 7.325, 6.325],
			"to": [8.575, 7.625, 6.7],
			"rotation": {"angle": 0, "axis": "y", "origin": [0.375, 1.3, 0.175]},
			"faces": {
				"north": {"uv": [6.25, 5.625, 6.125, 5.75], "texture": "#1"},
				"east": {"uv": [6.125, 5.625, 6.25, 6], "rotation": 90, "texture": "#1"},
				"south": {"uv": [6.125, 5.875, 6.25, 6], "texture": "#1"},
				"west": {"uv": [6.125, 6, 6.25, 5.625], "rotation": 90, "texture": "#1"},
				"up": {"uv": [6.125, 5.625, 6.25, 6], "texture": "#1"},
				"down": {"uv": [6.25, 5.625, 6.125, 6], "rotation": 180, "texture": "#1"}
			}
		},
		{
			"from": [6.95, 7.325, 8.325],
			"to": [7.075, 7.625, 8.7],
			"rotation": {"angle": 0, "axis": "y", "origin": [0.625, 1.3, -0.075]},
			"faces": {
				"north": {"uv": [4.75, 7.625, 4.625, 7.75], "texture": "#1"},
				"east": {"uv": [4.625, 7.625, 4.75, 8], "rotation": 90, "texture": "#1"},
				"south": {"uv": [4.625, 7.875, 4.75, 8], "texture": "#1"},
				"west": {"uv": [4.625, 8, 4.75, 7.625], "rotation": 90, "texture": "#1"},
				"up": {"uv": [4.625, 7.625, 4.75, 8], "texture": "#1"},
				"down": {"uv": [4.75, 7.625, 4.625, 8], "rotation": 180, "texture": "#1"}
			}
		},
		{
			"from": [8.7, 7.325, 6.45],
			"to": [8.825, 7.625, 6.95],
			"rotation": {"angle": 0, "axis": "y", "origin": [0.375, 1.3, 0.175]},
			"faces": {
				"north": {"uv": [6.5, 5.75, 6.375, 5.875], "texture": "#1"},
				"east": {"uv": [6.375, 5.75, 6.5, 6.25], "rotation": 90, "texture": "#1"},
				"south": {"uv": [6.375, 6.125, 6.5, 6.25], "texture": "#1"},
				"west": {"uv": [6.375, 6.25, 6.5, 5.75], "rotation": 90, "texture": "#1"},
				"up": {"uv": [6.375, 5.75, 6.5, 6.25], "texture": "#1"},
				"down": {"uv": [6.5, 5.75, 6.375, 6.25], "rotation": 180, "texture": "#1"}
			}
		},
		{
			"from": [8.7, 7.325, 8.075],
			"to": [8.825, 7.625, 8.575],
			"rotation": {"angle": 0, "axis": "y", "origin": [0.375, 1.3, -0.075]},
			"faces": {
				"north": {"uv": [6.5, 7.375, 6.375, 7.5], "texture": "#1"},
				"east": {"uv": [6.375, 7.375, 6.5, 7.875], "rotation": 90, "texture": "#1"},
				"south": {"uv": [6.375, 7.75, 6.5, 7.875], "texture": "#1"},
				"west": {"uv": [6.375, 7.875, 6.5, 7.375], "rotation": 90, "texture": "#1"},
				"up": {"uv": [6.375, 7.375, 6.5, 7.875], "texture": "#1"},
				"down": {"uv": [6.5, 7.375, 6.375, 7.875], "rotation": 180, "texture": "#1"}
			}
		},
		{
			"from": [6.7, 7.325, 6.45],
			"to": [6.825, 7.625, 6.95],
			"rotation": {"angle": 0, "axis": "y", "origin": [0.625, 1.3, 0.175]},
			"faces": {
				"north": {"uv": [4.5, 5.75, 4.375, 5.875], "texture": "#1"},
				"east": {"uv": [4.375, 5.75, 4.5, 6.25], "rotation": 90, "texture": "#1"},
				"south": {"uv": [4.375, 6.125, 4.5, 6.25], "texture": "#1"},
				"west": {"uv": [4.375, 6.25, 4.5, 5.75], "rotation": 90, "texture": "#1"},
				"up": {"uv": [4.375, 5.75, 4.5, 6.25], "texture": "#1"},
				"down": {"uv": [4.5, 5.75, 4.375, 6.25], "rotation": 180, "texture": "#1"}
			}
		},
		{
			"from": [6.325, 7.325, 6.95],
			"to": [6.45, 7.625, 7.325],
			"rotation": {"angle": 0, "axis": "y", "origin": [0.625, 1.3, 0.05]},
			"faces": {
				"north": {"uv": [4.125, 6.25, 4, 6.375], "texture": "#1"},
				"east": {"uv": [4, 6.25, 4.125, 6.625], "rotation": 90, "texture": "#1"},
				"south": {"uv": [4, 6.5, 4.125, 6.625], "texture": "#1"},
				"west": {"uv": [4, 6.625, 4.125, 6.25], "rotation": 90, "texture": "#1"},
				"up": {"uv": [4, 6.25, 4.125, 6.625], "texture": "#1"},
				"down": {"uv": [4.125, 6.25, 4, 6.625], "rotation": 180, "texture": "#1"}
			}
		},
		{
			"from": [6.45, 7.325, 7.575],
			"to": [6.575, 7.625, 8.325],
			"rotation": {"angle": 0, "axis": "y", "origin": [0.625, 1.3, 0.05]},
			"faces": {
				"north": {"uv": [4.25, 6.875, 4.125, 7], "texture": "#1"},
				"east": {"uv": [4.125, 6.875, 4.25, 7.625], "rotation": 90, "texture": "#1"},
				"south": {"uv": [4.125, 7.5, 4.25, 7.625], "texture": "#1"},
				"west": {"uv": [4.125, 7.625, 4.25, 6.875], "rotation": 90, "texture": "#1"},
				"up": {"uv": [4.125, 6.875, 4.25, 7.625], "texture": "#1"},
				"down": {"uv": [4.25, 6.875, 4.125, 7.625], "rotation": 180, "texture": "#1"}
			}
		},
		{
			"from": [6.325, 7.325, 7.7],
			"to": [6.45, 7.625, 8.075],
			"rotation": {"angle": 0, "axis": "y", "origin": [0.625, 1.3, 0.05]},
			"faces": {
				"north": {"uv": [4.125, 7, 4, 7.125], "texture": "#1"},
				"east": {"uv": [4, 7, 4.125, 7.375], "rotation": 90, "texture": "#1"},
				"south": {"uv": [4, 7.25, 4.125, 7.375], "texture": "#1"},
				"west": {"uv": [4, 7.375, 4.125, 7], "rotation": 90, "texture": "#1"},
				"up": {"uv": [4, 7, 4.125, 7.375], "texture": "#1"},
				"down": {"uv": [4.125, 7, 4, 7.375], "rotation": 180, "texture": "#1"}
			}
		},
		{
			"from": [6.45, 7.325, 6.7],
			"to": [6.575, 7.625, 7.45],
			"rotation": {"angle": 0, "axis": "y", "origin": [0.625, 1.3, 0.05]},
			"faces": {
				"north": {"uv": [4.25, 6, 4.125, 6.125], "texture": "#1"},
				"east": {"uv": [4.125, 6, 4.25, 6.75], "rotation": 90, "texture": "#1"},
				"south": {"uv": [4.125, 6.625, 4.25, 6.75], "texture": "#1"},
				"west": {"uv": [4.125, 6.75, 4.25, 6], "rotation": 90, "texture": "#1"},
				"up": {"uv": [4.125, 6, 4.25, 6.75], "texture": "#1"},
				"down": {"uv": [4.25, 6, 4.125, 6.75], "rotation": 180, "texture": "#1"}
			}
		},
		{
			"from": [8.825, 7.325, 6.575],
			"to": [8.95, 7.625, 8.45],
			"rotation": {"angle": 0, "axis": "y", "origin": [0.375, 1.3, 0.175]},
			"faces": {
				"north": {"uv": [6.625, 5.875, 6.5, 6], "texture": "#1"},
				"east": {"uv": [6.5, 5.875, 6.625, 7.75], "rotation": 90, "texture": "#1"},
				"south": {"uv": [6.5, 7.625, 6.625, 7.75], "texture": "#1"},
				"west": {"uv": [6.5, 7.75, 6.625, 5.875], "rotation": 90, "texture": "#1"},
				"up": {"uv": [6.5, 5.875, 6.625, 7.75], "texture": "#1"},
				"down": {"uv": [6.625, 5.875, 6.5, 7.75], "rotation": 180, "texture": "#1"}
			}
		},
		{
			"from": [8.95, 7.325, 6.7],
			"to": [9.075, 7.625, 7.45],
			"rotation": {"angle": 0, "axis": "y", "origin": [0.375, 1.3, 0.05]},
			"faces": {
				"north": {"uv": [6.75, 6, 6.625, 6.125], "texture": "#1"},
				"east": {"uv": [6.625, 6, 6.75, 6.75], "rotation": 90, "texture": "#1"},
				"south": {"uv": [6.625, 6.625, 6.75, 6.75], "texture": "#1"},
				"west": {"uv": [6.625, 6.75, 6.75, 6], "rotation": 90, "texture": "#1"},
				"up": {"uv": [6.625, 6, 6.75, 6.75], "texture": "#1"},
				"down": {"uv": [6.75, 6, 6.625, 6.75], "rotation": 180, "texture": "#1"}
			}
		},
		{
			"from": [9.075, 7.325, 7.7],
			"to": [9.2, 7.625, 8.075],
			"rotation": {"angle": 0, "axis": "y", "origin": [0.375, 1.3, 0.05]},
			"faces": {
				"north": {"uv": [6.875, 7, 6.75, 7.125], "texture": "#1"},
				"east": {"uv": [6.75, 7, 6.875, 7.375], "rotation": 90, "texture": "#1"},
				"south": {"uv": [6.75, 7.25, 6.875, 7.375], "texture": "#1"},
				"west": {"uv": [6.75, 7.375, 6.875, 7], "rotation": 90, "texture": "#1"},
				"up": {"uv": [6.75, 7, 6.875, 7.375], "texture": "#1"},
				"down": {"uv": [6.875, 7, 6.75, 7.375], "rotation": 180, "texture": "#1"}
			}
		},
		{
			"from": [9.075, 7.325, 6.95],
			"to": [9.2, 7.625, 7.325],
			"rotation": {"angle": 0, "axis": "y", "origin": [0.375, 1.3, 0.05]},
			"faces": {
				"north": {"uv": [6.875, 6.25, 6.75, 6.375], "texture": "#1"},
				"east": {"uv": [6.75, 6.25, 6.875, 6.625], "rotation": 90, "texture": "#1"},
				"south": {"uv": [6.75, 6.5, 6.875, 6.625], "texture": "#1"},
				"west": {"uv": [6.75, 6.625, 6.875, 6.25], "rotation": 90, "texture": "#1"},
				"up": {"uv": [6.75, 6.25, 6.875, 6.625], "texture": "#1"},
				"down": {"uv": [6.875, 6.25, 6.75, 6.625], "rotation": 180, "texture": "#1"}
			}
		},
		{
			"from": [8.95, 7.325, 7.575],
			"to": [9.075, 7.625, 8.325],
			"rotation": {"angle": 0, "axis": "y", "origin": [0.375, 1.3, 0.05]},
			"faces": {
				"north": {"uv": [6.75, 6.875, 6.625, 7], "texture": "#1"},
				"east": {"uv": [6.625, 6.875, 6.75, 7.625], "rotation": 90, "texture": "#1"},
				"south": {"uv": [6.625, 7.5, 6.75, 7.625], "texture": "#1"},
				"west": {"uv": [6.625, 7.625, 6.75, 6.875], "rotation": 90, "texture": "#1"},
				"up": {"uv": [6.625, 6.875, 6.75, 7.625], "texture": "#1"},
				"down": {"uv": [6.75, 6.875, 6.625, 7.625], "rotation": 180, "texture": "#1"}
			}
		},
		{
			"from": [6.575, 7.325, 6.575],
			"to": [6.7, 7.625, 8.45],
			"rotation": {"angle": 0, "axis": "y", "origin": [0.625, 1.3, 0.175]},
			"faces": {
				"north": {"uv": [4.375, 5.875, 4.25, 6], "texture": "#1"},
				"east": {"uv": [4.25, 5.875, 4.375, 7.75], "rotation": 90, "texture": "#1"},
				"south": {"uv": [4.25, 7.625, 4.375, 7.75], "texture": "#1"},
				"west": {"uv": [4.25, 7.75, 4.375, 5.875], "rotation": 90, "texture": "#1"},
				"up": {"uv": [4.25, 5.875, 4.375, 7.75], "texture": "#1"},
				"down": {"uv": [4.375, 5.875, 4.25, 7.75], "rotation": 180, "texture": "#1"}
			}
		},
		{
			"from": [8.45, 7.325, 7.325],
			"to": [8.825, 7.625, 7.7],
			"rotation": {"angle": 0, "axis": "y", "origin": [0.375, 1.3, 0.175]},
			"faces": {
				"north": {"uv": [6.5, 6.625, 6.125, 6.75], "texture": "#1"},
				"east": {"uv": [6.375, 6.625, 6.5, 7], "rotation": 90, "texture": "#1"},
				"south": {"uv": [6.125, 6.875, 6.5, 7], "texture": "#1"},
				"west": {"uv": [6.125, 7, 6.25, 6.625], "rotation": 90, "texture": "#1"},
				"up": {"uv": [6.125, 6.625, 6.5, 7], "texture": "#1"},
				"down": {"uv": [6.5, 6.625, 6.125, 7], "rotation": 180, "texture": "#1"}
			}
		},
		{
			"from": [8.075, 7.325, 8.45],
			"to": [8.45, 7.625, 8.825],
			"rotation": {"angle": 0, "axis": "y", "origin": [0.375, 1.3, -0.075]},
			"faces": {
				"north": {"uv": [6.125, 7.75, 5.75, 7.875], "texture": "#1"},
				"east": {"uv": [6, 7.75, 6.125, 8.125], "rotation": 90, "texture": "#1"},
				"south": {"uv": [5.75, 8, 6.125, 8.125], "texture": "#1"},
				"west": {"uv": [5.75, 8.125, 5.875, 7.75], "rotation": 90, "texture": "#1"},
				"up": {"uv": [5.75, 7.75, 6.125, 8.125], "texture": "#1"},
				"down": {"uv": [6.125, 7.75, 5.75, 8.125], "rotation": 180, "texture": "#1"}
			}
		},
		{
			"from": [8.075, 7.325, 6.2],
			"to": [8.45, 7.625, 6.575],
			"rotation": {"angle": 0, "axis": "y", "origin": [0.375, 1.3, 0.175]},
			"faces": {
				"north": {"uv": [6.125, 5.5, 5.75, 5.625], "texture": "#1"},
				"east": {"uv": [6, 5.5, 6.125, 5.875], "rotation": 90, "texture": "#1"},
				"south": {"uv": [5.75, 5.75, 6.125, 5.875], "texture": "#1"},
				"west": {"uv": [5.75, 5.875, 5.875, 5.5], "rotation": 90, "texture": "#1"},
				"up": {"uv": [5.75, 5.5, 6.125, 5.875], "texture": "#1"},
				"down": {"uv": [6.125, 5.5, 5.75, 5.875], "rotation": 180, "texture": "#1"}
			}
		},
		{
			"from": [7.075, 7.325, 8.45],
			"to": [7.45, 7.625, 8.825],
			"rotation": {"angle": 0, "axis": "y", "origin": [0.625, 1.3, -0.075]},
			"faces": {
				"north": {"uv": [5.125, 7.75, 4.75, 7.875], "texture": "#1"},
				"east": {"uv": [5, 7.75, 5.125, 8.125], "rotation": 90, "texture": "#1"},
				"south": {"uv": [4.75, 8, 5.125, 8.125], "texture": "#1"},
				"west": {"uv": [4.75, 8.125, 4.875, 7.75], "rotation": 90, "texture": "#1"},
				"up": {"uv": [4.75, 7.75, 5.125, 8.125], "texture": "#1"},
				"down": {"uv": [5.125, 7.75, 4.75, 8.125], "rotation": 180, "texture": "#1"}
			}
		},
		{
			"from": [7.45, 7.325, 8.575],
			"to": [8.075, 7.625, 8.95],
			"rotation": {"angle": 0, "axis": "y", "origin": [0.5, 1.3, -0.075]},
			"faces": {
				"north": {"uv": [5.75, 7.875, 5.125, 8], "texture": "#1"},
				"east": {"uv": [5.625, 7.875, 5.75, 8.25], "rotation": 90, "texture": "#1"},
				"south": {"uv": [5.125, 8.125, 5.75, 8.25], "texture": "#1"},
				"west": {"uv": [5.125, 8.25, 5.25, 7.875], "rotation": 90, "texture": "#1"},
				"up": {"uv": [5.125, 7.875, 5.75, 8.25], "texture": "#1"},
				"down": {"uv": [5.75, 7.875, 5.125, 8.25], "rotation": 180, "texture": "#1"}
			}
		},
		{
			"from": [7.45, 7.325, 6.075],
			"to": [8.075, 7.625, 6.45],
			"rotation": {"angle": 0, "axis": "y", "origin": [0.5, 1.3, 0.175]},
			"faces": {
				"north": {"uv": [5.75, 5.375, 5.125, 5.5], "texture": "#1"},
				"east": {"uv": [5.625, 5.375, 5.75, 5.75], "rotation": 90, "texture": "#1"},
				"south": {"uv": [5.125, 5.625, 5.75, 5.75], "texture": "#1"},
				"west": {"uv": [5.125, 5.75, 5.25, 5.375], "rotation": 90, "texture": "#1"},
				"up": {"uv": [5.125, 5.375, 5.75, 5.75], "texture": "#1"},
				"down": {"uv": [5.75, 5.375, 5.125, 5.75], "rotation": 180, "texture": "#1"}
			}
		},
		{
			"from": [7.075, 7.325, 6.2],
			"to": [7.45, 7.625, 6.575],
			"rotation": {"angle": 0, "axis": "y", "origin": [0.625, 1.3, 0.175]},
			"faces": {
				"north": {"uv": [5.125, 5.5, 4.75, 5.625], "texture": "#1"},
				"east": {"uv": [5, 5.5, 5.125, 5.875], "rotation": 90, "texture": "#1"},
				"south": {"uv": [4.75, 5.75, 5.125, 5.875], "texture": "#1"},
				"west": {"uv": [4.75, 5.875, 4.875, 5.5], "rotation": 90, "texture": "#1"},
				"up": {"uv": [4.75, 5.5, 5.125, 5.875], "texture": "#1"},
				"down": {"uv": [5.125, 5.5, 4.75, 5.875], "rotation": 180, "texture": "#1"}
			}
		},
		{
			"from": [6.7, 7.325, 7.325],
			"to": [7.075, 7.625, 7.7],
			"rotation": {"angle": 0, "axis": "y", "origin": [0.625, 1.3, 0.175]},
			"faces": {
				"north": {"uv": [4.75, 6.625, 4.375, 6.75], "texture": "#1"},
				"east": {"uv": [4.625, 6.625, 4.75, 7], "rotation": 90, "texture": "#1"},
				"south": {"uv": [4.375, 6.875, 4.75, 7], "texture": "#1"},
				"west": {"uv": [4.375, 7, 4.5, 6.625], "rotation": 90, "texture": "#1"},
				"up": {"uv": [4.375, 6.625, 4.75, 7], "texture": "#1"},
				"down": {"uv": [4.75, 6.625, 4.375, 7], "rotation": 180, "texture": "#1"}
			}
		},
		{
			"from": [7.075, 7.325, 7.2],
			"to": [7.45, 7.625, 7.825],
			"rotation": {"angle": 0, "axis": "y", "origin": [0.625, 1.3, 0.175]},
			"faces": {
				"north": {"uv": [5.125, 6.5, 4.75, 6.625], "texture": "#1"},
				"east": {"uv": [5, 6.5, 5.125, 7.125], "rotation": 90, "texture": "#1"},
				"south": {"uv": [4.75, 7, 5.125, 7.125], "texture": "#1"},
				"west": {"uv": [4.75, 7.125, 4.875, 6.5], "rotation": 90, "texture": "#1"},
				"up": {"uv": [4.75, 6.5, 5.125, 7.125], "texture": "#1"},
				"down": {"uv": [5.125, 6.5, 4.75, 7.125], "rotation": 180, "texture": "#1"}
			}
		},
		{
			"from": [7.45, 7.325, 7.075],
			"to": [8.075, 7.625, 7.95],
			"rotation": {"angle": 0, "axis": "y", "origin": [0.625, 1.3, 0.175]},
			"faces": {
				"north": {"uv": [5.75, 6.375, 5.125, 6.5], "texture": "#1"},
				"east": {"uv": [5.625, 6.375, 5.75, 7.25], "rotation": 90, "texture": "#1"},
				"south": {"uv": [5.125, 7.125, 5.75, 7.25], "texture": "#1"},
				"west": {"uv": [5.125, 7.25, 5.25, 6.375], "rotation": 90, "texture": "#1"},
				"up": {"uv": [5.125, 6.375, 5.75, 7.25], "texture": "#1"},
				"down": {"uv": [5.75, 6.375, 5.125, 7.25], "rotation": 180, "texture": "#1"}
			}
		},
		{
			"from": [5.56, -2.875, 7.5],
			"to": [8.185, 0.4, 7.5],
			"rotation": {"angle": 0, "axis": "y", "origin": [0, 0.35, 0]},
			"faces": {
				"north": {"uv": [9.25, 4.75, 5.625, 0], "texture": "#1"},
				"south": {"uv": [5.625, 4.75, 9.25, 0], "texture": "#1"}
			}
		},
		{
			"from": [7.775, 0.775, 7.15],
			"to": [8.3, 1.675, 7.875],
			"rotation": {"angle": 0, "axis": "y", "origin": [1.175, -5.225, 0]},
			"faces": {
				"north": {"uv": [6.125, 14.75, 5.5, 15.625], "texture": "#1"},
				"east": {"uv": [6, 14.75, 6.125, 15.625], "texture": "#1"},
				"south": {"uv": [5.5, 14.75, 6.125, 15.625], "texture": "#1"},
				"west": {"uv": [5.5, 14.75, 5.625, 15.625], "texture": "#1"},
				"up": {"uv": [5.5, 14.75, 6.125, 14.875], "texture": "#1"},
				"down": {"uv": [5.5, 15.5, 6.125, 15.625], "texture": "#1"}
			}
		},
		{
			"from": [7.525, 0.775, 7.325],
			"to": [8.55, 1.675, 7.7],
			"rotation": {"angle": 0, "axis": "y", "origin": [1.175, -5.225, 0]},
			"faces": {
				"north": {"uv": [6.375, 14.75, 5.25, 15.625], "texture": "#1"},
				"east": {"uv": [6.25, 14.75, 6.375, 15.625], "texture": "#1"},
				"south": {"uv": [5.25, 14.75, 6.375, 15.625], "texture": "#1"},
				"west": {"uv": [5.25, 14.75, 5.375, 15.625], "texture": "#1"},
				"up": {"uv": [5.25, 14.75, 6.375, 14.875], "texture": "#1"},
				"down": {"uv": [5.25, 15.5, 6.375, 15.625], "texture": "#1"}
			}
		},
		{
			"from": [7.675, 1.675, 7.15],
			"to": [8.2, 2.95, 7.875],
			"rotation": {"angle": 0, "axis": "y", "origin": [1.175, -3.975, 0]},
			"faces": {
				"north": {"uv": [6, 13.375, 5.375, 14.75], "texture": "#1"},
				"east": {"uv": [5.875, 13.375, 6, 14.75], "texture": "#1"},
				"south": {"uv": [5.375, 13.375, 6, 14.75], "texture": "#1"},
				"west": {"uv": [5.375, 13.375, 5.5, 14.75], "texture": "#1"},
				"up": {"uv": [5.375, 13.375, 6, 13.5], "texture": "#1"},
				"down": {"uv": [5.375, 14.625, 6, 14.75], "texture": "#1"}
			}
		},
		{
			"from": [7.425, 1.675, 7.325],
			"to": [8.45, 2.95, 7.7],
			"rotation": {"angle": 0, "axis": "y", "origin": [1.175, -3.975, 0]},
			"faces": {
				"north": {"uv": [6.25, 13.375, 5.125, 14.75], "texture": "#1"},
				"east": {"uv": [6.125, 13.375, 6.25, 14.75], "texture": "#1"},
				"south": {"uv": [5.125, 13.375, 6.25, 14.75], "texture": "#1"},
				"west": {"uv": [5.125, 13.375, 5.25, 14.75], "texture": "#1"},
				"up": {"uv": [5.125, 13.375, 6.25, 13.5], "texture": "#1"},
				"down": {"uv": [5.125, 14.625, 6.25, 14.75], "texture": "#1"}
			}
		},
		{
			"from": [7.6, 2.95, 7.15],
			"to": [8.125, 4.95, 7.875],
			"rotation": {"angle": 0, "axis": "y", "origin": [1.075, -2.175, 0]},
			"faces": {
				"north": {"uv": [5.875, 11.125, 5.25, 13.375], "texture": "#1"},
				"east": {"uv": [5.75, 11.125, 5.875, 13.375], "texture": "#1"},
				"south": {"uv": [5.25, 11.125, 5.875, 13.375], "texture": "#1"},
				"west": {"uv": [5.25, 11.125, 5.375, 13.375], "texture": "#1"},
				"up": {"uv": [5.25, 11.125, 5.875, 11.25], "texture": "#1"},
				"down": {"uv": [5.25, 13.25, 5.875, 13.375], "texture": "#1"}
			}
		},
		{
			"from": [7.35, 2.95, 7.325],
			"to": [8.375, 4.95, 7.7],
			"rotation": {"angle": 0, "axis": "y", "origin": [1.075, -2.175, 0]},
			"faces": {
				"north": {"uv": [6.125, 11.125, 5, 13.375], "texture": "#1"},
				"east": {"uv": [6, 11.125, 6.125, 13.375], "texture": "#1"},
				"south": {"uv": [5, 11.125, 6.125, 13.375], "texture": "#1"},
				"west": {"uv": [5, 11.125, 5.125, 13.375], "texture": "#1"},
				"up": {"uv": [5, 11.125, 6.125, 11.25], "texture": "#1"},
				"down": {"uv": [5, 13.25, 6.125, 13.375], "texture": "#1"}
			}
		},
		{
			"from": [7.5, 4.95, 7.15],
			"to": [8.025, 7.325, 7.875],
			"rotation": {"angle": 0, "axis": "y", "origin": [0.925, 0, 0]},
			"faces": {
				"north": {"uv": [5.75, 8.375, 5.125, 11.125], "texture": "#1"},
				"east": {"uv": [5.625, 8.375, 5.75, 11.125], "texture": "#1"},
				"south": {"uv": [5.125, 8.375, 5.75, 11.125], "texture": "#1"},
				"west": {"uv": [5.125, 8.375, 5.25, 11.125], "texture": "#1"},
				"up": {"uv": [5.125, 8.375, 5.75, 8.5], "texture": "#1"},
				"down": {"uv": [5.125, 11, 5.75, 11.125], "texture": "#1"}
			}
		},
		{
			"from": [7.25, 4.95, 7.325],
			"to": [8.275, 7.325, 7.7],
			"rotation": {"angle": 0, "axis": "y", "origin": [0.925, 0, 0]},
			"faces": {
				"north": {"uv": [6, 8.375, 4.875, 11.125], "texture": "#1"},
				"east": {"uv": [5.875, 8.375, 6, 11.125], "texture": "#1"},
				"south": {"uv": [4.875, 8.375, 6, 11.125], "texture": "#1"},
				"west": {"uv": [4.875, 8.375, 5, 11.125], "texture": "#1"},
				"up": {"uv": [4.875, 8.375, 6, 8.5], "texture": "#1"},
				"down": {"uv": [4.875, 11, 6, 11.125], "texture": "#1"}
			}
		},
		{
			"from": [7.775, 0.525, 7.15],
			"to": [8.3, 0.775, 7.875],
			"rotation": {"angle": 0, "axis": "y", "origin": [2.25, -1, 0]},
			"faces": {
				"north": {"uv": [6.125, 15.625, 5.5, 15.875], "texture": "#1"},
				"east": {"uv": [6, 15.625, 6.125, 15.875], "texture": "#1"},
				"south": {"uv": [5.5, 15.625, 6.125, 15.875], "texture": "#1"},
				"west": {"uv": [5.5, 15.625, 5.625, 15.875], "texture": "#1"},
				"up": {"uv": [5.5, 15.625, 6.125, 15.75], "texture": "#1"},
				"down": {"uv": [5.5, 15.75, 6.125, 15.875], "texture": "#1"}
			}
		},
		{
			"from": [7.525, 0.525, 7.325],
			"to": [8.55, 0.775, 7.7],
			"rotation": {"angle": 0, "axis": "y", "origin": [2.25, -1, 0]},
			"faces": {
				"north": {"uv": [6.25, 15.625, 5.375, 15.875], "texture": "#1"},
				"east": {"uv": [6.125, 15.625, 6.25, 15.875], "texture": "#1"},
				"south": {"uv": [5.375, 15.625, 6.25, 15.875], "texture": "#1"},
				"west": {"uv": [5.375, 15.625, 5.5, 15.875], "texture": "#1"},
				"up": {"uv": [5.375, 15.625, 6.25, 15.75], "texture": "#1"},
				"down": {"uv": [5.375, 15.75, 6.25, 15.875], "texture": "#1"}
			}
		},
		{
			"from": [7.65, 0.4, 7.325],
			"to": [8.425, 0.525, 7.7],
			"rotation": {"angle": 0, "axis": "y", "origin": [2.25, -1, 0]},
			"faces": {
				"north": {"uv": [6.125, 15.875, 5.5, 16], "texture": "#1"},
				"east": {"uv": [6, 15.875, 6.125, 16], "texture": "#1"},
				"south": {"uv": [5.5, 15.875, 6.125, 16], "texture": "#1"},
				"west": {"uv": [5.5, 15.875, 5.625, 16], "texture": "#1"},
				"up": {"uv": [5.5, 15.875, 6.125, 16], "texture": "#1"},
				"down": {"uv": [5.5, 15.875, 6.125, 16], "texture": "#1"}
			}
		},
		{
			"from": [7.45, 7.625, 7.3],
			"to": [8.325, 8, 7.725],
			"rotation": {"angle": 0, "axis": "y", "origin": [0.05, 0.05, 0]},
			"faces": {
				"north": {"uv": [6, 5, 5.125, 5.375], "texture": "#1"},
				"east": {"uv": [5.875, 5, 6, 5.375], "texture": "#1"},
				"south": {"uv": [5.125, 5, 6, 5.375], "texture": "#1"},
				"west": {"uv": [5.125, 5, 5.25, 5.375], "texture": "#1"},
				"up": {"uv": [5.125, 5.125, 6, 5], "texture": "#1"},
				"down": {"uv": [5.125, 5.375, 6, 5.25], "texture": "#1"}
			}
		},
		{
			"from": [7.2, 7.625, 7.375],
			"to": [7.45, 8, 7.65],
			"rotation": {"angle": 0, "axis": "y", "origin": [0.05, 0.05, 0]},
			"faces": {
				"north": {"uv": [5.125, 5, 4.875, 5.375], "texture": "#1"},
				"east": {"uv": [5, 5, 5.125, 5.375], "texture": "#1"},
				"south": {"uv": [4.875, 5, 5.125, 5.375], "texture": "#1"},
				"west": {"uv": [4.875, 5, 5, 5.375], "texture": "#1"},
				"up": {"uv": [4.875, 5.125, 5.125, 5], "texture": "#1"},
				"down": {"uv": [4.875, 5.375, 5.125, 5.25], "texture": "#1"}
			}
		},
		{
			"from": [8.825, 21.125, 7.45],
			"to": [9.7, 21.5, 7.575],
			"rotation": {"angle": 0, "axis": "y", "origin": [-0.075, -1.075, 0]},
			"faces": {
				"north": {"uv": [3, 2.5, 2.125, 2.875], "texture": "#1"},
				"east": {"uv": [2.875, 2.5, 3, 2.875], "texture": "#1"},
				"south": {"uv": [2.125, 2.5, 3, 2.875], "texture": "#1"},
				"west": {"uv": [2.125, 2.5, 2.25, 2.875], "texture": "#1"},
				"up": {"uv": [2.125, 2.625, 3, 2.5], "texture": "#1"},
				"down": {"uv": [2.125, 2.875, 3, 2.75], "texture": "#1"}
			}
		},
		{
			"from": [8.95, 21.5, 7.45],
			"to": [9.825, 21.75, 7.575],
			"rotation": {"angle": 0, "axis": "y", "origin": [-0.075, -1.075, 0]},
			"faces": {
				"north": {"uv": [3.125, 2.25, 2.25, 2.5], "texture": "#1"},
				"east": {"uv": [3, 2.25, 3.125, 2.5], "texture": "#1"},
				"south": {"uv": [2.25, 2.25, 3.125, 2.5], "texture": "#1"},
				"west": {"uv": [2.25, 2.25, 2.375, 2.5], "texture": "#1"},
				"up": {"uv": [2.25, 2.375, 3.125, 2.25], "texture": "#1"},
				"down": {"uv": [2.25, 2.5, 3.125, 2.375], "texture": "#1"}
			}
		},
		{
			"from": [10.2, 22.625, 7.45],
			"to": [10.45, 22.875, 7.575],
			"rotation": {"angle": 0, "axis": "y", "origin": [-0.2, -0.95, 0]},
			"faces": {
				"north": {"uv": [3.75, 1.125, 3.5, 1.375], "texture": "#1"},
				"east": {"uv": [3.625, 1.125, 3.75, 1.375], "texture": "#1"},
				"south": {"uv": [3.5, 1.125, 3.75, 1.375], "texture": "#1"},
				"west": {"uv": [3.5, 1.125, 3.625, 1.375], "texture": "#1"},
				"up": {"uv": [3.5, 1.25, 3.75, 1.125], "texture": "#1"},
				"down": {"uv": [3.5, 1.375, 3.75, 1.25], "texture": "#1"}
			}
		},
		{
			"from": [9.95, 22.5, 7.45],
			"to": [10.2, 22.75, 7.575],
			"rotation": {"angle": 0, "axis": "y", "origin": [-0.2, -0.95, 0]},
			"faces": {
				"north": {"uv": [3.5, 1.25, 3.25, 1.5], "texture": "#1"},
				"east": {"uv": [3.375, 1.25, 3.5, 1.5], "texture": "#1"},
				"south": {"uv": [3.25, 1.25, 3.5, 1.5], "texture": "#1"},
				"west": {"uv": [3.25, 1.25, 3.375, 1.5], "texture": "#1"},
				"up": {"uv": [3.25, 1.375, 3.5, 1.25], "texture": "#1"},
				"down": {"uv": [3.25, 1.5, 3.5, 1.375], "texture": "#1"}
			}
		},
		{
			"from": [9.7, 22.375, 7.45],
			"to": [9.95, 22.625, 7.575],
			"rotation": {"angle": 0, "axis": "y", "origin": [-0.2, -0.95, 0]},
			"faces": {
				"north": {"uv": [3.25, 1.375, 3, 1.625], "texture": "#1"},
				"east": {"uv": [3.125, 1.375, 3.25, 1.625], "texture": "#1"},
				"south": {"uv": [3, 1.375, 3.25, 1.625], "texture": "#1"},
				"west": {"uv": [3, 1.375, 3.125, 1.625], "texture": "#1"},
				"up": {"uv": [3, 1.5, 3.25, 1.375], "texture": "#1"},
				"down": {"uv": [3, 1.625, 3.25, 1.5], "texture": "#1"}
			}
		},
		{
			"from": [9.45, 22.225, 7.45],
			"to": [9.7, 22.35, 7.575],
			"rotation": {"angle": 0, "axis": "y", "origin": [0.05, -0.85, 0]},
			"faces": {
				"north": {"uv": [3, 1.625, 2.75, 1.75], "texture": "#1"},
				"east": {"uv": [2.875, 1.625, 3, 1.75], "texture": "#1"},
				"south": {"uv": [2.75, 1.625, 3, 1.75], "texture": "#1"},
				"west": {"uv": [2.75, 1.625, 2.875, 1.75], "texture": "#1"},
				"up": {"uv": [2.75, 1.75, 3, 1.625], "texture": "#1"},
				"down": {"uv": [2.75, 1.75, 3, 1.625], "texture": "#1"}
			}
		},
		{
			"from": [9.2, 22, 7.45],
			"to": [9.45, 22.125, 7.575],
			"rotation": {"angle": 0, "axis": "y", "origin": [-0.2, -1.075, 0]},
			"faces": {
				"north": {"uv": [2.75, 1.875, 2.5, 2], "texture": "#1"},
				"east": {"uv": [2.625, 1.875, 2.75, 2], "texture": "#1"},
				"south": {"uv": [2.5, 1.875, 2.75, 2], "texture": "#1"},
				"west": {"uv": [2.5, 1.875, 2.625, 2], "texture": "#1"},
				"up": {"uv": [2.5, 2, 2.75, 1.875], "texture": "#1"},
				"down": {"uv": [2.5, 2, 2.75, 1.875], "texture": "#1"}
			}
		},
		{
			"from": [9.325, 22.125, 7.45],
			"to": [9.575, 22.25, 7.575],
			"rotation": {"angle": 0, "axis": "y", "origin": [-0.075, -0.95, 0]},
			"faces": {
				"north": {"uv": [2.875, 1.75, 2.625, 1.875], "texture": "#1"},
				"east": {"uv": [2.75, 1.75, 2.875, 1.875], "texture": "#1"},
				"south": {"uv": [2.625, 1.75, 2.875, 1.875], "texture": "#1"},
				"west": {"uv": [2.625, 1.75, 2.75, 1.875], "texture": "#1"},
				"up": {"uv": [2.625, 1.875, 2.875, 1.75], "texture": "#1"},
				"down": {"uv": [2.625, 1.875, 2.875, 1.75], "texture": "#1"}
			}
		},
		{
			"from": [9.575, 22.35, 7.45],
			"to": [9.7, 22.475, 7.575],
			"rotation": {"angle": 0, "axis": "y", "origin": [0.3, -0.725, 0]},
			"faces": {
				"north": {"uv": [3, 1.5, 2.875, 1.625], "texture": "#1"},
				"east": {"uv": [2.875, 1.5, 3, 1.625], "texture": "#1"},
				"south": {"uv": [2.875, 1.5, 3, 1.625], "texture": "#1"},
				"west": {"uv": [2.875, 1.5, 3, 1.625], "texture": "#1"},
				"up": {"uv": [2.875, 1.625, 3, 1.5], "texture": "#1"},
				"down": {"uv": [2.875, 1.625, 3, 1.5], "texture": "#1"}
			}
		},
		{
			"from": [9.7, 21.25, 7.45],
			"to": [9.825, 21.5, 7.575],
			"rotation": {"angle": 0, "axis": "y", "origin": [0.425, -1.7, 0]},
			"faces": {
				"north": {"uv": [3.125, 2.5, 3, 2.75], "texture": "#1"},
				"east": {"uv": [3, 2.5, 3.125, 2.75], "texture": "#1"},
				"south": {"uv": [3, 2.5, 3.125, 2.75], "texture": "#1"},
				"west": {"uv": [3, 2.5, 3.125, 2.75], "texture": "#1"},
				"up": {"uv": [3, 2.625, 3.125, 2.5], "texture": "#1"},
				"down": {"uv": [3, 2.75, 3.125, 2.625], "texture": "#1"}
			}
		},
		{
			"from": [9.575, 20.875, 7.45],
			"to": [9.7, 21.125, 7.575],
			"rotation": {"angle": 0, "axis": "y", "origin": [0.3, -2.075, 0]},
			"faces": {
				"north": {"uv": [3, 2.875, 2.875, 3.125], "texture": "#1"},
				"east": {"uv": [2.875, 2.875, 3, 3.125], "texture": "#1"},
				"south": {"uv": [2.875, 2.875, 3, 3.125], "texture": "#1"},
				"west": {"uv": [2.875, 2.875, 3, 3.125], "texture": "#1"},
				"up": {"uv": [2.875, 3, 3, 2.875], "texture": "#1"},
				"down": {"uv": [2.875, 3.125, 3, 3], "texture": "#1"}
			}
		},
		{
			"from": [8.45, 14.375, 7.45],
			"to": [8.575, 15.5, 7.575],
			"rotation": {"angle": 0, "axis": "y", "origin": [-0.825, -7.825, 0]},
			"faces": {
				"north": {"uv": [1.875, 8.5, 1.75, 9.625], "texture": "#1"},
				"east": {"uv": [1.75, 8.5, 1.875, 9.625], "texture": "#1"},
				"south": {"uv": [1.75, 8.5, 1.875, 9.625], "texture": "#1"},
				"west": {"uv": [1.75, 8.5, 1.875, 9.625], "texture": "#1"},
				"up": {"uv": [1.75, 8.625, 1.875, 8.5], "texture": "#1"},
				"down": {"uv": [1.75, 9.625, 1.875, 9.5], "texture": "#1"}
			}
		},
		{
			"from": [8.325, 13, 7.45],
			"to": [8.45, 14.25, 7.575],
			"rotation": {"angle": 0, "axis": "y", "origin": [-0.95, -9.025, 0]},
			"faces": {
				"north": {"uv": [1.75, 9.75, 1.625, 11], "texture": "#1"},
				"east": {"uv": [1.625, 9.75, 1.75, 11], "texture": "#1"},
				"south": {"uv": [1.625, 9.75, 1.75, 11], "texture": "#1"},
				"west": {"uv": [1.625, 9.75, 1.75, 11], "texture": "#1"},
				"up": {"uv": [1.625, 9.875, 1.75, 9.75], "texture": "#1"},
				"down": {"uv": [1.625, 11, 1.75, 10.875], "texture": "#1"}
			}
		},
		{
			"from": [8.2, 11.375, 7.45],
			"to": [8.325, 12.75, 7.575],
			"rotation": {"angle": 0, "axis": "y", "origin": [-1.075, -10.65, 0]},
			"faces": {
				"north": {"uv": [1.625, 11.25, 1.5, 12.625], "texture": "#1"},
				"east": {"uv": [1.5, 11.25, 1.625, 12.625], "texture": "#1"},
				"south": {"uv": [1.5, 11.25, 1.625, 12.625], "texture": "#1"},
				"west": {"uv": [1.5, 11.25, 1.625, 12.625], "texture": "#1"},
				"up": {"uv": [1.5, 11.375, 1.625, 11.25], "texture": "#1"},
				"down": {"uv": [1.5, 12.625, 1.625, 12.5], "texture": "#1"}
			}
		},
		{
			"from": [9.075, 21.75, 7.45],
			"to": [9.325, 22, 7.575],
			"rotation": {"angle": 0, "axis": "y", "origin": [-0.075, -1.075, 0]},
			"faces": {
				"north": {"uv": [2.625, 2, 2.375, 2.25], "texture": "#1"},
				"east": {"uv": [2.5, 2, 2.625, 2.25], "texture": "#1"},
				"south": {"uv": [2.375, 2, 2.625, 2.25], "texture": "#1"},
				"west": {"uv": [2.375, 2, 2.5, 2.25], "texture": "#1"},
				"up": {"uv": [2.375, 2.125, 2.625, 2], "texture": "#1"},
				"down": {"uv": [2.375, 2.25, 2.625, 2.125], "texture": "#1"}
			}
		},
		{
			"from": [8.7, 20.75, 7.45],
			"to": [9.575, 21.125, 7.575],
			"rotation": {"angle": 0, "axis": "y", "origin": [-0.075, -1.075, 0]},
			"faces": {
				"north": {"uv": [2.875, 2.875, 2, 3.25], "texture": "#1"},
				"east": {"uv": [2.75, 2.875, 2.875, 3.25], "texture": "#1"},
				"south": {"uv": [2, 2.875, 2.875, 3.25], "texture": "#1"},
				"west": {"uv": [2, 2.875, 2.125, 3.25], "texture": "#1"},
				"up": {"uv": [2, 3, 2.875, 2.875], "texture": "#1"},
				"down": {"uv": [2, 3.25, 2.875, 3.125], "texture": "#1"}
			}
		},
		{
			"from": [8.575, 20.375, 7.45],
			"to": [9.575, 20.75, 7.575],
			"rotation": {"angle": 0, "axis": "y", "origin": [-0.2, -1.45, 0]},
			"faces": {
				"north": {"uv": [2.875, 3.25, 1.875, 3.625], "texture": "#1"},
				"east": {"uv": [2.75, 3.25, 2.875, 3.625], "texture": "#1"},
				"south": {"uv": [1.875, 3.25, 2.875, 3.625], "texture": "#1"},
				"west": {"uv": [1.875, 3.25, 2, 3.625], "texture": "#1"},
				"up": {"uv": [1.875, 3.375, 2.875, 3.25], "texture": "#1"},
				"down": {"uv": [1.875, 3.625, 2.875, 3.5], "texture": "#1"}
			}
		},
		{
			"from": [8.325, 19.375, 7.45],
			"to": [9.325, 19.875, 7.575],
			"rotation": {"angle": 0, "axis": "y", "origin": [-0.2, -1.45, 0]},
			"faces": {
				"north": {"uv": [2.625, 4.125, 1.625, 4.625], "texture": "#1"},
				"east": {"uv": [2.5, 4.125, 2.625, 4.625], "texture": "#1"},
				"south": {"uv": [1.625, 4.125, 2.625, 4.625], "texture": "#1"},
				"west": {"uv": [1.625, 4.125, 1.75, 4.625], "texture": "#1"},
				"up": {"uv": [1.625, 4.25, 2.625, 4.125], "texture": "#1"},
				"down": {"uv": [1.625, 4.625, 2.625, 4.5], "texture": "#1"}
			}
		},
		{
			"from": [8.45, 19.875, 7.45],
			"to": [9.45, 20.375, 7.575],
			"rotation": {"angle": 0, "axis": "y", "origin": [-0.075, -0.95, 0]},
			"faces": {
				"north": {"uv": [2.75, 3.625, 1.75, 4.125], "texture": "#1"},
				"east": {"uv": [2.625, 3.625, 2.75, 4.125], "texture": "#1"},
				"south": {"uv": [1.75, 3.625, 2.75, 4.125], "texture": "#1"},
				"west": {"uv": [1.75, 3.625, 1.875, 4.125], "texture": "#1"},
				"up": {"uv": [1.75, 3.75, 2.75, 3.625], "texture": "#1"},
				"down": {"uv": [1.75, 4.125, 2.75, 4], "texture": "#1"}
			}
		},
		{
			"from": [8.2, 18.75, 7.45],
			"to": [9.2, 19.375, 7.575],
			"rotation": {"angle": 0, "axis": "y", "origin": [-0.2, -1.45, 0]},
			"faces": {
				"north": {"uv": [2.5, 4.625, 1.5, 5.25], "texture": "#1"},
				"east": {"uv": [2.375, 4.625, 2.5, 5.25], "texture": "#1"},
				"south": {"uv": [1.5, 4.625, 2.5, 5.25], "texture": "#1"},
				"west": {"uv": [1.5, 4.625, 1.625, 5.25], "texture": "#1"},
				"up": {"uv": [1.5, 4.75, 2.5, 4.625], "texture": "#1"},
				"down": {"uv": [1.5, 5.25, 2.5, 5.125], "texture": "#1"}
			}
		},
		{
			"from": [8.075, 18.125, 7.45],
			"to": [9.075, 18.75, 7.575],
			"rotation": {"angle": 0, "axis": "y", "origin": [-0.2, -1.45, 0]},
			"faces": {
				"north": {"uv": [2.375, 5.25, 1.375, 5.875], "texture": "#1"},
				"east": {"uv": [2.25, 5.25, 2.375, 5.875], "texture": "#1"},
				"south": {"uv": [1.375, 5.25, 2.375, 5.875], "texture": "#1"},
				"west": {"uv": [1.375, 5.25, 1.5, 5.875], "texture": "#1"},
				"up": {"uv": [1.375, 5.375, 2.375, 5.25], "texture": "#1"},
				"down": {"uv": [1.375, 5.875, 2.375, 5.75], "texture": "#1"}
			}
		},
		{
			"from": [7.95, 17.375, 7.45],
			"to": [8.95, 18.125, 7.575],
			"rotation": {"angle": 0, "axis": "y", "origin": [0.05, -0.2, 0]},
			"faces": {
				"north": {"uv": [2.25, 5.875, 1.25, 6.625], "texture": "#1"},
				"east": {"uv": [2.125, 5.875, 2.25, 6.625], "texture": "#1"},
				"south": {"uv": [1.25, 5.875, 2.25, 6.625], "texture": "#1"},
				"west": {"uv": [1.25, 5.875, 1.375, 6.625], "texture": "#1"},
				"up": {"uv": [1.25, 6, 2.25, 5.875], "texture": "#1"},
				"down": {"uv": [1.25, 6.625, 2.25, 6.5], "texture": "#1"}
			}
		},
		{
			"from": [7.825, 16.5, 7.45],
			"to": [8.825, 17.375, 7.575],
			"rotation": {"angle": 0, "axis": "y", "origin": [0.05, -0.2, 0]},
			"faces": {
				"north": {"uv": [2.125, 6.625, 1.125, 7.5], "texture": "#1"},
				"east": {"uv": [2, 6.625, 2.125, 7.5], "texture": "#1"},
				"south": {"uv": [1.125, 6.625, 2.125, 7.5], "texture": "#1"},
				"west": {"uv": [1.125, 6.625, 1.25, 7.5], "texture": "#1"},
				"up": {"uv": [1.125, 6.75, 2.125, 6.625], "texture": "#1"},
				"down": {"uv": [1.125, 7.5, 2.125, 7.375], "texture": "#1"}
			}
		},
		{
			"from": [7.7, 15.5, 7.45],
			"to": [8.7, 16.5, 7.575],
			"rotation": {"angle": 0, "axis": "y", "origin": [0.05, -0.2, 0]},
			"faces": {
				"north": {"uv": [2, 7.5, 1, 8.5], "texture": "#1"},
				"east": {"uv": [1.875, 7.5, 2, 8.5], "texture": "#1"},
				"south": {"uv": [1, 7.5, 2, 8.5], "texture": "#1"},
				"west": {"uv": [1, 7.5, 1.125, 8.5], "texture": "#1"},
				"up": {"uv": [1, 7.625, 2, 7.5], "texture": "#1"},
				"down": {"uv": [1, 8.5, 2, 8.375], "texture": "#1"}
			}
		},
		{
			"from": [7.825, 14.375, 7.375],
			"to": [8.45, 15.5, 7.65],
			"rotation": {"angle": 0, "axis": "y", "origin": [-0.2, -1.2, 0]},
			"faces": {
				"north": {"uv": [1.75, 8.5, 1.125, 9.625], "texture": "#1"},
				"east": {"uv": [1.625, 8.5, 1.75, 9.625], "texture": "#1"},
				"south": {"uv": [1.125, 8.5, 1.75, 9.625], "texture": "#1"},
				"west": {"uv": [1.125, 8.5, 1.25, 9.625], "texture": "#1"},
				"up": {"uv": [1.125, 8.625, 1.75, 8.5], "texture": "#1"},
				"down": {"uv": [1.125, 9.625, 1.75, 9.5], "texture": "#1"}
			}
		},
		{
			"from": [8.2, 8, 7.375],
			"to": [8.325, 11.375, 7.65],
			"rotation": {"angle": 0, "axis": "y", "origin": [0.675, 0.675, 0]},
			"faces": {
				"north": {"uv": [1.625, 12.625, 1.5, 16], "texture": "#1"},
				"east": {"uv": [1.5, 12.625, 1.625, 16], "texture": "#1"},
				"south": {"uv": [1.5, 12.625, 1.625, 16], "texture": "#1"},
				"west": {"uv": [1.5, 12.625, 1.625, 16], "texture": "#1"},
				"up": {"uv": [1.5, 12.75, 1.625, 12.625], "texture": "#1"},
				"down": {"uv": [1.5, 16, 1.625, 15.875], "texture": "#1"}
			}
		},
		{
			"from": [8.45, 13, 7.375],
			"to": [8.575, 14.375, 7.65],
			"rotation": {"angle": 0, "axis": "y", "origin": [0.55, -1.45, 0]},
			"faces": {
				"north": {"uv": [1.875, 9.625, 1.75, 11], "texture": "#1"},
				"east": {"uv": [1.75, 9.625, 1.875, 11], "texture": "#1"},
				"south": {"uv": [1.75, 9.625, 1.875, 11], "texture": "#1"},
				"west": {"uv": [1.75, 9.625, 1.875, 11], "texture": "#1"},
				"up": {"uv": [1.75, 9.75, 1.875, 9.625], "texture": "#1"},
				"down": {"uv": [1.75, 11, 1.875, 10.875], "texture": "#1"}
			}
		},
		{
			"from": [8.325, 11.375, 7.375],
			"to": [8.45, 13, 7.65],
			"rotation": {"angle": 0, "axis": "y", "origin": [0.55, -1.575, 0]},
			"faces": {
				"north": {"uv": [1.75, 11, 1.625, 12.625], "texture": "#1"},
				"east": {"uv": [1.625, 11, 1.75, 12.625], "texture": "#1"},
				"south": {"uv": [1.625, 11, 1.75, 12.625], "texture": "#1"},
				"west": {"uv": [1.625, 11, 1.75, 12.625], "texture": "#1"},
				"up": {"uv": [1.625, 11.125, 1.75, 11], "texture": "#1"},
				"down": {"uv": [1.625, 12.625, 1.75, 12.5], "texture": "#1"}
			}
		},
		{
			"from": [9.7, 20.875, 7.375],
			"to": [9.825, 21.25, 7.65],
			"rotation": {"angle": 0, "axis": "y", "origin": [0.55, -0.95, 0]},
			"faces": {
				"north": {"uv": [3.125, 2.75, 3, 3.125], "texture": "#1"},
				"east": {"uv": [3, 2.75, 3.125, 3.125], "texture": "#1"},
				"south": {"uv": [3, 2.75, 3.125, 3.125], "texture": "#1"},
				"west": {"uv": [3, 2.75, 3.125, 3.125], "texture": "#1"},
				"up": {"uv": [3, 2.875, 3.125, 2.75], "texture": "#1"},
				"down": {"uv": [3, 3.125, 3.125, 3], "texture": "#1"}
			}
		},
		{
			"from": [9.825, 21.25, 7.375],
			"to": [9.95, 21.625, 7.65],
			"rotation": {"angle": 0, "axis": "y", "origin": [0.675, -0.575, 0]},
			"faces": {
				"north": {"uv": [3.25, 2.375, 3.125, 2.75], "texture": "#1"},
				"east": {"uv": [3.125, 2.375, 3.25, 2.75], "texture": "#1"},
				"south": {"uv": [3.125, 2.375, 3.25, 2.75], "texture": "#1"},
				"west": {"uv": [3.125, 2.375, 3.25, 2.75], "texture": "#1"},
				"up": {"uv": [3.125, 2.5, 3.25, 2.375], "texture": "#1"},
				"down": {"uv": [3.125, 2.75, 3.25, 2.625], "texture": "#1"}
			}
		},
		{
			"from": [8.825, 16.5, 7.375],
			"to": [8.95, 17.375, 7.65],
			"rotation": {"angle": 0, "axis": "y", "origin": [0.55, -1.075, 0]},
			"faces": {
				"north": {"uv": [2.25, 6.625, 2.125, 7.5], "texture": "#1"},
				"east": {"uv": [2.125, 6.625, 2.25, 7.5], "texture": "#1"},
				"south": {"uv": [2.125, 6.625, 2.25, 7.5], "texture": "#1"},
				"west": {"uv": [2.125, 6.625, 2.25, 7.5], "texture": "#1"},
				"up": {"uv": [2.125, 6.75, 2.25, 6.625], "texture": "#1"},
				"down": {"uv": [2.125, 7.5, 2.25, 7.375], "texture": "#1"}
			}
		},
		{
			"from": [9.2, 18.75, 7.375],
			"to": [9.325, 19.375, 7.65],
			"rotation": {"angle": 0, "axis": "y", "origin": [0.8, 0.425, 0]},
			"faces": {
				"north": {"uv": [2.625, 4.625, 2.5, 5.25], "texture": "#1"},
				"east": {"uv": [2.5, 4.625, 2.625, 5.25], "texture": "#1"},
				"south": {"uv": [2.5, 4.625, 2.625, 5.25], "texture": "#1"},
				"west": {"uv": [2.5, 4.625, 2.625, 5.25], "texture": "#1"},
				"up": {"uv": [2.5, 4.75, 2.625, 4.625], "texture": "#1"},
				"down": {"uv": [2.5, 5.25, 2.625, 5.125], "texture": "#1"}
			}
		},
		{
			"from": [9.075, 18.125, 7.375],
			"to": [9.2, 18.75, 7.65],
			"rotation": {"angle": 0, "axis": "y", "origin": [0.675, -0.2, 0]},
			"faces": {
				"north": {"uv": [2.5, 5.25, 2.375, 5.875], "texture": "#1"},
				"east": {"uv": [2.375, 5.25, 2.5, 5.875], "texture": "#1"},
				"south": {"uv": [2.375, 5.25, 2.5, 5.875], "texture": "#1"},
				"west": {"uv": [2.375, 5.25, 2.5, 5.875], "texture": "#1"},
				"up": {"uv": [2.375, 5.375, 2.5, 5.25], "texture": "#1"},
				"down": {"uv": [2.375, 5.875, 2.5, 5.75], "texture": "#1"}
			}
		},
		{
			"from": [8.95, 17.375, 7.375],
			"to": [9.075, 18.125, 7.65],
			"rotation": {"angle": 0, "axis": "y", "origin": [0.55, -0.95, 0]},
			"faces": {
				"north": {"uv": [2.375, 5.875, 2.25, 6.625], "texture": "#1"},
				"east": {"uv": [2.25, 5.875, 2.375, 6.625], "texture": "#1"},
				"south": {"uv": [2.25, 5.875, 2.375, 6.625], "texture": "#1"},
				"west": {"uv": [2.25, 5.875, 2.375, 6.625], "texture": "#1"},
				"up": {"uv": [2.25, 6, 2.375, 5.875], "texture": "#1"},
				"down": {"uv": [2.25, 6.625, 2.375, 6.5], "texture": "#1"}
			}
		},
		{
			"from": [9.325, 19.375, 7.375],
			"to": [9.45, 19.875, 7.65],
			"rotation": {"angle": 0, "axis": "y", "origin": [0.55, -0.95, 0]},
			"faces": {
				"north": {"uv": [2.75, 4.125, 2.625, 4.625], "texture": "#1"},
				"east": {"uv": [2.625, 4.125, 2.75, 4.625], "texture": "#1"},
				"south": {"uv": [2.625, 4.125, 2.75, 4.625], "texture": "#1"},
				"west": {"uv": [2.625, 4.125, 2.75, 4.625], "texture": "#1"},
				"up": {"uv": [2.625, 4.25, 2.75, 4.125], "texture": "#1"},
				"down": {"uv": [2.625, 4.625, 2.75, 4.5], "texture": "#1"}
			}
		},
		{
			"from": [9.45, 19.875, 7.375],
			"to": [9.575, 20.375, 7.65],
			"rotation": {"angle": 0, "axis": "y", "origin": [0.55, -0.95, 0]},
			"faces": {
				"north": {"uv": [2.875, 3.625, 2.75, 4.125], "texture": "#1"},
				"east": {"uv": [2.75, 3.625, 2.875, 4.125], "texture": "#1"},
				"south": {"uv": [2.75, 3.625, 2.875, 4.125], "texture": "#1"},
				"west": {"uv": [2.75, 3.625, 2.875, 4.125], "texture": "#1"},
				"up": {"uv": [2.75, 3.75, 2.875, 3.625], "texture": "#1"},
				"down": {"uv": [2.75, 4.125, 2.875, 4], "texture": "#1"}
			}
		},
		{
			"from": [9.575, 20.375, 7.375],
			"to": [9.7, 20.875, 7.65],
			"rotation": {"angle": 0, "axis": "y", "origin": [0.675, -0.45, 0]},
			"faces": {
				"north": {"uv": [3, 3.125, 2.875, 3.625], "texture": "#1"},
				"east": {"uv": [2.875, 3.125, 3, 3.625], "texture": "#1"},
				"south": {"uv": [2.875, 3.125, 3, 3.625], "texture": "#1"},
				"west": {"uv": [2.875, 3.125, 3, 3.625], "texture": "#1"},
				"up": {"uv": [2.875, 3.25, 3, 3.125], "texture": "#1"},
				"down": {"uv": [2.875, 3.625, 3, 3.5], "texture": "#1"}
			}
		},
		{
			"from": [8.7, 15.5, 7.375],
			"to": [8.825, 16.5, 7.65],
			"rotation": {"angle": 0, "axis": "y", "origin": [0.55, -1.075, 0]},
			"faces": {
				"north": {"uv": [2.125, 7.5, 2, 8.5], "texture": "#1"},
				"east": {"uv": [2, 7.5, 2.125, 8.5], "texture": "#1"},
				"south": {"uv": [2, 7.5, 2.125, 8.5], "texture": "#1"},
				"west": {"uv": [2, 7.5, 2.125, 8.5], "texture": "#1"},
				"up": {"uv": [2, 7.625, 2.125, 7.5], "texture": "#1"},
				"down": {"uv": [2, 8.5, 2.125, 8.375], "texture": "#1"}
			}
		},
		{
			"from": [8.575, 14.375, 7.375],
			"to": [8.7, 15.5, 7.65],
			"rotation": {"angle": 0, "axis": "y", "origin": [0.55, -1.2, 0]},
			"faces": {
				"north": {"uv": [2, 8.5, 1.875, 9.625], "texture": "#1"},
				"east": {"uv": [1.875, 8.5, 2, 9.625], "texture": "#1"},
				"south": {"uv": [1.875, 8.5, 2, 9.625], "texture": "#1"},
				"west": {"uv": [1.875, 8.5, 2, 9.625], "texture": "#1"},
				"up": {"uv": [1.875, 8.625, 2, 8.5], "texture": "#1"},
				"down": {"uv": [1.875, 9.625, 2, 9.5], "texture": "#1"}
			}
		},
		{
			"from": [7.95, 15.5, 7.375],
			"to": [8.575, 16.5, 7.65],
			"rotation": {"angle": 0, "axis": "y", "origin": [-0.2, -1.075, 0]},
			"faces": {
				"north": {"uv": [1.875, 7.5, 1.25, 8.5], "texture": "#1"},
				"east": {"uv": [1.75, 7.5, 1.875, 8.5], "texture": "#1"},
				"south": {"uv": [1.25, 7.5, 1.875, 8.5], "texture": "#1"},
				"west": {"uv": [1.25, 7.5, 1.375, 8.5], "texture": "#1"},
				"up": {"uv": [1.25, 7.625, 1.875, 7.5], "texture": "#1"},
				"down": {"uv": [1.25, 8.5, 1.875, 8.375], "texture": "#1"}
			}
		},
		{
			"from": [8.7, 19.875, 7.375],
			"to": [9.325, 20.375, 7.65],
			"rotation": {"angle": 0, "axis": "y", "origin": [-0.2, -0.95, 0]},
			"faces": {
				"north": {"uv": [2.625, 3.625, 2, 4.125], "texture": "#1"},
				"east": {"uv": [2.5, 3.625, 2.625, 4.125], "texture": "#1"},
				"south": {"uv": [2, 3.625, 2.625, 4.125], "texture": "#1"},
				"west": {"uv": [2, 3.625, 2.125, 4.125], "texture": "#1"},
				"up": {"uv": [2, 3.75, 2.625, 3.625], "texture": "#1"},
				"down": {"uv": [2, 4.125, 2.625, 4], "texture": "#1"}
			}
		},
		{
			"from": [8.575, 19.375, 7.375],
			"to": [9.2, 19.875, 7.65],
			"rotation": {"angle": 0, "axis": "y", "origin": [-0.2, -0.95, 0]},
			"faces": {
				"north": {"uv": [2.5, 4.125, 1.875, 4.625], "texture": "#1"},
				"east": {"uv": [2.375, 4.125, 2.5, 4.625], "texture": "#1"},
				"south": {"uv": [1.875, 4.125, 2.5, 4.625], "texture": "#1"},
				"west": {"uv": [1.875, 4.125, 2, 4.625], "texture": "#1"},
				"up": {"uv": [1.875, 4.25, 2.5, 4.125], "texture": "#1"},
				"down": {"uv": [1.875, 4.625, 2.5, 4.5], "texture": "#1"}
			}
		},
		{
			"from": [8.2, 17.375, 7.375],
			"to": [8.825, 18.125, 7.65],
			"rotation": {"angle": 0, "axis": "y", "origin": [-0.2, -0.95, 0]},
			"faces": {
				"north": {"uv": [2.125, 5.875, 1.5, 6.625], "texture": "#1"},
				"east": {"uv": [2, 5.875, 2.125, 6.625], "texture": "#1"},
				"south": {"uv": [1.5, 5.875, 2.125, 6.625], "texture": "#1"},
				"west": {"uv": [1.5, 5.875, 1.625, 6.625], "texture": "#1"},
				"up": {"uv": [1.5, 6, 2.125, 5.875], "texture": "#1"},
				"down": {"uv": [1.5, 6.625, 2.125, 6.5], "texture": "#1"}
			}
		},
		{
			"from": [8.325, 18.125, 7.375],
			"to": [8.95, 18.75, 7.65],
			"rotation": {"angle": 0, "axis": "y", "origin": [-0.075, -0.2, 0]},
			"faces": {
				"north": {"uv": [2.25, 5.25, 1.625, 5.875], "texture": "#1"},
				"east": {"uv": [2.125, 5.25, 2.25, 5.875], "texture": "#1"},
				"south": {"uv": [1.625, 5.25, 2.25, 5.875], "texture": "#1"},
				"west": {"uv": [1.625, 5.25, 1.75, 5.875], "texture": "#1"},
				"up": {"uv": [1.625, 5.375, 2.25, 5.25], "texture": "#1"},
				"down": {"uv": [1.625, 5.875, 2.25, 5.75], "texture": "#1"}
			}
		},
		{
			"from": [8.45, 18.75, 7.375],
			"to": [9.075, 19.375, 7.65],
			"rotation": {"angle": 0, "axis": "y", "origin": [0.05, 0.425, 0]},
			"faces": {
				"north": {"uv": [2.375, 4.625, 1.75, 5.25], "texture": "#1"},
				"east": {"uv": [2.25, 4.625, 2.375, 5.25], "texture": "#1"},
				"south": {"uv": [1.75, 4.625, 2.375, 5.25], "texture": "#1"},
				"west": {"uv": [1.75, 4.625, 1.875, 5.25], "texture": "#1"},
				"up": {"uv": [1.75, 4.75, 2.375, 4.625], "texture": "#1"},
				"down": {"uv": [1.75, 5.25, 2.375, 5.125], "texture": "#1"}
			}
		},
		{
			"from": [8.075, 16.5, 7.375],
			"to": [8.7, 17.375, 7.65],
			"rotation": {"angle": 0, "axis": "y", "origin": [-0.2, -1.075, 0]},
			"faces": {
				"north": {"uv": [2, 6.625, 1.375, 7.5], "texture": "#1"},
				"east": {"uv": [1.875, 6.625, 2, 7.5], "texture": "#1"},
				"south": {"uv": [1.375, 6.625, 2, 7.5], "texture": "#1"},
				"west": {"uv": [1.375, 6.625, 1.5, 7.5], "texture": "#1"},
				"up": {"uv": [1.375, 6.75, 2, 6.625], "texture": "#1"},
				"down": {"uv": [1.375, 7.5, 2, 7.375], "texture": "#1"}
			}
		},
		{
			"from": [8.95, 20.75, 7.375],
			"to": [9.45, 20.875, 7.65],
			"rotation": {"angle": 0, "axis": "y", "origin": [-0.325, -1.45, 0]},
			"faces": {
				"north": {"uv": [2.75, 3.125, 2.25, 3.25], "texture": "#1"},
				"east": {"uv": [2.625, 3.125, 2.75, 3.25], "texture": "#1"},
				"south": {"uv": [2.25, 3.125, 2.75, 3.25], "texture": "#1"},
				"west": {"uv": [2.25, 3.125, 2.375, 3.25], "texture": "#1"},
				"up": {"uv": [2.25, 3.25, 2.75, 3.125], "texture": "#1"},
				"down": {"uv": [2.25, 3.25, 2.75, 3.125], "texture": "#1"}
			}
		},
		{
			"from": [7.825, 14.25, 7.375],
			"to": [8.325, 14.375, 7.65],
			"rotation": {"angle": 0, "axis": "y", "origin": [-0.325, -2.45, 0]},
			"faces": {
				"north": {"uv": [1.625, 9.625, 1.125, 9.75], "texture": "#1"},
				"east": {"uv": [1.5, 9.625, 1.625, 9.75], "texture": "#1"},
				"south": {"uv": [1.125, 9.625, 1.625, 9.75], "texture": "#1"},
				"west": {"uv": [1.125, 9.625, 1.25, 9.75], "texture": "#1"},
				"up": {"uv": [1.125, 9.75, 1.625, 9.625], "texture": "#1"},
				"down": {"uv": [1.125, 9.75, 1.625, 9.625], "texture": "#1"}
			}
		},
		{
			"from": [8.825, 20.375, 7.375],
			"to": [9.45, 20.75, 7.65],
			"rotation": {"angle": 0, "axis": "y", "origin": [-0.325, -1.45, 0]},
			"faces": {
				"north": {"uv": [2.75, 3.25, 2.125, 3.625], "texture": "#1"},
				"east": {"uv": [2.625, 3.25, 2.75, 3.625], "texture": "#1"},
				"south": {"uv": [2.125, 3.25, 2.75, 3.625], "texture": "#1"},
				"west": {"uv": [2.125, 3.25, 2.25, 3.625], "texture": "#1"},
				"up": {"uv": [2.125, 3.375, 2.75, 3.25], "texture": "#1"},
				"down": {"uv": [2.125, 3.625, 2.75, 3.5], "texture": "#1"}
			}
		},
		{
			"from": [10.2, 22.5, 7.375],
			"to": [10.325, 22.625, 7.65],
			"rotation": {"angle": 0, "axis": "y", "origin": [-0.2, -0.95, 0]},
			"faces": {
				"north": {"uv": [3.5, 1.375, 3.625, 1.5], "texture": "#1"},
				"east": {"uv": [3.5, 1.375, 3.625, 1.5], "texture": "#1"},
				"south": {"uv": [3.5, 1.375, 3.625, 1.5], "texture": "#1"},
				"west": {"uv": [3.5, 1.375, 3.625, 1.5], "texture": "#1"},
				"up": {"uv": [3.5, 1.5, 3.625, 1.375], "texture": "#1"},
				"down": {"uv": [3.5, 1.5, 3.625, 1.375], "texture": "#1"}
			}
		},
		{
			"from": [9.95, 22.375, 7.375],
			"to": [10.325, 22.5, 7.65],
			"rotation": {"angle": 0, "axis": "y", "origin": [-0.325, -0.95, 0]},
			"faces": {
				"north": {"uv": [3.625, 1.5, 3.25, 1.625], "texture": "#1"},
				"east": {"uv": [3.5, 1.5, 3.625, 1.625], "texture": "#1"},
				"south": {"uv": [3.25, 1.5, 3.625, 1.625], "texture": "#1"},
				"west": {"uv": [3.25, 1.5, 3.375, 1.625], "texture": "#1"},
				"up": {"uv": [3.25, 1.625, 3.625, 1.5], "texture": "#1"},
				"down": {"uv": [3.25, 1.625, 3.625, 1.5], "texture": "#1"}
			}
		},
		{
			"from": [9.7, 22.25, 7.375],
			"to": [10.2, 22.375, 7.65],
			"rotation": {"angle": 0, "axis": "y", "origin": [-0.325, -1.075, 0]},
			"faces": {
				"north": {"uv": [3.5, 1.625, 3, 1.75], "texture": "#1"},
				"east": {"uv": [3.375, 1.625, 3.5, 1.75], "texture": "#1"},
				"south": {"uv": [3, 1.625, 3.5, 1.75], "texture": "#1"},
				"west": {"uv": [3, 1.625, 3.125, 1.75], "texture": "#1"},
				"up": {"uv": [3, 1.75, 3.5, 1.625], "texture": "#1"},
				"down": {"uv": [3, 1.75, 3.5, 1.625], "texture": "#1"}
			}
		},
		{
			"from": [9.575, 22.125, 7.375],
			"to": [10.2, 22.25, 7.65],
			"rotation": {"angle": 0, "axis": "y", "origin": [-0.325, -1.2, 0]},
			"faces": {
				"north": {"uv": [3.5, 1.75, 2.875, 1.875], "texture": "#1"},
				"east": {"uv": [3.375, 1.75, 3.5, 1.875], "texture": "#1"},
				"south": {"uv": [2.875, 1.75, 3.5, 1.875], "texture": "#1"},
				"west": {"uv": [2.875, 1.75, 3, 1.875], "texture": "#1"},
				"up": {"uv": [2.875, 1.875, 3.5, 1.75], "texture": "#1"},
				"down": {"uv": [2.875, 1.875, 3.5, 1.75], "texture": "#1"}
			}
		},
		{
			"from": [9.45, 22, 7.375],
			"to": [10.2, 22.125, 7.65],
			"rotation": {"angle": 0, "axis": "y", "origin": [-0.325, -1.325, 0]},
			"faces": {
				"north": {"uv": [3.5, 1.875, 2.75, 2], "texture": "#1"},
				"east": {"uv": [3.375, 1.875, 3.5, 2], "texture": "#1"},
				"south": {"uv": [2.75, 1.875, 3.5, 2], "texture": "#1"},
				"west": {"uv": [2.75, 1.875, 2.875, 2], "texture": "#1"},
				"up": {"uv": [2.75, 2, 3.5, 1.875], "texture": "#1"},
				"down": {"uv": [2.75, 2, 3.5, 1.875], "texture": "#1"}
			}
		},
		{
			"from": [9.075, 21.125, 7.375],
			"to": [9.575, 21.25, 7.65],
			"rotation": {"angle": 0, "axis": "y", "origin": [-0.575, -1.95, 0]},
			"faces": {
				"north": {"uv": [2.875, 2.75, 2.375, 2.875], "texture": "#1"},
				"east": {"uv": [2.75, 2.75, 2.875, 2.875], "texture": "#1"},
				"south": {"uv": [2.375, 2.75, 2.875, 2.875], "texture": "#1"},
				"west": {"uv": [2.375, 2.75, 2.5, 2.875], "texture": "#1"},
				"up": {"uv": [2.375, 2.875, 2.875, 2.75], "texture": "#1"},
				"down": {"uv": [2.375, 2.875, 2.875, 2.75], "texture": "#1"}
			}
		},
		{
			"from": [9.075, 21.25, 7.375],
			"to": [9.7, 21.5, 7.65],
			"rotation": {"angle": 0, "axis": "y", "origin": [-0.2, -1.075, 0]},
			"faces": {
				"north": {"uv": [3, 2.5, 2.375, 2.75], "texture": "#1"},
				"east": {"uv": [2.875, 2.5, 3, 2.75], "texture": "#1"},
				"south": {"uv": [2.375, 2.5, 3, 2.75], "texture": "#1"},
				"west": {"uv": [2.375, 2.5, 2.5, 2.75], "texture": "#1"},
				"up": {"uv": [2.375, 2.625, 3, 2.5], "texture": "#1"},
				"down": {"uv": [2.375, 2.75, 3, 2.625], "texture": "#1"}
			}
		},
		{
			"from": [9.2, 21.5, 7.375],
			"to": [9.7, 21.625, 7.65],
			"rotation": {"angle": 0, "axis": "y", "origin": [-0.45, -1.575, 0]},
			"faces": {
				"north": {"uv": [3, 2.375, 2.5, 2.5], "texture": "#1"},
				"east": {"uv": [2.875, 2.375, 3, 2.5], "texture": "#1"},
				"south": {"uv": [2.5, 2.375, 3, 2.5], "texture": "#1"},
				"west": {"uv": [2.5, 2.375, 2.625, 2.5], "texture": "#1"},
				"up": {"uv": [2.5, 2.5, 3, 2.375], "texture": "#1"},
				"down": {"uv": [2.5, 2.5, 3, 2.375], "texture": "#1"}
			}
		},
		{
			"from": [9.2, 21.625, 7.375],
			"to": [10.075, 21.75, 7.65],
			"rotation": {"angle": 0, "axis": "y", "origin": [-0.45, -1.45, 0]},
			"faces": {
				"north": {"uv": [3.375, 2.25, 2.5, 2.375], "texture": "#1"},
				"east": {"uv": [3.25, 2.25, 3.375, 2.375], "texture": "#1"},
				"south": {"uv": [2.5, 2.25, 3.375, 2.375], "texture": "#1"},
				"west": {"uv": [2.5, 2.25, 2.625, 2.375], "texture": "#1"},
				"up": {"uv": [2.5, 2.375, 3.375, 2.25], "texture": "#1"},
				"down": {"uv": [2.5, 2.375, 3.375, 2.25], "texture": "#1"}
			}
		},
		{
			"from": [9.325, 21.75, 7.375],
			"to": [10.075, 22, 7.65],
			"rotation": {"angle": 0, "axis": "y", "origin": [-0.2, -1.075, 0]},
			"faces": {
				"north": {"uv": [3.375, 2, 2.625, 2.25], "texture": "#1"},
				"east": {"uv": [3.25, 2, 3.375, 2.25], "texture": "#1"},
				"south": {"uv": [2.625, 2, 3.375, 2.25], "texture": "#1"},
				"west": {"uv": [2.625, 2, 2.75, 2.25], "texture": "#1"},
				"up": {"uv": [2.625, 2.125, 3.375, 2], "texture": "#1"},
				"down": {"uv": [2.625, 2.25, 3.375, 2.125], "texture": "#1"}
			}
		},
		{
			"from": [8.95, 20.875, 7.375],
			"to": [9.575, 21.125, 7.65],
			"rotation": {"angle": 0, "axis": "y", "origin": [-0.325, -1.45, 0]},
			"faces": {
				"north": {"uv": [2.875, 2.875, 2.25, 3.125], "texture": "#1"},
				"east": {"uv": [2.75, 2.875, 2.875, 3.125], "texture": "#1"},
				"south": {"uv": [2.25, 2.875, 2.875, 3.125], "texture": "#1"},
				"west": {"uv": [2.25, 2.875, 2.375, 3.125], "texture": "#1"},
				"up": {"uv": [2.25, 3, 2.875, 2.875], "texture": "#1"},
				"down": {"uv": [2.25, 3.125, 2.875, 3], "texture": "#1"}
			}
		},
		{
			"from": [7.575, 11.375, 7.375],
			"to": [8.2, 12.75, 7.65],
			"rotation": {"angle": 0, "axis": "y", "origin": [-0.2, -1.575, 0]},
			"faces": {
				"north": {"uv": [1.5, 11.25, 0.875, 12.625], "texture": "#1"},
				"east": {"uv": [1.375, 11.25, 1.5, 12.625], "texture": "#1"},
				"south": {"uv": [0.875, 11.25, 1.5, 12.625], "texture": "#1"},
				"west": {"uv": [0.875, 11.25, 1, 12.625], "texture": "#1"},
				"up": {"uv": [0.875, 11.375, 1.5, 11.25], "texture": "#1"},
				"down": {"uv": [0.875, 12.625, 1.5, 12.5], "texture": "#1"}
			}
		},
		{
			"from": [7.45, 12.75, 7.45],
			"to": [8.325, 14.25, 7.575],
			"rotation": {"angle": 0, "axis": "y", "origin": [0.05, -0.2, 0]},
			"faces": {
				"north": {"uv": [1.625, 9.75, 0.75, 11.25], "texture": "#1"},
				"east": {"uv": [1.5, 9.75, 1.625, 11.25], "texture": "#1"},
				"south": {"uv": [0.75, 9.75, 1.625, 11.25], "texture": "#1"},
				"west": {"uv": [0.75, 9.75, 0.875, 11.25], "texture": "#1"},
				"up": {"uv": [0.75, 9.875, 1.625, 9.75], "texture": "#1"},
				"down": {"uv": [0.75, 11.25, 1.625, 11.125], "texture": "#1"}
			}
		},
		{
			"from": [7.7, 13, 7.375],
			"to": [8.325, 14.25, 7.65],
			"rotation": {"angle": 0, "axis": "y", "origin": [-0.2, -1.45, 0]},
			"faces": {
				"north": {"uv": [1.625, 9.75, 1, 11], "texture": "#1"},
				"east": {"uv": [1.5, 9.75, 1.625, 11], "texture": "#1"},
				"south": {"uv": [1, 9.75, 1.625, 11], "texture": "#1"},
				"west": {"uv": [1, 9.75, 1.125, 11], "texture": "#1"},
				"up": {"uv": [1, 9.875, 1.625, 9.75], "texture": "#1"},
				"down": {"uv": [1, 11, 1.625, 10.875], "texture": "#1"}
			}
		},
		{
			"from": [7.575, 14.25, 7.45],
			"to": [8.45, 15.5, 7.575],
			"rotation": {"angle": 0, "axis": "y", "origin": [0.05, -0.2, 0]},
			"faces": {
				"north": {"uv": [1.75, 8.5, 0.875, 9.75], "texture": "#1"},
				"east": {"uv": [1.625, 8.5, 1.75, 9.75], "texture": "#1"},
				"south": {"uv": [0.875, 8.5, 1.75, 9.75], "texture": "#1"},
				"west": {"uv": [0.875, 8.5, 1, 9.75], "texture": "#1"},
				"up": {"uv": [0.875, 8.625, 1.75, 8.5], "texture": "#1"},
				"down": {"uv": [0.875, 9.75, 1.75, 9.625], "texture": "#1"}
			}
		},
		{
			"from": [7.2, 8, 7.45],
			"to": [8.2, 11, 7.575],
			"rotation": {"angle": 0, "axis": "y", "origin": [0.05, -0.325, 0]},
			"faces": {
				"north": {"uv": [1.5, 13, 0.5, 16], "texture": "#1"},
				"east": {"uv": [1.375, 13, 1.5, 16], "texture": "#1"},
				"south": {"uv": [0.5, 13, 1.5, 16], "texture": "#1"},
				"west": {"uv": [0.5, 13, 0.625, 16], "texture": "#1"},
				"up": {"uv": [0.5, 13.125, 1.5, 13], "texture": "#1"},
				"down": {"uv": [0.5, 16, 1.5, 15.875], "texture": "#1"}
			}
		},
		{
			"from": [7.45, 8, 7.375],
			"to": [8.075, 11, 7.65],
			"rotation": {"angle": 0, "axis": "y", "origin": [-0.075, 0.675, 0]},
			"faces": {
				"north": {"uv": [1.375, 13, 0.75, 16], "texture": "#1"},
				"east": {"uv": [1.25, 13, 1.375, 16], "texture": "#1"},
				"south": {"uv": [0.75, 13, 1.375, 16], "texture": "#1"},
				"west": {"uv": [0.75, 13, 0.875, 16], "texture": "#1"},
				"up": {"uv": [0.75, 13.125, 1.375, 13], "texture": "#1"},
				"down": {"uv": [0.75, 16, 1.375, 15.875], "texture": "#1"}
			}
		},
		{
			"from": [7.325, 11, 7.45],
			"to": [8.2, 12.75, 7.575],
			"rotation": {"angle": 0, "axis": "y", "origin": [0.05, -0.2, 0]},
			"faces": {
				"north": {"uv": [1.5, 11.25, 0.625, 13], "texture": "#1"},
				"east": {"uv": [1.375, 11.25, 1.5, 13], "texture": "#1"},
				"south": {"uv": [0.625, 11.25, 1.5, 13], "texture": "#1"},
				"west": {"uv": [0.625, 11.25, 0.75, 13], "texture": "#1"},
				"up": {"uv": [0.625, 11.375, 1.5, 11.25], "texture": "#1"},
				"down": {"uv": [0.625, 13, 1.5, 12.875], "texture": "#1"}
			}
		},
		{
			"from": [7.575, 11, 7.375],
			"to": [8.075, 11.375, 7.65],
			"rotation": {"angle": 0, "axis": "y", "origin": [-0.2, -3.2, 0]},
			"faces": {
				"north": {"uv": [1.375, 12.625, 0.875, 13], "texture": "#1"},
				"east": {"uv": [1.25, 12.625, 1.375, 13], "texture": "#1"},
				"south": {"uv": [0.875, 12.625, 1.375, 13], "texture": "#1"},
				"west": {"uv": [0.875, 12.625, 1, 13], "texture": "#1"},
				"up": {"uv": [0.875, 12.75, 1.375, 12.625], "texture": "#1"},
				"down": {"uv": [0.875, 13, 1.375, 12.875], "texture": "#1"}
			}
		},
		{
			"from": [7.7, 12.75, 7.375],
			"to": [8.2, 13, 7.65],
			"rotation": {"angle": 0, "axis": "y", "origin": [-0.075, -1.45, 0]},
			"faces": {
				"north": {"uv": [1.5, 11, 1, 11.25], "texture": "#1"},
				"east": {"uv": [1.375, 11, 1.5, 11.25], "texture": "#1"},
				"south": {"uv": [1, 11, 1.5, 11.25], "texture": "#1"},
				"west": {"uv": [1, 11, 1.125, 11.25], "texture": "#1"},
				"up": {"uv": [1, 11.125, 1.5, 11], "texture": "#1"},
				"down": {"uv": [1, 11.25, 1.5, 11.125], "texture": "#1"}
			}
		}
	],
	"gui_light": "front",
	"display": {
		"thirdperson_righthand": {
			"rotation": [0, -90, 0],
			"translation": [-1, 0.75, 1.5],
			"scale": [1.2, 1.2, 1.2]
		},
		"thirdperson_lefthand": {
			"rotation": [0, 90, 0],
			"translation": [0, 0.75, 1.5],
			"scale": [1.2, 1.2, 1.2]
		},
		"firstperson_righthand": {
			"rotation": [55, -90, 60],
			"translation": [-1.25, 2.75, 1.75],
			"scale": [0.8, 0.8, 0.8]
		},
		"firstperson_lefthand": {
			"rotation": [-65, 90, 60],
			"translation": [-0.75, 2.75, 1.75],
			"scale": [0.8, 0.8, 0.8]
		},
		"ground": {
			"rotation": [-45, -90, 0],
			"translation": [0, 1, 0],
			"scale": [0.5, 0.5, 0.5]
		},
		"gui": {
			"rotation": [0, -180, 45],
			"translation": [-3, -3.25, 0]
		},
		"head": {
			"translation": [0, 9.75, 0]
		},
		"fixed": {
			"rotation": [-180, 180, -135],
			"translation": [4.25, -5.25, 0.5],
			"scale": [1.4, 1.4, 1.4]
		}
	}
}