{
	"credit": "Made with Blockbench",
	"textures": {
		"1": "./bayonet_knife",
		"particle": "./bayonet_knife"
	},
	"elements": [
		{
			"from": [6.825, 4.9, 7.225],
			"to": [8.45, 5.325, 8.1],
			"faces": {
				"north": {"uv": [4.75, 8.625, 3.125, 8.75], "texture": "#1"},
				"east": {"uv": [4.625, 8.625, 4.75, 9.5], "rotation": 90, "texture": "#1"},
				"south": {"uv": [3.125, 9.375, 4.75, 9.5], "texture": "#1"},
				"west": {"uv": [3.125, 8.625, 3.25, 9.5], "rotation": 270, "texture": "#1"},
				"up": {"uv": [3.125, 8.625, 4.75, 9.5], "texture": "#1"},
				"down": {"uv": [4.75, 8.625, 3.125, 9.5], "rotation": 180, "texture": "#1"}
			}
		},
		{
			"from": [8.45, 4.9, 7.35],
			"to": [8.7, 5.325, 7.975],
			"faces": {
				"north": {"uv": [5, 8.75, 4.75, 8.875], "texture": "#1"},
				"east": {"uv": [4.875, 8.75, 5, 9.375], "rotation": 90, "texture": "#1"},
				"south": {"uv": [4.75, 9.25, 5, 9.375], "texture": "#1"},
				"west": {"uv": [4.75, 8.75, 4.875, 9.375], "rotation": 270, "texture": "#1"},
				"up": {"uv": [4.75, 8.75, 5, 9.375], "texture": "#1"},
				"down": {"uv": [5, 8.75, 4.75, 9.375], "rotation": 180, "texture": "#1"}
			}
		},
		{
			"from": [8.7, 4.9, 7.475],
			"to": [8.825, 5.325, 7.85],
			"faces": {
				"north": {"uv": [5.125, 8.875, 5, 9], "texture": "#1"},
				"east": {"uv": [5, 8.875, 5.125, 9.25], "rotation": 90, "texture": "#1"},
				"south": {"uv": [5, 9.125, 5.125, 9.25], "texture": "#1"},
				"west": {"uv": [5, 8.875, 5.125, 9.25], "rotation": 270, "texture": "#1"},
				"up": {"uv": [5, 8.875, 5.125, 9.25], "texture": "#1"},
				"down": {"uv": [5.125, 8.875, 5, 9.25], "rotation": 180, "texture": "#1"}
			}
		},
		{
			"from": [6.575, 4.9, 7.1],
			"to": [6.7, 5.325, 7.475],
			"faces": {
				"north": {"uv": [3, 8.5, 2.875, 8.625], "texture": "#1"},
				"east": {"uv": [2.875, 8.5, 3, 8.875], "rotation": 90, "texture": "#1"},
				"south": {"uv": [2.875, 8.75, 3, 8.875], "texture": "#1"},
				"west": {"uv": [2.875, 8.5, 3, 8.875], "rotation": 270, "texture": "#1"},
				"up": {"uv": [2.875, 8.5, 3, 8.875], "texture": "#1"},
				"down": {"uv": [3, 8.5, 2.875, 8.875], "rotation": 180, "texture": "#1"}
			}
		},
		{
			"from": [6.7, 4.9, 7.1],
			"to": [6.825, 5.325, 8.225],
			"faces": {
				"north": {"uv": [3.125, 8.5, 3, 8.625], "texture": "#1"},
				"east": {"uv": [3, 8.5, 3.125, 9.625], "rotation": 90, "texture": "#1"},
				"south": {"uv": [3, 9.5, 3.125, 9.625], "texture": "#1"},
				"west": {"uv": [3, 8.5, 3.125, 9.625], "rotation": 270, "texture": "#1"},
				"up": {"uv": [3, 8.5, 3.125, 9.625], "texture": "#1"},
				"down": {"uv": [3.125, 8.5, 3, 9.625], "rotation": 180, "texture": "#1"}
			}
		},
		{
			"from": [5.95, 4.9, 7.1],
			"to": [6.075, 5.325, 8.225],
			"faces": {
				"north": {"uv": [2.375, 8.5, 2.25, 8.625], "texture": "#1"},
				"east": {"uv": [2.25, 8.5, 2.375, 9.625], "rotation": 90, "texture": "#1"},
				"south": {"uv": [2.25, 9.5, 2.375, 9.625], "texture": "#1"},
				"west": {"uv": [2.25, 8.5, 2.375, 9.625], "rotation": 270, "texture": "#1"},
				"up": {"uv": [2.25, 8.5, 2.375, 9.625], "texture": "#1"},
				"down": {"uv": [2.375, 8.5, 2.25, 9.625], "rotation": 180, "texture": "#1"}
			}
		},
		{
			"from": [6.075, 4.9, 7.1],
			"to": [6.2, 5.325, 7.475],
			"faces": {
				"north": {"uv": [2.5, 8.5, 2.375, 8.625], "texture": "#1"},
				"east": {"uv": [2.375, 8.5, 2.5, 8.875], "rotation": 90, "texture": "#1"},
				"south": {"uv": [2.375, 8.75, 2.5, 8.875], "texture": "#1"},
				"west": {"uv": [2.375, 8.5, 2.5, 8.875], "rotation": 270, "texture": "#1"},
				"up": {"uv": [2.375, 8.5, 2.5, 8.875], "texture": "#1"},
				"down": {"uv": [2.5, 8.5, 2.375, 8.875], "rotation": 180, "texture": "#1"}
			}
		},
		{
			"from": [6.2, 4.9, 6.975],
			"to": [6.575, 5.325, 7.35],
			"faces": {
				"north": {"uv": [2.875, 8.375, 2.5, 8.5], "texture": "#1"},
				"east": {"uv": [2.75, 8.375, 2.875, 8.75], "rotation": 90, "texture": "#1"},
				"south": {"uv": [2.5, 8.625, 2.875, 8.75], "texture": "#1"},
				"west": {"uv": [2.5, 8.375, 2.625, 8.75], "rotation": 270, "texture": "#1"},
				"up": {"uv": [2.5, 8.375, 2.875, 8.75], "texture": "#1"},
				"down": {"uv": [2.875, 8.375, 2.5, 8.75], "rotation": 180, "texture": "#1"}
			}
		},
		{
			"from": [6.2, 4.9, 7.975],
			"to": [6.575, 5.325, 8.35],
			"faces": {
				"north": {"uv": [2.875, 9.375, 2.5, 9.5], "texture": "#1"},
				"east": {"uv": [2.75, 9.375, 2.875, 9.75], "rotation": 90, "texture": "#1"},
				"south": {"uv": [2.5, 9.625, 2.875, 9.75], "texture": "#1"},
				"west": {"uv": [2.5, 9.375, 2.625, 9.75], "rotation": 270, "texture": "#1"},
				"up": {"uv": [2.5, 9.375, 2.875, 9.75], "texture": "#1"},
				"down": {"uv": [2.875, 9.375, 2.5, 9.75], "rotation": 180, "texture": "#1"}
			}
		},
		{
			"from": [5.7, 4.9, 7.475],
			"to": [5.825, 5.325, 7.85],
			"faces": {
				"north": {"uv": [2.125, 8.875, 2, 9], "texture": "#1"},
				"east": {"uv": [2, 8.875, 2.125, 9.25], "rotation": 90, "texture": "#1"},
				"south": {"uv": [2, 9.125, 2.125, 9.25], "texture": "#1"},
				"west": {"uv": [2, 8.875, 2.125, 9.25], "rotation": 270, "texture": "#1"},
				"up": {"uv": [2, 8.875, 2.125, 9.25], "texture": "#1"},
				"down": {"uv": [2.125, 8.875, 2, 9.25], "rotation": 180, "texture": "#1"}
			}
		},
		{
			"from": [6.075, 4.9, 7.85],
			"to": [6.2, 5.325, 8.225],
			"faces": {
				"north": {"uv": [2.5, 9.25, 2.375, 9.375], "texture": "#1"},
				"east": {"uv": [2.375, 9.25, 2.5, 9.625], "rotation": 90, "texture": "#1"},
				"south": {"uv": [2.375, 9.5, 2.5, 9.625], "texture": "#1"},
				"west": {"uv": [2.375, 9.25, 2.5, 9.625], "rotation": 270, "texture": "#1"},
				"up": {"uv": [2.375, 9.25, 2.5, 9.625], "texture": "#1"},
				"down": {"uv": [2.5, 9.25, 2.375, 9.625], "rotation": 180, "texture": "#1"}
			}
		},
		{
			"from": [5.825, 4.9, 7.225],
			"to": [5.95, 5.325, 8.1],
			"faces": {
				"north": {"uv": [2.25, 8.625, 2.125, 8.75], "texture": "#1"},
				"east": {"uv": [2.125, 8.625, 2.25, 9.5], "rotation": 90, "texture": "#1"},
				"south": {"uv": [2.125, 9.375, 2.25, 9.5], "texture": "#1"},
				"west": {"uv": [2.125, 8.625, 2.25, 9.5], "rotation": 270, "texture": "#1"},
				"up": {"uv": [2.125, 8.625, 2.25, 9.5], "texture": "#1"},
				"down": {"uv": [2.25, 8.625, 2.125, 9.5], "rotation": 180, "texture": "#1"}
			}
		},
		{
			"from": [6.575, 4.9, 7.85],
			"to": [6.7, 5.325, 8.225],
			"faces": {
				"north": {"uv": [3, 9.25, 2.875, 9.375], "texture": "#1"},
				"east": {"uv": [2.875, 9.25, 3, 9.625], "rotation": 90, "texture": "#1"},
				"south": {"uv": [2.875, 9.5, 3, 9.625], "texture": "#1"},
				"west": {"uv": [2.875, 9.25, 3, 9.625], "rotation": 270, "texture": "#1"},
				"up": {"uv": [2.875, 9.25, 3, 9.625], "texture": "#1"},
				"down": {"uv": [3, 9.25, 2.875, 9.625], "rotation": 180, "texture": "#1"}
			}
		},
		{
			"from": [7.075, 5.325, 7.475],
			"to": [8.45, 5.825, 7.85],
			"faces": {
				"north": {"uv": [1.5, 15.25, 0.125, 15.75], "texture": "#1"},
				"east": {"uv": [1.375, 15.25, 1.5, 15.75], "texture": "#1"},
				"south": {"uv": [0.125, 15.25, 1.5, 15.75], "texture": "#1"},
				"west": {"uv": [0.125, 15.25, 0.25, 15.75], "texture": "#1"},
				"up": {"uv": [0.125, 15.25, 1.5, 15.375], "texture": "#1"},
				"down": {"uv": [0.125, 15.625, 1.5, 15.75], "texture": "#1"}
			}
		},
		{
			"from": [7.2, 5.825, 7.5],
			"to": [7.575, 13.325, 7.825],
			"faces": {
				"north": {"uv": [0.625, 7.75, 0.25, 15.25], "texture": "#1"},
				"east": {"uv": [0.5, 7.75, 0.625, 15.25], "texture": "#1"},
				"south": {"uv": [0.25, 7.75, 0.625, 15.25], "texture": "#1"},
				"west": {"uv": [0.25, 7.75, 0.375, 15.25], "texture": "#1"},
				"up": {"uv": [0.25, 7.75, 0.625, 7.875], "texture": "#1"},
				"down": {"uv": [0.25, 15.125, 0.625, 15.25], "texture": "#1"}
			}
		},
		{
			"from": [7.95, 5.825, 7.5],
			"to": [8.325, 13.325, 7.825],
			"faces": {
				"north": {"uv": [1.375, 7.75, 1, 15.25], "texture": "#1"},
				"east": {"uv": [1.25, 7.75, 1.375, 15.25], "texture": "#1"},
				"south": {"uv": [1, 7.75, 1.375, 15.25], "texture": "#1"},
				"west": {"uv": [1, 7.75, 1.125, 15.25], "texture": "#1"},
				"up": {"uv": [1, 7.75, 1.375, 7.875], "texture": "#1"},
				"down": {"uv": [1, 15.125, 1.375, 15.25], "texture": "#1"}
			}
		},
		{
			"from": [7.825, 13.325, 7.5],
			"to": [8.325, 13.7, 7.825],
			"faces": {
				"north": {"uv": [1.375, 7.375, 0.875, 7.75], "texture": "#1"},
				"east": {"uv": [1.25, 7.375, 1.375, 7.75], "texture": "#1"},
				"south": {"uv": [0.875, 7.375, 1.375, 7.75], "texture": "#1"},
				"west": {"uv": [0.875, 7.375, 1, 7.75], "texture": "#1"},
				"up": {"uv": [0.875, 7.375, 1.375, 7.5], "texture": "#1"},
				"down": {"uv": [0.875, 7.625, 1.375, 7.75], "texture": "#1"}
			}
		},
		{
			"from": [7.325, 13.7, 7.5],
			"to": [8.2, 14.575, 7.825],
			"faces": {
				"north": {"uv": [1.25, 6.5, 0.375, 7.375], "texture": "#1"},
				"east": {"uv": [1.125, 6.5, 1.25, 7.375], "texture": "#1"},
				"south": {"uv": [0.375, 6.5, 1.25, 7.375], "texture": "#1"},
				"west": {"uv": [0.375, 6.5, 0.5, 7.375], "texture": "#1"},
				"up": {"uv": [0.375, 6.5, 1.25, 6.625], "texture": "#1"},
				"down": {"uv": [0.375, 7.25, 1.25, 7.375], "texture": "#1"}
			}
		},
		{
			"from": [7.325, 14.575, 7.6],
			"to": [8.2, 15.325, 7.725],
			"faces": {
				"north": {"uv": [1.25, 5.75, 0.375, 6.5], "texture": "#1"},
				"east": {"uv": [1.125, 5.75, 1.25, 6.5], "texture": "#1"},
				"south": {"uv": [0.375, 5.75, 1.25, 6.5], "texture": "#1"},
				"west": {"uv": [0.375, 5.75, 0.5, 6.5], "texture": "#1"},
				"up": {"uv": [0.375, 5.75, 1.25, 5.875], "texture": "#1"},
				"down": {"uv": [0.375, 6.375, 1.25, 6.5], "texture": "#1"}
			}
		},
		{
			"from": [7.45, 14.575, 7.5],
			"to": [8.075, 15.325, 7.825],
			"faces": {
				"north": {"uv": [1.125, 5.75, 0.5, 6.5], "texture": "#1"},
				"east": {"uv": [1, 5.75, 1.125, 6.5], "texture": "#1"},
				"south": {"uv": [0.5, 5.75, 1.125, 6.5], "texture": "#1"},
				"west": {"uv": [0.5, 5.75, 0.625, 6.5], "texture": "#1"},
				"up": {"uv": [0.5, 5.75, 1.125, 5.875], "texture": "#1"},
				"down": {"uv": [0.5, 6.375, 1.125, 6.5], "texture": "#1"}
			}
		},
		{
			"from": [7.45, 15.325, 7.6],
			"to": [8.075, 15.825, 7.725],
			"faces": {
				"north": {"uv": [1.125, 5.25, 0.5, 5.75], "texture": "#1"},
				"east": {"uv": [1, 5.25, 1.125, 5.75], "texture": "#1"},
				"south": {"uv": [0.5, 5.25, 1.125, 5.75], "texture": "#1"},
				"west": {"uv": [0.5, 5.25, 0.625, 5.75], "texture": "#1"},
				"up": {"uv": [0.5, 5.25, 1.125, 5.375], "texture": "#1"},
				"down": {"uv": [0.5, 5.625, 1.125, 5.75], "texture": "#1"}
			}
		},
		{
			"from": [7.575, 15.325, 7.5],
			"to": [7.95, 15.825, 7.825],
			"faces": {
				"north": {"uv": [1, 5.25, 0.625, 5.75], "texture": "#1"},
				"east": {"uv": [0.875, 5.25, 1, 5.75], "texture": "#1"},
				"south": {"uv": [0.625, 5.25, 1, 5.75], "texture": "#1"},
				"west": {"uv": [0.625, 5.25, 0.75, 5.75], "texture": "#1"},
				"up": {"uv": [0.625, 5.25, 1, 5.375], "texture": "#1"},
				"down": {"uv": [0.625, 5.625, 1, 5.75], "texture": "#1"}
			}
		},
		{
			"from": [7.575, 15.825, 7.6],
			"to": [7.95, 16.2, 7.725],
			"faces": {
				"north": {"uv": [1, 4.875, 0.625, 5.25], "texture": "#1"},
				"east": {"uv": [0.875, 4.875, 1, 5.25], "texture": "#1"},
				"south": {"uv": [0.625, 4.875, 1, 5.25], "texture": "#1"},
				"west": {"uv": [0.625, 4.875, 0.75, 5.25], "texture": "#1"},
				"up": {"uv": [0.625, 4.875, 1, 5], "texture": "#1"},
				"down": {"uv": [0.625, 5.125, 1, 5.25], "texture": "#1"}
			}
		},
		{
			"from": [7.7, 16.2, 7.6],
			"to": [7.825, 16.575, 7.725],
			"faces": {
				"north": {"uv": [0.875, 4.625, 0.75, 4.875], "texture": "#1"},
				"east": {"uv": [0.75, 4.625, 0.875, 4.875], "texture": "#1"},
				"south": {"uv": [0.75, 4.625, 0.875, 4.875], "texture": "#1"},
				"west": {"uv": [0.75, 4.625, 0.875, 4.875], "texture": "#1"},
				"up": {"uv": [0.75, 4.625, 0.875, 4.75], "texture": "#1"},
				"down": {"uv": [0.75, 4.75, 0.875, 4.875], "texture": "#1"}
			}
		},
		{
			"from": [7.7, 15.825, 7.5],
			"to": [7.825, 16.2, 7.825],
			"faces": {
				"north": {"uv": [0.875, 4.875, 0.75, 5.25], "texture": "#1"},
				"east": {"uv": [0.75, 4.875, 0.875, 5.25], "texture": "#1"},
				"south": {"uv": [0.75, 4.875, 0.875, 5.25], "texture": "#1"},
				"west": {"uv": [0.75, 4.875, 0.875, 5.25], "texture": "#1"},
				"up": {"uv": [0.75, 4.875, 0.875, 5], "texture": "#1"},
				"down": {"uv": [0.75, 5.125, 0.875, 5.25], "texture": "#1"}
			}
		},
		{
			"from": [7.2, 13.325, 7.5],
			"to": [7.7, 13.7, 7.825],
			"faces": {
				"north": {"uv": [0.75, 7.375, 0.25, 7.75], "texture": "#1"},
				"east": {"uv": [0.625, 7.375, 0.75, 7.75], "texture": "#1"},
				"south": {"uv": [0.25, 7.375, 0.75, 7.75], "texture": "#1"},
				"west": {"uv": [0.25, 7.375, 0.375, 7.75], "texture": "#1"},
				"up": {"uv": [0.25, 7.375, 0.75, 7.5], "texture": "#1"},
				"down": {"uv": [0.25, 7.625, 0.75, 7.75], "texture": "#1"}
			}
		},
		{
			"from": [7.075, 5.825, 7.6],
			"to": [8.45, 13.7, 7.725],
			"faces": {
				"north": {"uv": [1.5, 7.375, 0.125, 15.25], "texture": "#1"},
				"east": {"uv": [1.375, 7.375, 1.5, 15.25], "texture": "#1"},
				"south": {"uv": [0.125, 7.375, 1.5, 15.25], "texture": "#1"},
				"west": {"uv": [0.125, 7.375, 0.25, 15.25], "texture": "#1"},
				"up": {"uv": [0.125, 7.375, 1.5, 7.5], "texture": "#1"},
				"down": {"uv": [0.125, 15.125, 1.5, 15.25], "texture": "#1"}
			}
		},
		{
			"from": [7.2, 13.7, 7.6],
			"to": [8.325, 14.575, 7.725],
			"faces": {
				"north": {"uv": [1.375, 6.5, 0.25, 7.375], "texture": "#1"},
				"east": {"uv": [1.25, 6.5, 1.375, 7.375], "texture": "#1"},
				"south": {"uv": [0.25, 6.5, 1.375, 7.375], "texture": "#1"},
				"west": {"uv": [0.25, 6.5, 0.375, 7.375], "texture": "#1"},
				"up": {"uv": [0.25, 6.5, 1.375, 6.625], "texture": "#1"},
				"down": {"uv": [0.25, 7.25, 1.375, 7.375], "texture": "#1"}
			}
		},
		{
			"from": [7.2, -0.725, 7.325],
			"to": [8.325, 0.025, 7.95],
			"rotation": {"angle": 0, "axis": "y", "origin": [8.675, 31.3, 15.925]},
			"faces": {
				"north": {"uv": [4.75, 14.75, 3.625, 15.5], "texture": "#1"},
				"east": {"uv": [4.625, 14.75, 4.75, 15.5], "texture": "#1"},
				"south": {"uv": [3.625, 14.75, 4.75, 15.5], "texture": "#1"},
				"west": {"uv": [3.625, 14.75, 3.75, 15.5], "texture": "#1"},
				"up": {"uv": [3.625, 14.75, 4.75, 14.875], "texture": "#1"},
				"down": {"uv": [3.625, 15.375, 4.75, 15.5], "texture": "#1"}
			}
		},
		{
			"from": [8.325, -0.6, 7.325],
			"to": [8.45, -0.225, 7.95],
			"rotation": {"angle": 0, "axis": "y", "origin": [8.675, 31.3, 15.925]},
			"faces": {
				"north": {"uv": [4.875, 15, 4.75, 15.375], "texture": "#1"},
				"east": {"uv": [4.75, 15, 4.875, 15.375], "texture": "#1"},
				"south": {"uv": [4.75, 15, 4.875, 15.375], "texture": "#1"},
				"west": {"uv": [4.75, 15, 4.875, 15.375], "texture": "#1"},
				"up": {"uv": [4.75, 15, 4.875, 15.125], "texture": "#1"},
				"down": {"uv": [4.75, 15.25, 4.875, 15.375], "texture": "#1"}
			}
		},
		{
			"from": [7.325, -0.6, 7.225],
			"to": [7.575, -0.35, 8.05],
			"rotation": {"angle": 0, "axis": "y", "origin": [8.675, 31.3, 15.925]},
			"faces": {
				"north": {"uv": [4, 15.125, 3.75, 15.375], "texture": "#1"},
				"east": {"uv": [3.875, 15.125, 4, 15.375], "texture": "#1"},
				"south": {"uv": [3.75, 15.125, 4, 15.375], "texture": "#1"},
				"west": {"uv": [3.75, 15.125, 3.875, 15.375], "texture": "#1"},
				"up": {"uv": [3.75, 15.125, 4, 15.25], "texture": "#1"},
				"down": {"uv": [3.75, 15.25, 4, 15.375], "texture": "#1"}
			}
		},
		{
			"from": [7.2, 1.025, 7.325],
			"to": [8.325, 4.9, 7.95],
			"rotation": {"angle": 0, "axis": "y", "origin": [8.675, 31.3, 15.925]},
			"faces": {
				"north": {"uv": [4.75, 9.625, 3.625, 13.5], "texture": "#1"},
				"east": {"uv": [4.75, 9.625, 5.375, 13.5], "texture": "#1"},
				"south": {"uv": [3.625, 9.625, 4.75, 13.5], "texture": "#1"},
				"west": {"uv": [3, 9.625, 3.625, 13.5], "texture": "#1"}
			}
		},
		{
			"from": [7.2, 0.025, 7.325],
			"to": [8.325, 1.025, 7.95],
			"rotation": {"angle": 0, "axis": "y", "origin": [8.675, 31.3, 15.925]},
			"faces": {
				"north": {"uv": [4.75, 13.5, 3.625, 14.75], "texture": "#1"},
				"east": {"uv": [4.75, 13.5, 5.375, 14.75], "texture": "#1"},
				"south": {"uv": [3.625, 13.5, 4.75, 14.75], "texture": "#1"},
				"west": {"uv": [3, 13.5, 3.625, 14.75], "texture": "#1"}
			}
		}
	],
	"gui_light": "front",
	"display": {
		"thirdperson_righthand": {
			"rotation": [0, -90, 0],
			"translation": [-0.75, 2.75, 1.25],
			"scale": [0.9, 0.9, 0.9]
		},
		"thirdperson_lefthand": {
			"rotation": [0, 90, 0],
			"translation": [0, 2.75, 1.25],
			"scale": [0.9, 0.9, 0.9]
		},
		"firstperson_righthand": {
			"rotation": [55, -90, 60],
			"translation": [-1.25, 4.5, 1.5],
			"scale": [0.8, 0.8, 0.8]
		},
		"firstperson_lefthand": {
			"rotation": [-65, 90, 60],
			"translation": [-0.75, 4.5, 1.5],
			"scale": [0.8, 0.8, 0.8]
		},
		"ground": {
			"rotation": [-45, -90, 0],
			"translation": [0, 1.5, 0],
			"scale": [0.55, 0.55, 0.55]
		},
		"gui": {
			"rotation": [-180, 0, -135],
			"translation": [-0.25, 0.25, 0],
			"scale": [1.1, 1.1, 1.1]
		},
		"head": {
			"translation": [0, 9.75, 0]
		},
		"fixed": {
			"rotation": [-180, -180, -135],
			"translation": [0.25, 0, 0],
			"scale": [1.1, 1.1, 1.1]
		}
	}
}