{
	"credit": "Made with Blockbench",
	"textures": {
		"0": "./tomahawk",
		"particle": "./tomahawk"
	},
	"elements": [
		{
			"from": [7, 11.85, 7.375],
			"to": [7.375, 12.6, 7.65],
			"faces": {
				"north": {"uv": [8.125, 4.875, 7.75, 5.625], "texture": "#0"},
				"east": {"uv": [8, 4.875, 8.125, 5.625], "texture": "#0"},
				"south": {"uv": [7.75, 4.875, 8.125, 5.625], "texture": "#0"},
				"west": {"uv": [7.75, 4.875, 7.875, 5.625], "texture": "#0"},
				"up": {"uv": [7.75, 5, 8.125, 4.875], "texture": "#0"},
				"down": {"uv": [7.75, 5.625, 8.125, 5.5], "texture": "#0"}
			}
		},
		{
			"from": [6.875, 11.725, 7.375],
			"to": [7, 12.6, 7.65],
			"faces": {
				"north": {"uv": [7.75, 4.875, 7.625, 5.75], "texture": "#0"},
				"east": {"uv": [7.625, 4.875, 7.75, 5.75], "texture": "#0"},
				"south": {"uv": [7.625, 4.875, 7.75, 5.75], "texture": "#0"},
				"west": {"uv": [7.625, 4.875, 7.75, 5.75], "texture": "#0"},
				"up": {"uv": [7.625, 5, 7.75, 4.875], "texture": "#0"},
				"down": {"uv": [7.625, 5.75, 7.75, 5.625], "texture": "#0"}
			}
		},
		{
			"from": [6.75, 11.725, 7.375],
			"to": [6.875, 12.725, 7.65],
			"faces": {
				"north": {"uv": [7.625, 4.75, 7.5, 5.75], "texture": "#0"},
				"east": {"uv": [7.5, 4.75, 7.625, 5.75], "texture": "#0"},
				"south": {"uv": [7.5, 4.75, 7.625, 5.75], "texture": "#0"},
				"west": {"uv": [7.5, 4.75, 7.625, 5.75], "texture": "#0"},
				"up": {"uv": [7.5, 4.875, 7.625, 4.75], "texture": "#0"},
				"down": {"uv": [7.5, 5.75, 7.625, 5.625], "texture": "#0"}
			}
		},
		{
			"from": [6.625, 11.6, 7.375],
			"to": [6.75, 12.725, 7.65],
			"faces": {
				"north": {"uv": [7.5, 4.75, 7.375, 5.875], "texture": "#0"},
				"east": {"uv": [7.375, 4.75, 7.5, 5.875], "texture": "#0"},
				"south": {"uv": [7.375, 4.75, 7.5, 5.875], "texture": "#0"},
				"west": {"uv": [7.375, 4.75, 7.5, 5.875], "texture": "#0"},
				"up": {"uv": [7.375, 4.875, 7.5, 4.75], "texture": "#0"},
				"down": {"uv": [7.375, 5.875, 7.5, 5.75], "texture": "#0"}
			}
		},
		{
			"from": [6.5, 11.35, 7.375],
			"to": [6.625, 12.725, 7.65],
			"faces": {
				"north": {"uv": [7.375, 4.75, 7.25, 6.125], "texture": "#0"},
				"east": {"uv": [7.25, 4.75, 7.375, 6.125], "texture": "#0"},
				"south": {"uv": [7.25, 4.75, 7.375, 6.125], "texture": "#0"},
				"west": {"uv": [7.25, 4.75, 7.375, 6.125], "texture": "#0"},
				"up": {"uv": [7.25, 4.875, 7.375, 4.75], "texture": "#0"},
				"down": {"uv": [7.25, 6.125, 7.375, 6], "texture": "#0"}
			}
		},
		{
			"from": [6.375, 10.975, 7.375],
			"to": [6.5, 12.725, 7.65],
			"faces": {
				"north": {"uv": [7.25, 4.75, 7.125, 6.5], "texture": "#0"},
				"east": {"uv": [7.125, 4.75, 7.25, 6.5], "texture": "#0"},
				"south": {"uv": [7.125, 4.75, 7.25, 6.5], "texture": "#0"},
				"west": {"uv": [7.125, 4.75, 7.25, 6.5], "texture": "#0"},
				"up": {"uv": [7.125, 4.875, 7.25, 4.75], "texture": "#0"},
				"down": {"uv": [7.125, 6.5, 7.25, 6.375], "texture": "#0"}
			}
		},
		{
			"from": [6.25, 10.85, 7.375],
			"to": [6.375, 12.725, 7.65],
			"faces": {
				"north": {"uv": [7.125, 4.75, 7, 6.625], "texture": "#0"},
				"east": {"uv": [7, 4.75, 7.125, 6.625], "texture": "#0"},
				"south": {"uv": [7, 4.75, 7.125, 6.625], "texture": "#0"},
				"west": {"uv": [7, 4.75, 7.125, 6.625], "texture": "#0"},
				"up": {"uv": [7, 4.875, 7.125, 4.75], "texture": "#0"},
				"down": {"uv": [7, 6.625, 7.125, 6.5], "texture": "#0"}
			}
		},
		{
			"from": [6.125, 11.1, 7.375],
			"to": [6.25, 12.85, 7.65],
			"faces": {
				"north": {"uv": [7, 4.625, 6.875, 6.375], "texture": "#0"},
				"east": {"uv": [6.875, 4.625, 7, 6.375], "texture": "#0"},
				"south": {"uv": [6.875, 4.625, 7, 6.375], "texture": "#0"},
				"west": {"uv": [6.875, 4.625, 7, 6.375], "texture": "#0"},
				"up": {"uv": [6.875, 4.75, 7, 4.625], "texture": "#0"},
				"down": {"uv": [6.875, 6.375, 7, 6.25], "texture": "#0"}
			}
		},
		{
			"from": [5.875, 11.725, 7.375],
			"to": [6, 12.85, 7.65],
			"faces": {
				"north": {"uv": [6.75, 4.625, 6.625, 5.75], "texture": "#0"},
				"east": {"uv": [6.625, 4.625, 6.75, 5.75], "texture": "#0"},
				"south": {"uv": [6.625, 4.625, 6.75, 5.75], "texture": "#0"},
				"west": {"uv": [6.625, 4.625, 6.75, 5.75], "texture": "#0"},
				"up": {"uv": [6.625, 4.75, 6.75, 4.625], "texture": "#0"},
				"down": {"uv": [6.625, 5.75, 6.75, 5.625], "texture": "#0"}
			}
		},
		{
			"from": [5.75, 12.225, 7.375],
			"to": [5.875, 12.85, 7.65],
			"faces": {
				"north": {"uv": [6.625, 4.625, 6.5, 5.25], "texture": "#0"},
				"east": {"uv": [6.5, 4.625, 6.625, 5.25], "texture": "#0"},
				"south": {"uv": [6.5, 4.625, 6.625, 5.25], "texture": "#0"},
				"west": {"uv": [6.5, 4.625, 6.625, 5.25], "texture": "#0"},
				"up": {"uv": [6.5, 4.75, 6.625, 4.625], "texture": "#0"},
				"down": {"uv": [6.5, 5.25, 6.625, 5.125], "texture": "#0"}
			}
		},
		{
			"from": [6, 11.35, 7.375],
			"to": [6.125, 12.85, 7.65],
			"faces": {
				"north": {"uv": [6.875, 4.625, 6.75, 6.125], "texture": "#0"},
				"east": {"uv": [6.75, 4.625, 6.875, 6.125], "texture": "#0"},
				"south": {"uv": [6.75, 4.625, 6.875, 6.125], "texture": "#0"},
				"west": {"uv": [6.75, 4.625, 6.875, 6.125], "texture": "#0"},
				"up": {"uv": [6.75, 4.75, 6.875, 4.625], "texture": "#0"},
				"down": {"uv": [6.75, 6.125, 6.875, 6], "texture": "#0"}
			}
		},
		{
			"from": [8.35, 12.1, 7.375],
			"to": [8.475, 12.475, 7.65],
			"faces": {
				"north": {"uv": [11.625, 5, 11.5, 5.375], "texture": "#0"},
				"east": {"uv": [11.5, 5, 11.625, 5.375], "texture": "#0"},
				"south": {"uv": [11.5, 5, 11.625, 5.375], "texture": "#0"},
				"west": {"uv": [11.5, 5, 11.625, 5.375], "texture": "#0"},
				"up": {"uv": [11.5, 5.125, 11.625, 5], "texture": "#0"},
				"down": {"uv": [11.5, 5.375, 11.625, 5.25], "texture": "#0"}
			}
		},
		{
			"from": [8.475, 11.975, 7.45],
			"to": [8.725, 12.475, 7.575],
			"faces": {
				"north": {"uv": [11.875, 5, 11.625, 5.5], "texture": "#0"},
				"east": {"uv": [11.75, 5, 11.875, 5.5], "texture": "#0"},
				"south": {"uv": [11.625, 5, 11.875, 5.5], "texture": "#0"},
				"west": {"uv": [11.625, 5, 11.75, 5.5], "texture": "#0"},
				"up": {"uv": [11.625, 5.125, 11.875, 5], "texture": "#0"},
				"down": {"uv": [11.625, 5.5, 11.875, 5.375], "texture": "#0"}
			}
		},
		{
			"from": [8.725, 11.975, 7.375],
			"to": [8.975, 12.225, 7.65],
			"faces": {
				"north": {"uv": [12.125, 5.25, 11.875, 5.5], "texture": "#0"},
				"east": {"uv": [12, 5.25, 12.125, 5.5], "texture": "#0"},
				"south": {"uv": [11.875, 5.25, 12.125, 5.5], "texture": "#0"},
				"west": {"uv": [11.875, 5.25, 12, 5.5], "texture": "#0"},
				"up": {"uv": [11.875, 5.375, 12.125, 5.25], "texture": "#0"},
				"down": {"uv": [11.875, 5.5, 12.125, 5.375], "texture": "#0"}
			}
		},
		{
			"from": [8.975, 11.85, 7.45],
			"to": [9.225, 12.225, 7.575],
			"faces": {
				"north": {"uv": [12.375, 5.25, 12.125, 5.625], "texture": "#0"},
				"east": {"uv": [12.25, 5.25, 12.375, 5.625], "texture": "#0"},
				"south": {"uv": [12.125, 5.25, 12.375, 5.625], "texture": "#0"},
				"west": {"uv": [12.125, 5.25, 12.25, 5.625], "texture": "#0"},
				"up": {"uv": [12.125, 5.375, 12.375, 5.25], "texture": "#0"},
				"down": {"uv": [12.125, 5.625, 12.375, 5.5], "texture": "#0"}
			}
		},
		{
			"from": [8.975, 11.975, 7.375],
			"to": [9.225, 12.1, 7.65],
			"faces": {
				"north": {"uv": [12.375, 5.375, 12.125, 5.5], "texture": "#0"},
				"east": {"uv": [12.25, 5.375, 12.375, 5.5], "texture": "#0"},
				"south": {"uv": [12.125, 5.375, 12.375, 5.5], "texture": "#0"},
				"west": {"uv": [12.125, 5.375, 12.25, 5.5], "texture": "#0"},
				"up": {"uv": [12.125, 5.5, 12.375, 5.375], "texture": "#0"},
				"down": {"uv": [12.125, 5.5, 12.375, 5.375], "texture": "#0"}
			}
		},
		{
			"from": [8.725, 11.85, 7.45],
			"to": [8.975, 12.35, 7.575],
			"faces": {
				"north": {"uv": [12.125, 5.125, 11.875, 5.625], "texture": "#0"},
				"east": {"uv": [12, 5.125, 12.125, 5.625], "texture": "#0"},
				"south": {"uv": [11.875, 5.125, 12.125, 5.625], "texture": "#0"},
				"west": {"uv": [11.875, 5.125, 12, 5.625], "texture": "#0"},
				"up": {"uv": [11.875, 5.25, 12.125, 5.125], "texture": "#0"},
				"down": {"uv": [11.875, 5.625, 12.125, 5.5], "texture": "#0"}
			}
		},
		{
			"from": [8.475, 12.1, 7.375],
			"to": [8.725, 12.35, 7.65],
			"faces": {
				"north": {"uv": [11.875, 5.125, 11.625, 5.375], "texture": "#0"},
				"east": {"uv": [11.75, 5.125, 11.875, 5.375], "texture": "#0"},
				"south": {"uv": [11.625, 5.125, 11.875, 5.375], "texture": "#0"},
				"west": {"uv": [11.625, 5.125, 11.75, 5.375], "texture": "#0"},
				"up": {"uv": [11.625, 5.25, 11.875, 5.125], "texture": "#0"},
				"down": {"uv": [11.625, 5.375, 11.875, 5.25], "texture": "#0"}
			}
		},
		{
			"from": [8.1, 11.85, 7.45],
			"to": [8.35, 12.6, 7.575],
			"faces": {
				"north": {"uv": [11.5, 4.875, 11.25, 5.625], "texture": "#0"},
				"east": {"uv": [11.375, 4.875, 11.5, 5.625], "texture": "#0"},
				"south": {"uv": [11.25, 4.875, 11.5, 5.625], "texture": "#0"},
				"west": {"uv": [11.25, 4.875, 11.375, 5.625], "texture": "#0"},
				"up": {"uv": [11.25, 5, 11.5, 4.875], "texture": "#0"},
				"down": {"uv": [11.25, 5.625, 11.5, 5.5], "texture": "#0"}
			}
		},
		{
			"from": [9.225, 11.85, 7.375],
			"to": [9.35, 11.975, 7.65],
			"faces": {
				"north": {"uv": [12.5, 5.5, 12.375, 5.625], "texture": "#0"},
				"east": {"uv": [12.375, 5.5, 12.5, 5.625], "texture": "#0"},
				"south": {"uv": [12.375, 5.5, 12.5, 5.625], "texture": "#0"},
				"west": {"uv": [12.375, 5.5, 12.5, 5.625], "texture": "#0"},
				"up": {"uv": [12.375, 5.625, 12.5, 5.5], "texture": "#0"},
				"down": {"uv": [12.375, 5.625, 12.5, 5.5], "texture": "#0"}
			}
		},
		{
			"from": [9.225, 11.725, 7.45],
			"to": [9.35, 12.1, 7.575],
			"faces": {
				"north": {"uv": [12.5, 5.375, 12.375, 5.75], "texture": "#0"},
				"east": {"uv": [12.375, 5.375, 12.5, 5.75], "texture": "#0"},
				"south": {"uv": [12.375, 5.375, 12.5, 5.75], "texture": "#0"},
				"west": {"uv": [12.375, 5.375, 12.5, 5.75], "texture": "#0"},
				"up": {"uv": [12.375, 5.5, 12.5, 5.375], "texture": "#0"},
				"down": {"uv": [12.375, 5.75, 12.5, 5.625], "texture": "#0"}
			}
		},
		{
			"from": [9.35, 11.725, 7.45],
			"to": [9.475, 11.975, 7.575],
			"faces": {
				"north": {"uv": [12.625, 5.5, 12.5, 5.75], "texture": "#0"},
				"east": {"uv": [12.5, 5.5, 12.625, 5.75], "texture": "#0"},
				"south": {"uv": [12.5, 5.5, 12.625, 5.75], "texture": "#0"},
				"west": {"uv": [12.5, 5.5, 12.625, 5.75], "texture": "#0"},
				"up": {"uv": [12.5, 5.625, 12.625, 5.5], "texture": "#0"},
				"down": {"uv": [12.5, 5.75, 12.625, 5.625], "texture": "#0"}
			}
		},
		{
			"from": [9.475, 11.725, 7.45],
			"to": [9.625, 11.85, 7.575],
			"faces": {
				"north": {"uv": [12.75, 5.625, 12.625, 5.75], "texture": "#0"},
				"east": {"uv": [12.625, 5.625, 12.75, 5.75], "texture": "#0"},
				"south": {"uv": [12.625, 5.625, 12.75, 5.75], "texture": "#0"},
				"west": {"uv": [12.625, 5.625, 12.75, 5.75], "texture": "#0"},
				"up": {"uv": [12.625, 5.75, 12.75, 5.625], "texture": "#0"},
				"down": {"uv": [12.625, 5.75, 12.75, 5.625], "texture": "#0"}
			}
		},
		{
			"from": [8.1, 11.975, 7.375],
			"to": [8.35, 12.475, 7.65],
			"faces": {
				"north": {"uv": [11.5, 5, 11.25, 5.5], "texture": "#0"},
				"east": {"uv": [11.375, 5, 11.5, 5.5], "texture": "#0"},
				"south": {"uv": [11.25, 5, 11.5, 5.5], "texture": "#0"},
				"west": {"uv": [11.25, 5, 11.375, 5.5], "texture": "#0"},
				"up": {"uv": [11.25, 5.125, 11.5, 5], "texture": "#0"},
				"down": {"uv": [11.25, 5.5, 11.5, 5.375], "texture": "#0"}
			}
		},
		{
			"from": [8.35, 11.975, 7.45],
			"to": [8.475, 12.6, 7.575],
			"faces": {
				"north": {"uv": [11.625, 4.875, 11.5, 5.5], "texture": "#0"},
				"east": {"uv": [11.5, 4.875, 11.625, 5.5], "texture": "#0"},
				"south": {"uv": [11.5, 4.875, 11.625, 5.5], "texture": "#0"},
				"west": {"uv": [11.5, 4.875, 11.625, 5.5], "texture": "#0"},
				"up": {"uv": [11.5, 5, 11.625, 4.875], "texture": "#0"},
				"down": {"uv": [11.5, 5.5, 11.625, 5.375], "texture": "#0"}
			}
		},
		{
			"from": [5.5, 11.725, 7.45],
			"to": [5.875, 12.225, 7.575],
			"faces": {
				"north": {"uv": [6.625, 5.25, 6.25, 5.75], "texture": "#0"},
				"east": {"uv": [6.5, 5.25, 6.625, 5.75], "texture": "#0"},
				"south": {"uv": [6.25, 5.25, 6.625, 5.75], "texture": "#0"},
				"west": {"uv": [6.25, 5.25, 6.375, 5.75], "texture": "#0"},
				"up": {"uv": [6.25, 5.375, 6.625, 5.25], "texture": "#0"},
				"down": {"uv": [6.25, 5.75, 6.625, 5.625], "texture": "#0"}
			}
		},
		{
			"from": [5.375, 12.225, 7.45],
			"to": [5.75, 12.85, 7.575],
			"faces": {
				"north": {"uv": [6.5, 4.625, 6.125, 5.25], "texture": "#0"},
				"east": {"uv": [6.375, 4.625, 6.5, 5.25], "texture": "#0"},
				"south": {"uv": [6.125, 4.625, 6.5, 5.25], "texture": "#0"},
				"west": {"uv": [6.125, 4.625, 6.25, 5.25], "texture": "#0"},
				"up": {"uv": [6.125, 4.75, 6.5, 4.625], "texture": "#0"},
				"down": {"uv": [6.125, 5.25, 6.5, 5.125], "texture": "#0"}
			}
		},
		{
			"from": [5.625, 11.35, 7.45],
			"to": [6, 11.725, 7.575],
			"faces": {
				"north": {"uv": [6.75, 5.75, 6.375, 6.125], "texture": "#0"},
				"east": {"uv": [6.625, 5.75, 6.75, 6.125], "texture": "#0"},
				"south": {"uv": [6.375, 5.75, 6.75, 6.125], "texture": "#0"},
				"west": {"uv": [6.375, 5.75, 6.5, 6.125], "texture": "#0"},
				"up": {"uv": [6.375, 5.875, 6.75, 5.75], "texture": "#0"},
				"down": {"uv": [6.375, 6.125, 6.75, 6], "texture": "#0"}
			}
		},
		{
			"from": [5.75, 11.1, 7.45],
			"to": [6.125, 11.35, 7.575],
			"faces": {
				"north": {"uv": [6.875, 6.125, 6.5, 6.375], "texture": "#0"},
				"east": {"uv": [6.75, 6.125, 6.875, 6.375], "texture": "#0"},
				"south": {"uv": [6.5, 6.125, 6.875, 6.375], "texture": "#0"},
				"west": {"uv": [6.5, 6.125, 6.625, 6.375], "texture": "#0"},
				"up": {"uv": [6.5, 6.25, 6.875, 6.125], "texture": "#0"},
				"down": {"uv": [6.5, 6.375, 6.875, 6.25], "texture": "#0"}
			}
		},
		{
			"from": [5.875, 10.85, 7.45],
			"to": [6.25, 11.1, 7.575],
			"faces": {
				"north": {"uv": [7, 6.375, 6.625, 6.625], "texture": "#0"},
				"east": {"uv": [6.875, 6.375, 7, 6.625], "texture": "#0"},
				"south": {"uv": [6.625, 6.375, 7, 6.625], "texture": "#0"},
				"west": {"uv": [6.625, 6.375, 6.75, 6.625], "texture": "#0"},
				"up": {"uv": [6.625, 6.5, 7, 6.375], "texture": "#0"},
				"down": {"uv": [6.625, 6.625, 7, 6.5], "texture": "#0"}
			}
		},
		{
			"from": [6, 10.725, 7.45],
			"to": [6.375, 10.85, 7.575],
			"faces": {
				"north": {"uv": [7.125, 6.625, 6.75, 6.75], "texture": "#0"},
				"east": {"uv": [7, 6.625, 7.125, 6.75], "texture": "#0"},
				"south": {"uv": [6.75, 6.625, 7.125, 6.75], "texture": "#0"},
				"west": {"uv": [6.75, 6.625, 6.875, 6.75], "texture": "#0"},
				"up": {"uv": [6.75, 6.75, 7.125, 6.625], "texture": "#0"},
				"down": {"uv": [6.75, 6.75, 7.125, 6.625], "texture": "#0"}
			}
		},
		{
			"from": [6.125, 10.6, 7.45],
			"to": [6.375, 10.725, 7.575],
			"faces": {
				"north": {"uv": [7.125, 6.75, 6.875, 6.875], "texture": "#0"},
				"east": {"uv": [7, 6.75, 7.125, 6.875], "texture": "#0"},
				"south": {"uv": [6.875, 6.75, 7.125, 6.875], "texture": "#0"},
				"west": {"uv": [6.875, 6.75, 7, 6.875], "texture": "#0"},
				"up": {"uv": [6.875, 6.875, 7.125, 6.75], "texture": "#0"},
				"down": {"uv": [6.875, 6.875, 7.125, 6.75], "texture": "#0"}
			}
		},
		{
			"from": [6.25, 10.475, 7.45],
			"to": [6.375, 10.6, 7.575],
			"faces": {
				"north": {"uv": [7.125, 6.875, 7, 7], "texture": "#0"},
				"east": {"uv": [7, 6.875, 7.125, 7], "texture": "#0"},
				"south": {"uv": [7, 6.875, 7.125, 7], "texture": "#0"},
				"west": {"uv": [7, 6.875, 7.125, 7], "texture": "#0"},
				"up": {"uv": [7, 7, 7.125, 6.875], "texture": "#0"},
				"down": {"uv": [7, 7, 7.125, 6.875], "texture": "#0"}
			}
		},
		{
			"from": [7.45, 4.35, 7.275],
			"to": [8.025, 12.85, 7.75],
			"faces": {
				"north": {"uv": [10, 4.625, 9.375, 13.125], "texture": "#0"},
				"east": {"uv": [10.5, 4.625, 11.125, 13.125], "texture": "#0"},
				"south": {"uv": [9.375, 4.625, 10, 13.125], "texture": "#0"},
				"west": {"uv": [8.25, 4.625, 8.875, 13.125], "texture": "#0"},
				"up": {"uv": [9.375, 4.625, 10, 4], "texture": "#0"},
				"down": {"uv": [9.375, 13.75, 10, 13.125], "texture": "#0"}
			}
		},
		{
			"from": [5.7, 8.225, 7.5],
			"to": [7.45, 10.35, 7.5],
			"rotation": {"angle": 0, "axis": "y", "origin": [-0.1, 0.75, -6.5]},
			"faces": {
				"north": {"uv": [8.25, 7.125, 6.5, 9.25], "texture": "#0"},
				"south": {"uv": [6.5, 7.125, 8.25, 9.25], "texture": "#0"}
			}
		},
		{
			"from": [7.375, 11.85, 7.175],
			"to": [8.1, 12.6, 7.85],
			"faces": {
				"north": {"uv": [10.125, 4.875, 9.25, 5.625], "texture": "#0"},
				"east": {"uv": [10.375, 4.875, 11.25, 5.625], "texture": "#0"},
				"south": {"uv": [9.25, 4.875, 10.125, 5.625], "texture": "#0"},
				"west": {"uv": [8.125, 4.875, 9, 5.625], "texture": "#0"},
				"up": {"uv": [9.25, 5, 10.125, 4.875], "texture": "#0"},
				"down": {"uv": [9.25, 5.625, 10.125, 5.5], "texture": "#0"}
			}
		}
	],
	"gui_light": "front",
	"display": {
		"thirdperson_righthand": {
			"rotation": [0, -90, 0],
			"translation": [-0.95, 2, 1.5],
			"scale": [1.8, 1.8, 1.8]
		},
		"thirdperson_lefthand": {
			"rotation": [0, 90, 0],
			"translation": [0.25, 2, 1.5],
			"scale": [1.8, 1.8, 1.8]
		},
		"firstperson_righthand": {
			"rotation": [55, -90, 60],
			"translation": [-1.75, 4.25, 1.75],
			"scale": [1.5, 1.5, 1.5]
		},
		"firstperson_lefthand": {
			"rotation": [-65, 90, 60],
			"translation": [-1, 4.25, 1.75],
			"scale": [1.5, 1.5, 1.5]
		},
		"ground": {
			"rotation": [-45, 90, 0],
			"translation": [0, 1.5, 0],
			"scale": [0.7, 0.7, 0.7]
		},
		"gui": {
			"rotation": [0, 0, -45],
			"translation": [-1.25, -2.75, 0],
			"scale": [2, 2, 2]
		},
		"head": {
			"translation": [0, 9.75, 0]
		},
		"fixed": {
			"rotation": [180, 0, 135],
			"translation": [1, -2.25, -0.25],
			"scale": [2, 2, 2]
		}
	}
}