{
	"credit": "Made with Blockbench",
	"textures": {
		"1": "./battle_axe"
	},
	"elements": [
		{
			"from": [6.975, 13.35, 7.3],
			"to": [7.35, 14.35, 7.725],
			"faces": {
				"north": {"uv": [6.25, 2.375, 5.875, 3.375], "texture": "#1"},
				"east": {"uv": [6.125, 2.375, 6.25, 3.375], "texture": "#1"},
				"south": {"uv": [5.875, 2.375, 6.25, 3.375], "texture": "#1"},
				"west": {"uv": [5.875, 2.375, 6, 3.375], "texture": "#1"},
				"up": {"uv": [5.875, 2.5, 6.25, 2.375], "texture": "#1"},
				"down": {"uv": [5.875, 3.375, 6.25, 3.25], "texture": "#1"}
			}
		},
		{
			"from": [8.175, 13.35, 7.3],
			"to": [8.55, 14.35, 7.725],
			"faces": {
				"north": {"uv": [11.25, 2.375, 10.875, 3.375], "texture": "#1"},
				"east": {"uv": [11.125, 2.375, 11.25, 3.375], "texture": "#1"},
				"south": {"uv": [10.875, 2.375, 11.25, 3.375], "texture": "#1"},
				"west": {"uv": [10.875, 2.375, 11, 3.375], "texture": "#1"},
				"up": {"uv": [10.875, 2.5, 11.25, 2.375], "texture": "#1"},
				"down": {"uv": [10.875, 3.375, 11.25, 3.25], "texture": "#1"}
			}
		},
		{
			"from": [4.475, 13.5, 7.45],
			"to": [4.85, 14.25, 7.575],
			"faces": {
				"north": {"uv": [3.75, 2.5, 3.375, 3.25], "texture": "#1"},
				"east": {"uv": [3.625, 2.5, 3.75, 3.25], "texture": "#1"},
				"south": {"uv": [3.375, 2.5, 3.75, 3.25], "texture": "#1"},
				"west": {"uv": [3.375, 2.5, 3.5, 3.25], "texture": "#1"},
				"up": {"uv": [3.375, 2.625, 3.75, 2.5], "texture": "#1"},
				"down": {"uv": [3.375, 3.25, 3.75, 3.125], "texture": "#1"}
			}
		},
		{
			"from": [4.6, 14.25, 7.45],
			"to": [4.975, 14.75, 7.575],
			"faces": {
				"north": {"uv": [3.875, 2, 3.5, 2.5], "texture": "#1"},
				"east": {"uv": [3.75, 2, 3.875, 2.5], "texture": "#1"},
				"south": {"uv": [3.5, 2, 3.875, 2.5], "texture": "#1"},
				"west": {"uv": [3.5, 2, 3.625, 2.5], "texture": "#1"},
				"up": {"uv": [3.5, 2.125, 3.875, 2], "texture": "#1"},
				"down": {"uv": [3.5, 2.5, 3.875, 2.375], "texture": "#1"}
			}
		},
		{
			"from": [4.725, 14.75, 7.45],
			"to": [5.1, 15.125, 7.575],
			"faces": {
				"north": {"uv": [4, 1.625, 3.625, 2], "texture": "#1"},
				"east": {"uv": [3.875, 1.625, 4, 2], "texture": "#1"},
				"south": {"uv": [3.625, 1.625, 4, 2], "texture": "#1"},
				"west": {"uv": [3.625, 1.625, 3.75, 2], "texture": "#1"},
				"up": {"uv": [3.625, 1.75, 4, 1.625], "texture": "#1"},
				"down": {"uv": [3.625, 2, 4, 1.875], "texture": "#1"}
			}
		},
		{
			"from": [4.85, 15.125, 7.45],
			"to": [5.225, 15.375, 7.575],
			"faces": {
				"north": {"uv": [4.125, 1.375, 3.75, 1.625], "texture": "#1"},
				"east": {"uv": [4, 1.375, 4.125, 1.625], "texture": "#1"},
				"south": {"uv": [3.75, 1.375, 4.125, 1.625], "texture": "#1"},
				"west": {"uv": [3.75, 1.375, 3.875, 1.625], "texture": "#1"},
				"up": {"uv": [3.75, 1.5, 4.125, 1.375], "texture": "#1"},
				"down": {"uv": [3.75, 1.625, 4.125, 1.5], "texture": "#1"}
			}
		},
		{
			"from": [5.1, 15.625, 7.45],
			"to": [5.475, 15.875, 7.575],
			"faces": {
				"north": {"uv": [4.375, 0.875, 4, 1.125], "texture": "#1"},
				"east": {"uv": [4.25, 0.875, 4.375, 1.125], "texture": "#1"},
				"south": {"uv": [4, 0.875, 4.375, 1.125], "texture": "#1"},
				"west": {"uv": [4, 0.875, 4.125, 1.125], "texture": "#1"},
				"up": {"uv": [4, 1, 4.375, 0.875], "texture": "#1"},
				"down": {"uv": [4, 1.125, 4.375, 1], "texture": "#1"}
			}
		},
		{
			"from": [4.975, 15.375, 7.45],
			"to": [5.35, 15.625, 7.575],
			"faces": {
				"north": {"uv": [4.25, 1.125, 3.875, 1.375], "texture": "#1"},
				"east": {"uv": [4.125, 1.125, 4.25, 1.375], "texture": "#1"},
				"south": {"uv": [3.875, 1.125, 4.25, 1.375], "texture": "#1"},
				"west": {"uv": [3.875, 1.125, 4, 1.375], "texture": "#1"},
				"up": {"uv": [3.875, 1.25, 4.25, 1.125], "texture": "#1"},
				"down": {"uv": [3.875, 1.375, 4.25, 1.25], "texture": "#1"}
			}
		},
		{
			"from": [5.225, 15.875, 7.45],
			"to": [5.6, 16, 7.575],
			"faces": {
				"north": {"uv": [4.5, 0.75, 4.125, 0.875], "texture": "#1"},
				"east": {"uv": [4.375, 0.75, 4.5, 0.875], "texture": "#1"},
				"south": {"uv": [4.125, 0.75, 4.5, 0.875], "texture": "#1"},
				"west": {"uv": [4.125, 0.75, 4.25, 0.875], "texture": "#1"},
				"up": {"uv": [4.125, 0.875, 4.5, 0.75], "texture": "#1"},
				"down": {"uv": [4.125, 0.875, 4.5, 0.75], "texture": "#1"}
			}
		},
		{
			"from": [5.35, 16, 7.45],
			"to": [5.725, 16.125, 7.575],
			"faces": {
				"north": {"uv": [4.625, 0.625, 4.25, 0.75], "texture": "#1"},
				"east": {"uv": [4.5, 0.625, 4.625, 0.75], "texture": "#1"},
				"south": {"uv": [4.25, 0.625, 4.625, 0.75], "texture": "#1"},
				"west": {"uv": [4.25, 0.625, 4.375, 0.75], "texture": "#1"},
				"up": {"uv": [4.25, 0.75, 4.625, 0.625], "texture": "#1"},
				"down": {"uv": [4.25, 0.75, 4.625, 0.625], "texture": "#1"}
			}
		},
		{
			"from": [5.475, 16.125, 7.45],
			"to": [5.725, 16.25, 7.575],
			"faces": {
				"north": {"uv": [4.625, 0.5, 4.375, 0.625], "texture": "#1"},
				"east": {"uv": [4.5, 0.5, 4.625, 0.625], "texture": "#1"},
				"south": {"uv": [4.375, 0.5, 4.625, 0.625], "texture": "#1"},
				"west": {"uv": [4.375, 0.5, 4.5, 0.625], "texture": "#1"},
				"up": {"uv": [4.375, 0.625, 4.625, 0.5], "texture": "#1"},
				"down": {"uv": [4.375, 0.625, 4.625, 0.5], "texture": "#1"}
			}
		},
		{
			"from": [5.6, 11.375, 7.45],
			"to": [5.725, 11.5, 7.575],
			"faces": {
				"north": {"uv": [4.625, 5.25, 4.5, 5.375], "texture": "#1"},
				"east": {"uv": [4.5, 5.25, 4.625, 5.375], "texture": "#1"},
				"south": {"uv": [4.5, 5.25, 4.625, 5.375], "texture": "#1"},
				"west": {"uv": [4.5, 5.25, 4.625, 5.375], "texture": "#1"},
				"up": {"uv": [4.5, 5.375, 4.625, 5.25], "texture": "#1"},
				"down": {"uv": [4.5, 5.375, 4.625, 5.25], "texture": "#1"}
			}
		},
		{
			"from": [5.35, 11.625, 7.45],
			"to": [5.725, 11.75, 7.575],
			"faces": {
				"north": {"uv": [4.625, 5, 4.25, 5.125], "texture": "#1"},
				"east": {"uv": [4.5, 5, 4.625, 5.125], "texture": "#1"},
				"south": {"uv": [4.25, 5, 4.625, 5.125], "texture": "#1"},
				"west": {"uv": [4.25, 5, 4.375, 5.125], "texture": "#1"},
				"up": {"uv": [4.25, 5.125, 4.625, 5], "texture": "#1"},
				"down": {"uv": [4.25, 5.125, 4.625, 5], "texture": "#1"}
			}
		},
		{
			"from": [5.225, 11.75, 7.45],
			"to": [5.6, 11.875, 7.575],
			"faces": {
				"north": {"uv": [4.5, 4.875, 4.125, 5], "texture": "#1"},
				"east": {"uv": [4.375, 4.875, 4.5, 5], "texture": "#1"},
				"south": {"uv": [4.125, 4.875, 4.5, 5], "texture": "#1"},
				"west": {"uv": [4.125, 4.875, 4.25, 5], "texture": "#1"},
				"up": {"uv": [4.125, 5, 4.5, 4.875], "texture": "#1"},
				"down": {"uv": [4.125, 5, 4.5, 4.875], "texture": "#1"}
			}
		},
		{
			"from": [4.975, 12.125, 7.45],
			"to": [5.35, 12.375, 7.575],
			"faces": {
				"north": {"uv": [4.25, 4.375, 3.875, 4.625], "texture": "#1"},
				"east": {"uv": [4.125, 4.375, 4.25, 4.625], "texture": "#1"},
				"south": {"uv": [3.875, 4.375, 4.25, 4.625], "texture": "#1"},
				"west": {"uv": [3.875, 4.375, 4, 4.625], "texture": "#1"},
				"up": {"uv": [3.875, 4.5, 4.25, 4.375], "texture": "#1"},
				"down": {"uv": [3.875, 4.625, 4.25, 4.5], "texture": "#1"}
			}
		},
		{
			"from": [4.85, 12.375, 7.45],
			"to": [5.225, 12.625, 7.575],
			"faces": {
				"north": {"uv": [4.125, 4.125, 3.75, 4.375], "texture": "#1"},
				"east": {"uv": [4, 4.125, 4.125, 4.375], "texture": "#1"},
				"south": {"uv": [3.75, 4.125, 4.125, 4.375], "texture": "#1"},
				"west": {"uv": [3.75, 4.125, 3.875, 4.375], "texture": "#1"},
				"up": {"uv": [3.75, 4.25, 4.125, 4.125], "texture": "#1"},
				"down": {"uv": [3.75, 4.375, 4.125, 4.25], "texture": "#1"}
			}
		},
		{
			"from": [4.725, 12.625, 7.45],
			"to": [5.1, 13, 7.575],
			"faces": {
				"north": {"uv": [4, 3.75, 3.625, 4.125], "texture": "#1"},
				"east": {"uv": [3.875, 3.75, 4, 4.125], "texture": "#1"},
				"south": {"uv": [3.625, 3.75, 4, 4.125], "texture": "#1"},
				"west": {"uv": [3.625, 3.75, 3.75, 4.125], "texture": "#1"},
				"up": {"uv": [3.625, 3.875, 4, 3.75], "texture": "#1"},
				"down": {"uv": [3.625, 4.125, 4, 4], "texture": "#1"}
			}
		},
		{
			"from": [4.6, 13, 7.45],
			"to": [4.975, 13.5, 7.575],
			"faces": {
				"north": {"uv": [3.875, 3.25, 3.5, 3.75], "texture": "#1"},
				"east": {"uv": [3.75, 3.25, 3.875, 3.75], "texture": "#1"},
				"south": {"uv": [3.5, 3.25, 3.875, 3.75], "texture": "#1"},
				"west": {"uv": [3.5, 3.25, 3.625, 3.75], "texture": "#1"},
				"up": {"uv": [3.5, 3.375, 3.875, 3.25], "texture": "#1"},
				"down": {"uv": [3.5, 3.75, 3.875, 3.625], "texture": "#1"}
			}
		},
		{
			"from": [5.475, 11.5, 7.45],
			"to": [5.725, 11.625, 7.575],
			"faces": {
				"north": {"uv": [4.625, 5.125, 4.375, 5.25], "texture": "#1"},
				"east": {"uv": [4.5, 5.125, 4.625, 5.25], "texture": "#1"},
				"south": {"uv": [4.375, 5.125, 4.625, 5.25], "texture": "#1"},
				"west": {"uv": [4.375, 5.125, 4.5, 5.25], "texture": "#1"},
				"up": {"uv": [4.375, 5.25, 4.625, 5.125], "texture": "#1"},
				"down": {"uv": [4.375, 5.25, 4.625, 5.125], "texture": "#1"}
			}
		},
		{
			"from": [5.1, 11.875, 7.45],
			"to": [5.475, 12.125, 7.575],
			"faces": {
				"north": {"uv": [4.375, 4.625, 4, 4.875], "texture": "#1"},
				"east": {"uv": [4.25, 4.625, 4.375, 4.875], "texture": "#1"},
				"south": {"uv": [4, 4.625, 4.375, 4.875], "texture": "#1"},
				"west": {"uv": [4, 4.625, 4.125, 4.875], "texture": "#1"},
				"up": {"uv": [4, 4.75, 4.375, 4.625], "texture": "#1"},
				"down": {"uv": [4, 4.875, 4.375, 4.75], "texture": "#1"}
			}
		},
		{
			"from": [5.6, 16.25, 7.45],
			"to": [5.725, 16.375, 7.575],
			"faces": {
				"north": {"uv": [4.625, 0.375, 4.5, 0.5], "texture": "#1"},
				"east": {"uv": [4.5, 0.375, 4.625, 0.5], "texture": "#1"},
				"south": {"uv": [4.5, 0.375, 4.625, 0.5], "texture": "#1"},
				"west": {"uv": [4.5, 0.375, 4.625, 0.5], "texture": "#1"},
				"up": {"uv": [4.5, 0.5, 4.625, 0.375], "texture": "#1"},
				"down": {"uv": [4.5, 0.5, 4.625, 0.375], "texture": "#1"}
			}
		},
		{
			"from": [5.6, 11.75, 7.375],
			"to": [5.85, 16, 7.65],
			"faces": {
				"north": {"uv": [4.75, 0.75, 4.5, 5], "texture": "#1"},
				"east": {"uv": [4.625, 0.75, 4.75, 5], "texture": "#1"},
				"south": {"uv": [4.5, 0.75, 4.75, 5], "texture": "#1"},
				"west": {"uv": [4.5, 0.75, 4.625, 5], "texture": "#1"},
				"up": {"uv": [4.5, 0.875, 4.75, 0.75], "texture": "#1"},
				"down": {"uv": [4.5, 5, 4.75, 4.875], "texture": "#1"}
			}
		},
		{
			"from": [4.85, 13.5, 7.375],
			"to": [4.975, 14.25, 7.65],
			"faces": {
				"north": {"uv": [3.875, 2.5, 3.75, 3.25], "texture": "#1"},
				"east": {"uv": [3.75, 2.5, 3.875, 3.25], "texture": "#1"},
				"south": {"uv": [3.75, 2.5, 3.875, 3.25], "texture": "#1"},
				"west": {"uv": [3.75, 2.5, 3.875, 3.25], "texture": "#1"},
				"up": {"uv": [3.75, 2.625, 3.875, 2.5], "texture": "#1"},
				"down": {"uv": [3.75, 3.25, 3.875, 3.125], "texture": "#1"}
			}
		},
		{
			"from": [4.975, 13, 7.375],
			"to": [5.1, 14.75, 7.65],
			"faces": {
				"north": {"uv": [4, 2, 3.875, 3.75], "texture": "#1"},
				"east": {"uv": [3.875, 2, 4, 3.75], "texture": "#1"},
				"south": {"uv": [3.875, 2, 4, 3.75], "texture": "#1"},
				"west": {"uv": [3.875, 2, 4, 3.75], "texture": "#1"},
				"up": {"uv": [3.875, 2.125, 4, 2], "texture": "#1"},
				"down": {"uv": [3.875, 3.75, 4, 3.625], "texture": "#1"}
			}
		},
		{
			"from": [5.1, 12.625, 7.375],
			"to": [5.225, 15.125, 7.65],
			"faces": {
				"north": {"uv": [4.125, 1.625, 4, 4.125], "texture": "#1"},
				"east": {"uv": [4, 1.625, 4.125, 4.125], "texture": "#1"},
				"south": {"uv": [4, 1.625, 4.125, 4.125], "texture": "#1"},
				"west": {"uv": [4, 1.625, 4.125, 4.125], "texture": "#1"},
				"up": {"uv": [4, 1.75, 4.125, 1.625], "texture": "#1"},
				"down": {"uv": [4, 4.125, 4.125, 4], "texture": "#1"}
			}
		},
		{
			"from": [5.225, 12.375, 7.375],
			"to": [5.35, 15.375, 7.65],
			"faces": {
				"north": {"uv": [4.25, 1.375, 4.125, 4.375], "texture": "#1"},
				"east": {"uv": [4.125, 1.375, 4.25, 4.375], "texture": "#1"},
				"south": {"uv": [4.125, 1.375, 4.25, 4.375], "texture": "#1"},
				"west": {"uv": [4.125, 1.375, 4.25, 4.375], "texture": "#1"},
				"up": {"uv": [4.125, 1.5, 4.25, 1.375], "texture": "#1"},
				"down": {"uv": [4.125, 4.375, 4.25, 4.25], "texture": "#1"}
			}
		},
		{
			"from": [5.35, 12.125, 7.375],
			"to": [5.475, 15.625, 7.65],
			"faces": {
				"north": {"uv": [4.375, 1.125, 4.25, 4.625], "texture": "#1"},
				"east": {"uv": [4.25, 1.125, 4.375, 4.625], "texture": "#1"},
				"south": {"uv": [4.25, 1.125, 4.375, 4.625], "texture": "#1"},
				"west": {"uv": [4.25, 1.125, 4.375, 4.625], "texture": "#1"},
				"up": {"uv": [4.25, 1.25, 4.375, 1.125], "texture": "#1"},
				"down": {"uv": [4.25, 4.625, 4.375, 4.5], "texture": "#1"}
			}
		},
		{
			"from": [5.475, 11.875, 7.375],
			"to": [5.6, 15.875, 7.65],
			"faces": {
				"north": {"uv": [4.5, 0.875, 4.375, 4.875], "texture": "#1"},
				"east": {"uv": [4.375, 0.875, 4.5, 4.875], "texture": "#1"},
				"south": {"uv": [4.375, 0.875, 4.5, 4.875], "texture": "#1"},
				"west": {"uv": [4.375, 0.875, 4.5, 4.875], "texture": "#1"},
				"up": {"uv": [4.375, 1, 4.5, 0.875], "texture": "#1"},
				"down": {"uv": [4.375, 4.875, 4.5, 4.75], "texture": "#1"}
			}
		},
		{
			"from": [5.85, 12.125, 7.375],
			"to": [5.975, 15.625, 7.65],
			"faces": {
				"north": {"uv": [4.875, 1.125, 4.75, 4.625], "texture": "#1"},
				"east": {"uv": [4.75, 1.125, 4.875, 4.625], "texture": "#1"},
				"south": {"uv": [4.75, 1.125, 4.875, 4.625], "texture": "#1"},
				"west": {"uv": [4.75, 1.125, 4.875, 4.625], "texture": "#1"},
				"up": {"uv": [4.75, 1.25, 4.875, 1.125], "texture": "#1"},
				"down": {"uv": [4.75, 4.625, 4.875, 4.5], "texture": "#1"}
			}
		},
		{
			"from": [5.975, 12.5, 7.375],
			"to": [6.1, 15.25, 7.65],
			"faces": {
				"north": {"uv": [5, 1.5, 4.875, 4.25], "texture": "#1"},
				"east": {"uv": [4.875, 1.5, 5, 4.25], "texture": "#1"},
				"south": {"uv": [4.875, 1.5, 5, 4.25], "texture": "#1"},
				"west": {"uv": [4.875, 1.5, 5, 4.25], "texture": "#1"},
				"up": {"uv": [4.875, 1.625, 5, 1.5], "texture": "#1"},
				"down": {"uv": [4.875, 4.25, 5, 4.125], "texture": "#1"}
			}
		},
		{
			"from": [6.1, 12.75, 7.375],
			"to": [6.225, 15, 7.65],
			"faces": {
				"north": {"uv": [5.125, 1.75, 5, 4], "texture": "#1"},
				"east": {"uv": [5, 1.75, 5.125, 4], "texture": "#1"},
				"south": {"uv": [5, 1.75, 5.125, 4], "texture": "#1"},
				"west": {"uv": [5, 1.75, 5.125, 4], "texture": "#1"},
				"up": {"uv": [5, 1.875, 5.125, 1.75], "texture": "#1"},
				"down": {"uv": [5, 4, 5.125, 3.875], "texture": "#1"}
			}
		},
		{
			"from": [6.225, 12.9, 7.3],
			"to": [6.35, 14.875, 7.725],
			"faces": {
				"north": {"uv": [5.25, 1.875, 5.125, 3.875], "texture": "#1"},
				"east": {"uv": [5.125, 1.875, 5.25, 3.875], "texture": "#1"},
				"south": {"uv": [5.125, 1.875, 5.25, 3.875], "texture": "#1"},
				"west": {"uv": [5.125, 1.875, 5.25, 3.875], "texture": "#1"},
				"up": {"uv": [5.125, 2, 5.25, 1.875], "texture": "#1"},
				"down": {"uv": [5.125, 3.875, 5.25, 3.75], "texture": "#1"}
			}
		},
		{
			"from": [6.35, 13.025, 7.3],
			"to": [6.475, 14.75, 7.725],
			"faces": {
				"north": {"uv": [5.375, 2, 5.25, 3.75], "texture": "#1"},
				"east": {"uv": [5.25, 2, 5.375, 3.75], "texture": "#1"},
				"south": {"uv": [5.25, 2, 5.375, 3.75], "texture": "#1"},
				"west": {"uv": [5.25, 2, 5.375, 3.75], "texture": "#1"},
				"up": {"uv": [5.25, 2.125, 5.375, 2], "texture": "#1"},
				"down": {"uv": [5.25, 3.75, 5.375, 3.625], "texture": "#1"}
			}
		},
		{
			"from": [5.85, 13.625, 7.3],
			"to": [5.975, 14.125, 7.725],
			"faces": {
				"north": {"uv": [4.875, 2.625, 4.75, 3.125], "texture": "#1"},
				"east": {"uv": [4.75, 2.625, 4.875, 3.125], "texture": "#1"},
				"south": {"uv": [4.75, 2.625, 4.875, 3.125], "texture": "#1"},
				"west": {"uv": [4.75, 2.625, 4.875, 3.125], "texture": "#1"},
				"up": {"uv": [4.75, 2.75, 4.875, 2.625], "texture": "#1"},
				"down": {"uv": [4.75, 3.125, 4.875, 3], "texture": "#1"}
			}
		},
		{
			"from": [6.1, 13, 7.3],
			"to": [6.225, 14.75, 7.725],
			"faces": {
				"north": {"uv": [5.125, 2, 5, 3.75], "texture": "#1"},
				"east": {"uv": [5, 2, 5.125, 3.75], "texture": "#1"},
				"south": {"uv": [5, 2, 5.125, 3.75], "texture": "#1"},
				"west": {"uv": [5, 2, 5.125, 3.75], "texture": "#1"},
				"up": {"uv": [5, 2.125, 5.125, 2], "texture": "#1"},
				"down": {"uv": [5, 3.75, 5.125, 3.625], "texture": "#1"}
			}
		},
		{
			"from": [5.975, 13.25, 7.3],
			"to": [6.1, 14.5, 7.725],
			"faces": {
				"north": {"uv": [5, 2.25, 4.875, 3.5], "texture": "#1"},
				"east": {"uv": [4.875, 2.25, 5, 3.5], "texture": "#1"},
				"south": {"uv": [4.875, 2.25, 5, 3.5], "texture": "#1"},
				"west": {"uv": [4.875, 2.25, 5, 3.5], "texture": "#1"},
				"up": {"uv": [4.875, 2.375, 5, 2.25], "texture": "#1"},
				"down": {"uv": [4.875, 3.5, 5, 3.375], "texture": "#1"}
			}
		},
		{
			"from": [6.475, 13.125, 7.3],
			"to": [6.725, 14.625, 7.725],
			"faces": {
				"north": {"uv": [5.625, 2.125, 5.375, 3.625], "texture": "#1"},
				"east": {"uv": [5.5, 2.125, 5.625, 3.625], "texture": "#1"},
				"south": {"uv": [5.375, 2.125, 5.625, 3.625], "texture": "#1"},
				"west": {"uv": [5.375, 2.125, 5.5, 3.625], "texture": "#1"},
				"up": {"uv": [5.375, 2.25, 5.625, 2.125], "texture": "#1"},
				"down": {"uv": [5.375, 3.625, 5.625, 3.5], "texture": "#1"}
			}
		},
		{
			"from": [6.725, 13.25, 7.3],
			"to": [6.975, 14.5, 7.725],
			"faces": {
				"north": {"uv": [5.875, 2.25, 5.625, 3.5], "texture": "#1"},
				"east": {"uv": [5.75, 2.25, 5.875, 3.5], "texture": "#1"},
				"south": {"uv": [5.625, 2.25, 5.875, 3.5], "texture": "#1"},
				"west": {"uv": [5.625, 2.25, 5.75, 3.5], "texture": "#1"},
				"up": {"uv": [5.625, 2.375, 5.875, 2.25], "texture": "#1"},
				"down": {"uv": [5.625, 3.5, 5.875, 3.375], "texture": "#1"}
			}
		},
		{
			"from": [7.7, 15.6, 7.45],
			"to": [7.825, 15.975, 7.575],
			"faces": {
				"north": {"uv": [8, 0.75, 7.875, 1.125], "texture": "#1"},
				"east": {"uv": [7.875, 0.75, 8, 1.125], "texture": "#1"},
				"south": {"uv": [7.875, 0.75, 8, 1.125], "texture": "#1"},
				"west": {"uv": [7.875, 0.75, 8, 1.125], "texture": "#1"},
				"up": {"uv": [7.875, 0.875, 8, 0.75], "texture": "#1"},
				"down": {"uv": [7.875, 1.125, 8, 1], "texture": "#1"}
			}
		},
		{
			"from": [7.45, 14.85, 7.45],
			"to": [8.075, 15.225, 7.575],
			"faces": {
				"north": {"uv": [8.25, 1.5, 7.625, 1.875], "texture": "#1"},
				"east": {"uv": [8.125, 1.5, 8.25, 1.875], "texture": "#1"},
				"south": {"uv": [7.625, 1.5, 8.25, 1.875], "texture": "#1"},
				"west": {"uv": [7.625, 1.5, 7.75, 1.875], "texture": "#1"},
				"up": {"uv": [7.625, 1.625, 8.25, 1.5], "texture": "#1"},
				"down": {"uv": [7.625, 1.875, 8.25, 1.75], "texture": "#1"}
			}
		},
		{
			"from": [7.575, 15.225, 7.45],
			"to": [7.95, 15.6, 7.575],
			"faces": {
				"north": {"uv": [8.125, 1.125, 7.75, 1.5], "texture": "#1"},
				"east": {"uv": [8, 1.125, 8.125, 1.5], "texture": "#1"},
				"south": {"uv": [7.75, 1.125, 8.125, 1.5], "texture": "#1"},
				"west": {"uv": [7.75, 1.125, 7.875, 1.5], "texture": "#1"},
				"up": {"uv": [7.75, 1.25, 8.125, 1.125], "texture": "#1"},
				"down": {"uv": [7.75, 1.5, 8.125, 1.375], "texture": "#1"}
			}
		},
		{
			"from": [7.7, 15.225, 7.35],
			"to": [7.825, 15.6, 7.675],
			"faces": {
				"north": {"uv": [8, 1.125, 7.875, 1.5], "texture": "#1"},
				"east": {"uv": [7.875, 1.125, 8, 1.5], "texture": "#1"},
				"south": {"uv": [7.875, 1.125, 8, 1.5], "texture": "#1"},
				"west": {"uv": [7.875, 1.125, 8, 1.5], "texture": "#1"},
				"up": {"uv": [7.875, 1.25, 8, 1.125], "texture": "#1"},
				"down": {"uv": [7.875, 1.5, 8, 1.375], "texture": "#1"}
			}
		},
		{
			"from": [7.575, 14.6, 7.35],
			"to": [7.95, 15.225, 7.675],
			"faces": {
				"north": {"uv": [8.125, 1.5, 7.75, 2.125], "texture": "#1"},
				"east": {"uv": [8, 1.5, 8.125, 2.125], "texture": "#1"},
				"south": {"uv": [7.75, 1.5, 8.125, 2.125], "texture": "#1"},
				"west": {"uv": [7.75, 1.5, 7.875, 2.125], "texture": "#1"},
				"up": {"uv": [7.75, 1.625, 8.125, 1.5], "texture": "#1"},
				"down": {"uv": [7.75, 2.125, 8.125, 2], "texture": "#1"}
			}
		},
		{
			"from": [7.45, 1.85, 7.325],
			"to": [8.075, 14.6, 7.7],
			"faces": {
				"north": {"uv": [10.75, 2.125, 10.125, 14.875], "texture": "#1"},
				"east": {"uv": [9, 2.125, 9.375, 14.875], "texture": "#1"},
				"south": {"uv": [7.625, 2.125, 8.25, 14.875], "texture": "#1"},
				"west": {"uv": [6.5, 2.125, 6.875, 14.875], "texture": "#1"},
				"up": {"uv": [7.625, 2.25, 8.25, 2.125], "texture": "#1"},
				"down": {"uv": [7.625, 14.875, 8.25, 14.75], "texture": "#1"}
			}
		},
		{
			"from": [7.575, 1.85, 7.2],
			"to": [7.95, 14.6, 7.825],
			"faces": {
				"north": {"uv": [10.625, 2.125, 10.25, 14.875], "texture": "#1"},
				"east": {"uv": [8.875, 2.125, 9.5, 14.875], "texture": "#1"},
				"south": {"uv": [7.75, 2.125, 8.125, 14.875], "texture": "#1"},
				"west": {"uv": [6.375, 2.125, 7, 14.875], "texture": "#1"},
				"up": {"uv": [7.625, 2.25, 8.25, 2.125], "texture": "#1"},
				"down": {"uv": [7.625, 14.875, 8.25, 14.75], "texture": "#1"}
			}
		},
		{
			"from": [9.8, 16.225, 7.45],
			"to": [9.925, 16.35, 7.575],
			"faces": {
				"north": {"uv": [12.625, 0.375, 12.5, 0.5], "texture": "#1"},
				"east": {"uv": [12.5, 0.375, 12.625, 0.5], "texture": "#1"},
				"south": {"uv": [12.5, 0.375, 12.625, 0.5], "texture": "#1"},
				"west": {"uv": [12.5, 0.375, 12.625, 0.5], "texture": "#1"},
				"up": {"uv": [12.5, 0.5, 12.625, 0.375], "texture": "#1"},
				"down": {"uv": [12.5, 0.5, 12.625, 0.375], "texture": "#1"}
			}
		},
		{
			"from": [9.8, 15.975, 7.45],
			"to": [10.175, 16.1, 7.575],
			"faces": {
				"north": {"uv": [12.875, 0.625, 12.5, 0.75], "texture": "#1"},
				"east": {"uv": [12.75, 0.625, 12.875, 0.75], "texture": "#1"},
				"south": {"uv": [12.5, 0.625, 12.875, 0.75], "texture": "#1"},
				"west": {"uv": [12.5, 0.625, 12.625, 0.75], "texture": "#1"},
				"up": {"uv": [12.5, 0.75, 12.875, 0.625], "texture": "#1"},
				"down": {"uv": [12.5, 0.75, 12.875, 0.625], "texture": "#1"}
			}
		},
		{
			"from": [9.925, 15.85, 7.45],
			"to": [10.3, 15.975, 7.575],
			"faces": {
				"north": {"uv": [13, 0.75, 12.625, 0.875], "texture": "#1"},
				"east": {"uv": [12.875, 0.75, 13, 0.875], "texture": "#1"},
				"south": {"uv": [12.625, 0.75, 13, 0.875], "texture": "#1"},
				"west": {"uv": [12.625, 0.75, 12.75, 0.875], "texture": "#1"},
				"up": {"uv": [12.625, 0.875, 13, 0.75], "texture": "#1"},
				"down": {"uv": [12.625, 0.875, 13, 0.75], "texture": "#1"}
			}
		},
		{
			"from": [10.175, 15.35, 7.45],
			"to": [10.55, 15.6, 7.575],
			"faces": {
				"north": {"uv": [13.25, 1.125, 12.875, 1.375], "texture": "#1"},
				"east": {"uv": [13.125, 1.125, 13.25, 1.375], "texture": "#1"},
				"south": {"uv": [12.875, 1.125, 13.25, 1.375], "texture": "#1"},
				"west": {"uv": [12.875, 1.125, 13, 1.375], "texture": "#1"},
				"up": {"uv": [12.875, 1.25, 13.25, 1.125], "texture": "#1"},
				"down": {"uv": [12.875, 1.375, 13.25, 1.25], "texture": "#1"}
			}
		},
		{
			"from": [10.3, 15.1, 7.45],
			"to": [10.675, 15.35, 7.575],
			"faces": {
				"north": {"uv": [13.375, 1.375, 13, 1.625], "texture": "#1"},
				"east": {"uv": [13.25, 1.375, 13.375, 1.625], "texture": "#1"},
				"south": {"uv": [13, 1.375, 13.375, 1.625], "texture": "#1"},
				"west": {"uv": [13, 1.375, 13.125, 1.625], "texture": "#1"},
				"up": {"uv": [13, 1.5, 13.375, 1.375], "texture": "#1"},
				"down": {"uv": [13, 1.625, 13.375, 1.5], "texture": "#1"}
			}
		},
		{
			"from": [10.425, 14.725, 7.45],
			"to": [10.8, 15.1, 7.575],
			"faces": {
				"north": {"uv": [13.5, 1.625, 13.125, 2], "texture": "#1"},
				"east": {"uv": [13.375, 1.625, 13.5, 2], "texture": "#1"},
				"south": {"uv": [13.125, 1.625, 13.5, 2], "texture": "#1"},
				"west": {"uv": [13.125, 1.625, 13.25, 2], "texture": "#1"},
				"up": {"uv": [13.125, 1.75, 13.5, 1.625], "texture": "#1"},
				"down": {"uv": [13.125, 2, 13.5, 1.875], "texture": "#1"}
			}
		},
		{
			"from": [10.55, 14.225, 7.45],
			"to": [10.925, 14.725, 7.575],
			"faces": {
				"north": {"uv": [13.625, 2, 13.25, 2.5], "texture": "#1"},
				"east": {"uv": [13.5, 2, 13.625, 2.5], "texture": "#1"},
				"south": {"uv": [13.25, 2, 13.625, 2.5], "texture": "#1"},
				"west": {"uv": [13.25, 2, 13.375, 2.5], "texture": "#1"},
				"up": {"uv": [13.25, 2.125, 13.625, 2], "texture": "#1"},
				"down": {"uv": [13.25, 2.5, 13.625, 2.375], "texture": "#1"}
			}
		},
		{
			"from": [10.675, 13.475, 7.45],
			"to": [11.05, 14.225, 7.575],
			"faces": {
				"north": {"uv": [13.75, 2.5, 13.375, 3.25], "texture": "#1"},
				"east": {"uv": [13.625, 2.5, 13.75, 3.25], "texture": "#1"},
				"south": {"uv": [13.375, 2.5, 13.75, 3.25], "texture": "#1"},
				"west": {"uv": [13.375, 2.5, 13.5, 3.25], "texture": "#1"},
				"up": {"uv": [13.375, 2.625, 13.75, 2.5], "texture": "#1"},
				"down": {"uv": [13.375, 3.25, 13.75, 3.125], "texture": "#1"}
			}
		},
		{
			"from": [9.8, 16.1, 7.45],
			"to": [10.05, 16.225, 7.575],
			"faces": {
				"north": {"uv": [12.75, 0.5, 12.5, 0.625], "texture": "#1"},
				"east": {"uv": [12.625, 0.5, 12.75, 0.625], "texture": "#1"},
				"south": {"uv": [12.5, 0.5, 12.75, 0.625], "texture": "#1"},
				"west": {"uv": [12.5, 0.5, 12.625, 0.625], "texture": "#1"},
				"up": {"uv": [12.5, 0.625, 12.75, 0.5], "texture": "#1"},
				"down": {"uv": [12.5, 0.625, 12.75, 0.5], "texture": "#1"}
			}
		},
		{
			"from": [10.05, 15.6, 7.45],
			"to": [10.425, 15.85, 7.575],
			"faces": {
				"north": {"uv": [13.125, 0.875, 12.75, 1.125], "texture": "#1"},
				"east": {"uv": [13, 0.875, 13.125, 1.125], "texture": "#1"},
				"south": {"uv": [12.75, 0.875, 13.125, 1.125], "texture": "#1"},
				"west": {"uv": [12.75, 0.875, 12.875, 1.125], "texture": "#1"},
				"up": {"uv": [12.75, 1, 13.125, 0.875], "texture": "#1"},
				"down": {"uv": [12.75, 1.125, 13.125, 1], "texture": "#1"}
			}
		},
		{
			"from": [9.8, 11.35, 7.45],
			"to": [9.925, 11.475, 7.575],
			"faces": {
				"north": {"uv": [12.625, 5.25, 12.5, 5.375], "texture": "#1"},
				"east": {"uv": [12.5, 5.25, 12.625, 5.375], "texture": "#1"},
				"south": {"uv": [12.5, 5.25, 12.625, 5.375], "texture": "#1"},
				"west": {"uv": [12.5, 5.25, 12.625, 5.375], "texture": "#1"},
				"up": {"uv": [12.5, 5.375, 12.625, 5.25], "texture": "#1"},
				"down": {"uv": [12.5, 5.375, 12.625, 5.25], "texture": "#1"}
			}
		},
		{
			"from": [9.8, 11.6, 7.45],
			"to": [10.175, 11.725, 7.575],
			"faces": {
				"north": {"uv": [12.875, 5, 12.5, 5.125], "texture": "#1"},
				"east": {"uv": [12.75, 5, 12.875, 5.125], "texture": "#1"},
				"south": {"uv": [12.5, 5, 12.875, 5.125], "texture": "#1"},
				"west": {"uv": [12.5, 5, 12.625, 5.125], "texture": "#1"},
				"up": {"uv": [12.5, 5.125, 12.875, 5], "texture": "#1"},
				"down": {"uv": [12.5, 5.125, 12.875, 5], "texture": "#1"}
			}
		},
		{
			"from": [9.925, 11.725, 7.45],
			"to": [10.3, 11.85, 7.575],
			"faces": {
				"north": {"uv": [13, 4.875, 12.625, 5], "texture": "#1"},
				"east": {"uv": [12.875, 4.875, 13, 5], "texture": "#1"},
				"south": {"uv": [12.625, 4.875, 13, 5], "texture": "#1"},
				"west": {"uv": [12.625, 4.875, 12.75, 5], "texture": "#1"},
				"up": {"uv": [12.625, 5, 13, 4.875], "texture": "#1"},
				"down": {"uv": [12.625, 5, 13, 4.875], "texture": "#1"}
			}
		},
		{
			"from": [10.175, 12.1, 7.45],
			"to": [10.55, 12.35, 7.575],
			"faces": {
				"north": {"uv": [13.25, 4.375, 12.875, 4.625], "texture": "#1"},
				"east": {"uv": [13.125, 4.375, 13.25, 4.625], "texture": "#1"},
				"south": {"uv": [12.875, 4.375, 13.25, 4.625], "texture": "#1"},
				"west": {"uv": [12.875, 4.375, 13, 4.625], "texture": "#1"},
				"up": {"uv": [12.875, 4.5, 13.25, 4.375], "texture": "#1"},
				"down": {"uv": [12.875, 4.625, 13.25, 4.5], "texture": "#1"}
			}
		},
		{
			"from": [10.3, 12.35, 7.45],
			"to": [10.675, 12.6, 7.575],
			"faces": {
				"north": {"uv": [13.375, 4.125, 13, 4.375], "texture": "#1"},
				"east": {"uv": [13.25, 4.125, 13.375, 4.375], "texture": "#1"},
				"south": {"uv": [13, 4.125, 13.375, 4.375], "texture": "#1"},
				"west": {"uv": [13, 4.125, 13.125, 4.375], "texture": "#1"},
				"up": {"uv": [13, 4.25, 13.375, 4.125], "texture": "#1"},
				"down": {"uv": [13, 4.375, 13.375, 4.25], "texture": "#1"}
			}
		},
		{
			"from": [10.425, 12.6, 7.45],
			"to": [10.8, 12.975, 7.575],
			"faces": {
				"north": {"uv": [13.5, 3.75, 13.125, 4.125], "texture": "#1"},
				"east": {"uv": [13.375, 3.75, 13.5, 4.125], "texture": "#1"},
				"south": {"uv": [13.125, 3.75, 13.5, 4.125], "texture": "#1"},
				"west": {"uv": [13.125, 3.75, 13.25, 4.125], "texture": "#1"},
				"up": {"uv": [13.125, 3.875, 13.5, 3.75], "texture": "#1"},
				"down": {"uv": [13.125, 4.125, 13.5, 4], "texture": "#1"}
			}
		},
		{
			"from": [10.55, 12.975, 7.45],
			"to": [10.925, 13.475, 7.575],
			"faces": {
				"north": {"uv": [13.625, 3.25, 13.25, 3.75], "texture": "#1"},
				"east": {"uv": [13.5, 3.25, 13.625, 3.75], "texture": "#1"},
				"south": {"uv": [13.25, 3.25, 13.625, 3.75], "texture": "#1"},
				"west": {"uv": [13.25, 3.25, 13.375, 3.75], "texture": "#1"},
				"up": {"uv": [13.25, 3.375, 13.625, 3.25], "texture": "#1"},
				"down": {"uv": [13.25, 3.75, 13.625, 3.625], "texture": "#1"}
			}
		},
		{
			"from": [9.8, 11.475, 7.45],
			"to": [10.05, 11.6, 7.575],
			"faces": {
				"north": {"uv": [12.75, 5.125, 12.5, 5.25], "texture": "#1"},
				"east": {"uv": [12.625, 5.125, 12.75, 5.25], "texture": "#1"},
				"south": {"uv": [12.5, 5.125, 12.75, 5.25], "texture": "#1"},
				"west": {"uv": [12.5, 5.125, 12.625, 5.25], "texture": "#1"},
				"up": {"uv": [12.5, 5.25, 12.75, 5.125], "texture": "#1"},
				"down": {"uv": [12.5, 5.25, 12.75, 5.125], "texture": "#1"}
			}
		},
		{
			"from": [10.05, 11.85, 7.45],
			"to": [10.425, 12.1, 7.575],
			"faces": {
				"north": {"uv": [13.125, 4.625, 12.75, 4.875], "texture": "#1"},
				"east": {"uv": [13, 4.625, 13.125, 4.875], "texture": "#1"},
				"south": {"uv": [12.75, 4.625, 13.125, 4.875], "texture": "#1"},
				"west": {"uv": [12.75, 4.625, 12.875, 4.875], "texture": "#1"},
				"up": {"uv": [12.75, 4.75, 13.125, 4.625], "texture": "#1"},
				"down": {"uv": [12.75, 4.875, 13.125, 4.75], "texture": "#1"}
			}
		},
		{
			"from": [9.3, 12.725, 7.375],
			"to": [9.425, 14.975, 7.65],
			"faces": {
				"north": {"uv": [12.125, 1.75, 12, 4], "texture": "#1"},
				"east": {"uv": [12, 1.75, 12.125, 4], "texture": "#1"},
				"south": {"uv": [12, 1.75, 12.125, 4], "texture": "#1"},
				"west": {"uv": [12, 1.75, 12.125, 4], "texture": "#1"},
				"up": {"uv": [12, 1.875, 12.125, 1.75], "texture": "#1"},
				"down": {"uv": [12, 4, 12.125, 3.875], "texture": "#1"}
			}
		},
		{
			"from": [9.425, 12.475, 7.375],
			"to": [9.55, 15.225, 7.65],
			"faces": {
				"north": {"uv": [12.25, 1.5, 12.125, 4.25], "texture": "#1"},
				"east": {"uv": [12.125, 1.5, 12.25, 4.25], "texture": "#1"},
				"south": {"uv": [12.125, 1.5, 12.25, 4.25], "texture": "#1"},
				"west": {"uv": [12.125, 1.5, 12.25, 4.25], "texture": "#1"},
				"up": {"uv": [12.125, 1.625, 12.25, 1.5], "texture": "#1"},
				"down": {"uv": [12.125, 4.25, 12.25, 4.125], "texture": "#1"}
			}
		},
		{
			"from": [9.55, 12.1, 7.375],
			"to": [9.675, 15.6, 7.65],
			"faces": {
				"north": {"uv": [12.375, 1.125, 12.25, 4.625], "texture": "#1"},
				"east": {"uv": [12.25, 1.125, 12.375, 4.625], "texture": "#1"},
				"south": {"uv": [12.25, 1.125, 12.375, 4.625], "texture": "#1"},
				"west": {"uv": [12.25, 1.125, 12.375, 4.625], "texture": "#1"},
				"up": {"uv": [12.25, 1.25, 12.375, 1.125], "texture": "#1"},
				"down": {"uv": [12.25, 4.625, 12.375, 4.5], "texture": "#1"}
			}
		},
		{
			"from": [9.675, 11.725, 7.375],
			"to": [9.925, 15.975, 7.65],
			"faces": {
				"north": {"uv": [12.625, 0.75, 12.375, 5], "texture": "#1"},
				"east": {"uv": [12.5, 0.75, 12.625, 5], "texture": "#1"},
				"south": {"uv": [12.375, 0.75, 12.625, 5], "texture": "#1"},
				"west": {"uv": [12.375, 0.75, 12.5, 5], "texture": "#1"},
				"up": {"uv": [12.375, 0.875, 12.625, 0.75], "texture": "#1"},
				"down": {"uv": [12.375, 5, 12.625, 4.875], "texture": "#1"}
			}
		},
		{
			"from": [9.925, 11.85, 7.375],
			"to": [10.05, 15.85, 7.65],
			"faces": {
				"north": {"uv": [12.75, 0.875, 12.625, 4.875], "texture": "#1"},
				"east": {"uv": [12.625, 0.875, 12.75, 4.875], "texture": "#1"},
				"south": {"uv": [12.625, 0.875, 12.75, 4.875], "texture": "#1"},
				"west": {"uv": [12.625, 0.875, 12.75, 4.875], "texture": "#1"},
				"up": {"uv": [12.625, 1, 12.75, 0.875], "texture": "#1"},
				"down": {"uv": [12.625, 4.875, 12.75, 4.75], "texture": "#1"}
			}
		},
		{
			"from": [10.05, 12.1, 7.375],
			"to": [10.175, 15.6, 7.65],
			"faces": {
				"north": {"uv": [12.875, 1.125, 12.75, 4.625], "texture": "#1"},
				"east": {"uv": [12.75, 1.125, 12.875, 4.625], "texture": "#1"},
				"south": {"uv": [12.75, 1.125, 12.875, 4.625], "texture": "#1"},
				"west": {"uv": [12.75, 1.125, 12.875, 4.625], "texture": "#1"},
				"up": {"uv": [12.75, 1.25, 12.875, 1.125], "texture": "#1"},
				"down": {"uv": [12.75, 4.625, 12.875, 4.5], "texture": "#1"}
			}
		},
		{
			"from": [10.3, 12.6, 7.375],
			"to": [10.425, 15.1, 7.65],
			"faces": {
				"north": {"uv": [13.125, 1.625, 13, 4.125], "texture": "#1"},
				"east": {"uv": [13, 1.625, 13.125, 4.125], "texture": "#1"},
				"south": {"uv": [13, 1.625, 13.125, 4.125], "texture": "#1"},
				"west": {"uv": [13, 1.625, 13.125, 4.125], "texture": "#1"},
				"up": {"uv": [13, 1.75, 13.125, 1.625], "texture": "#1"},
				"down": {"uv": [13, 4.125, 13.125, 4], "texture": "#1"}
			}
		},
		{
			"from": [10.175, 12.35, 7.375],
			"to": [10.3, 15.35, 7.65],
			"faces": {
				"north": {"uv": [13, 1.375, 12.875, 4.375], "texture": "#1"},
				"east": {"uv": [12.875, 1.375, 13, 4.375], "texture": "#1"},
				"south": {"uv": [12.875, 1.375, 13, 4.375], "texture": "#1"},
				"west": {"uv": [12.875, 1.375, 13, 4.375], "texture": "#1"},
				"up": {"uv": [12.875, 1.5, 13, 1.375], "texture": "#1"},
				"down": {"uv": [12.875, 4.375, 13, 4.25], "texture": "#1"}
			}
		},
		{
			"from": [10.425, 12.975, 7.375],
			"to": [10.55, 14.725, 7.65],
			"faces": {
				"north": {"uv": [13.25, 2, 13.125, 3.75], "texture": "#1"},
				"east": {"uv": [13.125, 2, 13.25, 3.75], "texture": "#1"},
				"south": {"uv": [13.125, 2, 13.25, 3.75], "texture": "#1"},
				"west": {"uv": [13.125, 2, 13.25, 3.75], "texture": "#1"},
				"up": {"uv": [13.125, 2.125, 13.25, 2], "texture": "#1"},
				"down": {"uv": [13.125, 3.75, 13.25, 3.625], "texture": "#1"}
			}
		},
		{
			"from": [10.55, 13.475, 7.375],
			"to": [10.675, 14.225, 7.65],
			"faces": {
				"north": {"uv": [13.375, 2.5, 13.25, 3.25], "texture": "#1"},
				"east": {"uv": [13.25, 2.5, 13.375, 3.25], "texture": "#1"},
				"south": {"uv": [13.25, 2.5, 13.375, 3.25], "texture": "#1"},
				"west": {"uv": [13.25, 2.5, 13.375, 3.25], "texture": "#1"},
				"up": {"uv": [13.25, 2.625, 13.375, 2.5], "texture": "#1"},
				"down": {"uv": [13.25, 3.25, 13.375, 3.125], "texture": "#1"}
			}
		},
		{
			"from": [8.55, 13.225, 7.3],
			"to": [8.8, 14.475, 7.725],
			"faces": {
				"north": {"uv": [11.5, 2.25, 11.25, 3.5], "texture": "#1"},
				"east": {"uv": [11.375, 2.25, 11.5, 3.5], "texture": "#1"},
				"south": {"uv": [11.25, 2.25, 11.5, 3.5], "texture": "#1"},
				"west": {"uv": [11.25, 2.25, 11.375, 3.5], "texture": "#1"},
				"up": {"uv": [11.25, 2.375, 11.5, 2.25], "texture": "#1"},
				"down": {"uv": [11.25, 3.5, 11.5, 3.375], "texture": "#1"}
			}
		},
		{
			"from": [9.425, 13.225, 7.3],
			"to": [9.55, 14.475, 7.725],
			"faces": {
				"north": {"uv": [12.25, 2.25, 12.125, 3.5], "texture": "#1"},
				"east": {"uv": [12.125, 2.25, 12.25, 3.5], "texture": "#1"},
				"south": {"uv": [12.125, 2.25, 12.25, 3.5], "texture": "#1"},
				"west": {"uv": [12.125, 2.25, 12.25, 3.5], "texture": "#1"},
				"up": {"uv": [12.125, 2.375, 12.25, 2.25], "texture": "#1"},
				"down": {"uv": [12.125, 3.5, 12.25, 3.375], "texture": "#1"}
			}
		},
		{
			"from": [9.3, 12.975, 7.3],
			"to": [9.425, 14.725, 7.725],
			"faces": {
				"north": {"uv": [12.125, 2, 12, 3.75], "texture": "#1"},
				"east": {"uv": [12, 2, 12.125, 3.75], "texture": "#1"},
				"south": {"uv": [12, 2, 12.125, 3.75], "texture": "#1"},
				"west": {"uv": [12, 2, 12.125, 3.75], "texture": "#1"},
				"up": {"uv": [12, 2.125, 12.125, 2], "texture": "#1"},
				"down": {"uv": [12, 3.75, 12.125, 3.625], "texture": "#1"}
			}
		},
		{
			"from": [9.55, 13.6, 7.3],
			"to": [9.675, 14.1, 7.725],
			"faces": {
				"north": {"uv": [12.375, 2.625, 12.25, 3.125], "texture": "#1"},
				"east": {"uv": [12.25, 2.625, 12.375, 3.125], "texture": "#1"},
				"south": {"uv": [12.25, 2.625, 12.375, 3.125], "texture": "#1"},
				"west": {"uv": [12.25, 2.625, 12.375, 3.125], "texture": "#1"},
				"up": {"uv": [12.25, 2.75, 12.375, 2.625], "texture": "#1"},
				"down": {"uv": [12.25, 3.125, 12.375, 3], "texture": "#1"}
			}
		},
		{
			"from": [9.05, 13, 7.3],
			"to": [9.175, 14.725, 7.725],
			"faces": {
				"north": {"uv": [11.875, 2, 11.75, 3.75], "texture": "#1"},
				"east": {"uv": [11.75, 2, 11.875, 3.75], "texture": "#1"},
				"south": {"uv": [11.75, 2, 11.875, 3.75], "texture": "#1"},
				"west": {"uv": [11.75, 2, 11.875, 3.75], "texture": "#1"},
				"up": {"uv": [11.75, 2.125, 11.875, 2], "texture": "#1"},
				"down": {"uv": [11.75, 3.75, 11.875, 3.625], "texture": "#1"}
			}
		},
		{
			"from": [9.175, 12.875, 7.3],
			"to": [9.3, 14.85, 7.725],
			"faces": {
				"north": {"uv": [12, 1.875, 11.875, 3.875], "texture": "#1"},
				"east": {"uv": [11.875, 1.875, 12, 3.875], "texture": "#1"},
				"south": {"uv": [11.875, 1.875, 12, 3.875], "texture": "#1"},
				"west": {"uv": [11.875, 1.875, 12, 3.875], "texture": "#1"},
				"up": {"uv": [11.875, 2, 12, 1.875], "texture": "#1"},
				"down": {"uv": [11.875, 3.875, 12, 3.75], "texture": "#1"}
			}
		},
		{
			"from": [8.8, 13.1, 7.3],
			"to": [9.05, 14.6, 7.725],
			"faces": {
				"north": {"uv": [11.75, 2.125, 11.5, 3.625], "texture": "#1"},
				"east": {"uv": [11.625, 2.125, 11.75, 3.625], "texture": "#1"},
				"south": {"uv": [11.5, 2.125, 11.75, 3.625], "texture": "#1"},
				"west": {"uv": [11.5, 2.125, 11.625, 3.625], "texture": "#1"},
				"up": {"uv": [11.5, 2.25, 11.75, 2.125], "texture": "#1"},
				"down": {"uv": [11.5, 3.625, 11.75, 3.5], "texture": "#1"}
			}
		},
		{
			"from": [7.475, 8.1, 7.125],
			"to": [8.05, 8.725, 7.95],
			"faces": {
				"north": {"uv": [10.75, 8, 10.125, 8.625], "texture": "#1"},
				"east": {"uv": [8.75, 8, 9.625, 8.625], "texture": "#1"},
				"south": {"uv": [7.625, 8, 8.25, 8.625], "texture": "#1"},
				"west": {"uv": [6.25, 8, 7.125, 8.625], "texture": "#1"},
				"up": {"uv": [7.5, 8.125, 8.375, 8], "texture": "#1"},
				"down": {"uv": [7.5, 8.625, 8.375, 8.5], "texture": "#1"}
			}
		},
		{
			"from": [7.35, 13.225, 7.25],
			"to": [8.175, 14.475, 7.825],
			"faces": {
				"north": {"uv": [10.875, 2.25, 10, 3.5], "texture": "#1"},
				"east": {"uv": [8.875, 2.25, 9.5, 3.5], "texture": "#1"},
				"south": {"uv": [7.5, 2.25, 8.375, 3.5], "texture": "#1"},
				"west": {"uv": [6.375, 2.25, 7, 3.5], "texture": "#1"},
				"up": {"uv": [7.5, 2.375, 8.375, 2.25], "texture": "#1"},
				"down": {"uv": [7.5, 3.5, 8.375, 3.375], "texture": "#1"}
			}
		},
		{
			"from": [7.475, 13.225, 7.125],
			"to": [8.05, 14.475, 7.95],
			"faces": {
				"north": {"uv": [10.75, 2.25, 10.125, 3.5], "texture": "#1"},
				"east": {"uv": [8.75, 2.25, 9.625, 3.5], "texture": "#1"},
				"south": {"uv": [7.625, 2.25, 8.25, 3.5], "texture": "#1"},
				"west": {"uv": [6.25, 2.25, 7.125, 3.5], "texture": "#1"},
				"up": {"uv": [7.5, 2.375, 8.375, 2.25], "texture": "#1"},
				"down": {"uv": [7.5, 3.5, 8.375, 3.375], "texture": "#1"}
			}
		},
		{
			"from": [7.35, 8.1, 7.25],
			"to": [8.175, 8.725, 7.825],
			"faces": {
				"north": {"uv": [10.875, 8, 10, 8.625], "texture": "#1"},
				"east": {"uv": [8.875, 8, 9.5, 8.625], "texture": "#1"},
				"south": {"uv": [7.5, 8, 8.375, 8.625], "texture": "#1"},
				"west": {"uv": [6.375, 8, 7, 8.625], "texture": "#1"},
				"up": {"uv": [7.5, 8.125, 8.375, 8], "texture": "#1"},
				"down": {"uv": [7.5, 8.625, 8.375, 8.5], "texture": "#1"}
			}
		},
		{
			"from": [7.475, 1.225, 7.125],
			"to": [8.05, 1.85, 7.95],
			"faces": {
				"north": {"uv": [10.75, 14.875, 10.125, 15.5], "texture": "#1"},
				"east": {"uv": [8.75, 14.875, 9.625, 15.5], "texture": "#1"},
				"south": {"uv": [7.625, 14.875, 8.25, 15.5], "texture": "#1"},
				"west": {"uv": [6.25, 14.875, 7.125, 15.5], "texture": "#1"},
				"up": {"uv": [7.5, 15, 8.375, 14.875], "texture": "#1"},
				"down": {"uv": [7.5, 15.5, 8.375, 15.375], "texture": "#1"}
			}
		},
		{
			"from": [7.35, 1.225, 7.25],
			"to": [8.175, 1.85, 7.825],
			"faces": {
				"north": {"uv": [10.875, 14.875, 10, 15.5], "texture": "#1"},
				"east": {"uv": [8.875, 14.875, 9.5, 15.5], "texture": "#1"},
				"south": {"uv": [7.5, 14.875, 8.375, 15.5], "texture": "#1"},
				"west": {"uv": [6.375, 14.875, 7, 15.5], "texture": "#1"},
				"up": {"uv": [7.5, 15, 8.375, 14.875], "texture": "#1"},
				"down": {"uv": [7.5, 15.5, 8.375, 15.375], "texture": "#1"}
			}
		},
		{
			"from": [7.475, 2.6, 7.125],
			"to": [8.05, 2.85, 7.95],
			"faces": {
				"north": {"uv": [10.75, 13.875, 10.125, 14.125], "texture": "#1"},
				"east": {"uv": [8.75, 13.875, 9.625, 14.125], "texture": "#1"},
				"south": {"uv": [7.625, 13.875, 8.25, 14.125], "texture": "#1"},
				"west": {"uv": [6.25, 13.875, 7.125, 14.125], "texture": "#1"},
				"up": {"uv": [7.5, 14, 8.375, 13.875], "texture": "#1"},
				"down": {"uv": [7.5, 14.125, 8.375, 14], "texture": "#1"}
			}
		},
		{
			"from": [7.225, 1.35, 7.125],
			"to": [8.3, 1.6, 7.95],
			"faces": {
				"north": {"uv": [11, 15.125, 9.875, 15.375], "texture": "#1"},
				"east": {"uv": [8.875, 15.125, 9.5, 15.375], "texture": "#1"},
				"south": {"uv": [7.375, 15.125, 8.5, 15.375], "texture": "#1"},
				"west": {"uv": [6.375, 15.125, 7, 15.375], "texture": "#1"},
				"up": {"uv": [7.375, 15.25, 8.5, 15.125], "texture": "#1"},
				"down": {"uv": [7.375, 15.375, 8.5, 15.25], "texture": "#1"}
			}
		},
		{
			"from": [7.35, 1.35, 7],
			"to": [8.175, 1.6, 8.075],
			"faces": {
				"north": {"uv": [10.875, 15.125, 10, 15.375], "texture": "#1"},
				"east": {"uv": [8.625, 15.125, 9.75, 15.375], "texture": "#1"},
				"south": {"uv": [7.5, 15.125, 8.375, 15.375], "texture": "#1"},
				"west": {"uv": [6.125, 15.125, 7.25, 15.375], "texture": "#1"},
				"up": {"uv": [7.5, 15.25, 8.375, 15.125], "texture": "#1"},
				"down": {"uv": [7.5, 15.375, 8.375, 15.25], "texture": "#1"}
			}
		},
		{
			"from": [7.35, 2.6, 7.25],
			"to": [8.175, 2.85, 7.825],
			"faces": {
				"north": {"uv": [10.875, 13.875, 10, 14.125], "texture": "#1"},
				"east": {"uv": [8.875, 13.875, 9.5, 14.125], "texture": "#1"},
				"south": {"uv": [7.5, 13.875, 8.375, 14.125], "texture": "#1"},
				"west": {"uv": [6.375, 13.875, 7, 14.125], "texture": "#1"},
				"up": {"uv": [7.5, 14, 8.375, 13.875], "texture": "#1"},
				"down": {"uv": [7.5, 14.125, 8.375, 14], "texture": "#1"}
			}
		},
		{
			"from": [7.475, 2.1, 7.125],
			"to": [8.05, 2.35, 7.95],
			"faces": {
				"north": {"uv": [10.75, 14.375, 10.125, 14.625], "texture": "#1"},
				"east": {"uv": [8.75, 14.375, 9.625, 14.625], "texture": "#1"},
				"south": {"uv": [7.625, 14.375, 8.25, 14.625], "texture": "#1"},
				"west": {"uv": [6.25, 14.375, 7.125, 14.625], "texture": "#1"},
				"up": {"uv": [7.5, 14.5, 8.375, 14.375], "texture": "#1"},
				"down": {"uv": [7.5, 14.625, 8.375, 14.5], "texture": "#1"}
			}
		},
		{
			"from": [7.35, 2.1, 7.25],
			"to": [8.175, 2.35, 7.825],
			"faces": {
				"north": {"uv": [10.875, 14.375, 10, 14.625], "texture": "#1"},
				"east": {"uv": [8.875, 14.375, 9.5, 14.625], "texture": "#1"},
				"south": {"uv": [7.5, 14.375, 8.375, 14.625], "texture": "#1"},
				"west": {"uv": [6.375, 14.375, 7, 14.625], "texture": "#1"},
				"up": {"uv": [7.5, 14.5, 8.375, 14.375], "texture": "#1"},
				"down": {"uv": [7.5, 14.625, 8.375, 14.5], "texture": "#1"}
			}
		}
	],
	"gui_light": "front",
	"display": {
		"thirdperson_righthand": {
			"rotation": [0, -90, 0],
			"translation": [-0.95, 3, 1.5],
			"scale": [1.6, 1.6, 1.6]
		},
		"thirdperson_lefthand": {
			"rotation": [0, 90, 0],
			"translation": [0.25, 3, 1.5],
			"scale": [1.6, 1.6, 1.6]
		},
		"firstperson_righthand": {
			"rotation": [55, -90, 60],
			"translation": [-1.75, 3.75, 1.75],
			"scale": [1.2, 1.2, 1.2]
		},
		"firstperson_lefthand": {
			"rotation": [-65, 90, 60],
			"translation": [-1, 3.75, 1.75],
			"scale": [1.2, 1.2, 1.2]
		},
		"ground": {
			"rotation": [-45, 90, 0],
			"translation": [0, 1.5, 0],
			"scale": [0.6, 0.6, 0.6]
		},
		"gui": {
			"rotation": [0, 0, -45],
			"translation": [-1, -1.5, 0],
			"scale": [1.3, 1.3, 1.3]
		},
		"head": {
			"translation": [0, 9.75, 0]
		},
		"fixed": {
			"rotation": [180, 0, 135],
			"translation": [1.25, -2.25, 0],
			"scale": [1.6, 1.6, 1.6]
		}
	}
}