{
	"credit": "Made with Blockbench",
	"textures": {
		"1": "./bow_arrow",
		"4": "./bow_pulling_1",
		"particle": "./bow_pulling_1"
	},
	"elements": [
		{
			"from": [-0.125, 7.55, 8.05],
			"to": [0.175, 8.6, 8.25],
			"faces": {
				"north": {"uv": [2, 6.75, 1.5, 8.5], "texture": "#1"},
				"south": {"uv": [1.5, 6.75, 2, 8.5], "texture": "#1"},
				"west": {"uv": [1.5, 6.75, 1.75, 8.5], "texture": "#1"},
				"up": {"uv": [1.5, 6.75, 2, 7], "texture": "#1"},
				"down": {"uv": [1.5, 8.25, 2, 8.5], "texture": "#1"}
			}
		},
		{
			"from": [-0.725, 7.85, 8.1],
			"to": [-0.425, 8.3, 8.2],
			"faces": {
				"north": {"uv": [1, 7.25, 0.5, 8], "texture": "#1"},
				"south": {"uv": [0.5, 7.25, 1, 8], "texture": "#1"},
				"west": {"uv": [0.5, 7.25, 0.75, 8], "texture": "#1"},
				"up": {"uv": [0.5, 7.25, 1, 7.5], "texture": "#1"},
				"down": {"uv": [0.5, 7.75, 1, 8], "texture": "#1"}
			}
		},
		{
			"from": [-1.025, 8, 8.125],
			"to": [-0.725, 8.15, 8.175],
			"faces": {
				"north": {"uv": [0.5, 7.5, 0, 7.75], "texture": "#1"},
				"south": {"uv": [0, 7.5, 0.5, 7.75], "texture": "#1"},
				"west": {"uv": [0, 7.5, 0.25, 7.75], "texture": "#1"},
				"up": {"uv": [0, 7.5, 0.5, 7.75], "texture": "#1"},
				"down": {"uv": [0, 7.5, 0.5, 7.75], "texture": "#1"}
			}
		},
		{
			"from": [0.025, 8, 7.975],
			"to": [0.325, 8.125, 8.325],
			"faces": {
				"north": {"uv": [2.25, 7.5, 1.75, 7.75], "texture": "#1"},
				"east": {"uv": [2, 7.5, 2.25, 7.75], "texture": "#1"},
				"south": {"uv": [1.75, 7.5, 2.25, 7.75], "texture": "#1"},
				"west": {"uv": [1.75, 7.5, 2, 7.75], "texture": "#1"},
				"up": {"uv": [1.75, 7.5, 2.25, 7.75], "texture": "#1"},
				"down": {"uv": [1.75, 7.5, 2.25, 7.75], "texture": "#1"}
			}
		},
		{
			"from": [0.325, 7.55, 8.025],
			"to": [0.475, 7.7, 8.275],
			"faces": {
				"north": {"uv": [2.5, 8.25, 2.25, 8.5], "texture": "#1"},
				"east": {"uv": [2.25, 8.25, 2.5, 8.5], "texture": "#1"},
				"south": {"uv": [2.25, 8.25, 2.5, 8.5], "texture": "#1"},
				"up": {"uv": [2.25, 8.25, 2.5, 8.5], "texture": "#1"},
				"down": {"uv": [2.25, 8.25, 2.5, 8.5], "texture": "#1"}
			}
		},
		{
			"from": [0.325, 8.45, 8.025],
			"to": [0.475, 8.6, 8.275],
			"rotation": {"angle": 0, "axis": "y", "origin": [0, 0.025, 0]},
			"faces": {
				"north": {"uv": [2.5, 6.75, 2.25, 7], "texture": "#1"},
				"east": {"uv": [2.25, 6.75, 2.5, 7], "texture": "#1"},
				"south": {"uv": [2.25, 6.75, 2.5, 7], "texture": "#1"},
				"up": {"uv": [2.25, 6.75, 2.5, 7], "texture": "#1"},
				"down": {"uv": [2.25, 6.75, 2.5, 7], "texture": "#1"}
			}
		},
		{
			"from": [0.325, 7.7, 8.025],
			"to": [0.65, 8.45, 8.275],
			"faces": {
				"north": {"uv": [2.75, 7, 2.25, 8.25], "texture": "#1"},
				"east": {"uv": [2.5, 7, 2.75, 8.25], "texture": "#1"},
				"south": {"uv": [2.25, 7, 2.75, 8.25], "texture": "#1"},
				"west": {"uv": [2.25, 8.25, 2.5, 7], "texture": "#1"},
				"up": {"uv": [2.25, 7, 2.75, 7.25], "texture": "#1"},
				"down": {"uv": [2.25, 8, 2.75, 8.25], "texture": "#1"}
			}
		},
		{
			"from": [-0.425, 7.7, 8.075],
			"to": [-0.125, 8.45, 8.225],
			"faces": {
				"north": {"uv": [1.5, 7, 1, 8.25], "texture": "#1"},
				"south": {"uv": [1, 7, 1.5, 8.25], "texture": "#1"},
				"west": {"uv": [1, 7, 1.25, 8.25], "texture": "#1"},
				"up": {"uv": [1, 7, 1.5, 7.25], "texture": "#1"},
				"down": {"uv": [1, 8, 1.5, 8.25], "texture": "#1"}
			}
		},
		{
			"from": [0.175, 7.4, 8.025],
			"to": [0.325, 8.75, 8.275],
			"faces": {
				"north": {"uv": [2.25, 6.5, 2, 8.75], "texture": "#1"},
				"east": {"uv": [2, 6.5, 2.25, 8.75], "texture": "#1"},
				"south": {"uv": [2, 6.5, 2.25, 8.75], "texture": "#1"},
				"west": {"uv": [2, 6.5, 2.25, 8.75], "texture": "#1"},
				"up": {"uv": [2, 6.5, 2.25, 6.75], "texture": "#1"},
				"down": {"uv": [2, 8.5, 2.25, 8.75], "texture": "#1"}
			}
		},
		{
			"from": [0.325, 7.9, 7.975],
			"to": [12.575, 8.25, 8.325],
			"faces": {
				"north": {"uv": [12.5, 8, 2.25, 7.25], "texture": "#1"},
				"east": {"uv": [12.25, 7.25, 12.5, 8], "texture": "#1"},
				"south": {"uv": [2.25, 7.25, 12.5, 8], "texture": "#1"},
				"west": {"uv": [2.25, 7.25, 2.5, 8], "texture": "#1"},
				"up": {"uv": [2.25, 7.25, 12.5, 8], "texture": "#1"},
				"down": {"uv": [2.25, 7.25, 12.5, 8], "texture": "#1"}
			}
		},
		{
			"from": [10.225, 7.15, 8.15],
			"to": [12.675, 9, 8.15],
			"faces": {
				"north": {"uv": [16, 6.25, 12.5, 9], "texture": "#1"},
				"south": {"uv": [12.5, 6.25, 16, 9], "texture": "#1"}
			}
		},
		{
			"from": [10.225, 8.075, 7.225],
			"to": [12.675, 8.075, 9.075],
			"faces": {
				"up": {"uv": [16, 6.25, 12.5, 9], "rotation": 180, "texture": "#1"},
				"down": {"uv": [12.5, 6.25, 16, 9], "texture": "#1"}
			}
		},
		{
			"from": [7.325, -3.425, 7.725],
			"to": [8.325, -2.925, 8.225],
			"rotation": {"angle": 0, "axis": "y", "origin": [10, 21, 10]},
			"faces": {
				"north": {"uv": [3.25, 4.5, 4.25, 5], "rotation": 180, "texture": "#4"},
				"east": {"uv": [3.5, 4.5, 4, 5], "rotation": 180, "texture": "#4"},
				"south": {"uv": [4.25, 4.5, 3.25, 5], "rotation": 180, "texture": "#4"},
				"west": {"uv": [3.5, 4.5, 4, 5], "rotation": 180, "texture": "#4"},
				"up": {"uv": [3.25, 4.75, 4.25, 5], "texture": "#4"},
				"down": {"uv": [3.25, 4.5, 4.25, 4.75], "texture": "#4"}
			}
		},
		{
			"from": [5.075, 11.575, 7.525],
			"to": [5.575, 12.575, 8.425],
			"rotation": {"angle": 0, "axis": "y", "origin": [10, 21, 10]},
			"faces": {
				"north": {"uv": [1.5, 11.5, 1, 12.5], "texture": "#4"},
				"east": {"uv": [0.75, 11.5, 1.75, 12.5], "texture": "#4"},
				"south": {"uv": [1, 11.5, 1.5, 12.5], "texture": "#4"},
				"west": {"uv": [0.75, 11.5, 1.75, 12.5], "texture": "#4"},
				"up": {"uv": [1, 11.5, 1.5, 11.75], "texture": "#4"},
				"down": {"uv": [1, 12.25, 1.5, 12.5], "texture": "#4"}
			}
		},
		{
			"from": [5.325, 12.575, 7.525],
			"to": [5.825, 13.575, 8.425],
			"rotation": {"angle": 0, "axis": "y", "origin": [10, 21, 10]},
			"faces": {
				"north": {"uv": [1.75, 10.5, 1.25, 11.5], "texture": "#4"},
				"east": {"uv": [1, 10.5, 2, 11.5], "texture": "#4"},
				"south": {"uv": [1.25, 10.5, 1.75, 11.5], "texture": "#4"},
				"west": {"uv": [1, 10.5, 2, 11.5], "texture": "#4"},
				"up": {"uv": [1.25, 10.5, 1.75, 10.75], "texture": "#4"},
				"down": {"uv": [1.25, 11.25, 1.75, 11.5], "texture": "#4"}
			}
		},
		{
			"from": [5.575, 13.575, 7.525],
			"to": [6.075, 14.575, 8.425],
			"rotation": {"angle": 0, "axis": "y", "origin": [10, 21, 10]},
			"faces": {
				"north": {"uv": [2, 9.5, 1.5, 10.5], "texture": "#4"},
				"east": {"uv": [1.25, 9.5, 2.25, 10.5], "texture": "#4"},
				"south": {"uv": [1.5, 9.5, 2, 10.5], "texture": "#4"},
				"west": {"uv": [1.25, 9.5, 2.25, 10.5], "texture": "#4"},
				"up": {"uv": [1.5, 9.5, 2, 9.75], "texture": "#4"},
				"down": {"uv": [1.5, 10.25, 2, 10.5], "texture": "#4"}
			}
		},
		{
			"from": [5.825, 14.575, 7.525],
			"to": [6.325, 15.325, 8.425],
			"rotation": {"angle": 0, "axis": "y", "origin": [10, 21, 10]},
			"faces": {
				"north": {"uv": [2.25, 8.75, 1.75, 9.5], "texture": "#4"},
				"east": {"uv": [1.5, 8.75, 2.5, 9.5], "texture": "#4"},
				"south": {"uv": [1.75, 8.75, 2.25, 9.5], "texture": "#4"},
				"west": {"uv": [1.5, 8.75, 2.5, 9.5], "texture": "#4"},
				"up": {"uv": [1.75, 8.75, 2.25, 9], "texture": "#4"},
				"down": {"uv": [1.75, 9.25, 2.25, 9.5], "texture": "#4"}
			}
		},
		{
			"from": [6.075, 15.325, 7.525],
			"to": [6.575, 16.075, 8.425],
			"rotation": {"angle": 0, "axis": "y", "origin": [10, 21, 10]},
			"faces": {
				"north": {"uv": [2.5, 8, 2, 8.75], "texture": "#4"},
				"east": {"uv": [1.75, 8, 2.75, 8.75], "texture": "#4"},
				"south": {"uv": [2, 8, 2.5, 8.75], "texture": "#4"},
				"west": {"uv": [1.75, 8, 2.75, 8.75], "texture": "#4"},
				"up": {"uv": [2, 8, 2.5, 8.25], "texture": "#4"},
				"down": {"uv": [2, 8.5, 2.5, 8.75], "texture": "#4"}
			}
		},
		{
			"from": [6.575, 16.825, 7.525],
			"to": [7.075, 17.575, 8.425],
			"rotation": {"angle": 0, "axis": "y", "origin": [10, 21, 10]},
			"faces": {
				"north": {"uv": [3, 6.5, 2.5, 7.25], "texture": "#4"},
				"east": {"uv": [2.25, 6.5, 3.25, 7.25], "texture": "#4"},
				"south": {"uv": [2.5, 6.5, 3, 7.25], "texture": "#4"},
				"west": {"uv": [2.25, 6.5, 3.25, 7.25], "texture": "#4"},
				"up": {"uv": [2.5, 6.5, 3, 6.75], "texture": "#4"},
				"down": {"uv": [2.5, 7, 3, 7.25], "texture": "#4"}
			}
		},
		{
			"from": [6.325, 16.075, 7.525],
			"to": [6.825, 16.825, 8.425],
			"rotation": {"angle": 0, "axis": "y", "origin": [10, 21, 10]},
			"faces": {
				"north": {"uv": [2.75, 7.25, 2.25, 8], "texture": "#4"},
				"east": {"uv": [2, 7.25, 3, 8], "texture": "#4"},
				"south": {"uv": [2.25, 7.25, 2.75, 8], "texture": "#4"},
				"west": {"uv": [2, 7.25, 3, 8], "texture": "#4"},
				"up": {"uv": [2.25, 7.25, 2.75, 7.5], "texture": "#4"},
				"down": {"uv": [2.25, 7.75, 2.75, 8], "texture": "#4"}
			}
		},
		{
			"from": [6.825, 17.575, 7.525],
			"to": [7.325, 18.075, 8.425],
			"rotation": {"angle": 0, "axis": "y", "origin": [10, 21, 10]},
			"faces": {
				"north": {"uv": [3.25, 6, 2.75, 6.5], "texture": "#4"},
				"east": {"uv": [2.5, 6, 3.5, 6.5], "texture": "#4"},
				"south": {"uv": [2.75, 6, 3.25, 6.5], "texture": "#4"},
				"west": {"uv": [2.5, 6, 3.5, 6.5], "texture": "#4"},
				"up": {"uv": [2.75, 6, 3.25, 6.25], "texture": "#4"},
				"down": {"uv": [2.75, 6.25, 3.25, 6.5], "texture": "#4"}
			}
		},
		{
			"from": [7.075, 18.075, 7.525],
			"to": [7.575, 18.575, 8.425],
			"rotation": {"angle": 0, "axis": "y", "origin": [10, 21, 10]},
			"faces": {
				"north": {"uv": [3.5, 5.5, 3, 6], "texture": "#4"},
				"east": {"uv": [2.75, 5.5, 3.75, 6], "texture": "#4"},
				"south": {"uv": [3, 5.5, 3.5, 6], "texture": "#4"},
				"west": {"uv": [2.75, 5.5, 3.75, 6], "texture": "#4"},
				"up": {"uv": [3, 5.5, 3.5, 5.75], "texture": "#4"},
				"down": {"uv": [3, 5.75, 3.5, 6], "texture": "#4"}
			}
		},
		{
			"from": [7.325, 18.575, 7.525],
			"to": [7.825, 19.075, 8.425],
			"rotation": {"angle": 0, "axis": "y", "origin": [10, 21, 10]},
			"faces": {
				"north": {"uv": [3.75, 5, 3.25, 5.5], "texture": "#4"},
				"east": {"uv": [3, 5, 4, 5.5], "texture": "#4"},
				"south": {"uv": [3.25, 5, 3.75, 5.5], "texture": "#4"},
				"west": {"uv": [3, 5, 4, 5.5], "texture": "#4"},
				"up": {"uv": [3.25, 5, 3.75, 5.25], "texture": "#4"},
				"down": {"uv": [3.25, 5.25, 3.75, 5.5], "texture": "#4"}
			}
		},
		{
			"from": [7.575, 19.075, 7.525],
			"to": [8.075, 19.575, 8.425],
			"rotation": {"angle": 0, "axis": "y", "origin": [10, 21, 10]},
			"faces": {
				"north": {"uv": [4, 4.5, 3.5, 5], "texture": "#4"},
				"east": {"uv": [3.25, 4.5, 4.25, 5], "texture": "#4"},
				"south": {"uv": [3.5, 4.5, 4, 5], "texture": "#4"},
				"west": {"uv": [3.25, 4.5, 4.25, 5], "texture": "#4"},
				"up": {"uv": [3.5, 4.5, 4, 4.75], "texture": "#4"},
				"down": {"uv": [3.5, 4.75, 4, 5], "texture": "#4"}
			}
		},
		{
			"from": [7.825, 19.575, 7.525],
			"to": [8.325, 20.075, 8.425],
			"rotation": {"angle": 0, "axis": "y", "origin": [10, 21, 10]},
			"faces": {
				"north": {"uv": [4.25, 4, 3.75, 4.5], "texture": "#4"},
				"east": {"uv": [3.5, 4, 4.5, 4.5], "texture": "#4"},
				"south": {"uv": [3.75, 4, 4.25, 4.5], "texture": "#4"},
				"west": {"uv": [3.5, 4, 4.5, 4.5], "texture": "#4"},
				"up": {"uv": [3.75, 4, 4.25, 4.25], "texture": "#4"},
				"down": {"uv": [3.75, 4.25, 4.25, 4.5], "texture": "#4"}
			}
		},
		{
			"from": [8.075, 20.075, 7.525],
			"to": [8.575, 20.575, 8.425],
			"rotation": {"angle": 0, "axis": "y", "origin": [10, 21, 10]},
			"faces": {
				"north": {"uv": [4.5, 3.5, 4, 4], "texture": "#4"},
				"east": {"uv": [3.75, 3.5, 4.75, 4], "texture": "#4"},
				"south": {"uv": [4, 3.5, 4.5, 4], "texture": "#4"},
				"west": {"uv": [3.75, 3.5, 4.75, 4], "texture": "#4"},
				"up": {"uv": [4, 3.5, 4.5, 3.75], "texture": "#4"},
				"down": {"uv": [4, 3.75, 4.5, 4], "texture": "#4"}
			}
		},
		{
			"from": [8.575, 21.075, 7.525],
			"to": [9.075, 21.575, 8.425],
			"rotation": {"angle": 0, "axis": "y", "origin": [10, 21, 10]},
			"faces": {
				"north": {"uv": [5, 2.5, 4.5, 3], "texture": "#4"},
				"east": {"uv": [4.25, 2.5, 5.25, 3], "texture": "#4"},
				"south": {"uv": [4.5, 2.5, 5, 3], "texture": "#4"},
				"west": {"uv": [4.25, 2.5, 5.25, 3], "texture": "#4"},
				"up": {"uv": [4.5, 2.5, 5, 2.75], "texture": "#4"},
				"down": {"uv": [4.5, 2.75, 5, 3], "texture": "#4"}
			}
		},
		{
			"from": [8.325, 20.575, 7.525],
			"to": [8.825, 21.075, 8.425],
			"rotation": {"angle": 0, "axis": "y", "origin": [10, 21, 10]},
			"faces": {
				"north": {"uv": [4.75, 3, 4.25, 3.5], "texture": "#4"},
				"east": {"uv": [4, 3, 5, 3.5], "texture": "#4"},
				"south": {"uv": [4.25, 3, 4.75, 3.5], "texture": "#4"},
				"west": {"uv": [4, 3, 5, 3.5], "texture": "#4"},
				"up": {"uv": [4.25, 3, 4.75, 3.25], "texture": "#4"},
				"down": {"uv": [4.25, 3.25, 4.75, 3.5], "texture": "#4"}
			}
		},
		{
			"from": [9.075, 22.075, 7.525],
			"to": [9.575, 22.575, 8.425],
			"rotation": {"angle": 0, "axis": "y", "origin": [10, 21, 10]},
			"faces": {
				"north": {"uv": [5.5, 1.5, 5, 2], "texture": "#4"},
				"east": {"uv": [4.75, 1.5, 5.75, 2], "texture": "#4"},
				"south": {"uv": [5, 1.5, 5.5, 2], "texture": "#4"},
				"west": {"uv": [4.75, 1.5, 5.75, 2], "texture": "#4"},
				"up": {"uv": [5, 1.5, 5.5, 1.75], "texture": "#4"},
				"down": {"uv": [5, 1.75, 5.5, 2], "texture": "#4"}
			}
		},
		{
			"from": [8.825, 21.575, 7.525],
			"to": [9.325, 22.075, 8.425],
			"rotation": {"angle": 0, "axis": "y", "origin": [10, 21, 10]},
			"faces": {
				"north": {"uv": [5.25, 2, 4.75, 2.5], "texture": "#4"},
				"east": {"uv": [4.5, 2, 5.5, 2.5], "texture": "#4"},
				"south": {"uv": [4.75, 2, 5.25, 2.5], "texture": "#4"},
				"west": {"uv": [4.5, 2, 5.5, 2.5], "texture": "#4"},
				"up": {"uv": [4.75, 2, 5.25, 2.25], "texture": "#4"},
				"down": {"uv": [4.75, 2.25, 5.25, 2.5], "texture": "#4"}
			}
		},
		{
			"from": [9.325, 22.575, 7.525],
			"to": [9.575, 23.075, 8.425],
			"rotation": {"angle": 0, "axis": "y", "origin": [10, 21, 10]},
			"faces": {
				"north": {"uv": [5.5, 1, 5.25, 1.5], "texture": "#4"},
				"east": {"uv": [5, 1, 5.75, 1.5], "texture": "#4"},
				"south": {"uv": [5.25, 1, 5.5, 1.5], "texture": "#4"},
				"west": {"uv": [5, 1, 5.75, 1.5], "texture": "#4"},
				"up": {"uv": [5.25, 1, 5.5, 1.25], "texture": "#4"},
				"down": {"uv": [5.25, 1.25, 5.5, 1.5], "texture": "#4"}
			}
		},
		{
			"from": [4.825, 4.575, 7.525],
			"to": [5.325, 5.575, 8.425],
			"rotation": {"angle": 0, "axis": "y", "origin": [10, 21, 10]},
			"faces": {
				"north": {"uv": [0.75, 12.5, 1.25, 13.5], "rotation": 180, "texture": "#4"},
				"east": {"uv": [0.5, 12.5, 1.5, 13.5], "rotation": 180, "texture": "#4"},
				"south": {"uv": [1.25, 12.5, 0.75, 13.5], "rotation": 180, "texture": "#4"},
				"west": {"uv": [0.5, 12.5, 1.5, 13.5], "rotation": 180, "texture": "#4"},
				"up": {"uv": [0.75, 13.25, 1.25, 13.5], "texture": "#4"},
				"down": {"uv": [0.75, 12.5, 1.25, 12.75], "texture": "#4"}
			}
		},
		{
			"from": [5.075, 3.575, 7.525],
			"to": [5.575, 4.575, 8.425],
			"rotation": {"angle": 0, "axis": "y", "origin": [10, 21, 10]},
			"faces": {
				"north": {"uv": [1, 11.5, 1.5, 12.5], "rotation": 180, "texture": "#4"},
				"east": {"uv": [0.75, 11.5, 1.75, 12.5], "rotation": 180, "texture": "#4"},
				"south": {"uv": [1.5, 11.5, 1, 12.5], "rotation": 180, "texture": "#4"},
				"west": {"uv": [0.75, 11.5, 1.75, 12.5], "rotation": 180, "texture": "#4"},
				"up": {"uv": [1, 12.25, 1.5, 12.5], "texture": "#4"},
				"down": {"uv": [1, 11.5, 1.5, 11.75], "texture": "#4"}
			}
		},
		{
			"from": [5.575, 1.575, 7.525],
			"to": [6.075, 2.575, 8.425],
			"rotation": {"angle": 0, "axis": "y", "origin": [10, 21, 10]},
			"faces": {
				"north": {"uv": [1.5, 9.5, 2, 10.5], "rotation": 180, "texture": "#4"},
				"east": {"uv": [1.25, 9.5, 2.25, 10.5], "rotation": 180, "texture": "#4"},
				"south": {"uv": [2, 9.5, 1.5, 10.5], "rotation": 180, "texture": "#4"},
				"west": {"uv": [1.25, 9.5, 2.25, 10.5], "rotation": 180, "texture": "#4"},
				"up": {"uv": [1.5, 10.25, 2, 10.5], "texture": "#4"},
				"down": {"uv": [1.5, 9.5, 2, 9.75], "texture": "#4"}
			}
		},
		{
			"from": [5.825, 0.825, 7.525],
			"to": [6.325, 1.575, 8.425],
			"rotation": {"angle": 0, "axis": "y", "origin": [10, 21, 10]},
			"faces": {
				"north": {"uv": [1.75, 8.75, 2.25, 9.5], "rotation": 180, "texture": "#4"},
				"east": {"uv": [1.5, 8.75, 2.5, 9.5], "rotation": 180, "texture": "#4"},
				"south": {"uv": [2.25, 8.75, 1.75, 9.5], "rotation": 180, "texture": "#4"},
				"west": {"uv": [1.5, 8.75, 2.5, 9.5], "rotation": 180, "texture": "#4"},
				"up": {"uv": [1.75, 9.25, 2.25, 9.5], "texture": "#4"},
				"down": {"uv": [1.75, 8.75, 2.25, 9], "texture": "#4"}
			}
		},
		{
			"from": [6.075, 0.075, 7.525],
			"to": [6.575, 0.825, 8.425],
			"rotation": {"angle": 0, "axis": "y", "origin": [10, 21, 10]},
			"faces": {
				"north": {"uv": [2, 8, 2.5, 8.75], "rotation": 180, "texture": "#4"},
				"east": {"uv": [1.75, 8, 2.75, 8.75], "rotation": 180, "texture": "#4"},
				"south": {"uv": [2.5, 8, 2, 8.75], "rotation": 180, "texture": "#4"},
				"west": {"uv": [1.75, 8, 2.75, 8.75], "rotation": 180, "texture": "#4"},
				"up": {"uv": [2, 8.5, 2.5, 8.75], "texture": "#4"},
				"down": {"uv": [2, 8, 2.5, 8.25], "texture": "#4"}
			}
		},
		{
			"from": [6.325, -0.675, 7.525],
			"to": [6.825, 0.075, 8.425],
			"rotation": {"angle": 0, "axis": "y", "origin": [10, 21, 10]},
			"faces": {
				"north": {"uv": [2.25, 7.25, 2.75, 8], "rotation": 180, "texture": "#4"},
				"east": {"uv": [2, 7.25, 3, 8], "rotation": 180, "texture": "#4"},
				"south": {"uv": [2.75, 7.25, 2.25, 8], "rotation": 180, "texture": "#4"},
				"west": {"uv": [2, 7.25, 3, 8], "rotation": 180, "texture": "#4"},
				"up": {"uv": [2.25, 7.75, 2.75, 8], "texture": "#4"},
				"down": {"uv": [2.25, 7.25, 2.75, 7.5], "texture": "#4"}
			}
		},
		{
			"from": [7.825, -3.925, 7.525],
			"to": [8.325, -3.425, 8.425],
			"rotation": {"angle": 0, "axis": "y", "origin": [10, 21, 10]},
			"faces": {
				"north": {"uv": [3.75, 4, 4.25, 4.5], "rotation": 180, "texture": "#4"},
				"east": {"uv": [3.5, 4, 4.5, 4.5], "rotation": 180, "texture": "#4"},
				"south": {"uv": [4.25, 4, 3.75, 4.5], "rotation": 180, "texture": "#4"},
				"west": {"uv": [3.5, 4, 4.5, 4.5], "rotation": 180, "texture": "#4"},
				"up": {"uv": [3.75, 4.25, 4.25, 4.5], "texture": "#4"},
				"down": {"uv": [3.75, 4, 4.25, 4.25], "texture": "#4"}
			}
		},
		{
			"from": [8.075, -4.425, 7.525],
			"to": [8.575, -3.925, 8.425],
			"rotation": {"angle": 0, "axis": "y", "origin": [10, 21, 10]},
			"faces": {
				"north": {"uv": [4, 3.5, 4.5, 4], "rotation": 180, "texture": "#4"},
				"east": {"uv": [3.75, 3.5, 4.75, 4], "rotation": 180, "texture": "#4"},
				"south": {"uv": [4.5, 3.5, 4, 4], "rotation": 180, "texture": "#4"},
				"west": {"uv": [3.75, 3.5, 4.75, 4], "rotation": 180, "texture": "#4"},
				"up": {"uv": [4, 3.75, 4.5, 4], "texture": "#4"},
				"down": {"uv": [4, 3.5, 4.5, 3.75], "texture": "#4"}
			}
		},
		{
			"from": [8.575, -5.425, 7.525],
			"to": [9.075, -4.925, 8.425],
			"rotation": {"angle": 0, "axis": "y", "origin": [10, 21, 10]},
			"faces": {
				"north": {"uv": [4.5, 2.5, 5, 3], "rotation": 180, "texture": "#4"},
				"east": {"uv": [4.25, 2.5, 5.25, 3], "rotation": 180, "texture": "#4"},
				"south": {"uv": [5, 2.5, 4.5, 3], "rotation": 180, "texture": "#4"},
				"west": {"uv": [4.25, 2.5, 5.25, 3], "rotation": 180, "texture": "#4"},
				"up": {"uv": [4.5, 2.75, 5, 3], "texture": "#4"},
				"down": {"uv": [4.5, 2.5, 5, 2.75], "texture": "#4"}
			}
		},
		{
			"from": [8.325, -4.925, 7.525],
			"to": [8.825, -4.425, 8.425],
			"rotation": {"angle": 0, "axis": "y", "origin": [10, 21, 10]},
			"faces": {
				"north": {"uv": [4.25, 3, 4.75, 3.5], "rotation": 180, "texture": "#4"},
				"east": {"uv": [4, 3, 5, 3.5], "rotation": 180, "texture": "#4"},
				"south": {"uv": [4.75, 3, 4.25, 3.5], "rotation": 180, "texture": "#4"},
				"west": {"uv": [4, 3, 5, 3.5], "rotation": 180, "texture": "#4"},
				"up": {"uv": [4.25, 3.25, 4.75, 3.5], "texture": "#4"},
				"down": {"uv": [4.25, 3, 4.75, 3.25], "texture": "#4"}
			}
		},
		{
			"from": [9.075, -6.425, 7.525],
			"to": [9.575, -5.925, 8.425],
			"rotation": {"angle": 0, "axis": "y", "origin": [10, 21, 10]},
			"faces": {
				"north": {"uv": [5, 1.5, 5.5, 2], "rotation": 180, "texture": "#4"},
				"east": {"uv": [4.75, 1.5, 5.75, 2], "rotation": 180, "texture": "#4"},
				"south": {"uv": [5.5, 1.5, 5, 2], "rotation": 180, "texture": "#4"},
				"west": {"uv": [4.75, 1.5, 5.75, 2], "rotation": 180, "texture": "#4"},
				"up": {"uv": [5, 1.75, 5.5, 2], "texture": "#4"},
				"down": {"uv": [5, 1.5, 5.5, 1.75], "texture": "#4"}
			}
		},
		{
			"from": [8.825, -5.925, 7.525],
			"to": [9.325, -5.425, 8.425],
			"rotation": {"angle": 0, "axis": "y", "origin": [10, 21, 10]},
			"faces": {
				"north": {"uv": [4.75, 2, 5.25, 2.5], "rotation": 180, "texture": "#4"},
				"east": {"uv": [4.5, 2, 5.5, 2.5], "rotation": 180, "texture": "#4"},
				"south": {"uv": [5.25, 2, 4.75, 2.5], "rotation": 180, "texture": "#4"},
				"west": {"uv": [4.5, 2, 5.5, 2.5], "rotation": 180, "texture": "#4"},
				"up": {"uv": [4.75, 2.25, 5.25, 2.5], "texture": "#4"},
				"down": {"uv": [4.75, 2, 5.25, 2.25], "texture": "#4"}
			}
		},
		{
			"from": [9.325, -6.925, 7.525],
			"to": [9.575, -6.425, 8.425],
			"rotation": {"angle": 0, "axis": "y", "origin": [10, 21, 10]},
			"faces": {
				"north": {"uv": [5.25, 1, 5.5, 1.5], "rotation": 180, "texture": "#4"},
				"east": {"uv": [5, 1, 5.75, 1.5], "rotation": 180, "texture": "#4"},
				"south": {"uv": [5.5, 1, 5.25, 1.5], "rotation": 180, "texture": "#4"},
				"west": {"uv": [5, 1, 5.75, 1.5], "rotation": 180, "texture": "#4"},
				"up": {"uv": [5.25, 1.25, 5.5, 1.5], "texture": "#4"},
				"down": {"uv": [5.25, 1, 5.5, 1.25], "texture": "#4"}
			}
		},
		{
			"from": [5.325, 2.575, 7.525],
			"to": [5.825, 3.575, 8.425],
			"rotation": {"angle": 0, "axis": "y", "origin": [10, 21, 10]},
			"faces": {
				"north": {"uv": [1.25, 10.5, 1.75, 11.5], "rotation": 180, "texture": "#4"},
				"east": {"uv": [1, 10.5, 2, 11.5], "rotation": 180, "texture": "#4"},
				"south": {"uv": [1.75, 10.5, 1.25, 11.5], "rotation": 180, "texture": "#4"},
				"west": {"uv": [1, 10.5, 2, 11.5], "rotation": 180, "texture": "#4"},
				"up": {"uv": [1.25, 11.25, 1.75, 11.5], "texture": "#4"},
				"down": {"uv": [1.25, 10.5, 1.75, 10.75], "texture": "#4"}
			}
		},
		{
			"from": [6.575, -1.425, 7.525],
			"to": [7.075, -0.675, 8.425],
			"rotation": {"angle": 0, "axis": "y", "origin": [10, 21, 10]},
			"faces": {
				"north": {"uv": [2.5, 6.5, 3, 7.25], "rotation": 180, "texture": "#4"},
				"east": {"uv": [2.25, 6.5, 3.25, 7.25], "rotation": 180, "texture": "#4"},
				"south": {"uv": [3, 6.5, 2.5, 7.25], "rotation": 180, "texture": "#4"},
				"west": {"uv": [2.25, 6.5, 3.25, 7.25], "rotation": 180, "texture": "#4"},
				"up": {"uv": [2.5, 7, 3, 7.25], "texture": "#4"},
				"down": {"uv": [2.5, 6.5, 3, 6.75], "texture": "#4"}
			}
		},
		{
			"from": [6.825, -1.925, 7.525],
			"to": [7.325, -1.425, 8.425],
			"rotation": {"angle": 0, "axis": "y", "origin": [10, 21, 10]},
			"faces": {
				"north": {"uv": [2.75, 6, 3.25, 6.5], "rotation": 180, "texture": "#4"},
				"east": {"uv": [2.5, 6, 3.5, 6.5], "rotation": 180, "texture": "#4"},
				"south": {"uv": [3.25, 6, 2.75, 6.5], "rotation": 180, "texture": "#4"},
				"west": {"uv": [2.5, 6, 3.5, 6.5], "rotation": 180, "texture": "#4"},
				"up": {"uv": [2.75, 6.25, 3.25, 6.5], "texture": "#4"},
				"down": {"uv": [2.75, 6, 3.25, 6.25], "texture": "#4"}
			}
		},
		{
			"from": [7.075, -2.425, 7.525],
			"to": [7.575, -1.925, 8.425],
			"rotation": {"angle": 0, "axis": "y", "origin": [10, 21, 10]},
			"faces": {
				"north": {"uv": [3, 5.5, 3.5, 6], "rotation": 180, "texture": "#4"},
				"east": {"uv": [2.75, 5.5, 3.75, 6], "rotation": 180, "texture": "#4"},
				"south": {"uv": [3.5, 5.5, 3, 6], "rotation": 180, "texture": "#4"},
				"west": {"uv": [2.75, 5.5, 3.75, 6], "rotation": 180, "texture": "#4"},
				"up": {"uv": [3, 5.75, 3.5, 6], "texture": "#4"},
				"down": {"uv": [3, 5.5, 3.5, 5.75], "texture": "#4"}
			}
		},
		{
			"from": [7.325, -2.925, 7.525],
			"to": [7.825, -2.425, 8.425],
			"rotation": {"angle": 0, "axis": "y", "origin": [10, 21, 10]},
			"faces": {
				"north": {"uv": [3.25, 5, 3.75, 5.5], "rotation": 180, "texture": "#4"},
				"east": {"uv": [3, 5, 4, 5.5], "rotation": 180, "texture": "#4"},
				"south": {"uv": [3.75, 5, 3.25, 5.5], "rotation": 180, "texture": "#4"},
				"west": {"uv": [3, 5, 4, 5.5], "rotation": 180, "texture": "#4"},
				"up": {"uv": [3.25, 5.25, 3.75, 5.5], "texture": "#4"},
				"down": {"uv": [3.25, 5, 3.75, 5.25], "texture": "#4"}
			}
		},
		{
			"from": [7.575, -3.425, 7.525],
			"to": [8.075, -2.925, 8.425],
			"rotation": {"angle": 0, "axis": "y", "origin": [10, 21, 10]},
			"faces": {
				"north": {"uv": [3.5, 4.5, 4, 5], "rotation": 180, "texture": "#4"},
				"east": {"uv": [3.25, 4.5, 4.25, 5], "rotation": 180, "texture": "#4"},
				"south": {"uv": [4, 4.5, 3.5, 5], "rotation": 180, "texture": "#4"},
				"west": {"uv": [3.25, 4.5, 4.25, 5], "rotation": 180, "texture": "#4"},
				"up": {"uv": [3.5, 4.75, 4, 5], "texture": "#4"},
				"down": {"uv": [3.5, 4.5, 4, 4.75], "texture": "#4"}
			}
		},
		{
			"from": [7.075, -2.925, 7.725],
			"to": [8.075, -2.425, 8.225],
			"rotation": {"angle": 0, "axis": "y", "origin": [10, 21, 10]},
			"faces": {
				"north": {"uv": [3, 5, 4, 5.5], "rotation": 180, "texture": "#4"},
				"east": {"uv": [3.25, 5, 3.75, 5.5], "rotation": 180, "texture": "#4"},
				"south": {"uv": [4, 5, 3, 5.5], "rotation": 180, "texture": "#4"},
				"west": {"uv": [3.25, 5, 3.75, 5.5], "rotation": 180, "texture": "#4"},
				"up": {"uv": [3, 5.25, 4, 5.5], "texture": "#4"},
				"down": {"uv": [3, 5, 4, 5.25], "texture": "#4"}
			}
		},
		{
			"from": [6.825, -2.425, 7.725],
			"to": [7.825, -1.925, 8.225],
			"rotation": {"angle": 0, "axis": "y", "origin": [10, 21, 10]},
			"faces": {
				"north": {"uv": [2.75, 5.5, 3.75, 6], "rotation": 180, "texture": "#4"},
				"east": {"uv": [3, 5.5, 3.5, 6], "rotation": 180, "texture": "#4"},
				"south": {"uv": [3.75, 5.5, 2.75, 6], "rotation": 180, "texture": "#4"},
				"west": {"uv": [3, 5.5, 3.5, 6], "rotation": 180, "texture": "#4"},
				"up": {"uv": [2.75, 5.75, 3.75, 6], "texture": "#4"},
				"down": {"uv": [2.75, 5.5, 3.75, 5.75], "texture": "#4"}
			}
		},
		{
			"from": [6.575, -1.925, 7.725],
			"to": [7.575, -1.425, 8.225],
			"rotation": {"angle": 0, "axis": "y", "origin": [10, 21, 10]},
			"faces": {
				"north": {"uv": [2.5, 6, 3.5, 6.5], "rotation": 180, "texture": "#4"},
				"east": {"uv": [2.75, 6, 3.25, 6.5], "rotation": 180, "texture": "#4"},
				"south": {"uv": [3.5, 6, 2.5, 6.5], "rotation": 180, "texture": "#4"},
				"west": {"uv": [2.75, 6, 3.25, 6.5], "rotation": 180, "texture": "#4"},
				"up": {"uv": [2.5, 6.25, 3.5, 6.5], "texture": "#4"},
				"down": {"uv": [2.5, 6, 3.5, 6.25], "texture": "#4"}
			}
		},
		{
			"from": [6.325, -1.425, 7.725],
			"to": [7.325, -0.675, 8.225],
			"rotation": {"angle": 0, "axis": "y", "origin": [10, 21, 10]},
			"faces": {
				"north": {"uv": [2.25, 6.5, 3.25, 7.25], "rotation": 180, "texture": "#4"},
				"east": {"uv": [2.5, 6.5, 3, 7.25], "rotation": 180, "texture": "#4"},
				"south": {"uv": [3.25, 6.5, 2.25, 7.25], "rotation": 180, "texture": "#4"},
				"west": {"uv": [2.5, 6.5, 3, 7.25], "rotation": 180, "texture": "#4"},
				"up": {"uv": [2.25, 7, 3.25, 7.25], "texture": "#4"},
				"down": {"uv": [2.25, 6.5, 3.25, 6.75], "texture": "#4"}
			}
		},
		{
			"from": [5.075, 2.575, 7.725],
			"to": [6.075, 3.575, 8.225],
			"rotation": {"angle": 0, "axis": "y", "origin": [10, 21, 10]},
			"faces": {
				"north": {"uv": [1, 10.5, 2, 11.5], "rotation": 180, "texture": "#4"},
				"east": {"uv": [1.25, 10.5, 1.75, 11.5], "rotation": 180, "texture": "#4"},
				"south": {"uv": [2, 10.5, 1, 11.5], "rotation": 180, "texture": "#4"},
				"west": {"uv": [1.25, 10.5, 1.75, 11.5], "rotation": 180, "texture": "#4"},
				"up": {"uv": [1, 11.25, 2, 11.5], "texture": "#4"},
				"down": {"uv": [1, 10.5, 2, 10.75], "texture": "#4"}
			}
		},
		{
			"from": [9.325, -5.425, 8],
			"to": [12.825, 8.325, 8],
			"rotation": {"angle": 0, "axis": "y", "origin": [10, 21, 10]},
			"faces": {
				"north": {"uv": [5.25, 2.5, 8.75, 16], "rotation": 180, "texture": "#4"},
				"south": {"uv": [8.75, 2.5, 5.25, 16], "rotation": 180, "texture": "#4"}
			}
		},
		{
			"from": [9.325, -7.425, 7.725],
			"to": [9.825, -6.925, 8.225],
			"rotation": {"angle": 0, "axis": "y", "origin": [10, 21, 10]},
			"faces": {
				"north": {"uv": [5.25, 0.5, 5.75, 1], "rotation": 180, "texture": "#4"},
				"east": {"uv": [5.5, 0.5, 5.75, 1], "rotation": 180, "texture": "#4"},
				"south": {"uv": [5.75, 0.5, 5.25, 1], "rotation": 180, "texture": "#4"},
				"west": {"uv": [5.5, 0.5, 5.25, 1], "rotation": 180, "texture": "#4"},
				"up": {"uv": [5.25, 0.75, 5.75, 1], "texture": "#4"},
				"down": {"uv": [5.25, 0.5, 5.75, 0.75], "texture": "#4"}
			}
		},
		{
			"from": [9.075, -6.925, 7.725],
			"to": [9.825, -6.425, 8.225],
			"rotation": {"angle": 0, "axis": "y", "origin": [10, 21, 10]},
			"faces": {
				"north": {"uv": [5, 1, 5.75, 1.5], "rotation": 180, "texture": "#4"},
				"east": {"uv": [5.25, 1, 5.5, 1.5], "rotation": 180, "texture": "#4"},
				"south": {"uv": [5.75, 1, 5, 1.5], "rotation": 180, "texture": "#4"},
				"west": {"uv": [5.25, 1, 5.5, 1.5], "rotation": 180, "texture": "#4"},
				"up": {"uv": [5, 1.25, 5.75, 1.5], "texture": "#4"},
				"down": {"uv": [5, 1, 5.75, 1.25], "texture": "#4"}
			}
		},
		{
			"from": [8.575, -5.925, 7.725],
			"to": [9.575, -5.425, 8.225],
			"rotation": {"angle": 0, "axis": "y", "origin": [10, 21, 10]},
			"faces": {
				"north": {"uv": [4.5, 2, 5.5, 2.5], "rotation": 180, "texture": "#4"},
				"east": {"uv": [4.75, 2, 5.25, 2.5], "rotation": 180, "texture": "#4"},
				"south": {"uv": [5.5, 2, 4.5, 2.5], "rotation": 180, "texture": "#4"},
				"west": {"uv": [4.75, 2, 5.25, 2.5], "rotation": 180, "texture": "#4"},
				"up": {"uv": [4.5, 2.25, 5.5, 2.5], "texture": "#4"},
				"down": {"uv": [4.5, 2, 5.5, 2.25], "texture": "#4"}
			}
		},
		{
			"from": [8.825, -6.425, 7.725],
			"to": [9.825, -5.925, 8.225],
			"rotation": {"angle": 0, "axis": "y", "origin": [10, 21, 10]},
			"faces": {
				"north": {"uv": [4.75, 1.5, 5.75, 2], "rotation": 180, "texture": "#4"},
				"east": {"uv": [5, 1.5, 5.5, 2], "rotation": 180, "texture": "#4"},
				"south": {"uv": [5.75, 1.5, 4.75, 2], "rotation": 180, "texture": "#4"},
				"west": {"uv": [5, 1.5, 5.5, 2], "rotation": 180, "texture": "#4"},
				"up": {"uv": [4.75, 1.75, 5.75, 2], "texture": "#4"},
				"down": {"uv": [4.75, 1.5, 5.75, 1.75], "texture": "#4"}
			}
		},
		{
			"from": [8.075, -4.925, 7.725],
			"to": [9.075, -4.425, 8.225],
			"rotation": {"angle": 0, "axis": "y", "origin": [10, 21, 10]},
			"faces": {
				"north": {"uv": [4, 3, 5, 3.5], "rotation": 180, "texture": "#4"},
				"east": {"uv": [4.25, 3, 4.75, 3.5], "rotation": 180, "texture": "#4"},
				"south": {"uv": [5, 3, 4, 3.5], "rotation": 180, "texture": "#4"},
				"west": {"uv": [4.25, 3, 4.75, 3.5], "rotation": 180, "texture": "#4"},
				"up": {"uv": [4, 3.25, 5, 3.5], "texture": "#4"},
				"down": {"uv": [4, 3, 5, 3.25], "texture": "#4"}
			}
		},
		{
			"from": [8.325, -5.425, 7.725],
			"to": [9.325, -4.925, 8.225],
			"rotation": {"angle": 0, "axis": "y", "origin": [10, 21, 10]},
			"faces": {
				"north": {"uv": [4.25, 2.5, 5.25, 3], "rotation": 180, "texture": "#4"},
				"east": {"uv": [4.5, 2.5, 5, 3], "rotation": 180, "texture": "#4"},
				"south": {"uv": [5.25, 2.5, 4.25, 3], "rotation": 180, "texture": "#4"},
				"west": {"uv": [4.5, 2.5, 5, 3], "rotation": 180, "texture": "#4"},
				"up": {"uv": [4.25, 2.75, 5.25, 3], "texture": "#4"},
				"down": {"uv": [4.25, 2.5, 5.25, 2.75], "texture": "#4"}
			}
		},
		{
			"from": [7.825, -4.425, 7.725],
			"to": [8.825, -3.925, 8.225],
			"rotation": {"angle": 0, "axis": "y", "origin": [10, 21, 10]},
			"faces": {
				"north": {"uv": [3.75, 3.5, 4.75, 4], "rotation": 180, "texture": "#4"},
				"east": {"uv": [4, 3.5, 4.5, 4], "rotation": 180, "texture": "#4"},
				"south": {"uv": [4.75, 3.5, 3.75, 4], "rotation": 180, "texture": "#4"},
				"west": {"uv": [4, 3.5, 4.5, 4], "rotation": 180, "texture": "#4"},
				"up": {"uv": [3.75, 3.75, 4.75, 4], "texture": "#4"},
				"down": {"uv": [3.75, 3.5, 4.75, 3.75], "texture": "#4"}
			}
		},
		{
			"from": [7.575, -3.925, 7.725],
			"to": [8.575, -3.425, 8.225],
			"rotation": {"angle": 0, "axis": "y", "origin": [10, 21, 10]},
			"faces": {
				"north": {"uv": [3.5, 4, 4.5, 4.5], "rotation": 180, "texture": "#4"},
				"east": {"uv": [3.75, 4, 4.25, 4.5], "rotation": 180, "texture": "#4"},
				"south": {"uv": [4.5, 4, 3.5, 4.5], "rotation": 180, "texture": "#4"},
				"west": {"uv": [3.75, 4, 4.25, 4.5], "rotation": 180, "texture": "#4"},
				"up": {"uv": [3.5, 4.25, 4.5, 4.5], "texture": "#4"},
				"down": {"uv": [3.5, 4, 4.5, 4.25], "texture": "#4"}
			}
		},
		{
			"from": [6.075, -0.675, 7.725],
			"to": [7.075, 0.075, 8.225],
			"rotation": {"angle": 0, "axis": "y", "origin": [10, 21, 10]},
			"faces": {
				"north": {"uv": [2, 7.25, 3, 8], "rotation": 180, "texture": "#4"},
				"east": {"uv": [2.25, 7.25, 2.75, 8], "rotation": 180, "texture": "#4"},
				"south": {"uv": [3, 7.25, 2, 8], "rotation": 180, "texture": "#4"},
				"west": {"uv": [2.25, 7.25, 2.75, 8], "rotation": 180, "texture": "#4"},
				"up": {"uv": [2, 7.75, 3, 8], "texture": "#4"},
				"down": {"uv": [2, 7.25, 3, 7.5], "texture": "#4"}
			}
		},
		{
			"from": [5.825, 0.075, 7.725],
			"to": [6.825, 0.825, 8.225],
			"rotation": {"angle": 0, "axis": "y", "origin": [10, 21, 10]},
			"faces": {
				"north": {"uv": [1.75, 8, 2.75, 8.75], "rotation": 180, "texture": "#4"},
				"east": {"uv": [2, 8, 2.5, 8.75], "rotation": 180, "texture": "#4"},
				"south": {"uv": [2.75, 8, 1.75, 8.75], "rotation": 180, "texture": "#4"},
				"west": {"uv": [2, 8, 2.5, 8.75], "rotation": 180, "texture": "#4"},
				"up": {"uv": [1.75, 8.5, 2.75, 8.75], "texture": "#4"},
				"down": {"uv": [1.75, 8, 2.75, 8.25], "texture": "#4"}
			}
		},
		{
			"from": [5.575, 0.825, 7.725],
			"to": [6.575, 1.575, 8.225],
			"rotation": {"angle": 0, "axis": "y", "origin": [10, 21, 10]},
			"faces": {
				"north": {"uv": [1.5, 8.75, 2.5, 9.5], "rotation": 180, "texture": "#4"},
				"east": {"uv": [1.75, 8.75, 2.25, 9.5], "rotation": 180, "texture": "#4"},
				"south": {"uv": [2.5, 8.75, 1.5, 9.5], "rotation": 180, "texture": "#4"},
				"west": {"uv": [1.75, 8.75, 2.25, 9.5], "rotation": 180, "texture": "#4"},
				"up": {"uv": [1.5, 9.25, 2.5, 9.5], "texture": "#4"},
				"down": {"uv": [1.5, 8.75, 2.5, 9], "texture": "#4"}
			}
		},
		{
			"from": [5.325, 1.575, 7.725],
			"to": [6.325, 2.575, 8.225],
			"rotation": {"angle": 0, "axis": "y", "origin": [10, 21, 10]},
			"faces": {
				"north": {"uv": [1.25, 9.5, 2.25, 10.5], "rotation": 180, "texture": "#4"},
				"east": {"uv": [1.5, 9.5, 2, 10.5], "rotation": 180, "texture": "#4"},
				"south": {"uv": [2.25, 9.5, 1.25, 10.5], "rotation": 180, "texture": "#4"},
				"west": {"uv": [1.5, 9.5, 2, 10.5], "rotation": 180, "texture": "#4"},
				"up": {"uv": [1.25, 10.25, 2.25, 10.5], "texture": "#4"},
				"down": {"uv": [1.25, 9.5, 2.25, 9.75], "texture": "#4"}
			}
		},
		{
			"from": [4.825, 3.575, 7.725],
			"to": [5.825, 4.575, 8.225],
			"rotation": {"angle": 0, "axis": "y", "origin": [10, 21, 10]},
			"faces": {
				"north": {"uv": [0.75, 11.5, 1.75, 12.5], "rotation": 180, "texture": "#4"},
				"east": {"uv": [1, 11.5, 1.5, 12.5], "rotation": 180, "texture": "#4"},
				"south": {"uv": [1.75, 11.5, 0.75, 12.5], "rotation": 180, "texture": "#4"},
				"west": {"uv": [1, 11.5, 1.5, 12.5], "rotation": 180, "texture": "#4"},
				"up": {"uv": [0.75, 12.25, 1.75, 12.5], "texture": "#4"},
				"down": {"uv": [0.75, 11.5, 1.75, 11.75], "texture": "#4"}
			}
		},
		{
			"from": [4.575, 4.575, 7.725],
			"to": [5.575, 5.575, 8.225],
			"rotation": {"angle": 0, "axis": "y", "origin": [10, 21, 10]},
			"faces": {
				"north": {"uv": [0.5, 12.5, 1.5, 13.5], "rotation": 180, "texture": "#4"},
				"east": {"uv": [0.75, 12.5, 1.25, 13.5], "rotation": 180, "texture": "#4"},
				"south": {"uv": [1.5, 12.5, 0.5, 13.5], "rotation": 180, "texture": "#4"},
				"west": {"uv": [0.75, 12.5, 1.25, 13.5], "rotation": 180, "texture": "#4"},
				"up": {"uv": [0.5, 13.25, 1.5, 13.5], "texture": "#4"},
				"down": {"uv": [0.5, 12.5, 1.5, 12.75], "texture": "#4"}
			}
		},
		{
			"from": [9.325, 7.825, 8],
			"to": [12.825, 21.575, 8],
			"rotation": {"angle": 0, "axis": "y", "origin": [10, 21, 10]},
			"faces": {
				"north": {"uv": [8.75, 2.5, 5.25, 16], "texture": "#4"},
				"south": {"uv": [5.25, 2.5, 8.75, 16], "texture": "#4"}
			}
		},
		{
			"from": [9.325, 23.075, 7.725],
			"to": [9.825, 23.575, 8.225],
			"rotation": {"angle": 0, "axis": "y", "origin": [10, 21, 10]},
			"faces": {
				"north": {"uv": [5.75, 0.5, 5.25, 1], "texture": "#4"},
				"east": {"uv": [5.5, 0.5, 5.75, 1], "texture": "#4"},
				"south": {"uv": [5.25, 0.5, 5.75, 1], "texture": "#4"},
				"west": {"uv": [5.5, 0.5, 5.25, 1], "texture": "#4"},
				"up": {"uv": [5.25, 0.5, 5.75, 0.75], "texture": "#4"},
				"down": {"uv": [5.25, 0.75, 5.75, 1], "texture": "#4"}
			}
		},
		{
			"from": [9.075, 22.575, 7.725],
			"to": [9.825, 23.075, 8.225],
			"rotation": {"angle": 0, "axis": "y", "origin": [10, 21, 10]},
			"faces": {
				"north": {"uv": [5.75, 1, 5, 1.5], "texture": "#4"},
				"east": {"uv": [5.25, 1, 5.5, 1.5], "texture": "#4"},
				"south": {"uv": [5, 1, 5.75, 1.5], "texture": "#4"},
				"west": {"uv": [5.25, 1, 5.5, 1.5], "texture": "#4"},
				"up": {"uv": [5, 1, 5.75, 1.25], "texture": "#4"},
				"down": {"uv": [5, 1.25, 5.75, 1.5], "texture": "#4"}
			}
		},
		{
			"from": [8.575, 21.575, 7.725],
			"to": [9.575, 22.075, 8.225],
			"rotation": {"angle": 0, "axis": "y", "origin": [10, 21, 10]},
			"faces": {
				"north": {"uv": [5.5, 2, 4.5, 2.5], "texture": "#4"},
				"east": {"uv": [4.75, 2, 5.25, 2.5], "texture": "#4"},
				"south": {"uv": [4.5, 2, 5.5, 2.5], "texture": "#4"},
				"west": {"uv": [4.75, 2, 5.25, 2.5], "texture": "#4"},
				"up": {"uv": [4.5, 2, 5.5, 2.25], "texture": "#4"},
				"down": {"uv": [4.5, 2.25, 5.5, 2.5], "texture": "#4"}
			}
		},
		{
			"from": [8.825, 22.075, 7.725],
			"to": [9.825, 22.575, 8.225],
			"rotation": {"angle": 0, "axis": "y", "origin": [10, 21, 10]},
			"faces": {
				"north": {"uv": [5.75, 1.5, 4.75, 2], "texture": "#4"},
				"east": {"uv": [5, 1.5, 5.5, 2], "texture": "#4"},
				"south": {"uv": [4.75, 1.5, 5.75, 2], "texture": "#4"},
				"west": {"uv": [5, 1.5, 5.5, 2], "texture": "#4"},
				"up": {"uv": [4.75, 1.5, 5.75, 1.75], "texture": "#4"},
				"down": {"uv": [4.75, 1.75, 5.75, 2], "texture": "#4"}
			}
		},
		{
			"from": [8.075, 20.575, 7.725],
			"to": [9.075, 21.075, 8.225],
			"rotation": {"angle": 0, "axis": "y", "origin": [10, 21, 10]},
			"faces": {
				"north": {"uv": [5, 3, 4, 3.5], "texture": "#4"},
				"east": {"uv": [4.25, 3, 4.75, 3.5], "texture": "#4"},
				"south": {"uv": [4, 3, 5, 3.5], "texture": "#4"},
				"west": {"uv": [4.25, 3, 4.75, 3.5], "texture": "#4"},
				"up": {"uv": [4, 3, 5, 3.25], "texture": "#4"},
				"down": {"uv": [4, 3.25, 5, 3.5], "texture": "#4"}
			}
		},
		{
			"from": [8.325, 21.075, 7.725],
			"to": [9.325, 21.575, 8.225],
			"rotation": {"angle": 0, "axis": "y", "origin": [10, 21, 10]},
			"faces": {
				"north": {"uv": [5.25, 2.5, 4.25, 3], "texture": "#4"},
				"east": {"uv": [4.5, 2.5, 5, 3], "texture": "#4"},
				"south": {"uv": [4.25, 2.5, 5.25, 3], "texture": "#4"},
				"west": {"uv": [4.5, 2.5, 5, 3], "texture": "#4"},
				"up": {"uv": [4.25, 2.5, 5.25, 2.75], "texture": "#4"},
				"down": {"uv": [4.25, 2.75, 5.25, 3], "texture": "#4"}
			}
		},
		{
			"from": [7.825, 20.075, 7.725],
			"to": [8.825, 20.575, 8.225],
			"rotation": {"angle": 0, "axis": "y", "origin": [10, 21, 10]},
			"faces": {
				"north": {"uv": [4.75, 3.5, 3.75, 4], "texture": "#4"},
				"east": {"uv": [4, 3.5, 4.5, 4], "texture": "#4"},
				"south": {"uv": [3.75, 3.5, 4.75, 4], "texture": "#4"},
				"west": {"uv": [4, 3.5, 4.5, 4], "texture": "#4"},
				"up": {"uv": [3.75, 3.5, 4.75, 3.75], "texture": "#4"},
				"down": {"uv": [3.75, 3.75, 4.75, 4], "texture": "#4"}
			}
		},
		{
			"from": [7.575, 19.575, 7.725],
			"to": [8.575, 20.075, 8.225],
			"rotation": {"angle": 0, "axis": "y", "origin": [10, 21, 10]},
			"faces": {
				"north": {"uv": [4.5, 4, 3.5, 4.5], "texture": "#4"},
				"east": {"uv": [3.75, 4, 4.25, 4.5], "texture": "#4"},
				"south": {"uv": [3.5, 4, 4.5, 4.5], "texture": "#4"},
				"west": {"uv": [3.75, 4, 4.25, 4.5], "texture": "#4"},
				"up": {"uv": [3.5, 4, 4.5, 4.25], "texture": "#4"},
				"down": {"uv": [3.5, 4.25, 4.5, 4.5], "texture": "#4"}
			}
		},
		{
			"from": [7.325, 19.075, 7.725],
			"to": [8.325, 19.575, 8.225],
			"rotation": {"angle": 0, "axis": "y", "origin": [10, 21, 10]},
			"faces": {
				"north": {"uv": [4.25, 4.5, 3.25, 5], "texture": "#4"},
				"east": {"uv": [3.5, 4.5, 4, 5], "texture": "#4"},
				"south": {"uv": [3.25, 4.5, 4.25, 5], "texture": "#4"},
				"west": {"uv": [3.5, 4.5, 4, 5], "texture": "#4"},
				"up": {"uv": [3.25, 4.5, 4.25, 4.75], "texture": "#4"},
				"down": {"uv": [3.25, 4.75, 4.25, 5], "texture": "#4"}
			}
		},
		{
			"from": [7.075, 18.575, 7.725],
			"to": [8.075, 19.075, 8.225],
			"rotation": {"angle": 0, "axis": "y", "origin": [10, 21, 10]},
			"faces": {
				"north": {"uv": [4, 5, 3, 5.5], "texture": "#4"},
				"east": {"uv": [3.25, 5, 3.75, 5.5], "texture": "#4"},
				"south": {"uv": [3, 5, 4, 5.5], "texture": "#4"},
				"west": {"uv": [3.25, 5, 3.75, 5.5], "texture": "#4"},
				"up": {"uv": [3, 5, 4, 5.25], "texture": "#4"},
				"down": {"uv": [3, 5.25, 4, 5.5], "texture": "#4"}
			}
		},
		{
			"from": [6.825, 18.075, 7.725],
			"to": [7.825, 18.575, 8.225],
			"rotation": {"angle": 0, "axis": "y", "origin": [10, 21, 10]},
			"faces": {
				"north": {"uv": [3.75, 5.5, 2.75, 6], "texture": "#4"},
				"east": {"uv": [3, 5.5, 3.5, 6], "texture": "#4"},
				"south": {"uv": [2.75, 5.5, 3.75, 6], "texture": "#4"},
				"west": {"uv": [3, 5.5, 3.5, 6], "texture": "#4"},
				"up": {"uv": [2.75, 5.5, 3.75, 5.75], "texture": "#4"},
				"down": {"uv": [2.75, 5.75, 3.75, 6], "texture": "#4"}
			}
		},
		{
			"from": [6.575, 17.575, 7.725],
			"to": [7.575, 18.075, 8.225],
			"rotation": {"angle": 0, "axis": "y", "origin": [10, 21, 10]},
			"faces": {
				"north": {"uv": [3.5, 6, 2.5, 6.5], "texture": "#4"},
				"east": {"uv": [2.75, 6, 3.25, 6.5], "texture": "#4"},
				"south": {"uv": [2.5, 6, 3.5, 6.5], "texture": "#4"},
				"west": {"uv": [2.75, 6, 3.25, 6.5], "texture": "#4"},
				"up": {"uv": [2.5, 6, 3.5, 6.25], "texture": "#4"},
				"down": {"uv": [2.5, 6.25, 3.5, 6.5], "texture": "#4"}
			}
		},
		{
			"from": [6.075, 16.075, 7.725],
			"to": [7.075, 16.825, 8.225],
			"rotation": {"angle": 0, "axis": "y", "origin": [10, 21, 10]},
			"faces": {
				"north": {"uv": [3, 7.25, 2, 8], "texture": "#4"},
				"east": {"uv": [2.25, 7.25, 2.75, 8], "texture": "#4"},
				"south": {"uv": [2, 7.25, 3, 8], "texture": "#4"},
				"west": {"uv": [2.25, 7.25, 2.75, 8], "texture": "#4"},
				"up": {"uv": [2, 7.25, 3, 7.5], "texture": "#4"},
				"down": {"uv": [2, 7.75, 3, 8], "texture": "#4"}
			}
		},
		{
			"from": [6.325, 16.825, 7.725],
			"to": [7.325, 17.575, 8.225],
			"rotation": {"angle": 0, "axis": "y", "origin": [10, 21, 10]},
			"faces": {
				"north": {"uv": [3.25, 6.5, 2.25, 7.25], "texture": "#4"},
				"east": {"uv": [2.5, 6.5, 3, 7.25], "texture": "#4"},
				"south": {"uv": [2.25, 6.5, 3.25, 7.25], "texture": "#4"},
				"west": {"uv": [2.5, 6.5, 3, 7.25], "texture": "#4"},
				"up": {"uv": [2.25, 6.5, 3.25, 6.75], "texture": "#4"},
				"down": {"uv": [2.25, 7, 3.25, 7.25], "texture": "#4"}
			}
		},
		{
			"from": [5.825, 15.325, 7.725],
			"to": [6.825, 16.075, 8.225],
			"rotation": {"angle": 0, "axis": "y", "origin": [10, 21, 10]},
			"faces": {
				"north": {"uv": [2.75, 8, 1.75, 8.75], "texture": "#4"},
				"east": {"uv": [2, 8, 2.5, 8.75], "texture": "#4"},
				"south": {"uv": [1.75, 8, 2.75, 8.75], "texture": "#4"},
				"west": {"uv": [2, 8, 2.5, 8.75], "texture": "#4"},
				"up": {"uv": [1.75, 8, 2.75, 8.25], "texture": "#4"},
				"down": {"uv": [1.75, 8.5, 2.75, 8.75], "texture": "#4"}
			}
		},
		{
			"from": [5.575, 14.575, 7.725],
			"to": [6.575, 15.325, 8.225],
			"rotation": {"angle": 0, "axis": "y", "origin": [10, 21, 10]},
			"faces": {
				"north": {"uv": [2.5, 8.75, 1.5, 9.5], "texture": "#4"},
				"east": {"uv": [1.75, 8.75, 2.25, 9.5], "texture": "#4"},
				"south": {"uv": [1.5, 8.75, 2.5, 9.5], "texture": "#4"},
				"west": {"uv": [1.75, 8.75, 2.25, 9.5], "texture": "#4"},
				"up": {"uv": [1.5, 8.75, 2.5, 9], "texture": "#4"},
				"down": {"uv": [1.5, 9.25, 2.5, 9.5], "texture": "#4"}
			}
		},
		{
			"from": [5.325, 13.575, 7.725],
			"to": [6.325, 14.575, 8.225],
			"rotation": {"angle": 0, "axis": "y", "origin": [10, 21, 10]},
			"faces": {
				"north": {"uv": [2.25, 9.5, 1.25, 10.5], "texture": "#4"},
				"east": {"uv": [1.5, 9.5, 2, 10.5], "texture": "#4"},
				"south": {"uv": [1.25, 9.5, 2.25, 10.5], "texture": "#4"},
				"west": {"uv": [1.5, 9.5, 2, 10.5], "texture": "#4"},
				"up": {"uv": [1.25, 9.5, 2.25, 9.75], "texture": "#4"},
				"down": {"uv": [1.25, 10.25, 2.25, 10.5], "texture": "#4"}
			}
		},
		{
			"from": [5.075, 12.575, 7.725],
			"to": [6.075, 13.575, 8.225],
			"rotation": {"angle": 0, "axis": "y", "origin": [10, 21, 10]},
			"faces": {
				"north": {"uv": [2, 10.5, 1, 11.5], "texture": "#4"},
				"east": {"uv": [1.25, 10.5, 1.75, 11.5], "texture": "#4"},
				"south": {"uv": [1, 10.5, 2, 11.5], "texture": "#4"},
				"west": {"uv": [1.25, 10.5, 1.75, 11.5], "texture": "#4"},
				"up": {"uv": [1, 10.5, 2, 10.75], "texture": "#4"},
				"down": {"uv": [1, 11.25, 2, 11.5], "texture": "#4"}
			}
		},
		{
			"from": [4.825, 11.575, 7.725],
			"to": [5.825, 12.575, 8.225],
			"rotation": {"angle": 0, "axis": "y", "origin": [10, 21, 10]},
			"faces": {
				"north": {"uv": [1.75, 11.5, 0.75, 12.5], "texture": "#4"},
				"east": {"uv": [1, 11.5, 1.5, 12.5], "texture": "#4"},
				"south": {"uv": [0.75, 11.5, 1.75, 12.5], "texture": "#4"},
				"west": {"uv": [1, 11.5, 1.5, 12.5], "texture": "#4"},
				"up": {"uv": [0.75, 11.5, 1.75, 11.75], "texture": "#4"},
				"down": {"uv": [0.75, 12.25, 1.75, 12.5], "texture": "#4"}
			}
		},
		{
			"from": [4.825, 10.575, 7.525],
			"to": [5.325, 11.575, 8.425],
			"rotation": {"angle": 0, "axis": "y", "origin": [10, 21, 10]},
			"faces": {
				"north": {"uv": [1.25, 12.5, 0.75, 13.5], "texture": "#4"},
				"east": {"uv": [0.5, 12.5, 1.5, 13.5], "texture": "#4"},
				"south": {"uv": [0.75, 12.5, 1.25, 13.5], "texture": "#4"},
				"west": {"uv": [0.5, 12.5, 1.5, 13.5], "texture": "#4"},
				"up": {"uv": [0.75, 12.5, 1.25, 12.75], "texture": "#4"},
				"down": {"uv": [0.75, 13.25, 1.25, 13.5], "texture": "#4"}
			}
		},
		{
			"from": [4.575, 10.575, 7.725],
			"to": [5.575, 11.575, 8.225],
			"rotation": {"angle": 0, "axis": "y", "origin": [10, 21, 10]},
			"faces": {
				"north": {"uv": [1.5, 12.5, 0.5, 13.5], "texture": "#4"},
				"east": {"uv": [0.75, 12.5, 1.25, 13.5], "texture": "#4"},
				"south": {"uv": [0.5, 12.5, 1.5, 13.5], "texture": "#4"},
				"west": {"uv": [0.75, 12.5, 1.25, 13.5], "texture": "#4"},
				"up": {"uv": [0.5, 12.5, 1.5, 12.75], "texture": "#4"},
				"down": {"uv": [0.5, 13.25, 1.5, 13.5], "texture": "#4"}
			}
		},
		{
			"from": [-10.625, 2.35, 7.475],
			"to": [-9.475, 2.65, 8.475],
			"rotation": {"angle": 45, "axis": "z", "origin": [9.5, 21.5, 10]},
			"faces": {
				"north": {"uv": [5.25, 3.5, 4.75, 4.25], "texture": "#4"},
				"east": {"uv": [4.75, 3.5, 5.25, 4.25], "texture": "#4"},
				"south": {"uv": [4.75, 3.5, 5.25, 4.25], "texture": "#4"},
				"west": {"uv": [4.75, 3.5, 5.25, 4.25], "texture": "#4"},
				"up": {"uv": [4.75, 3.5, 5.25, 3.75], "texture": "#4"},
				"down": {"uv": [4.75, 4, 5.25, 4.25], "texture": "#4"}
			}
		},
		{
			"from": [8.375, 21.3, 7.475],
			"to": [9.525, 21.6, 8.475],
			"rotation": {"angle": -45, "axis": "z", "origin": [9.5, 21.5, 10]},
			"faces": {
				"north": {"uv": [5.25, 3.5, 4.75, 4.25], "texture": "#4"},
				"east": {"uv": [4.75, 3.5, 5.25, 4.25], "texture": "#4"},
				"south": {"uv": [4.75, 3.5, 5.25, 4.25], "texture": "#4"},
				"west": {"uv": [4.75, 3.5, 5.25, 4.25], "texture": "#4"},
				"up": {"uv": [4.75, 3.5, 5.25, 3.75], "texture": "#4"},
				"down": {"uv": [4.75, 4, 5.25, 4.25], "texture": "#4"}
			}
		},
		{
			"from": [4.7, 8.075, 7.65],
			"to": [4.95, 9.575, 8.3],
			"rotation": {"angle": 0, "axis": "y", "origin": [9.875, 17.5, 10.125]},
			"faces": {
				"north": {"uv": [1, 14.5, 0.75, 16], "texture": "#4"},
				"east": {"uv": [0.5, 14.5, 1.25, 16], "texture": "#4"},
				"south": {"uv": [0.75, 14.5, 1, 16], "texture": "#4"},
				"west": {"uv": [0.5, 14.5, 1.25, 16], "texture": "#4"},
				"up": {"uv": [0.75, 14.5, 1, 14.75], "texture": "#4"},
				"down": {"uv": [0.75, 15.75, 1, 16], "texture": "#4"}
			}
		},
		{
			"from": [4.7, 6.575, 7.65],
			"to": [4.95, 8.075, 8.3],
			"rotation": {"angle": 0, "axis": "y", "origin": [9.875, 24.5, 10.125]},
			"faces": {
				"north": {"uv": [0.75, 14.5, 1, 16], "rotation": 180, "texture": "#4"},
				"east": {"uv": [0.5, 14.5, 1.25, 16], "rotation": 180, "texture": "#4"},
				"south": {"uv": [1, 14.5, 0.75, 16], "rotation": 180, "texture": "#4"},
				"west": {"uv": [0.5, 14.5, 1.25, 16], "rotation": 180, "texture": "#4"},
				"up": {"uv": [0.75, 15.75, 1, 16], "texture": "#4"},
				"down": {"uv": [0.75, 14.5, 1, 14.75], "texture": "#4"}
			}
		},
		{
			"from": [4.45, 8.075, 7.85],
			"to": [5.2, 9.575, 8.1],
			"rotation": {"angle": 0, "axis": "y", "origin": [9.875, 17.5, 10.125]},
			"faces": {
				"north": {"uv": [1.25, 14.5, 0.5, 16], "texture": "#4"},
				"east": {"uv": [0.75, 14.5, 1, 16], "texture": "#4"},
				"south": {"uv": [0.5, 14.5, 1.25, 16], "texture": "#4"},
				"west": {"uv": [0.75, 14.5, 1, 16], "texture": "#4"},
				"up": {"uv": [0.5, 14.5, 1.25, 14.75], "texture": "#4"},
				"down": {"uv": [0.5, 15.75, 1.25, 16], "texture": "#4"}
			}
		},
		{
			"from": [4.45, 6.575, 7.85],
			"to": [5.2, 8.075, 8.1],
			"rotation": {"angle": 0, "axis": "y", "origin": [9.875, 24.5, 10.125]},
			"faces": {
				"north": {"uv": [0.5, 14.5, 1.25, 16], "rotation": 180, "texture": "#4"},
				"east": {"uv": [0.75, 14.5, 1, 16], "rotation": 180, "texture": "#4"},
				"south": {"uv": [1.25, 14.5, 0.5, 16], "rotation": 180, "texture": "#4"},
				"west": {"uv": [0.75, 14.5, 1, 16], "rotation": 180, "texture": "#4"},
				"up": {"uv": [0.5, 15.75, 1.25, 16], "texture": "#4"},
				"down": {"uv": [0.5, 14.5, 1.25, 14.75], "texture": "#4"}
			}
		},
		{
			"from": [4.575, 5.575, 7.525],
			"to": [5.075, 6.575, 8.425],
			"rotation": {"angle": 0, "axis": "y", "origin": [9.75, 21.25, 10]},
			"faces": {
				"north": {"uv": [0.5, 13.5, 1, 14.5], "rotation": 180, "texture": "#4"},
				"east": {"uv": [0.25, 13.5, 1.25, 14.5], "rotation": 180, "texture": "#4"},
				"south": {"uv": [1, 13.5, 0.5, 14.5], "rotation": 180, "texture": "#4"},
				"west": {"uv": [0.25, 13.5, 1.25, 14.5], "rotation": 180, "texture": "#4"},
				"up": {"uv": [0.5, 14.25, 1, 14.5], "texture": "#4"},
				"down": {"uv": [0.5, 13.5, 1, 13.75], "texture": "#4"}
			}
		},
		{
			"from": [4.325, 5.575, 7.725],
			"to": [5.325, 6.575, 8.225],
			"rotation": {"angle": 0, "axis": "y", "origin": [9.75, 21.25, 10]},
			"faces": {
				"north": {"uv": [0.25, 13.5, 1.25, 14.5], "rotation": 180, "texture": "#4"},
				"east": {"uv": [0.5, 13.5, 1, 14.5], "rotation": 180, "texture": "#4"},
				"south": {"uv": [1.25, 13.5, 0.25, 14.5], "rotation": 180, "texture": "#4"},
				"west": {"uv": [0.5, 13.5, 1, 14.5], "rotation": 180, "texture": "#4"},
				"up": {"uv": [0.25, 14.25, 1.25, 14.5], "texture": "#4"},
				"down": {"uv": [0.25, 13.5, 1.25, 13.75], "texture": "#4"}
			}
		},
		{
			"from": [4.575, 9.575, 7.525],
			"to": [5.075, 10.575, 8.425],
			"rotation": {"angle": 0, "axis": "y", "origin": [9.75, 19.75, 10]},
			"faces": {
				"north": {"uv": [1, 13.5, 0.5, 14.5], "texture": "#4"},
				"east": {"uv": [0.25, 13.5, 1.25, 14.5], "texture": "#4"},
				"south": {"uv": [0.5, 13.5, 1, 14.5], "texture": "#4"},
				"west": {"uv": [0.25, 13.5, 1.25, 14.5], "texture": "#4"},
				"up": {"uv": [0.5, 13.5, 1, 13.75], "texture": "#4"},
				"down": {"uv": [0.5, 14.25, 1, 14.5], "texture": "#4"}
			}
		},
		{
			"from": [4.325, 9.575, 7.725],
			"to": [5.325, 10.575, 8.225],
			"rotation": {"angle": 0, "axis": "y", "origin": [9.75, 19.75, 10]},
			"faces": {
				"north": {"uv": [1.25, 13.5, 0.25, 14.5], "texture": "#4"},
				"east": {"uv": [0.5, 13.5, 1, 14.5], "texture": "#4"},
				"south": {"uv": [0.25, 13.5, 1.25, 14.5], "texture": "#4"},
				"west": {"uv": [0.5, 13.5, 1, 14.5], "texture": "#4"},
				"up": {"uv": [0.25, 13.5, 1.25, 13.75], "texture": "#4"},
				"down": {"uv": [0.25, 14.25, 1.25, 14.5], "texture": "#4"}
			}
		}
	],
	"gui_light": "front",
	"display": {
		"thirdperson_righthand": {
			"rotation": [145, -80, 145],
			"translation": [-0.5, -2, 3],
			"scale": [1, 1.1, 1.2]
		},
		"thirdperson_lefthand": {
			"rotation": [-45, 80, 45],
			"translation": [-0.75, -2, 3.25],
			"scale": [1, 1.1, 1.2]
		},
		"firstperson_righthand": {
			"rotation": [40, -90, 25],
			"translation": [-1, 2.5, 3.25],
			"scale": [0.5, 0.5, 0.6]
		},
		"firstperson_lefthand": {
			"rotation": [40, -90, -155],
			"translation": [-1, 2.5, 3.25],
			"scale": [0.5, 0.5, 0.6]
		},
		"ground": {
			"rotation": [0, 0, -45],
			"translation": [0, 2, 0],
			"scale": [0.5, 0.5, 0.5]
		},
		"gui": {
			"rotation": [0, 0, -45],
			"translation": [-1.25, 1.25, 0],
			"scale": [0.8, 0.8, 0.8]
		},
		"head": {
			"rotation": [4, 180, -45],
			"translation": [0, 13, 7]
		},
		"fixed": {
			"rotation": [0, 180, -45],
			"scale": [1.5, 1.5, 1.5]
		}
	}
}