{
	"credit": "Made with Blockbench",
	"textures": {
		"1": "./bow_arrow",
		"4": "./bow_pulling_0",
		"particle": "./bow_pulling_0"
	},
	"elements": [
		{
			"from": [-2.125, 7.55, 8.05],
			"to": [-1.825, 8.6, 8.25],
			"faces": {
				"north": {"uv": [2, 6.75, 1.5, 8.5], "texture": "#1"},
				"south": {"uv": [1.5, 6.75, 2, 8.5], "texture": "#1"},
				"west": {"uv": [1.5, 6.75, 1.75, 8.5], "texture": "#1"},
				"up": {"uv": [1.5, 6.75, 2, 7], "texture": "#1"},
				"down": {"uv": [1.5, 8.25, 2, 8.5], "texture": "#1"}
			}
		},
		{
			"from": [7.375, 21.8, 7.475],
			"to": [8.525, 22.1, 8.475],
			"rotation": {"angle": -45, "axis": "z", "origin": [8.5, 22, 10]},
			"faces": {
				"north": {"uv": [4.25, 3, 3.75, 3.75], "texture": "#4"},
				"east": {"uv": [3.75, 3, 4.25, 3.75], "texture": "#4"},
				"south": {"uv": [3.75, 3, 4.25, 3.75], "texture": "#4"},
				"west": {"uv": [3.75, 3, 4.25, 3.75], "texture": "#4"},
				"up": {"uv": [3.75, 3, 4.25, 3.25], "texture": "#4"},
				"down": {"uv": [3.75, 3.5, 4.25, 3.75], "texture": "#4"}
			}
		},
		{
			"from": [-12.325, 2.1, 7.475],
			"to": [-11.175, 2.4, 8.475],
			"rotation": {"angle": 45, "axis": "z", "origin": [8.5, 22, 10]},
			"faces": {
				"north": {"uv": [4.25, 3, 3.75, 3.75], "texture": "#4"},
				"east": {"uv": [3.75, 3, 4.25, 3.75], "texture": "#4"},
				"south": {"uv": [3.75, 3, 4.25, 3.75], "texture": "#4"},
				"west": {"uv": [3.75, 3, 4.25, 3.75], "texture": "#4"},
				"up": {"uv": [3.75, 3, 4.25, 3.25], "texture": "#4"},
				"down": {"uv": [3.75, 3.5, 4.25, 3.75], "texture": "#4"}
			}
		},
		{
			"from": [-2.725, 7.85, 8.1],
			"to": [-2.425, 8.3, 8.2],
			"faces": {
				"north": {"uv": [1, 7.25, 0.5, 8], "texture": "#1"},
				"south": {"uv": [0.5, 7.25, 1, 8], "texture": "#1"},
				"west": {"uv": [0.5, 7.25, 0.75, 8], "texture": "#1"},
				"up": {"uv": [0.5, 7.25, 1, 7.5], "texture": "#1"},
				"down": {"uv": [0.5, 7.75, 1, 8], "texture": "#1"}
			}
		},
		{
			"from": [-3.025, 8, 8.125],
			"to": [-2.725, 8.15, 8.175],
			"faces": {
				"north": {"uv": [0.5, 7.5, 0, 7.75], "texture": "#1"},
				"south": {"uv": [0, 7.5, 0.5, 7.75], "texture": "#1"},
				"west": {"uv": [0, 7.5, 0.25, 7.75], "texture": "#1"},
				"up": {"uv": [0, 7.5, 0.5, 7.75], "texture": "#1"},
				"down": {"uv": [0, 7.5, 0.5, 7.75], "texture": "#1"}
			}
		},
		{
			"from": [-1.975, 8, 7.975],
			"to": [-1.675, 8.15, 8.325],
			"faces": {
				"north": {"uv": [2.25, 7.5, 1.75, 7.75], "texture": "#1"},
				"east": {"uv": [2, 7.5, 2.25, 7.75], "texture": "#1"},
				"south": {"uv": [1.75, 7.5, 2.25, 7.75], "texture": "#1"},
				"west": {"uv": [1.75, 7.5, 2, 7.75], "texture": "#1"},
				"up": {"uv": [1.75, 7.5, 2.25, 7.75], "texture": "#1"},
				"down": {"uv": [1.75, 7.5, 2.25, 7.75], "texture": "#1"}
			}
		},
		{
			"from": [-1.675, 7.55, 8.025],
			"to": [-1.525, 7.7, 8.275],
			"faces": {
				"north": {"uv": [2.5, 8.25, 2.25, 8.5], "texture": "#1"},
				"east": {"uv": [2.25, 8.25, 2.5, 8.5], "texture": "#1"},
				"south": {"uv": [2.25, 8.25, 2.5, 8.5], "texture": "#1"},
				"up": {"uv": [2.25, 8.25, 2.5, 8.5], "texture": "#1"},
				"down": {"uv": [2.25, 8.25, 2.5, 8.5], "texture": "#1"}
			}
		},
		{
			"from": [-1.675, 8.45, 8.025],
			"to": [-1.525, 8.6, 8.275],
			"rotation": {"angle": 0, "axis": "y", "origin": [0, 0.025, 0]},
			"faces": {
				"north": {"uv": [2.5, 6.75, 2.25, 7], "texture": "#1"},
				"east": {"uv": [2.25, 6.75, 2.5, 7], "texture": "#1"},
				"south": {"uv": [2.25, 6.75, 2.5, 7], "texture": "#1"},
				"up": {"uv": [2.25, 6.75, 2.5, 7], "texture": "#1"},
				"down": {"uv": [2.25, 6.75, 2.5, 7], "texture": "#1"}
			}
		},
		{
			"from": [-1.675, 7.7, 8.025],
			"to": [-1.35, 8.45, 8.275],
			"faces": {
				"north": {"uv": [2.75, 7, 2.25, 8.25], "texture": "#1"},
				"east": {"uv": [2.5, 7, 2.75, 8.25], "texture": "#1"},
				"south": {"uv": [2.25, 7, 2.75, 8.25], "texture": "#1"},
				"west": {"uv": [2.25, 8.25, 2.5, 7], "texture": "#1"},
				"up": {"uv": [2.25, 7, 2.75, 7.25], "texture": "#1"},
				"down": {"uv": [2.25, 8, 2.75, 8.25], "texture": "#1"}
			}
		},
		{
			"from": [-2.425, 7.7, 8.075],
			"to": [-2.125, 8.45, 8.225],
			"faces": {
				"north": {"uv": [1.5, 7, 1, 8.25], "texture": "#1"},
				"south": {"uv": [1, 7, 1.5, 8.25], "texture": "#1"},
				"west": {"uv": [1, 7, 1.25, 8.25], "texture": "#1"},
				"up": {"uv": [1, 7, 1.5, 7.25], "texture": "#1"},
				"down": {"uv": [1, 8, 1.5, 8.25], "texture": "#1"}
			}
		},
		{
			"from": [-1.825, 7.4, 8.025],
			"to": [-1.675, 8.75, 8.275],
			"faces": {
				"north": {"uv": [2.25, 6.5, 2, 8.75], "texture": "#1"},
				"east": {"uv": [2, 6.5, 2.25, 8.75], "texture": "#1"},
				"south": {"uv": [2, 6.5, 2.25, 8.75], "texture": "#1"},
				"west": {"uv": [2, 6.5, 2.25, 8.75], "texture": "#1"},
				"up": {"uv": [2, 6.5, 2.25, 6.75], "texture": "#1"},
				"down": {"uv": [2, 8.5, 2.25, 8.75], "texture": "#1"}
			}
		},
		{
			"from": [-1.675, 7.9, 7.975],
			"to": [10.575, 8.25, 8.325],
			"faces": {
				"north": {"uv": [12.5, 8, 2.25, 7.25], "texture": "#1"},
				"east": {"uv": [12.25, 7.25, 12.5, 8], "texture": "#1"},
				"south": {"uv": [2.25, 7.25, 12.5, 8], "texture": "#1"},
				"west": {"uv": [2.25, 7.25, 2.5, 8], "texture": "#1"},
				"up": {"uv": [2.25, 7.25, 12.5, 8], "texture": "#1"},
				"down": {"uv": [2.25, 7.25, 12.5, 8], "texture": "#1"}
			}
		},
		{
			"from": [8.225, 7.15, 8.15],
			"to": [10.675, 9, 8.15],
			"faces": {
				"north": {"uv": [16, 6.25, 12.5, 9], "texture": "#1"},
				"south": {"uv": [12.5, 6.25, 16, 9], "texture": "#1"}
			}
		},
		{
			"from": [8.225, 8.075, 7.225],
			"to": [10.675, 8.075, 9.075],
			"faces": {
				"up": {"uv": [16, 6.25, 12.5, 9], "rotation": 180, "texture": "#1"},
				"down": {"uv": [12.5, 6.25, 16, 9], "texture": "#1"}
			}
		},
		{
			"from": [8.325, -5.925, 8],
			"to": [10.825, 8.075, 8],
			"rotation": {"angle": 0, "axis": "y", "origin": [10, 21, 10]},
			"faces": {
				"north": {"uv": [4.25, 2, 6.75, 16], "rotation": 180, "texture": "#4"},
				"south": {"uv": [6.75, 2, 4.25, 16], "rotation": 180, "texture": "#4"}
			}
		},
		{
			"from": [8.325, -7.925, 7.725],
			"to": [8.825, -7.425, 8.225],
			"rotation": {"angle": 0, "axis": "y", "origin": [10, 21, 10]},
			"faces": {
				"north": {"uv": [4.25, 0, 4.75, 0.5], "rotation": 180, "texture": "#4"},
				"east": {"uv": [4.5, 0, 4.75, 0.5], "rotation": 180, "texture": "#4"},
				"south": {"uv": [4.75, 0, 4.25, 0.5], "rotation": 180, "texture": "#4"},
				"west": {"uv": [4.5, 0, 4.25, 0.5], "rotation": 180, "texture": "#4"},
				"up": {"uv": [4.25, 0.25, 4.75, 0.5], "texture": "#4"},
				"down": {"uv": [4.25, 0, 4.75, 0.25], "texture": "#4"}
			}
		},
		{
			"from": [4.825, 11.575, 7.525],
			"to": [5.325, 13.075, 8.425],
			"rotation": {"angle": 0, "axis": "y", "origin": [10, 21, 10]},
			"faces": {
				"north": {"uv": [1.25, 11, 0.75, 12.5], "texture": "#4"},
				"east": {"uv": [0.5, 11, 1.5, 12.5], "texture": "#4"},
				"south": {"uv": [0.75, 11, 1.25, 12.5], "texture": "#4"},
				"west": {"uv": [0.5, 11, 1.5, 12.5], "texture": "#4"},
				"up": {"uv": [0.75, 11, 1.25, 11.25], "texture": "#4"},
				"down": {"uv": [0.75, 12.25, 1.25, 12.5], "texture": "#4"}
			}
		},
		{
			"from": [5.075, 13.075, 7.525],
			"to": [5.575, 14.575, 8.425],
			"rotation": {"angle": 0, "axis": "y", "origin": [10, 21, 10]},
			"faces": {
				"north": {"uv": [1.5, 9.5, 1, 11], "texture": "#4"},
				"east": {"uv": [0.75, 9.5, 1.75, 11], "texture": "#4"},
				"south": {"uv": [1, 9.5, 1.5, 11], "texture": "#4"},
				"west": {"uv": [0.75, 9.5, 1.75, 11], "texture": "#4"},
				"up": {"uv": [1, 9.5, 1.5, 9.75], "texture": "#4"},
				"down": {"uv": [1, 10.75, 1.5, 11], "texture": "#4"}
			}
		},
		{
			"from": [5.325, 14.575, 7.525],
			"to": [5.825, 15.825, 8.425],
			"rotation": {"angle": 0, "axis": "y", "origin": [10, 21, 10]},
			"faces": {
				"north": {"uv": [1.75, 8.25, 1.25, 9.5], "texture": "#4"},
				"east": {"uv": [1, 8.25, 2, 9.5], "texture": "#4"},
				"south": {"uv": [1.25, 8.25, 1.75, 9.5], "texture": "#4"},
				"west": {"uv": [1, 8.25, 2, 9.5], "texture": "#4"},
				"up": {"uv": [1.25, 8.25, 1.75, 8.5], "texture": "#4"},
				"down": {"uv": [1.25, 9.25, 1.75, 9.5], "texture": "#4"}
			}
		},
		{
			"from": [5.575, 15.825, 7.525],
			"to": [6.075, 17.075, 8.425],
			"rotation": {"angle": 0, "axis": "y", "origin": [10, 21, 10]},
			"faces": {
				"north": {"uv": [2, 7, 1.5, 8.25], "texture": "#4"},
				"east": {"uv": [1.25, 7, 2.25, 8.25], "texture": "#4"},
				"south": {"uv": [1.5, 7, 2, 8.25], "texture": "#4"},
				"west": {"uv": [1.25, 7, 2.25, 8.25], "texture": "#4"},
				"up": {"uv": [1.5, 7, 2, 7.25], "texture": "#4"},
				"down": {"uv": [1.5, 8, 2, 8.25], "texture": "#4"}
			}
		},
		{
			"from": [5.825, 17.075, 7.525],
			"to": [6.325, 17.825, 8.425],
			"rotation": {"angle": 0, "axis": "y", "origin": [10, 21, 10]},
			"faces": {
				"north": {"uv": [2.25, 6.25, 1.75, 7], "texture": "#4"},
				"east": {"uv": [1.5, 6.25, 2.5, 7], "texture": "#4"},
				"south": {"uv": [1.75, 6.25, 2.25, 7], "texture": "#4"},
				"west": {"uv": [1.5, 6.25, 2.5, 7], "texture": "#4"},
				"up": {"uv": [1.75, 6.25, 2.25, 6.5], "texture": "#4"},
				"down": {"uv": [1.75, 6.75, 2.25, 7], "texture": "#4"}
			}
		},
		{
			"from": [6.075, 17.825, 7.525],
			"to": [6.575, 18.575, 8.425],
			"rotation": {"angle": 0, "axis": "y", "origin": [10, 21, 10]},
			"faces": {
				"north": {"uv": [2.5, 5.5, 2, 6.25], "texture": "#4"},
				"east": {"uv": [1.75, 5.5, 2.75, 6.25], "texture": "#4"},
				"south": {"uv": [2, 5.5, 2.5, 6.25], "texture": "#4"},
				"west": {"uv": [1.75, 5.5, 2.75, 6.25], "texture": "#4"},
				"up": {"uv": [2, 5.5, 2.5, 5.75], "texture": "#4"},
				"down": {"uv": [2, 6, 2.5, 6.25], "texture": "#4"}
			}
		},
		{
			"from": [6.575, 19.325, 7.525],
			"to": [7.075, 20.075, 8.425],
			"rotation": {"angle": 0, "axis": "y", "origin": [10, 21, 10]},
			"faces": {
				"north": {"uv": [3, 4, 2.5, 4.75], "texture": "#4"},
				"east": {"uv": [2.25, 4, 3.25, 4.75], "texture": "#4"},
				"south": {"uv": [2.5, 4, 3, 4.75], "texture": "#4"},
				"west": {"uv": [2.25, 4, 3.25, 4.75], "texture": "#4"},
				"up": {"uv": [2.5, 4, 3, 4.25], "texture": "#4"},
				"down": {"uv": [2.5, 4.5, 3, 4.75], "texture": "#4"}
			}
		},
		{
			"from": [6.325, 18.575, 7.525],
			"to": [6.825, 19.325, 8.425],
			"rotation": {"angle": 0, "axis": "y", "origin": [10, 21, 10]},
			"faces": {
				"north": {"uv": [2.75, 4.75, 2.25, 5.5], "texture": "#4"},
				"east": {"uv": [2, 4.75, 3, 5.5], "texture": "#4"},
				"south": {"uv": [2.25, 4.75, 2.75, 5.5], "texture": "#4"},
				"west": {"uv": [2, 4.75, 3, 5.5], "texture": "#4"},
				"up": {"uv": [2.25, 4.75, 2.75, 5], "texture": "#4"},
				"down": {"uv": [2.25, 5.25, 2.75, 5.5], "texture": "#4"}
			}
		},
		{
			"from": [6.825, 20.075, 7.525],
			"to": [7.325, 20.575, 8.425],
			"rotation": {"angle": 0, "axis": "y", "origin": [10, 21, 10]},
			"faces": {
				"north": {"uv": [3.25, 3.5, 2.75, 4], "texture": "#4"},
				"east": {"uv": [2.5, 3.5, 3.5, 4], "texture": "#4"},
				"south": {"uv": [2.75, 3.5, 3.25, 4], "texture": "#4"},
				"west": {"uv": [2.5, 3.5, 3.5, 4], "texture": "#4"},
				"up": {"uv": [2.75, 3.5, 3.25, 3.75], "texture": "#4"},
				"down": {"uv": [2.75, 3.75, 3.25, 4], "texture": "#4"}
			}
		},
		{
			"from": [7.075, 20.575, 7.525],
			"to": [7.575, 21.075, 8.425],
			"rotation": {"angle": 0, "axis": "y", "origin": [10, 21, 10]},
			"faces": {
				"north": {"uv": [3.5, 3, 3, 3.5], "texture": "#4"},
				"east": {"uv": [2.75, 3, 3.75, 3.5], "texture": "#4"},
				"south": {"uv": [3, 3, 3.5, 3.5], "texture": "#4"},
				"west": {"uv": [2.75, 3, 3.75, 3.5], "texture": "#4"},
				"up": {"uv": [3, 3, 3.5, 3.25], "texture": "#4"},
				"down": {"uv": [3, 3.25, 3.5, 3.5], "texture": "#4"}
			}
		},
		{
			"from": [7.575, 21.575, 7.525],
			"to": [8.075, 22.075, 8.425],
			"rotation": {"angle": 0, "axis": "y", "origin": [10, 21, 10]},
			"faces": {
				"north": {"uv": [4, 2, 3.5, 2.5], "texture": "#4"},
				"east": {"uv": [3.25, 2, 4.25, 2.5], "texture": "#4"},
				"south": {"uv": [3.5, 2, 4, 2.5], "texture": "#4"},
				"west": {"uv": [3.25, 2, 4.25, 2.5], "texture": "#4"},
				"up": {"uv": [3.5, 2, 4, 2.25], "texture": "#4"},
				"down": {"uv": [3.5, 2.25, 4, 2.5], "texture": "#4"}
			}
		},
		{
			"from": [7.325, 21.075, 7.525],
			"to": [7.825, 21.575, 8.425],
			"rotation": {"angle": 0, "axis": "y", "origin": [10, 21, 10]},
			"faces": {
				"north": {"uv": [3.75, 2.5, 3.25, 3], "texture": "#4"},
				"east": {"uv": [3, 2.5, 4, 3], "texture": "#4"},
				"south": {"uv": [3.25, 2.5, 3.75, 3], "texture": "#4"},
				"west": {"uv": [3, 2.5, 4, 3], "texture": "#4"},
				"up": {"uv": [3.25, 2.5, 3.75, 2.75], "texture": "#4"},
				"down": {"uv": [3.25, 2.75, 3.75, 3], "texture": "#4"}
			}
		},
		{
			"from": [8.075, 22.575, 7.525],
			"to": [8.575, 23.075, 8.425],
			"rotation": {"angle": 0, "axis": "y", "origin": [10, 21, 10]},
			"faces": {
				"north": {"uv": [4.5, 1, 4, 1.5], "texture": "#4"},
				"east": {"uv": [3.75, 1, 4.75, 1.5], "texture": "#4"},
				"south": {"uv": [4, 1, 4.5, 1.5], "texture": "#4"},
				"west": {"uv": [3.75, 1, 4.75, 1.5], "texture": "#4"},
				"up": {"uv": [4, 1, 4.5, 1.25], "texture": "#4"},
				"down": {"uv": [4, 1.25, 4.5, 1.5], "texture": "#4"}
			}
		},
		{
			"from": [7.825, 22.075, 7.525],
			"to": [8.325, 22.575, 8.425],
			"rotation": {"angle": 0, "axis": "y", "origin": [10, 21, 10]},
			"faces": {
				"north": {"uv": [4.25, 1.5, 3.75, 2], "texture": "#4"},
				"east": {"uv": [3.5, 1.5, 4.5, 2], "texture": "#4"},
				"south": {"uv": [3.75, 1.5, 4.25, 2], "texture": "#4"},
				"west": {"uv": [3.5, 1.5, 4.5, 2], "texture": "#4"},
				"up": {"uv": [3.75, 1.5, 4.25, 1.75], "texture": "#4"},
				"down": {"uv": [3.75, 1.75, 4.25, 2], "texture": "#4"}
			}
		},
		{
			"from": [8.325, 23.075, 7.525],
			"to": [8.575, 23.575, 8.425],
			"rotation": {"angle": 0, "axis": "y", "origin": [10, 21, 10]},
			"faces": {
				"north": {"uv": [4.5, 0.5, 4.25, 1], "texture": "#4"},
				"east": {"uv": [4, 0.5, 4.75, 1], "texture": "#4"},
				"south": {"uv": [4.25, 0.5, 4.5, 1], "texture": "#4"},
				"west": {"uv": [4, 0.5, 4.75, 1], "texture": "#4"},
				"up": {"uv": [4.25, 0.5, 4.5, 0.75], "texture": "#4"},
				"down": {"uv": [4.25, 0.75, 4.5, 1], "texture": "#4"}
			}
		},
		{
			"from": [4.825, 3.075, 7.525],
			"to": [5.325, 4.575, 8.425],
			"rotation": {"angle": 0, "axis": "y", "origin": [10, 21, 10]},
			"faces": {
				"north": {"uv": [0.75, 11, 1.25, 12.5], "rotation": 180, "texture": "#4"},
				"east": {"uv": [0.5, 11, 1.5, 12.5], "rotation": 180, "texture": "#4"},
				"south": {"uv": [1.25, 11, 0.75, 12.5], "rotation": 180, "texture": "#4"},
				"west": {"uv": [0.5, 11, 1.5, 12.5], "rotation": 180, "texture": "#4"},
				"up": {"uv": [0.75, 12.25, 1.25, 12.5], "texture": "#4"},
				"down": {"uv": [0.75, 11, 1.25, 11.25], "texture": "#4"}
			}
		},
		{
			"from": [5.075, 1.575, 7.525],
			"to": [5.575, 3.075, 8.425],
			"rotation": {"angle": 0, "axis": "y", "origin": [10, 21, 10]},
			"faces": {
				"north": {"uv": [1, 9.5, 1.5, 11], "rotation": 180, "texture": "#4"},
				"east": {"uv": [0.75, 9.5, 1.75, 11], "rotation": 180, "texture": "#4"},
				"south": {"uv": [1.5, 9.5, 1, 11], "rotation": 180, "texture": "#4"},
				"west": {"uv": [0.75, 9.5, 1.75, 11], "rotation": 180, "texture": "#4"},
				"up": {"uv": [1, 10.75, 1.5, 11], "texture": "#4"},
				"down": {"uv": [1, 9.5, 1.5, 9.75], "texture": "#4"}
			}
		},
		{
			"from": [5.325, 0.325, 7.525],
			"to": [5.825, 1.575, 8.425],
			"rotation": {"angle": 0, "axis": "y", "origin": [10, 21, 10]},
			"faces": {
				"north": {"uv": [1.25, 8.25, 1.75, 9.5], "rotation": 180, "texture": "#4"},
				"east": {"uv": [1, 8.25, 2, 9.5], "rotation": 180, "texture": "#4"},
				"south": {"uv": [1.75, 8.25, 1.25, 9.5], "rotation": 180, "texture": "#4"},
				"west": {"uv": [1, 8.25, 2, 9.5], "rotation": 180, "texture": "#4"},
				"up": {"uv": [1.25, 9.25, 1.75, 9.5], "texture": "#4"},
				"down": {"uv": [1.25, 8.25, 1.75, 8.5], "texture": "#4"}
			}
		},
		{
			"from": [5.575, -0.925, 7.525],
			"to": [6.075, 0.325, 8.425],
			"rotation": {"angle": 0, "axis": "y", "origin": [10, 21, 10]},
			"faces": {
				"north": {"uv": [1.5, 7, 2, 8.25], "rotation": 180, "texture": "#4"},
				"east": {"uv": [1.25, 7, 2.25, 8.25], "rotation": 180, "texture": "#4"},
				"south": {"uv": [2, 7, 1.5, 8.25], "rotation": 180, "texture": "#4"},
				"west": {"uv": [1.25, 7, 2.25, 8.25], "rotation": 180, "texture": "#4"},
				"up": {"uv": [1.5, 8, 2, 8.25], "texture": "#4"},
				"down": {"uv": [1.5, 7, 2, 7.25], "texture": "#4"}
			}
		},
		{
			"from": [5.825, -1.675, 7.525],
			"to": [6.325, -0.925, 8.425],
			"rotation": {"angle": 0, "axis": "y", "origin": [10, 21, 10]},
			"faces": {
				"north": {"uv": [1.75, 6.25, 2.25, 7], "rotation": 180, "texture": "#4"},
				"east": {"uv": [1.5, 6.25, 2.5, 7], "rotation": 180, "texture": "#4"},
				"south": {"uv": [2.25, 6.25, 1.75, 7], "rotation": 180, "texture": "#4"},
				"west": {"uv": [1.5, 6.25, 2.5, 7], "rotation": 180, "texture": "#4"},
				"up": {"uv": [1.75, 6.75, 2.25, 7], "texture": "#4"},
				"down": {"uv": [1.75, 6.25, 2.25, 6.5], "texture": "#4"}
			}
		},
		{
			"from": [6.075, -2.425, 7.525],
			"to": [6.575, -1.675, 8.425],
			"rotation": {"angle": 0, "axis": "y", "origin": [10, 21, 10]},
			"faces": {
				"north": {"uv": [2, 5.5, 2.5, 6.25], "rotation": 180, "texture": "#4"},
				"east": {"uv": [1.75, 5.5, 2.75, 6.25], "rotation": 180, "texture": "#4"},
				"south": {"uv": [2.5, 5.5, 2, 6.25], "rotation": 180, "texture": "#4"},
				"west": {"uv": [1.75, 5.5, 2.75, 6.25], "rotation": 180, "texture": "#4"},
				"up": {"uv": [2, 6, 2.5, 6.25], "texture": "#4"},
				"down": {"uv": [2, 5.5, 2.5, 5.75], "texture": "#4"}
			}
		},
		{
			"from": [6.575, -3.925, 7.525],
			"to": [7.075, -3.175, 8.425],
			"rotation": {"angle": 0, "axis": "y", "origin": [10, 21, 10]},
			"faces": {
				"north": {"uv": [2.5, 4, 3, 4.75], "rotation": 180, "texture": "#4"},
				"east": {"uv": [2.25, 4, 3.25, 4.75], "rotation": 180, "texture": "#4"},
				"south": {"uv": [3, 4, 2.5, 4.75], "rotation": 180, "texture": "#4"},
				"west": {"uv": [2.25, 4, 3.25, 4.75], "rotation": 180, "texture": "#4"},
				"up": {"uv": [2.5, 4.5, 3, 4.75], "texture": "#4"},
				"down": {"uv": [2.5, 4, 3, 4.25], "texture": "#4"}
			}
		},
		{
			"from": [6.325, -3.175, 7.525],
			"to": [6.825, -2.425, 8.425],
			"rotation": {"angle": 0, "axis": "y", "origin": [10, 21, 10]},
			"faces": {
				"north": {"uv": [2.25, 4.75, 2.75, 5.5], "rotation": 180, "texture": "#4"},
				"east": {"uv": [2, 4.75, 3, 5.5], "rotation": 180, "texture": "#4"},
				"south": {"uv": [2.75, 4.75, 2.25, 5.5], "rotation": 180, "texture": "#4"},
				"west": {"uv": [2, 4.75, 3, 5.5], "rotation": 180, "texture": "#4"},
				"up": {"uv": [2.25, 5.25, 2.75, 5.5], "texture": "#4"},
				"down": {"uv": [2.25, 4.75, 2.75, 5], "texture": "#4"}
			}
		},
		{
			"from": [6.825, -4.425, 7.525],
			"to": [7.325, -3.925, 8.425],
			"rotation": {"angle": 0, "axis": "y", "origin": [10, 21, 10]},
			"faces": {
				"north": {"uv": [2.75, 3.5, 3.25, 4], "rotation": 180, "texture": "#4"},
				"east": {"uv": [2.5, 3.5, 3.5, 4], "rotation": 180, "texture": "#4"},
				"south": {"uv": [3.25, 3.5, 2.75, 4], "rotation": 180, "texture": "#4"},
				"west": {"uv": [2.5, 3.5, 3.5, 4], "rotation": 180, "texture": "#4"},
				"up": {"uv": [2.75, 3.75, 3.25, 4], "texture": "#4"},
				"down": {"uv": [2.75, 3.5, 3.25, 3.75], "texture": "#4"}
			}
		},
		{
			"from": [7.075, -4.925, 7.525],
			"to": [7.575, -4.425, 8.425],
			"rotation": {"angle": 0, "axis": "y", "origin": [10, 21, 10]},
			"faces": {
				"north": {"uv": [3, 3, 3.5, 3.5], "rotation": 180, "texture": "#4"},
				"east": {"uv": [2.75, 3, 3.75, 3.5], "rotation": 180, "texture": "#4"},
				"south": {"uv": [3.5, 3, 3, 3.5], "rotation": 180, "texture": "#4"},
				"west": {"uv": [2.75, 3, 3.75, 3.5], "rotation": 180, "texture": "#4"},
				"up": {"uv": [3, 3.25, 3.5, 3.5], "texture": "#4"},
				"down": {"uv": [3, 3, 3.5, 3.25], "texture": "#4"}
			}
		},
		{
			"from": [7.575, -5.925, 7.525],
			"to": [8.075, -5.425, 8.425],
			"rotation": {"angle": 0, "axis": "y", "origin": [10, 21, 10]},
			"faces": {
				"north": {"uv": [3.5, 2, 4, 2.5], "rotation": 180, "texture": "#4"},
				"east": {"uv": [3.25, 2, 4.25, 2.5], "rotation": 180, "texture": "#4"},
				"south": {"uv": [4, 2, 3.5, 2.5], "rotation": 180, "texture": "#4"},
				"west": {"uv": [3.25, 2, 4.25, 2.5], "rotation": 180, "texture": "#4"},
				"up": {"uv": [3.5, 2.25, 4, 2.5], "texture": "#4"},
				"down": {"uv": [3.5, 2, 4, 2.25], "texture": "#4"}
			}
		},
		{
			"from": [7.325, -5.425, 7.525],
			"to": [7.825, -4.925, 8.425],
			"rotation": {"angle": 0, "axis": "y", "origin": [10, 21, 10]},
			"faces": {
				"north": {"uv": [3.25, 2.5, 3.75, 3], "rotation": 180, "texture": "#4"},
				"east": {"uv": [3, 2.5, 4, 3], "rotation": 180, "texture": "#4"},
				"south": {"uv": [3.75, 2.5, 3.25, 3], "rotation": 180, "texture": "#4"},
				"west": {"uv": [3, 2.5, 4, 3], "rotation": 180, "texture": "#4"},
				"up": {"uv": [3.25, 2.75, 3.75, 3], "texture": "#4"},
				"down": {"uv": [3.25, 2.5, 3.75, 2.75], "texture": "#4"}
			}
		},
		{
			"from": [8.075, -6.925, 7.525],
			"to": [8.575, -6.425, 8.425],
			"rotation": {"angle": 0, "axis": "y", "origin": [10, 21, 10]},
			"faces": {
				"north": {"uv": [4, 1, 4.5, 1.5], "rotation": 180, "texture": "#4"},
				"east": {"uv": [3.75, 1, 4.75, 1.5], "rotation": 180, "texture": "#4"},
				"south": {"uv": [4.5, 1, 4, 1.5], "rotation": 180, "texture": "#4"},
				"west": {"uv": [3.75, 1, 4.75, 1.5], "rotation": 180, "texture": "#4"},
				"up": {"uv": [4, 1.25, 4.5, 1.5], "texture": "#4"},
				"down": {"uv": [4, 1, 4.5, 1.25], "texture": "#4"}
			}
		},
		{
			"from": [7.825, -6.425, 7.525],
			"to": [8.325, -5.925, 8.425],
			"rotation": {"angle": 0, "axis": "y", "origin": [10, 21, 10]},
			"faces": {
				"north": {"uv": [3.75, 1.5, 4.25, 2], "rotation": 180, "texture": "#4"},
				"east": {"uv": [3.5, 1.5, 4.5, 2], "rotation": 180, "texture": "#4"},
				"south": {"uv": [4.25, 1.5, 3.75, 2], "rotation": 180, "texture": "#4"},
				"west": {"uv": [3.5, 1.5, 4.5, 2], "rotation": 180, "texture": "#4"},
				"up": {"uv": [3.75, 1.75, 4.25, 2], "texture": "#4"},
				"down": {"uv": [3.75, 1.5, 4.25, 1.75], "texture": "#4"}
			}
		},
		{
			"from": [8.325, -7.425, 7.525],
			"to": [8.575, -6.925, 8.425],
			"rotation": {"angle": 0, "axis": "y", "origin": [10, 21, 10]},
			"faces": {
				"north": {"uv": [4.25, 0.5, 4.5, 1], "rotation": 180, "texture": "#4"},
				"east": {"uv": [4, 0.5, 4.75, 1], "rotation": 180, "texture": "#4"},
				"south": {"uv": [4.5, 0.5, 4.25, 1], "rotation": 180, "texture": "#4"},
				"west": {"uv": [4, 0.5, 4.75, 1], "rotation": 180, "texture": "#4"},
				"up": {"uv": [4.25, 0.75, 4.5, 1], "texture": "#4"},
				"down": {"uv": [4.25, 0.5, 4.5, 0.75], "texture": "#4"}
			}
		},
		{
			"from": [8.075, -7.425, 7.725],
			"to": [8.825, -6.925, 8.225],
			"rotation": {"angle": 0, "axis": "y", "origin": [10, 21, 10]},
			"faces": {
				"north": {"uv": [4, 0.5, 4.75, 1], "rotation": 180, "texture": "#4"},
				"east": {"uv": [4.25, 0.5, 4.5, 1], "rotation": 180, "texture": "#4"},
				"south": {"uv": [4.75, 0.5, 4, 1], "rotation": 180, "texture": "#4"},
				"west": {"uv": [4.25, 0.5, 4.5, 1], "rotation": 180, "texture": "#4"},
				"up": {"uv": [4, 0.75, 4.75, 1], "texture": "#4"},
				"down": {"uv": [4, 0.5, 4.75, 0.75], "texture": "#4"}
			}
		},
		{
			"from": [7.575, -6.425, 7.725],
			"to": [8.575, -5.925, 8.225],
			"rotation": {"angle": 0, "axis": "y", "origin": [10, 21, 10]},
			"faces": {
				"north": {"uv": [3.5, 1.5, 4.5, 2], "rotation": 180, "texture": "#4"},
				"east": {"uv": [3.75, 1.5, 4.25, 2], "rotation": 180, "texture": "#4"},
				"south": {"uv": [4.5, 1.5, 3.5, 2], "rotation": 180, "texture": "#4"},
				"west": {"uv": [3.75, 1.5, 4.25, 2], "rotation": 180, "texture": "#4"},
				"up": {"uv": [3.5, 1.75, 4.5, 2], "texture": "#4"},
				"down": {"uv": [3.5, 1.5, 4.5, 1.75], "texture": "#4"}
			}
		},
		{
			"from": [7.825, -6.925, 7.725],
			"to": [8.825, -6.425, 8.225],
			"rotation": {"angle": 0, "axis": "y", "origin": [10, 21, 10]},
			"faces": {
				"north": {"uv": [3.75, 1, 4.75, 1.5], "rotation": 180, "texture": "#4"},
				"east": {"uv": [4, 1, 4.5, 1.5], "rotation": 180, "texture": "#4"},
				"south": {"uv": [4.75, 1, 3.75, 1.5], "rotation": 180, "texture": "#4"},
				"west": {"uv": [4, 1, 4.5, 1.5], "rotation": 180, "texture": "#4"},
				"up": {"uv": [3.75, 1.25, 4.75, 1.5], "texture": "#4"},
				"down": {"uv": [3.75, 1, 4.75, 1.25], "texture": "#4"}
			}
		},
		{
			"from": [7.075, -5.425, 7.725],
			"to": [8.075, -4.925, 8.225],
			"rotation": {"angle": 0, "axis": "y", "origin": [10, 21, 10]},
			"faces": {
				"north": {"uv": [3, 2.5, 4, 3], "rotation": 180, "texture": "#4"},
				"east": {"uv": [3.25, 2.5, 3.75, 3], "rotation": 180, "texture": "#4"},
				"south": {"uv": [4, 2.5, 3, 3], "rotation": 180, "texture": "#4"},
				"west": {"uv": [3.25, 2.5, 3.75, 3], "rotation": 180, "texture": "#4"},
				"up": {"uv": [3, 2.75, 4, 3], "texture": "#4"},
				"down": {"uv": [3, 2.5, 4, 2.75], "texture": "#4"}
			}
		},
		{
			"from": [7.325, -5.925, 7.725],
			"to": [8.325, -5.425, 8.225],
			"rotation": {"angle": 0, "axis": "y", "origin": [10, 21, 10]},
			"faces": {
				"north": {"uv": [3.25, 2, 4.25, 2.5], "rotation": 180, "texture": "#4"},
				"east": {"uv": [3.5, 2, 4, 2.5], "rotation": 180, "texture": "#4"},
				"south": {"uv": [4.25, 2, 3.25, 2.5], "rotation": 180, "texture": "#4"},
				"west": {"uv": [3.5, 2, 4, 2.5], "rotation": 180, "texture": "#4"},
				"up": {"uv": [3.25, 2.25, 4.25, 2.5], "texture": "#4"},
				"down": {"uv": [3.25, 2, 4.25, 2.25], "texture": "#4"}
			}
		},
		{
			"from": [6.825, -4.925, 7.725],
			"to": [7.825, -4.425, 8.225],
			"rotation": {"angle": 0, "axis": "y", "origin": [10, 21, 10]},
			"faces": {
				"north": {"uv": [2.75, 3, 3.75, 3.5], "rotation": 180, "texture": "#4"},
				"east": {"uv": [3, 3, 3.5, 3.5], "rotation": 180, "texture": "#4"},
				"south": {"uv": [3.75, 3, 2.75, 3.5], "rotation": 180, "texture": "#4"},
				"west": {"uv": [3, 3, 3.5, 3.5], "rotation": 180, "texture": "#4"},
				"up": {"uv": [2.75, 3.25, 3.75, 3.5], "texture": "#4"},
				"down": {"uv": [2.75, 3, 3.75, 3.25], "texture": "#4"}
			}
		},
		{
			"from": [6.575, -4.425, 7.725],
			"to": [7.575, -3.925, 8.225],
			"rotation": {"angle": 0, "axis": "y", "origin": [10, 21, 10]},
			"faces": {
				"north": {"uv": [2.5, 3.5, 3.5, 4], "rotation": 180, "texture": "#4"},
				"east": {"uv": [2.75, 3.5, 3.25, 4], "rotation": 180, "texture": "#4"},
				"south": {"uv": [3.5, 3.5, 2.5, 4], "rotation": 180, "texture": "#4"},
				"west": {"uv": [2.75, 3.5, 3.25, 4], "rotation": 180, "texture": "#4"},
				"up": {"uv": [2.5, 3.75, 3.5, 4], "texture": "#4"},
				"down": {"uv": [2.5, 3.5, 3.5, 3.75], "texture": "#4"}
			}
		},
		{
			"from": [6.075, -3.175, 7.725],
			"to": [7.075, -2.425, 8.225],
			"rotation": {"angle": 0, "axis": "y", "origin": [10, 21, 10]},
			"faces": {
				"north": {"uv": [2, 4.75, 3, 5.5], "rotation": 180, "texture": "#4"},
				"east": {"uv": [2.25, 4.75, 2.75, 5.5], "rotation": 180, "texture": "#4"},
				"south": {"uv": [3, 4.75, 2, 5.5], "rotation": 180, "texture": "#4"},
				"west": {"uv": [2.25, 4.75, 2.75, 5.5], "rotation": 180, "texture": "#4"},
				"up": {"uv": [2, 5.25, 3, 5.5], "texture": "#4"},
				"down": {"uv": [2, 4.75, 3, 5], "texture": "#4"}
			}
		},
		{
			"from": [6.325, -3.925, 7.725],
			"to": [7.325, -3.175, 8.225],
			"rotation": {"angle": 0, "axis": "y", "origin": [10, 21, 10]},
			"faces": {
				"north": {"uv": [2.25, 4, 3.25, 4.75], "rotation": 180, "texture": "#4"},
				"east": {"uv": [2.5, 4, 3, 4.75], "rotation": 180, "texture": "#4"},
				"south": {"uv": [3.25, 4, 2.25, 4.75], "rotation": 180, "texture": "#4"},
				"west": {"uv": [2.5, 4, 3, 4.75], "rotation": 180, "texture": "#4"},
				"up": {"uv": [2.25, 4.5, 3.25, 4.75], "texture": "#4"},
				"down": {"uv": [2.25, 4, 3.25, 4.25], "texture": "#4"}
			}
		},
		{
			"from": [5.825, -2.425, 7.725],
			"to": [6.825, -1.675, 8.225],
			"rotation": {"angle": 0, "axis": "y", "origin": [10, 21, 10]},
			"faces": {
				"north": {"uv": [1.75, 5.5, 2.75, 6.25], "rotation": 180, "texture": "#4"},
				"east": {"uv": [2, 5.5, 2.5, 6.25], "rotation": 180, "texture": "#4"},
				"south": {"uv": [2.75, 5.5, 1.75, 6.25], "rotation": 180, "texture": "#4"},
				"west": {"uv": [2, 5.5, 2.5, 6.25], "rotation": 180, "texture": "#4"},
				"up": {"uv": [1.75, 6, 2.75, 6.25], "texture": "#4"},
				"down": {"uv": [1.75, 5.5, 2.75, 5.75], "texture": "#4"}
			}
		},
		{
			"from": [5.575, -1.675, 7.725],
			"to": [6.575, -0.925, 8.225],
			"rotation": {"angle": 0, "axis": "y", "origin": [10, 21, 10]},
			"faces": {
				"north": {"uv": [1.5, 6.25, 2.5, 7], "rotation": 180, "texture": "#4"},
				"east": {"uv": [1.75, 6.25, 2.25, 7], "rotation": 180, "texture": "#4"},
				"south": {"uv": [2.5, 6.25, 1.5, 7], "rotation": 180, "texture": "#4"},
				"west": {"uv": [1.75, 6.25, 2.25, 7], "rotation": 180, "texture": "#4"},
				"up": {"uv": [1.5, 6.75, 2.5, 7], "texture": "#4"},
				"down": {"uv": [1.5, 6.25, 2.5, 6.5], "texture": "#4"}
			}
		},
		{
			"from": [5.325, -0.925, 7.725],
			"to": [6.325, 0.325, 8.225],
			"rotation": {"angle": 0, "axis": "y", "origin": [10, 21, 10]},
			"faces": {
				"north": {"uv": [1.25, 7, 2.25, 8.25], "rotation": 180, "texture": "#4"},
				"east": {"uv": [1.5, 7, 2, 8.25], "rotation": 180, "texture": "#4"},
				"south": {"uv": [2.25, 7, 1.25, 8.25], "rotation": 180, "texture": "#4"},
				"west": {"uv": [1.5, 7, 2, 8.25], "rotation": 180, "texture": "#4"},
				"up": {"uv": [1.25, 8, 2.25, 8.25], "texture": "#4"},
				"down": {"uv": [1.25, 7, 2.25, 7.25], "texture": "#4"}
			}
		},
		{
			"from": [5.075, 0.325, 7.725],
			"to": [6.075, 1.575, 8.225],
			"rotation": {"angle": 0, "axis": "y", "origin": [10, 21, 10]},
			"faces": {
				"north": {"uv": [1, 8.25, 2, 9.5], "rotation": 180, "texture": "#4"},
				"east": {"uv": [1.25, 8.25, 1.75, 9.5], "rotation": 180, "texture": "#4"},
				"south": {"uv": [2, 8.25, 1, 9.5], "rotation": 180, "texture": "#4"},
				"west": {"uv": [1.25, 8.25, 1.75, 9.5], "rotation": 180, "texture": "#4"},
				"up": {"uv": [1, 9.25, 2, 9.5], "texture": "#4"},
				"down": {"uv": [1, 8.25, 2, 8.5], "texture": "#4"}
			}
		},
		{
			"from": [4.825, 1.575, 7.725],
			"to": [5.825, 3.075, 8.225],
			"rotation": {"angle": 0, "axis": "y", "origin": [10, 21, 10]},
			"faces": {
				"north": {"uv": [0.75, 9.5, 1.75, 11], "rotation": 180, "texture": "#4"},
				"east": {"uv": [1, 9.5, 1.5, 11], "rotation": 180, "texture": "#4"},
				"south": {"uv": [1.75, 9.5, 0.75, 11], "rotation": 180, "texture": "#4"},
				"west": {"uv": [1, 9.5, 1.5, 11], "rotation": 180, "texture": "#4"},
				"up": {"uv": [0.75, 10.75, 1.75, 11], "texture": "#4"},
				"down": {"uv": [0.75, 9.5, 1.75, 9.75], "texture": "#4"}
			}
		},
		{
			"from": [4.575, 3.075, 7.725],
			"to": [5.575, 4.575, 8.225],
			"rotation": {"angle": 0, "axis": "y", "origin": [10, 21, 10]},
			"faces": {
				"north": {"uv": [0.5, 11, 1.5, 12.5], "rotation": 180, "texture": "#4"},
				"east": {"uv": [0.75, 11, 1.25, 12.5], "rotation": 180, "texture": "#4"},
				"south": {"uv": [1.5, 11, 0.5, 12.5], "rotation": 180, "texture": "#4"},
				"west": {"uv": [0.75, 11, 1.25, 12.5], "rotation": 180, "texture": "#4"},
				"up": {"uv": [0.5, 12.25, 1.5, 12.5], "texture": "#4"},
				"down": {"uv": [0.5, 11, 1.5, 11.25], "texture": "#4"}
			}
		},
		{
			"from": [4.575, 4.575, 7.525],
			"to": [5.075, 6.575, 8.425],
			"rotation": {"angle": 0, "axis": "y", "origin": [9.75, 22.5, 10]},
			"faces": {
				"north": {"uv": [0.5, 12.5, 1, 14.5], "rotation": 180, "texture": "#4"},
				"east": {"uv": [0.25, 12.5, 1.25, 14.5], "rotation": 180, "texture": "#4"},
				"south": {"uv": [1, 12.5, 0.5, 14.5], "rotation": 180, "texture": "#4"},
				"west": {"uv": [0.25, 12.5, 1.25, 14.5], "rotation": 180, "texture": "#4"},
				"up": {"uv": [0.5, 14.25, 1, 14.5], "texture": "#4"},
				"down": {"uv": [0.5, 12.5, 1, 12.75], "texture": "#4"}
			}
		},
		{
			"from": [4.45, 6.575, 7.85],
			"to": [5.2, 8.075, 8.1],
			"rotation": {"angle": 0, "axis": "y", "origin": [9.875, 24.5, 10.125]},
			"faces": {
				"north": {"uv": [0.5, 14.5, 1.25, 16], "rotation": 180, "texture": "#4"},
				"east": {"uv": [0.75, 14.5, 1, 16], "rotation": 180, "texture": "#4"},
				"south": {"uv": [1.25, 14.5, 0.5, 16], "rotation": 180, "texture": "#4"},
				"west": {"uv": [0.75, 14.5, 1, 16], "rotation": 180, "texture": "#4"},
				"up": {"uv": [0.5, 15.75, 1.25, 16], "texture": "#4"},
				"down": {"uv": [0.5, 14.5, 1.25, 14.75], "texture": "#4"}
			}
		},
		{
			"from": [4.45, 8.075, 7.85],
			"to": [5.2, 9.575, 8.1],
			"rotation": {"angle": 0, "axis": "y", "origin": [9.875, 17.5, 10.125]},
			"faces": {
				"north": {"uv": [1.25, 14.5, 0.5, 16], "texture": "#4"},
				"east": {"uv": [0.75, 14.5, 1, 16], "texture": "#4"},
				"south": {"uv": [0.5, 14.5, 1.25, 16], "texture": "#4"},
				"west": {"uv": [0.75, 14.5, 1, 16], "texture": "#4"},
				"up": {"uv": [0.5, 14.5, 1.25, 14.75], "texture": "#4"},
				"down": {"uv": [0.5, 15.75, 1.25, 16], "texture": "#4"}
			}
		},
		{
			"from": [4.7, 6.575, 7.65],
			"to": [4.95, 8.075, 8.3],
			"rotation": {"angle": 0, "axis": "y", "origin": [9.875, 24.5, 10.125]},
			"faces": {
				"north": {"uv": [0.75, 14.5, 1, 16], "rotation": 180, "texture": "#4"},
				"east": {"uv": [0.5, 14.5, 1.25, 16], "rotation": 180, "texture": "#4"},
				"south": {"uv": [1, 14.5, 0.75, 16], "rotation": 180, "texture": "#4"},
				"west": {"uv": [0.5, 14.5, 1.25, 16], "rotation": 180, "texture": "#4"},
				"up": {"uv": [0.75, 15.75, 1, 16], "texture": "#4"},
				"down": {"uv": [0.75, 14.5, 1, 14.75], "texture": "#4"}
			}
		},
		{
			"from": [4.7, 8.075, 7.65],
			"to": [4.95, 9.575, 8.3],
			"rotation": {"angle": 0, "axis": "y", "origin": [9.875, 17.5, 10.125]},
			"faces": {
				"north": {"uv": [1, 14.5, 0.75, 16], "texture": "#4"},
				"east": {"uv": [0.5, 14.5, 1.25, 16], "texture": "#4"},
				"south": {"uv": [0.75, 14.5, 1, 16], "texture": "#4"},
				"west": {"uv": [0.5, 14.5, 1.25, 16], "texture": "#4"},
				"up": {"uv": [0.75, 14.5, 1, 14.75], "texture": "#4"},
				"down": {"uv": [0.75, 15.75, 1, 16], "texture": "#4"}
			}
		},
		{
			"from": [4.325, 4.575, 7.725],
			"to": [5.325, 6.575, 8.225],
			"rotation": {"angle": 0, "axis": "y", "origin": [9.75, 22.5, 10]},
			"faces": {
				"north": {"uv": [0.25, 12.5, 1.25, 14.5], "rotation": 180, "texture": "#4"},
				"east": {"uv": [0.5, 12.5, 1, 14.5], "rotation": 180, "texture": "#4"},
				"south": {"uv": [1.25, 12.5, 0.25, 14.5], "rotation": 180, "texture": "#4"},
				"west": {"uv": [0.5, 12.5, 1, 14.5], "rotation": 180, "texture": "#4"},
				"up": {"uv": [0.25, 14.25, 1.25, 14.5], "texture": "#4"},
				"down": {"uv": [0.25, 12.5, 1.25, 12.75], "texture": "#4"}
			}
		},
		{
			"from": [8.325, 8.075, 8],
			"to": [10.825, 22.075, 8],
			"rotation": {"angle": 0, "axis": "y", "origin": [10, 21, 10]},
			"faces": {
				"north": {"uv": [6.75, 2, 4.25, 16], "texture": "#4"},
				"south": {"uv": [4.25, 2, 6.75, 16], "texture": "#4"}
			}
		},
		{
			"from": [8.325, 23.575, 7.725],
			"to": [8.825, 24.075, 8.225],
			"rotation": {"angle": 0, "axis": "y", "origin": [10, 21, 10]},
			"faces": {
				"north": {"uv": [4.75, 0, 4.25, 0.5], "texture": "#4"},
				"east": {"uv": [4.5, 0, 4.75, 0.5], "texture": "#4"},
				"south": {"uv": [4.25, 0, 4.75, 0.5], "texture": "#4"},
				"west": {"uv": [4.5, 0, 4.25, 0.5], "texture": "#4"},
				"up": {"uv": [4.25, 0, 4.75, 0.25], "texture": "#4"},
				"down": {"uv": [4.25, 0.25, 4.75, 0.5], "texture": "#4"}
			}
		},
		{
			"from": [8.075, 23.075, 7.725],
			"to": [8.825, 23.575, 8.225],
			"rotation": {"angle": 0, "axis": "y", "origin": [10, 21, 10]},
			"faces": {
				"north": {"uv": [4.75, 0.5, 4, 1], "texture": "#4"},
				"east": {"uv": [4.25, 0.5, 4.5, 1], "texture": "#4"},
				"south": {"uv": [4, 0.5, 4.75, 1], "texture": "#4"},
				"west": {"uv": [4.25, 0.5, 4.5, 1], "texture": "#4"},
				"up": {"uv": [4, 0.5, 4.75, 0.75], "texture": "#4"},
				"down": {"uv": [4, 0.75, 4.75, 1], "texture": "#4"}
			}
		},
		{
			"from": [7.575, 22.075, 7.725],
			"to": [8.575, 22.575, 8.225],
			"rotation": {"angle": 0, "axis": "y", "origin": [10, 21, 10]},
			"faces": {
				"north": {"uv": [4.5, 1.5, 3.5, 2], "texture": "#4"},
				"east": {"uv": [3.75, 1.5, 4.25, 2], "texture": "#4"},
				"south": {"uv": [3.5, 1.5, 4.5, 2], "texture": "#4"},
				"west": {"uv": [3.75, 1.5, 4.25, 2], "texture": "#4"},
				"up": {"uv": [3.5, 1.5, 4.5, 1.75], "texture": "#4"},
				"down": {"uv": [3.5, 1.75, 4.5, 2], "texture": "#4"}
			}
		},
		{
			"from": [7.825, 22.575, 7.725],
			"to": [8.825, 23.075, 8.225],
			"rotation": {"angle": 0, "axis": "y", "origin": [10, 21, 10]},
			"faces": {
				"north": {"uv": [4.75, 1, 3.75, 1.5], "texture": "#4"},
				"east": {"uv": [4, 1, 4.5, 1.5], "texture": "#4"},
				"south": {"uv": [3.75, 1, 4.75, 1.5], "texture": "#4"},
				"west": {"uv": [4, 1, 4.5, 1.5], "texture": "#4"},
				"up": {"uv": [3.75, 1, 4.75, 1.25], "texture": "#4"},
				"down": {"uv": [3.75, 1.25, 4.75, 1.5], "texture": "#4"}
			}
		},
		{
			"from": [7.075, 21.075, 7.725],
			"to": [8.075, 21.575, 8.225],
			"rotation": {"angle": 0, "axis": "y", "origin": [10, 21, 10]},
			"faces": {
				"north": {"uv": [4, 2.5, 3, 3], "texture": "#4"},
				"east": {"uv": [3.25, 2.5, 3.75, 3], "texture": "#4"},
				"south": {"uv": [3, 2.5, 4, 3], "texture": "#4"},
				"west": {"uv": [3.25, 2.5, 3.75, 3], "texture": "#4"},
				"up": {"uv": [3, 2.5, 4, 2.75], "texture": "#4"},
				"down": {"uv": [3, 2.75, 4, 3], "texture": "#4"}
			}
		},
		{
			"from": [7.325, 21.575, 7.725],
			"to": [8.325, 22.075, 8.225],
			"rotation": {"angle": 0, "axis": "y", "origin": [10, 21, 10]},
			"faces": {
				"north": {"uv": [4.25, 2, 3.25, 2.5], "texture": "#4"},
				"east": {"uv": [3.5, 2, 4, 2.5], "texture": "#4"},
				"south": {"uv": [3.25, 2, 4.25, 2.5], "texture": "#4"},
				"west": {"uv": [3.5, 2, 4, 2.5], "texture": "#4"},
				"up": {"uv": [3.25, 2, 4.25, 2.25], "texture": "#4"},
				"down": {"uv": [3.25, 2.25, 4.25, 2.5], "texture": "#4"}
			}
		},
		{
			"from": [6.825, 20.575, 7.725],
			"to": [7.825, 21.075, 8.225],
			"rotation": {"angle": 0, "axis": "y", "origin": [10, 21, 10]},
			"faces": {
				"north": {"uv": [3.75, 3, 2.75, 3.5], "texture": "#4"},
				"east": {"uv": [3, 3, 3.5, 3.5], "texture": "#4"},
				"south": {"uv": [2.75, 3, 3.75, 3.5], "texture": "#4"},
				"west": {"uv": [3, 3, 3.5, 3.5], "texture": "#4"},
				"up": {"uv": [2.75, 3, 3.75, 3.25], "texture": "#4"},
				"down": {"uv": [2.75, 3.25, 3.75, 3.5], "texture": "#4"}
			}
		},
		{
			"from": [6.575, 20.075, 7.725],
			"to": [7.575, 20.575, 8.225],
			"rotation": {"angle": 0, "axis": "y", "origin": [10, 21, 10]},
			"faces": {
				"north": {"uv": [3.5, 3.5, 2.5, 4], "texture": "#4"},
				"east": {"uv": [2.75, 3.5, 3.25, 4], "texture": "#4"},
				"south": {"uv": [2.5, 3.5, 3.5, 4], "texture": "#4"},
				"west": {"uv": [2.75, 3.5, 3.25, 4], "texture": "#4"},
				"up": {"uv": [2.5, 3.5, 3.5, 3.75], "texture": "#4"},
				"down": {"uv": [2.5, 3.75, 3.5, 4], "texture": "#4"}
			}
		},
		{
			"from": [6.075, 18.575, 7.725],
			"to": [7.075, 19.325, 8.225],
			"rotation": {"angle": 0, "axis": "y", "origin": [10, 21, 10]},
			"faces": {
				"north": {"uv": [3, 4.75, 2, 5.5], "texture": "#4"},
				"east": {"uv": [2.25, 4.75, 2.75, 5.5], "texture": "#4"},
				"south": {"uv": [2, 4.75, 3, 5.5], "texture": "#4"},
				"west": {"uv": [2.25, 4.75, 2.75, 5.5], "texture": "#4"},
				"up": {"uv": [2, 4.75, 3, 5], "texture": "#4"},
				"down": {"uv": [2, 5.25, 3, 5.5], "texture": "#4"}
			}
		},
		{
			"from": [6.325, 19.325, 7.725],
			"to": [7.325, 20.075, 8.225],
			"rotation": {"angle": 0, "axis": "y", "origin": [10, 21, 10]},
			"faces": {
				"north": {"uv": [3.25, 4, 2.25, 4.75], "texture": "#4"},
				"east": {"uv": [2.5, 4, 3, 4.75], "texture": "#4"},
				"south": {"uv": [2.25, 4, 3.25, 4.75], "texture": "#4"},
				"west": {"uv": [2.5, 4, 3, 4.75], "texture": "#4"},
				"up": {"uv": [2.25, 4, 3.25, 4.25], "texture": "#4"},
				"down": {"uv": [2.25, 4.5, 3.25, 4.75], "texture": "#4"}
			}
		},
		{
			"from": [5.825, 17.825, 7.725],
			"to": [6.825, 18.575, 8.225],
			"rotation": {"angle": 0, "axis": "y", "origin": [10, 21, 10]},
			"faces": {
				"north": {"uv": [2.75, 5.5, 1.75, 6.25], "texture": "#4"},
				"east": {"uv": [2, 5.5, 2.5, 6.25], "texture": "#4"},
				"south": {"uv": [1.75, 5.5, 2.75, 6.25], "texture": "#4"},
				"west": {"uv": [2, 5.5, 2.5, 6.25], "texture": "#4"},
				"up": {"uv": [1.75, 5.5, 2.75, 5.75], "texture": "#4"},
				"down": {"uv": [1.75, 6, 2.75, 6.25], "texture": "#4"}
			}
		},
		{
			"from": [5.575, 17.075, 7.725],
			"to": [6.575, 17.825, 8.225],
			"rotation": {"angle": 0, "axis": "y", "origin": [10, 21, 10]},
			"faces": {
				"north": {"uv": [2.5, 6.25, 1.5, 7], "texture": "#4"},
				"east": {"uv": [1.75, 6.25, 2.25, 7], "texture": "#4"},
				"south": {"uv": [1.5, 6.25, 2.5, 7], "texture": "#4"},
				"west": {"uv": [1.75, 6.25, 2.25, 7], "texture": "#4"},
				"up": {"uv": [1.5, 6.25, 2.5, 6.5], "texture": "#4"},
				"down": {"uv": [1.5, 6.75, 2.5, 7], "texture": "#4"}
			}
		},
		{
			"from": [5.325, 15.825, 7.725],
			"to": [6.325, 17.075, 8.225],
			"rotation": {"angle": 0, "axis": "y", "origin": [10, 21, 10]},
			"faces": {
				"north": {"uv": [2.25, 7, 1.25, 8.25], "texture": "#4"},
				"east": {"uv": [1.5, 7, 2, 8.25], "texture": "#4"},
				"south": {"uv": [1.25, 7, 2.25, 8.25], "texture": "#4"},
				"west": {"uv": [1.5, 7, 2, 8.25], "texture": "#4"},
				"up": {"uv": [1.25, 7, 2.25, 7.25], "texture": "#4"},
				"down": {"uv": [1.25, 8, 2.25, 8.25], "texture": "#4"}
			}
		},
		{
			"from": [5.075, 14.575, 7.725],
			"to": [6.075, 15.825, 8.225],
			"rotation": {"angle": 0, "axis": "y", "origin": [10, 21, 10]},
			"faces": {
				"north": {"uv": [2, 8.25, 1, 9.5], "texture": "#4"},
				"east": {"uv": [1.25, 8.25, 1.75, 9.5], "texture": "#4"},
				"south": {"uv": [1, 8.25, 2, 9.5], "texture": "#4"},
				"west": {"uv": [1.25, 8.25, 1.75, 9.5], "texture": "#4"},
				"up": {"uv": [1, 8.25, 2, 8.5], "texture": "#4"},
				"down": {"uv": [1, 9.25, 2, 9.5], "texture": "#4"}
			}
		},
		{
			"from": [4.825, 13.075, 7.725],
			"to": [5.825, 14.575, 8.225],
			"rotation": {"angle": 0, "axis": "y", "origin": [10, 21, 10]},
			"faces": {
				"north": {"uv": [1.75, 9.5, 0.75, 11], "texture": "#4"},
				"east": {"uv": [1, 9.5, 1.5, 11], "texture": "#4"},
				"south": {"uv": [0.75, 9.5, 1.75, 11], "texture": "#4"},
				"west": {"uv": [1, 9.5, 1.5, 11], "texture": "#4"},
				"up": {"uv": [0.75, 9.5, 1.75, 9.75], "texture": "#4"},
				"down": {"uv": [0.75, 10.75, 1.75, 11], "texture": "#4"}
			}
		},
		{
			"from": [4.575, 11.575, 7.725],
			"to": [5.575, 13.075, 8.225],
			"rotation": {"angle": 0, "axis": "y", "origin": [10, 21, 10]},
			"faces": {
				"north": {"uv": [1.5, 11, 0.5, 12.5], "texture": "#4"},
				"east": {"uv": [0.75, 11, 1.25, 12.5], "texture": "#4"},
				"south": {"uv": [0.5, 11, 1.5, 12.5], "texture": "#4"},
				"west": {"uv": [0.75, 11, 1.25, 12.5], "texture": "#4"},
				"up": {"uv": [0.5, 11, 1.5, 11.25], "texture": "#4"},
				"down": {"uv": [0.5, 12.25, 1.5, 12.5], "texture": "#4"}
			}
		},
		{
			"from": [4.575, 9.575, 7.525],
			"to": [5.075, 11.575, 8.425],
			"rotation": {"angle": 0, "axis": "y", "origin": [9.75, 19, 10]},
			"faces": {
				"north": {"uv": [1, 12.5, 0.5, 14.5], "texture": "#4"},
				"east": {"uv": [0.25, 12.5, 1.25, 14.5], "texture": "#4"},
				"south": {"uv": [0.5, 12.5, 1, 14.5], "texture": "#4"},
				"west": {"uv": [0.25, 12.5, 1.25, 14.5], "texture": "#4"},
				"up": {"uv": [0.5, 12.5, 1, 12.75], "texture": "#4"},
				"down": {"uv": [0.5, 14.25, 1, 14.5], "texture": "#4"}
			}
		},
		{
			"from": [4.325, 9.575, 7.725],
			"to": [5.325, 11.575, 8.225],
			"rotation": {"angle": 0, "axis": "y", "origin": [9.75, 19, 10]},
			"faces": {
				"north": {"uv": [1.25, 12.5, 0.25, 14.5], "texture": "#4"},
				"east": {"uv": [0.5, 12.5, 1, 14.5], "texture": "#4"},
				"south": {"uv": [0.25, 12.5, 1.25, 14.5], "texture": "#4"},
				"west": {"uv": [0.5, 12.5, 1, 14.5], "texture": "#4"},
				"up": {"uv": [0.25, 12.5, 1.25, 12.75], "texture": "#4"},
				"down": {"uv": [0.25, 14.25, 1.25, 14.5], "texture": "#4"}
			}
		}
	],
	"gui_light": "front",
	"display": {
		"thirdperson_righthand": {
			"rotation": [145, -80, 145],
			"translation": [-0.5, -2, 3],
			"scale": [1, 1.1, 1.2]
		},
		"thirdperson_lefthand": {
			"rotation": [-45, 80, 45],
			"translation": [-0.75, -2, 3.25],
			"scale": [1, 1.1, 1.2]
		},
		"firstperson_righthand": {
			"rotation": [40, -90, 25],
			"translation": [-1, 2.5, 3.25],
			"scale": [0.5, 0.5, 0.6]
		},
		"firstperson_lefthand": {
			"rotation": [40, -90, -155],
			"translation": [-1, 2.5, 3.25],
			"scale": [0.5, 0.5, 0.6]
		},
		"ground": {
			"rotation": [0, 0, -45],
			"translation": [0, 2, 0],
			"scale": [0.5, 0.5, 0.5]
		},
		"gui": {
			"rotation": [0, 0, -45],
			"translation": [-1.25, 1.25, 0],
			"scale": [0.8, 0.8, 0.8]
		},
		"head": {
			"rotation": [4, 180, -45],
			"translation": [0, 13, 7]
		},
		"fixed": {
			"rotation": [0, 180, -45],
			"scale": [1.5, 1.5, 1.5]
		}
	}
}