{
	"credit": "Made with Blockbench",
	"textures": {
		"1": "./dagger",
		"particle": "./dagger"
	},
	"elements": [
		{
			"from": [7.55, 4.925, 7.325],
			"to": [7.875, 5.925, 7.725],
			"rotation": {"angle": 0, "axis": "y", "origin": [0, 2.6, 0]},
			"faces": {
				"north": {"uv": [8.75, 10.125, 8.375, 11.125], "texture": "#1"},
				"east": {"uv": [9, 10.125, 9.625, 11.125], "texture": "#1"},
				"south": {"uv": [8.375, 10.125, 8.75, 11.125], "texture": "#1"},
				"west": {"uv": [7.5, 10.125, 8.125, 11.125], "texture": "#1"},
				"up": {"uv": [8.25, 10.25, 8.875, 10.125], "texture": "#1"},
				"down": {"uv": [8.25, 11.125, 8.875, 11], "texture": "#1"}
			}
		},
		{
			"from": [7.525, 4.05, 7.475],
			"to": [7.9, 4.925, 7.575],
			"rotation": {"angle": 0, "axis": "y", "origin": [0, 1.85, 0]},
			"faces": {
				"north": {"uv": [8.75, 11.125, 8.375, 12], "texture": "#1"},
				"east": {"uv": [9.25, 11.125, 9.375, 12], "texture": "#1"},
				"south": {"uv": [8.375, 11.125, 8.75, 12], "texture": "#1"},
				"west": {"uv": [7.75, 11.125, 7.875, 12], "texture": "#1"},
				"up": {"uv": [8.375, 11.25, 8.75, 11.125], "texture": "#1"},
				"down": {"uv": [8.375, 12, 8.75, 11.875], "texture": "#1"}
			}
		},
		{
			"from": [7.65, 4.05, 7.375],
			"to": [7.775, 4.925, 7.675],
			"rotation": {"angle": 0, "axis": "y", "origin": [0, 1.85, 0]},
			"faces": {
				"north": {"uv": [8.625, 11.125, 8.5, 12], "texture": "#1"},
				"east": {"uv": [9.125, 11.125, 9.5, 12], "texture": "#1"},
				"south": {"uv": [8.5, 11.125, 8.625, 12], "texture": "#1"},
				"west": {"uv": [7.625, 11.125, 8, 12], "texture": "#1"},
				"up": {"uv": [8.375, 11.25, 8.75, 11.125], "texture": "#1"},
				"down": {"uv": [8.375, 12, 8.75, 11.875], "texture": "#1"}
			}
		},
		{
			"from": [7.425, 4.925, 7.425],
			"to": [8, 5.925, 7.625],
			"rotation": {"angle": 0, "axis": "y", "origin": [0, 2.6, 0]},
			"faces": {
				"north": {"uv": [8.875, 10.125, 8.25, 11.125], "texture": "#1"},
				"east": {"uv": [9.125, 10.125, 9.5, 11.125], "texture": "#1"},
				"south": {"uv": [8.25, 10.125, 8.875, 11.125], "texture": "#1"},
				"west": {"uv": [7.625, 10.125, 8, 11.125], "texture": "#1"},
				"up": {"uv": [8.25, 10.25, 8.875, 10.125], "texture": "#1"},
				"down": {"uv": [8.25, 11.125, 8.875, 11], "texture": "#1"}
			}
		},
		{
			"from": [8.025, 3.425, 7.375],
			"to": [8.15, 3.8, 7.675],
			"rotation": {"angle": 0, "axis": "y", "origin": [-0.125, 1.725, 0]},
			"faces": {
				"north": {"uv": [9, 12.25, 8.875, 12.625], "texture": "#1"},
				"east": {"uv": [8.875, 12.25, 9, 12.625], "texture": "#1"},
				"south": {"uv": [8.875, 12.25, 9, 12.625], "texture": "#1"},
				"west": {"uv": [8.875, 12.25, 9, 12.625], "texture": "#1"},
				"up": {"uv": [8.875, 12.375, 9, 12.25], "texture": "#1"},
				"down": {"uv": [8.875, 12.625, 9, 12.5], "texture": "#1"}
			}
		},
		{
			"from": [7.275, 3.425, 7.375],
			"to": [7.4, 3.8, 7.675],
			"rotation": {"angle": 0, "axis": "y", "origin": [0.125, 1.725, 0]},
			"faces": {
				"north": {"uv": [8.25, 12.25, 8.125, 12.625], "texture": "#1"},
				"east": {"uv": [8.125, 12.25, 8.25, 12.625], "texture": "#1"},
				"south": {"uv": [8.125, 12.25, 8.25, 12.625], "texture": "#1"},
				"west": {"uv": [8.125, 12.25, 8.25, 12.625], "texture": "#1"},
				"up": {"uv": [8.125, 12.375, 8.25, 12.25], "texture": "#1"},
				"down": {"uv": [8.125, 12.625, 8.25, 12.5], "texture": "#1"}
			}
		},
		{
			"from": [7.4, 3.3, 7.375],
			"to": [7.525, 3.925, 7.675],
			"rotation": {"angle": 0, "axis": "y", "origin": [0.25, 1.6, 0]},
			"faces": {
				"north": {"uv": [8.375, 12.125, 8.25, 12.75], "texture": "#1"},
				"east": {"uv": [8.25, 12.125, 8.375, 12.75], "texture": "#1"},
				"south": {"uv": [8.25, 12.125, 8.375, 12.75], "texture": "#1"},
				"west": {"uv": [8.25, 12.125, 8.375, 12.75], "texture": "#1"},
				"up": {"uv": [8.25, 12.25, 8.375, 12.125], "texture": "#1"},
				"down": {"uv": [8.25, 12.75, 8.375, 12.625], "texture": "#1"}
			}
		},
		{
			"from": [7.9, 3.3, 7.375],
			"to": [8.025, 3.925, 7.675],
			"rotation": {"angle": 0, "axis": "y", "origin": [0.75, 1.6, 0]},
			"faces": {
				"north": {"uv": [8.875, 12.125, 8.75, 12.75], "texture": "#1"},
				"east": {"uv": [8.75, 12.125, 8.875, 12.75], "texture": "#1"},
				"south": {"uv": [8.75, 12.125, 8.875, 12.75], "texture": "#1"},
				"west": {"uv": [8.75, 12.125, 8.875, 12.75], "texture": "#1"},
				"up": {"uv": [8.75, 12.25, 8.875, 12.125], "texture": "#1"},
				"down": {"uv": [8.75, 12.75, 8.875, 12.625], "texture": "#1"}
			}
		},
		{
			"from": [7.525, 3.175, 7.375],
			"to": [7.9, 4.05, 7.675],
			"rotation": {"angle": 0, "axis": "y", "origin": [0, 1.6, 0]},
			"faces": {
				"north": {"uv": [8.75, 12, 8.375, 12.875], "texture": "#1"},
				"east": {"uv": [8.625, 12, 8.75, 12.875], "texture": "#1"},
				"south": {"uv": [8.375, 12, 8.75, 12.875], "texture": "#1"},
				"west": {"uv": [8.375, 12, 8.5, 12.875], "texture": "#1"},
				"up": {"uv": [8.375, 12.125, 8.75, 12], "texture": "#1"},
				"down": {"uv": [8.375, 12.875, 8.75, 12.75], "texture": "#1"}
			}
		},
		{
			"from": [7.525, 3.425, 7.275],
			"to": [7.9, 3.8, 7.775],
			"rotation": {"angle": 0, "axis": "y", "origin": [0, 1.6, 0]},
			"faces": {
				"north": {"uv": [8.75, 12.25, 8.375, 12.625], "texture": "#1"},
				"east": {"uv": [8.625, 12.25, 8.75, 12.625], "texture": "#1"},
				"south": {"uv": [8.375, 12.25, 8.75, 12.625], "texture": "#1"},
				"west": {"uv": [8.375, 12.25, 8.5, 12.625], "texture": "#1"},
				"up": {"uv": [8.375, 12.375, 8.75, 12.25], "texture": "#1"},
				"down": {"uv": [8.375, 12.625, 8.75, 12.5], "texture": "#1"}
			}
		},
		{
			"from": [7.4, 5.925, 7.275],
			"to": [8.025, 6.3, 7.775],
			"rotation": {"angle": 0, "axis": "y", "origin": [0, 0.1, 0]},
			"faces": {
				"north": {"uv": [8.875, 9.75, 8.25, 10.125], "texture": "#1"},
				"east": {"uv": [8.75, 9.75, 8.875, 10.125], "texture": "#1"},
				"south": {"uv": [8.25, 9.75, 8.875, 10.125], "texture": "#1"},
				"west": {"uv": [8.25, 9.75, 8.375, 10.125], "texture": "#1"},
				"up": {"uv": [8.25, 9.875, 8.875, 9.75], "texture": "#1"},
				"down": {"uv": [8.25, 10.125, 8.875, 10], "texture": "#1"}
			}
		},
		{
			"from": [7.275, 5.925, 7.375],
			"to": [7.4, 6.3, 7.675],
			"rotation": {"angle": 0, "axis": "y", "origin": [0, 0.1, 0]},
			"faces": {
				"north": {"uv": [8.25, 9.75, 8.125, 10.125], "texture": "#1"},
				"east": {"uv": [8.125, 9.75, 8.25, 10.125], "texture": "#1"},
				"south": {"uv": [8.125, 9.75, 8.25, 10.125], "texture": "#1"},
				"west": {"uv": [8.125, 9.75, 8.25, 10.125], "texture": "#1"},
				"up": {"uv": [8.125, 9.875, 8.25, 9.75], "texture": "#1"},
				"down": {"uv": [8.125, 10.125, 8.25, 10], "texture": "#1"}
			}
		},
		{
			"from": [8.025, 5.925, 7.375],
			"to": [8.15, 6.3, 7.675],
			"rotation": {"angle": 0, "axis": "y", "origin": [0.75, 0.1, 0]},
			"faces": {
				"north": {"uv": [9, 9.75, 8.875, 10.125], "texture": "#1"},
				"east": {"uv": [8.875, 9.75, 9, 10.125], "texture": "#1"},
				"south": {"uv": [8.875, 9.75, 9, 10.125], "texture": "#1"},
				"west": {"uv": [8.875, 9.75, 9, 10.125], "texture": "#1"},
				"up": {"uv": [8.875, 9.875, 9, 9.75], "texture": "#1"},
				"down": {"uv": [8.875, 10.125, 9, 10], "texture": "#1"}
			}
		},
		{
			"from": [7.025, 6.05, 7.375],
			"to": [7.275, 6.425, 7.675],
			"rotation": {"angle": 0, "axis": "y", "origin": [-0.125, 0.225, 0]},
			"faces": {
				"north": {"uv": [8.125, 9.625, 7.875, 10], "texture": "#1"},
				"east": {"uv": [8, 9.625, 8.125, 10], "texture": "#1"},
				"south": {"uv": [7.875, 9.625, 8.125, 10], "texture": "#1"},
				"west": {"uv": [7.875, 9.625, 8, 10], "texture": "#1"},
				"up": {"uv": [7.875, 9.75, 8.125, 9.625], "texture": "#1"},
				"down": {"uv": [7.875, 10, 8.125, 9.875], "texture": "#1"}
			}
		},
		{
			"from": [8.15, 6.05, 7.375],
			"to": [8.4, 6.425, 7.675],
			"rotation": {"angle": 0, "axis": "y", "origin": [1, 0.225, 0]},
			"faces": {
				"north": {"uv": [9.25, 9.625, 9, 10], "texture": "#1"},
				"east": {"uv": [9.125, 9.625, 9.25, 10], "texture": "#1"},
				"south": {"uv": [9, 9.625, 9.25, 10], "texture": "#1"},
				"west": {"uv": [9, 9.625, 9.125, 10], "texture": "#1"},
				"up": {"uv": [9, 9.75, 9.25, 9.625], "texture": "#1"},
				"down": {"uv": [9, 10, 9.25, 9.875], "texture": "#1"}
			}
		},
		{
			"from": [8.4, 6.05, 7.45],
			"to": [8.525, 6.55, 7.6],
			"rotation": {"angle": 0, "axis": "y", "origin": [-0.25, -0.025, 0]},
			"faces": {
				"north": {"uv": [9.375, 9.5, 9.25, 10], "texture": "#1"},
				"east": {"uv": [9.25, 9.5, 9.375, 10], "texture": "#1"},
				"south": {"uv": [9.25, 9.5, 9.375, 10], "texture": "#1"},
				"west": {"uv": [9.25, 9.5, 9.375, 10], "texture": "#1"},
				"up": {"uv": [9.25, 9.625, 9.375, 9.5], "texture": "#1"},
				"down": {"uv": [9.25, 10, 9.375, 9.875], "texture": "#1"}
			}
		},
		{
			"from": [8.65, 6.175, 7.45],
			"to": [8.775, 6.675, 7.6],
			"rotation": {"angle": 0, "axis": "y", "origin": [0, 0.1, 0]},
			"faces": {
				"north": {"uv": [9.625, 9.375, 9.5, 9.875], "texture": "#1"},
				"east": {"uv": [9.5, 9.375, 9.625, 9.875], "texture": "#1"},
				"south": {"uv": [9.5, 9.375, 9.625, 9.875], "texture": "#1"},
				"west": {"uv": [9.5, 9.375, 9.625, 9.875], "texture": "#1"},
				"up": {"uv": [9.5, 9.5, 9.625, 9.375], "texture": "#1"},
				"down": {"uv": [9.5, 9.875, 9.625, 9.75], "texture": "#1"}
			}
		},
		{
			"from": [8.775, 6.3, 7.45],
			"to": [8.9, 7.05, 7.6],
			"rotation": {"angle": 0, "axis": "y", "origin": [0.125, 0.225, 0]},
			"faces": {
				"north": {"uv": [9.75, 9, 9.625, 9.75], "texture": "#1"},
				"east": {"uv": [9.625, 9, 9.75, 9.75], "texture": "#1"},
				"south": {"uv": [9.625, 9, 9.75, 9.75], "texture": "#1"},
				"west": {"uv": [9.625, 9, 9.75, 9.75], "texture": "#1"},
				"up": {"uv": [9.625, 9.125, 9.75, 9], "texture": "#1"},
				"down": {"uv": [9.625, 9.75, 9.75, 9.625], "texture": "#1"}
			}
		},
		{
			"from": [8.9, 6.3, 7.45],
			"to": [9.025, 6.925, 7.6],
			"rotation": {"angle": 0, "axis": "y", "origin": [0.25, 0.225, 0]},
			"faces": {
				"north": {"uv": [9.875, 9.125, 9.75, 9.75], "texture": "#1"},
				"east": {"uv": [9.75, 9.125, 9.875, 9.75], "texture": "#1"},
				"south": {"uv": [9.75, 9.125, 9.875, 9.75], "texture": "#1"},
				"west": {"uv": [9.75, 9.125, 9.875, 9.75], "texture": "#1"},
				"up": {"uv": [9.75, 9.25, 9.875, 9.125], "texture": "#1"},
				"down": {"uv": [9.75, 9.75, 9.875, 9.625], "texture": "#1"}
			}
		},
		{
			"from": [9.025, 6.425, 7.45],
			"to": [9.15, 6.625, 7.6],
			"rotation": {"angle": 0, "axis": "y", "origin": [0.375, 0.225, 0]},
			"faces": {
				"north": {"uv": [10, 9.375, 9.875, 9.625], "texture": "#1"},
				"east": {"uv": [9.875, 9.375, 10, 9.625], "texture": "#1"},
				"south": {"uv": [9.875, 9.375, 10, 9.625], "texture": "#1"},
				"west": {"uv": [9.875, 9.375, 10, 9.625], "texture": "#1"},
				"up": {"uv": [9.875, 9.5, 10, 9.375], "texture": "#1"},
				"down": {"uv": [9.875, 9.625, 10, 9.5], "texture": "#1"}
			}
		},
		{
			"from": [8.525, 6.175, 7.45],
			"to": [8.65, 6.55, 7.6],
			"rotation": {"angle": 0, "axis": "y", "origin": [-0.25, -0.025, 0]},
			"faces": {
				"north": {"uv": [9.5, 9.5, 9.375, 9.875], "texture": "#1"},
				"east": {"uv": [9.375, 9.5, 9.5, 9.875], "texture": "#1"},
				"south": {"uv": [9.375, 9.5, 9.5, 9.875], "texture": "#1"},
				"west": {"uv": [9.375, 9.5, 9.5, 9.875], "texture": "#1"},
				"up": {"uv": [9.375, 9.625, 9.5, 9.5], "texture": "#1"},
				"down": {"uv": [9.375, 9.875, 9.5, 9.75], "texture": "#1"}
			}
		},
		{
			"from": [6.275, 6.425, 7.45],
			"to": [6.4, 6.625, 7.6],
			"rotation": {"angle": 0, "axis": "y", "origin": [-2.375, 0.225, 0]},
			"faces": {
				"north": {"uv": [7.25, 9.375, 7.125, 9.625], "texture": "#1"},
				"east": {"uv": [7.125, 9.375, 7.25, 9.625], "texture": "#1"},
				"south": {"uv": [7.125, 9.375, 7.25, 9.625], "texture": "#1"},
				"west": {"uv": [7.125, 9.375, 7.25, 9.625], "texture": "#1"},
				"up": {"uv": [7.125, 9.5, 7.25, 9.375], "texture": "#1"},
				"down": {"uv": [7.125, 9.625, 7.25, 9.5], "texture": "#1"}
			}
		},
		{
			"from": [6.4, 6.3, 7.45],
			"to": [6.525, 6.925, 7.6],
			"rotation": {"angle": 0, "axis": "y", "origin": [-2.25, 0.225, 0]},
			"faces": {
				"north": {"uv": [7.375, 9.125, 7.25, 9.75], "texture": "#1"},
				"east": {"uv": [7.25, 9.125, 7.375, 9.75], "texture": "#1"},
				"south": {"uv": [7.25, 9.125, 7.375, 9.75], "texture": "#1"},
				"west": {"uv": [7.25, 9.125, 7.375, 9.75], "texture": "#1"},
				"up": {"uv": [7.25, 9.25, 7.375, 9.125], "texture": "#1"},
				"down": {"uv": [7.25, 9.75, 7.375, 9.625], "texture": "#1"}
			}
		},
		{
			"from": [6.525, 6.3, 7.45],
			"to": [6.65, 7.05, 7.6],
			"rotation": {"angle": 0, "axis": "y", "origin": [-2.125, 0.225, 0]},
			"faces": {
				"north": {"uv": [7.5, 9, 7.375, 9.75], "texture": "#1"},
				"east": {"uv": [7.375, 9, 7.5, 9.75], "texture": "#1"},
				"south": {"uv": [7.375, 9, 7.5, 9.75], "texture": "#1"},
				"west": {"uv": [7.375, 9, 7.5, 9.75], "texture": "#1"},
				"up": {"uv": [7.375, 9.125, 7.5, 9], "texture": "#1"},
				"down": {"uv": [7.375, 9.75, 7.5, 9.625], "texture": "#1"}
			}
		},
		{
			"from": [6.65, 6.175, 7.45],
			"to": [6.775, 6.675, 7.6],
			"rotation": {"angle": 0, "axis": "y", "origin": [-2, 0.1, 0]},
			"faces": {
				"north": {"uv": [7.625, 9.375, 7.5, 9.875], "texture": "#1"},
				"east": {"uv": [7.5, 9.375, 7.625, 9.875], "texture": "#1"},
				"south": {"uv": [7.5, 9.375, 7.625, 9.875], "texture": "#1"},
				"west": {"uv": [7.5, 9.375, 7.625, 9.875], "texture": "#1"},
				"up": {"uv": [7.5, 9.5, 7.625, 9.375], "texture": "#1"},
				"down": {"uv": [7.5, 9.875, 7.625, 9.75], "texture": "#1"}
			}
		},
		{
			"from": [6.9, 6.05, 7.45],
			"to": [7.025, 6.55, 7.6],
			"rotation": {"angle": 0, "axis": "y", "origin": [-1.75, -0.025, 0]},
			"faces": {
				"north": {"uv": [7.875, 9.5, 7.75, 10], "texture": "#1"},
				"east": {"uv": [7.75, 9.5, 7.875, 10], "texture": "#1"},
				"south": {"uv": [7.75, 9.5, 7.875, 10], "texture": "#1"},
				"west": {"uv": [7.75, 9.5, 7.875, 10], "texture": "#1"},
				"up": {"uv": [7.75, 9.625, 7.875, 9.5], "texture": "#1"},
				"down": {"uv": [7.75, 10, 7.875, 9.875], "texture": "#1"}
			}
		},
		{
			"from": [6.775, 6.175, 7.45],
			"to": [6.9, 6.55, 7.6],
			"rotation": {"angle": 0, "axis": "y", "origin": [-2, -0.025, 0]},
			"faces": {
				"north": {"uv": [7.75, 9.5, 7.625, 9.875], "texture": "#1"},
				"east": {"uv": [7.625, 9.5, 7.75, 9.875], "texture": "#1"},
				"south": {"uv": [7.625, 9.5, 7.75, 9.875], "texture": "#1"},
				"west": {"uv": [7.625, 9.5, 7.75, 9.875], "texture": "#1"},
				"up": {"uv": [7.625, 9.625, 7.75, 9.5], "texture": "#1"},
				"down": {"uv": [7.625, 9.875, 7.75, 9.75], "texture": "#1"}
			}
		},
		{
			"from": [7.4, 9.425, 7.5],
			"to": [8.025, 11.3, 7.55],
			"rotation": {"angle": 0, "axis": "y", "origin": [0, -7.9, 0]},
			"faces": {
				"north": {"uv": [8.875, 4.75, 8.25, 6.625], "texture": "#1"},
				"east": {"uv": [8.75, 4.75, 8.875, 6.625], "texture": "#1"},
				"south": {"uv": [8.25, 4.75, 8.875, 6.625], "texture": "#1"},
				"west": {"uv": [8.25, 4.75, 8.375, 6.625], "texture": "#1"},
				"up": {"uv": [8.25, 4.875, 8.875, 4.75], "texture": "#1"},
				"down": {"uv": [8.25, 6.625, 8.875, 6.5], "texture": "#1"}
			}
		},
		{
			"from": [7.775, 6.55, 7.425],
			"to": [8.025, 9.425, 7.625],
			"rotation": {"angle": 0, "axis": "y", "origin": [0.25, -2.025, 0]},
			"faces": {
				"north": {"uv": [8.875, 6.625, 8.625, 9.25], "texture": "#1"},
				"east": {"uv": [8.75, 6.625, 8.875, 9.25], "texture": "#1"},
				"south": {"uv": [8.625, 6.625, 8.875, 9.25], "texture": "#1"},
				"west": {"uv": [8.625, 6.625, 8.75, 9.25], "texture": "#1"},
				"up": {"uv": [8.625, 6.75, 8.875, 6.625], "texture": "#1"},
				"down": {"uv": [8.625, 9.25, 8.875, 9.125], "texture": "#1"}
			}
		},
		{
			"from": [7.4, 6.55, 7.425],
			"to": [7.65, 9.425, 7.625],
			"rotation": {"angle": 0, "axis": "y", "origin": [-0.125, -2.025, 0]},
			"faces": {
				"north": {"uv": [8.5, 6.625, 8.25, 9.25], "texture": "#1"},
				"east": {"uv": [8.375, 6.625, 8.5, 9.25], "texture": "#1"},
				"south": {"uv": [8.25, 6.625, 8.5, 9.25], "texture": "#1"},
				"west": {"uv": [8.25, 6.625, 8.375, 9.25], "texture": "#1"},
				"up": {"uv": [8.25, 6.75, 8.5, 6.625], "texture": "#1"},
				"down": {"uv": [8.25, 9.25, 8.5, 9.125], "texture": "#1"}
			}
		},
		{
			"from": [7.525, 9.425, 7.425],
			"to": [7.9, 11.3, 7.625],
			"rotation": {"angle": 0, "axis": "y", "origin": [0, -7.9, 0]},
			"faces": {
				"north": {"uv": [8.75, 4.75, 8.375, 6.625], "texture": "#1"},
				"east": {"uv": [8.625, 4.75, 8.75, 6.625], "texture": "#1"},
				"south": {"uv": [8.375, 4.75, 8.75, 6.625], "texture": "#1"},
				"west": {"uv": [8.375, 4.75, 8.5, 6.625], "texture": "#1"},
				"up": {"uv": [8.375, 4.875, 8.75, 4.75], "texture": "#1"},
				"down": {"uv": [8.375, 6.625, 8.75, 6.5], "texture": "#1"}
			}
		},
		{
			"from": [7.275, 6.3, 7.425],
			"to": [8.15, 6.55, 7.625],
			"rotation": {"angle": 0, "axis": "y", "origin": [-0.125, -0.15, 0]},
			"faces": {
				"north": {"uv": [9, 9.5, 8.125, 9.75], "texture": "#1"},
				"east": {"uv": [8.875, 9.5, 9, 9.75], "texture": "#1"},
				"south": {"uv": [8.125, 9.5, 9, 9.75], "texture": "#1"},
				"west": {"uv": [8.125, 9.5, 8.25, 9.75], "texture": "#1"},
				"up": {"uv": [8.125, 9.625, 9, 9.5], "texture": "#1"},
				"down": {"uv": [8.125, 9.75, 9, 9.625], "texture": "#1"}
			}
		},
		{
			"from": [7.65, 11.3, 7.425],
			"to": [7.775, 12.3, 7.625],
			"rotation": {"angle": 0, "axis": "y", "origin": [0, -8.275, 0]},
			"faces": {
				"north": {"uv": [8.625, 3.75, 8.5, 4.75], "texture": "#1"},
				"east": {"uv": [8.5, 3.75, 8.625, 4.75], "texture": "#1"},
				"south": {"uv": [8.5, 3.75, 8.625, 4.75], "texture": "#1"},
				"west": {"uv": [8.5, 3.75, 8.625, 4.75], "texture": "#1"},
				"up": {"uv": [8.5, 3.875, 8.625, 3.75], "texture": "#1"},
				"down": {"uv": [8.5, 4.75, 8.625, 4.625], "texture": "#1"}
			}
		},
		{
			"from": [7.525, 11.3, 7.5],
			"to": [7.9, 12.3, 7.55],
			"rotation": {"angle": 0, "axis": "y", "origin": [0, -8.275, 0]},
			"faces": {
				"north": {"uv": [8.75, 3.75, 8.375, 4.75], "texture": "#1"},
				"east": {"uv": [8.625, 3.75, 8.75, 4.75], "texture": "#1"},
				"south": {"uv": [8.375, 3.75, 8.75, 4.75], "texture": "#1"},
				"west": {"uv": [8.375, 3.75, 8.5, 4.75], "texture": "#1"},
				"up": {"uv": [8.375, 3.875, 8.75, 3.75], "texture": "#1"},
				"down": {"uv": [8.375, 4.75, 8.75, 4.625], "texture": "#1"}
			}
		},
		{
			"from": [7.65, 12.3, 7.5],
			"to": [7.775, 12.675, 7.55],
			"rotation": {"angle": 0, "axis": "y", "origin": [0, -8.15, 0]},
			"faces": {
				"north": {"uv": [8.625, 3.375, 8.5, 3.75], "texture": "#1"},
				"east": {"uv": [8.5, 3.375, 8.625, 3.75], "texture": "#1"},
				"south": {"uv": [8.5, 3.375, 8.625, 3.75], "texture": "#1"},
				"west": {"uv": [8.5, 3.375, 8.625, 3.75], "texture": "#1"},
				"up": {"uv": [8.5, 3.5, 8.625, 3.375], "texture": "#1"},
				"down": {"uv": [8.5, 3.75, 8.625, 3.625], "texture": "#1"}
			}
		},
		{
			"from": [7.275, 6.55, 7.5],
			"to": [8.15, 9.425, 7.55],
			"rotation": {"angle": 0, "axis": "y", "origin": [0, -7.275, 0]},
			"faces": {
				"north": {"uv": [9, 6.625, 8.125, 9.5], "texture": "#1"},
				"east": {"uv": [8.875, 6.625, 9, 9.5], "texture": "#1"},
				"south": {"uv": [8.125, 6.625, 9, 9.5], "texture": "#1"},
				"west": {"uv": [8.125, 6.625, 8.25, 9.5], "texture": "#1"},
				"up": {"uv": [8.125, 6.75, 9, 6.625], "texture": "#1"},
				"down": {"uv": [8.125, 9.5, 9, 9.375], "texture": "#1"}
			}
		}
	],
	"gui_light": "front",
	"display": {
		"thirdperson_righthand": {
			"rotation": [0, -90, 0],
			"translation": [-1, 3.5, 1.5],
			"scale": [1.8, 1.8, 1.8]
		},
		"thirdperson_lefthand": {
			"rotation": [0, 90, 0],
			"translation": [0.25, 3.5, 1.5],
			"scale": [1.8, 1.8, 1.8]
		},
		"firstperson_righthand": {
			"rotation": [55, -90, 60],
			"translation": [-1.25, 4, 2],
			"scale": [1.1, 1.1, 1.1]
		},
		"firstperson_lefthand": {
			"rotation": [-65, 90, 60],
			"translation": [-0.75, 4, 2],
			"scale": [1.1, 1.1, 1.1]
		},
		"ground": {
			"rotation": [45, 90, 0],
			"translation": [0, 1, 0],
			"scale": [0.75, 0.75, 0.75]
		},
		"gui": {
			"rotation": [0, 0, -45],
			"translation": [0.5, -0.5, 0],
			"scale": [2, 2, 2]
		},
		"head": {
			"translation": [0, 9.75, 0]
		},
		"fixed": {
			"rotation": [180, 0, 135],
			"translation": [0.25, -1, -0.5],
			"scale": [2, 2, 2]
		}
	}
}