{
	"credit": "Made with Blockbench",
	"textures": {
		"1": "./dory",
		"particle": "./dory"
	},
	"elements": [
		{
			"from": [7.3, -9, 7.075],
			"to": [8.2, 4, 7.975],
			"rotation": {"angle": 0, "axis": "y", "origin": [-0.1, 0.75, -6.5]},
			"faces": {
				"north": {"uv": [7, 0, 5.75, 16], "texture": "#1"},
				"east": {"uv": [8.25, 0, 9.5, 16], "texture": "#1"},
				"south": {"uv": [5.75, 0, 7, 16], "texture": "#1"},
				"west": {"uv": [7, 0, 8.25, 16], "texture": "#1"},
				"up": {"uv": [5.75, 0, 7, 1.5], "texture": "#1"},
				"down": {"uv": [8.25, 14.75, 7, 16], "rotation": 180, "texture": "#1"}
			}
		},
		{
			"from": [7.3, 4, 7.075],
			"to": [8.2, 17, 7.975],
			"rotation": {"angle": 0, "axis": "y", "origin": [-0.1, 0.75, -6.5]},
			"faces": {
				"north": {"uv": [5.75, 0, 4.5, 16], "texture": "#1"},
				"east": {"uv": [8.25, 0, 9.5, 16], "texture": "#1"},
				"south": {"uv": [4.5, 0, 5.75, 16], "texture": "#1"},
				"west": {"uv": [7, 0, 8.25, 16], "texture": "#1"},
				"up": {"uv": [4.5, 0, 5.75, 1.5], "texture": "#1"},
				"down": {"uv": [5.75, 14.75, 4.5, 16], "rotation": 180, "texture": "#1"}
			}
		},
		{
			"from": [7.3, 17, 7.075],
			"to": [8.2, 19, 7.975],
			"faces": {
				"north": {"uv": [2.25, 7.75, 1, 9.75], "texture": "#1"},
				"east": {"uv": [2, 7.75, 2.25, 9.75], "texture": "#1"},
				"south": {"uv": [1, 7.75, 2.25, 9.75], "texture": "#1"},
				"west": {"uv": [1, 7.75, 1.25, 9.75], "texture": "#1"},
				"up": {"uv": [1, 7.75, 2.25, 8], "texture": "#1"},
				"down": {"uv": [2.25, 9.5, 1, 9.75], "rotation": 180, "texture": "#1"}
			}
		},
		{
			"from": [7.375, -9.975, 7.1],
			"to": [8.125, -9.475, 7.95],
			"faces": {
				"north": {"uv": [2, 12.5, 1.25, 13], "texture": "#1"},
				"east": {"uv": [1.75, 12.5, 2, 13], "texture": "#1"},
				"south": {"uv": [1.25, 12.5, 2, 13], "texture": "#1"},
				"west": {"uv": [1.25, 12.5, 1.5, 13], "texture": "#1"},
				"up": {"uv": [1.25, 12.5, 2, 12.75], "texture": "#1"},
				"down": {"uv": [2, 12.75, 1.25, 13], "rotation": 180, "texture": "#1"}
			}
		},
		{
			"from": [7.625, -11.5, 7.2],
			"to": [7.875, -9.975, 7.85],
			"faces": {
				"north": {"uv": [1.75, 13, 1.5, 14.5], "texture": "#1"},
				"east": {"uv": [1.5, 13, 1.75, 14.5], "texture": "#1"},
				"south": {"uv": [1.5, 13, 1.75, 14.5], "texture": "#1"},
				"west": {"uv": [1.5, 13, 1.75, 14.5], "texture": "#1"},
				"up": {"uv": [1.5, 13, 1.75, 13.25], "texture": "#1"},
				"down": {"uv": [1.75, 14.25, 1.5, 14.5], "rotation": 180, "texture": "#1"}
			}
		},
		{
			"from": [7.225, -9.475, 7],
			"to": [8.275, -8.725, 8.05],
			"faces": {
				"north": {"uv": [2.25, 11.75, 1, 12.5], "texture": "#1"},
				"east": {"uv": [2, 11.75, 2.25, 12.5], "texture": "#1"},
				"south": {"uv": [1, 11.75, 2.25, 12.5], "texture": "#1"},
				"west": {"uv": [1, 11.75, 1.25, 12.5], "texture": "#1"},
				"up": {"uv": [1, 11.75, 2.25, 12], "texture": "#1"},
				"down": {"uv": [2.25, 12.25, 1, 12.5], "rotation": 180, "texture": "#1"}
			}
		},
		{
			"from": [7.375, 19, 7.1],
			"to": [8.125, 21, 7.925],
			"faces": {
				"north": {"uv": [2, 5.75, 1.25, 7.75], "texture": "#1"},
				"east": {"uv": [1.75, 5.75, 2, 7.75], "texture": "#1"},
				"south": {"uv": [1.25, 5.75, 2, 7.75], "texture": "#1"},
				"west": {"uv": [1.25, 5.75, 1.5, 7.75], "texture": "#1"},
				"up": {"uv": [1.25, 5.75, 2, 6], "texture": "#1"},
				"down": {"uv": [2, 7.5, 1.25, 7.75], "rotation": 180, "texture": "#1"}
			}
		},
		{
			"from": [7.625, 21, 7.2],
			"to": [7.875, 24.25, 7.825],
			"faces": {
				"north": {"uv": [1.75, 2.5, 1.5, 5.75], "texture": "#1"},
				"east": {"uv": [1.5, 2.5, 1.75, 5.75], "texture": "#1"},
				"south": {"uv": [1.5, 2.5, 1.75, 5.75], "texture": "#1"},
				"west": {"uv": [1.5, 2.5, 1.75, 5.75], "texture": "#1"},
				"up": {"uv": [1.5, 2.5, 1.75, 2.75], "texture": "#1"},
				"down": {"uv": [1.75, 5.5, 1.5, 5.75], "rotation": 180, "texture": "#1"}
			}
		},
		{
			"from": [6.875, 19, 7.45],
			"to": [8.625, 19.5, 7.6],
			"faces": {
				"north": {"uv": [2.5, 7.25, 0.75, 7.75], "texture": "#1"},
				"east": {"uv": [2.25, 7.25, 2.5, 7.75], "texture": "#1"},
				"south": {"uv": [0.75, 7.25, 2.5, 7.75], "texture": "#1"},
				"west": {"uv": [0.75, 7.25, 1, 7.75], "texture": "#1"},
				"up": {"uv": [0.75, 7.25, 2.5, 7.5], "texture": "#1"},
				"down": {"uv": [2.5, 7.5, 0.75, 7.75], "rotation": 180, "texture": "#1"}
			}
		},
		{
			"from": [6.625, 20, 7.325],
			"to": [8.875, 20.5, 7.725],
			"faces": {
				"north": {"uv": [2.75, 6.25, 0.5, 6.75], "texture": "#1"},
				"east": {"uv": [2.5, 6.25, 2.75, 6.75], "texture": "#1"},
				"south": {"uv": [0.5, 6.25, 2.75, 6.75], "texture": "#1"},
				"west": {"uv": [0.5, 6.25, 0.75, 6.75], "texture": "#1"},
				"up": {"uv": [0.5, 6.25, 2.75, 6.5], "texture": "#1"},
				"down": {"uv": [2.75, 6.5, 0.5, 6.75], "rotation": 180, "texture": "#1"}
			}
		},
		{
			"from": [6.875, 19.5, 7.325],
			"to": [8.625, 20, 7.725],
			"faces": {
				"north": {"uv": [2.5, 6.75, 0.75, 7.25], "texture": "#1"},
				"east": {"uv": [2.25, 6.75, 2.5, 7.25], "texture": "#1"},
				"south": {"uv": [0.75, 6.75, 2.5, 7.25], "texture": "#1"},
				"west": {"uv": [0.75, 6.75, 1, 7.25], "texture": "#1"},
				"up": {"uv": [0.75, 6.75, 2.5, 7], "texture": "#1"},
				"down": {"uv": [2.5, 7, 0.75, 7.25], "rotation": 180, "texture": "#1"}
			}
		},
		{
			"from": [6.625, 21.25, 7.325],
			"to": [8.875, 22, 7.725],
			"faces": {
				"north": {"uv": [2.75, 4.75, 0.5, 5.5], "texture": "#1"},
				"east": {"uv": [2.5, 4.75, 2.75, 5.5], "texture": "#1"},
				"south": {"uv": [0.5, 4.75, 2.75, 5.5], "texture": "#1"},
				"west": {"uv": [0.5, 4.75, 0.75, 5.5], "texture": "#1"},
				"up": {"uv": [0.5, 4.75, 2.75, 5], "texture": "#1"},
				"down": {"uv": [2.75, 5.25, 0.5, 5.5], "rotation": 180, "texture": "#1"}
			}
		},
		{
			"from": [6.125, 20.5, 7.45],
			"to": [9.375, 21.25, 7.6],
			"faces": {
				"north": {"uv": [3.25, 5.5, 0, 6.25], "texture": "#1"},
				"east": {"uv": [3, 5.5, 3.25, 6.25], "texture": "#1"},
				"south": {"uv": [0, 5.5, 3.25, 6.25], "texture": "#1"},
				"west": {"uv": [0, 5.5, 0.25, 6.25], "texture": "#1"},
				"up": {"uv": [0, 5.5, 3.25, 5.75], "texture": "#1"},
				"down": {"uv": [3.25, 6, 0, 6.25], "rotation": 180, "texture": "#1"}
			}
		},
		{
			"from": [6.375, 20.5, 7.325],
			"to": [9.125, 21.25, 7.725],
			"faces": {
				"north": {"uv": [3, 5.5, 0.25, 6.25], "texture": "#1"},
				"east": {"uv": [2.75, 5.5, 3, 6.25], "texture": "#1"},
				"south": {"uv": [0.25, 5.5, 3, 6.25], "texture": "#1"},
				"west": {"uv": [0.25, 5.5, 0.5, 6.25], "texture": "#1"},
				"up": {"uv": [0.25, 5.5, 3, 5.75], "texture": "#1"},
				"down": {"uv": [3, 6, 0.25, 6.25], "rotation": 180, "texture": "#1"}
			}
		},
		{
			"from": [7.125, -10.725, 7.375],
			"to": [8.375, -9.975, 7.675],
			"faces": {
				"north": {"uv": [2.25, 13, 1, 13.75], "texture": "#1"},
				"east": {"uv": [2, 13, 2.25, 13.75], "texture": "#1"},
				"south": {"uv": [1, 13, 2.25, 13.75], "texture": "#1"},
				"west": {"uv": [1, 13, 1.25, 13.75], "texture": "#1"},
				"up": {"uv": [1, 13, 2.25, 13.25], "texture": "#1"},
				"down": {"uv": [2.25, 13.5, 1, 13.75], "rotation": 180, "texture": "#1"}
			}
		},
		{
			"from": [7.375, -11.475, 7.375],
			"to": [8.125, -10.725, 7.675],
			"faces": {
				"north": {"uv": [2, 13.75, 1.25, 14.5], "texture": "#1"},
				"east": {"uv": [1.75, 13.75, 2, 14.5], "texture": "#1"},
				"south": {"uv": [1.25, 13.75, 2, 14.5], "texture": "#1"},
				"west": {"uv": [1.25, 13.75, 1.5, 14.5], "texture": "#1"},
				"up": {"uv": [1.25, 13.75, 2, 14], "texture": "#1"},
				"down": {"uv": [2, 14.25, 1.25, 14.5], "rotation": 180, "texture": "#1"}
			}
		},
		{
			"from": [7.625, -11.975, 7.375],
			"to": [7.875, -11.475, 7.675],
			"faces": {
				"north": {"uv": [1.75, 14.5, 1.5, 15], "texture": "#1"},
				"east": {"uv": [1.5, 14.5, 1.75, 15], "texture": "#1"},
				"south": {"uv": [1.5, 14.5, 1.75, 15], "texture": "#1"},
				"west": {"uv": [1.5, 14.5, 1.75, 15], "texture": "#1"},
				"up": {"uv": [1.5, 14.5, 1.75, 14.75], "texture": "#1"},
				"down": {"uv": [1.75, 14.75, 1.5, 15], "rotation": 180, "texture": "#1"}
			}
		},
		{
			"from": [6.875, 22, 7.325],
			"to": [8.625, 22.75, 7.725],
			"faces": {
				"north": {"uv": [2.5, 4, 0.75, 4.75], "texture": "#1"},
				"east": {"uv": [2.25, 4, 2.5, 4.75], "texture": "#1"},
				"south": {"uv": [0.75, 4, 2.5, 4.75], "texture": "#1"},
				"west": {"uv": [0.75, 4, 1, 4.75], "texture": "#1"},
				"up": {"uv": [0.75, 4, 2.5, 4.25], "texture": "#1"},
				"down": {"uv": [2.5, 4.5, 0.75, 4.75], "rotation": 180, "texture": "#1"}
			}
		},
		{
			"from": [7.125, 22.75, 7.325],
			"to": [8.375, 23.5, 7.725],
			"faces": {
				"north": {"uv": [2.25, 3.25, 1, 4], "texture": "#1"},
				"east": {"uv": [2, 3.25, 2.25, 4], "texture": "#1"},
				"south": {"uv": [1, 3.25, 2.25, 4], "texture": "#1"},
				"west": {"uv": [1, 3.25, 1.25, 4], "texture": "#1"},
				"up": {"uv": [1, 3.25, 2.25, 3.5], "texture": "#1"},
				"down": {"uv": [2.25, 3.75, 1, 4], "rotation": 180, "texture": "#1"}
			}
		},
		{
			"from": [7.375, 23.5, 7.325],
			"to": [8.125, 24.25, 7.725],
			"faces": {
				"north": {"uv": [2, 2.5, 1.25, 3.25], "texture": "#1"},
				"east": {"uv": [1.75, 2.5, 2, 3.25], "texture": "#1"},
				"south": {"uv": [1.25, 2.5, 2, 3.25], "texture": "#1"},
				"west": {"uv": [1.25, 2.5, 1.5, 3.25], "texture": "#1"},
				"up": {"uv": [1.25, 2.5, 2, 2.75], "texture": "#1"},
				"down": {"uv": [2, 3, 1.25, 3.25], "rotation": 180, "texture": "#1"}
			}
		},
		{
			"from": [7.625, 24.25, 7.325],
			"to": [7.875, 25, 7.725],
			"faces": {
				"north": {"uv": [1.75, 1.75, 1.5, 2.5], "texture": "#1"},
				"east": {"uv": [1.5, 1.75, 1.75, 2.5], "texture": "#1"},
				"south": {"uv": [1.5, 1.75, 1.75, 2.5], "texture": "#1"},
				"west": {"uv": [1.5, 1.75, 1.75, 2.5], "texture": "#1"},
				"up": {"uv": [1.5, 1.75, 1.75, 2], "texture": "#1"},
				"down": {"uv": [1.75, 2.25, 1.5, 2.5], "rotation": 180, "texture": "#1"}
			}
		},
		{
			"from": [7.125, 19, 7.325],
			"to": [8.375, 19.5, 7.725],
			"faces": {
				"north": {"uv": [2.25, 7.25, 1, 7.75], "texture": "#1"},
				"east": {"uv": [2, 7.25, 2.25, 7.75], "texture": "#1"},
				"south": {"uv": [1, 7.25, 2.25, 7.75], "texture": "#1"},
				"west": {"uv": [1, 7.25, 1.25, 7.75], "texture": "#1"},
				"up": {"uv": [1, 7.25, 2.25, 7.5], "texture": "#1"},
				"down": {"uv": [2.25, 7.5, 1, 7.75], "rotation": 180, "texture": "#1"}
			}
		},
		{
			"from": [6.625, 19.5, 7.45],
			"to": [8.875, 20, 7.6],
			"faces": {
				"north": {"uv": [2.75, 6.75, 0.5, 7.25], "texture": "#1"},
				"east": {"uv": [2.5, 6.75, 2.75, 7.25], "texture": "#1"},
				"south": {"uv": [0.5, 6.75, 2.75, 7.25], "texture": "#1"},
				"west": {"uv": [0.5, 6.75, 0.75, 7.25], "texture": "#1"},
				"up": {"uv": [0.5, 6.75, 2.75, 7], "texture": "#1"},
				"down": {"uv": [2.75, 7, 0.5, 7.25], "rotation": 180, "texture": "#1"}
			}
		},
		{
			"from": [7.375, 24.25, 7.45],
			"to": [8.125, 25, 7.6],
			"faces": {
				"north": {"uv": [2, 1.75, 1.25, 2.5], "texture": "#1"},
				"east": {"uv": [1.75, 1.75, 2, 2.5], "texture": "#1"},
				"south": {"uv": [1.25, 1.75, 2, 2.5], "texture": "#1"},
				"west": {"uv": [1.25, 1.75, 1.5, 2.5], "texture": "#1"},
				"up": {"uv": [1.25, 1.75, 2, 2], "texture": "#1"},
				"down": {"uv": [2, 2.25, 1.25, 2.5], "rotation": 180, "texture": "#1"}
			}
		},
		{
			"from": [7.125, 23.5, 7.45],
			"to": [8.375, 24.25, 7.6],
			"faces": {
				"north": {"uv": [2.25, 2.5, 1, 3.25], "texture": "#1"},
				"east": {"uv": [2, 2.5, 2.25, 3.25], "texture": "#1"},
				"south": {"uv": [1, 2.5, 2.25, 3.25], "texture": "#1"},
				"west": {"uv": [1, 2.5, 1.25, 3.25], "texture": "#1"},
				"up": {"uv": [1, 2.5, 2.25, 2.75], "texture": "#1"},
				"down": {"uv": [2.25, 3, 1, 3.25], "rotation": 180, "texture": "#1"}
			}
		},
		{
			"from": [6.875, 22.75, 7.45],
			"to": [8.625, 23.5, 7.6],
			"faces": {
				"north": {"uv": [2.5, 3.25, 0.75, 4], "texture": "#1"},
				"east": {"uv": [2.25, 3.25, 2.5, 4], "texture": "#1"},
				"south": {"uv": [0.75, 3.25, 2.5, 4], "texture": "#1"},
				"west": {"uv": [0.75, 3.25, 1, 4], "texture": "#1"},
				"up": {"uv": [0.75, 3.25, 2.5, 3.5], "texture": "#1"},
				"down": {"uv": [2.5, 3.75, 0.75, 4], "rotation": 180, "texture": "#1"}
			}
		},
		{
			"from": [6.625, 22, 7.45],
			"to": [8.875, 22.75, 7.6],
			"faces": {
				"north": {"uv": [2.75, 4, 0.5, 4.75], "texture": "#1"},
				"east": {"uv": [2.5, 4, 2.75, 4.75], "texture": "#1"},
				"south": {"uv": [0.5, 4, 2.75, 4.75], "texture": "#1"},
				"west": {"uv": [0.5, 4, 0.75, 4.75], "texture": "#1"},
				"up": {"uv": [0.5, 4, 2.75, 4.25], "texture": "#1"},
				"down": {"uv": [2.75, 4.5, 0.5, 4.75], "rotation": 180, "texture": "#1"}
			}
		},
		{
			"from": [6.375, 21.25, 7.45],
			"to": [9.125, 22, 7.6],
			"faces": {
				"north": {"uv": [3, 4.75, 0.25, 5.5], "texture": "#1"},
				"east": {"uv": [2.75, 4.75, 3, 5.5], "texture": "#1"},
				"south": {"uv": [0.25, 4.75, 3, 5.5], "texture": "#1"},
				"west": {"uv": [0.25, 4.75, 0.5, 5.5], "texture": "#1"},
				"up": {"uv": [0.25, 4.75, 3, 5], "texture": "#1"},
				"down": {"uv": [3, 5.25, 0.25, 5.5], "rotation": 180, "texture": "#1"}
			}
		},
		{
			"from": [6.375, 20, 7.45],
			"to": [9.125, 20.5, 7.6],
			"faces": {
				"north": {"uv": [3, 6.25, 0.25, 6.75], "texture": "#1"},
				"east": {"uv": [2.75, 6.25, 3, 6.75], "texture": "#1"},
				"south": {"uv": [0.25, 6.25, 3, 6.75], "texture": "#1"},
				"west": {"uv": [0.25, 6.25, 0.5, 6.75], "texture": "#1"},
				"up": {"uv": [0.25, 6.25, 3, 6.5], "texture": "#1"},
				"down": {"uv": [3, 6.5, 0.25, 6.75], "rotation": 180, "texture": "#1"}
			}
		},
		{
			"from": [7.625, 25, 7.45],
			"to": [7.875, 25.75, 7.6],
			"faces": {
				"north": {"uv": [1.75, 1, 1.5, 1.75], "texture": "#1"},
				"east": {"uv": [1.5, 1, 1.75, 1.75], "texture": "#1"},
				"south": {"uv": [1.5, 1, 1.75, 1.75], "texture": "#1"},
				"west": {"uv": [1.5, 1, 1.75, 1.75], "texture": "#1"},
				"up": {"uv": [1.5, 1, 1.75, 1.25], "texture": "#1"},
				"down": {"uv": [1.75, 1.5, 1.5, 1.75], "rotation": 180, "texture": "#1"}
			}
		}
	],
	"gui_light": "front",
	"display": {
		"thirdperson_righthand": {
			"rotation": [0, -90, 0],
			"translation": [-0.5, 2, 1.5],
			"scale": [1, 1.1, 1]
		},
		"thirdperson_lefthand": {
			"rotation": [0, 90, 0],
			"translation": [0.5, 2, 1.5],
			"scale": [1, 1.1, 1]
		},
		"firstperson_righthand": {
			"rotation": [55, -90, 60],
			"translation": [-1.25, 3.25, 1.5],
			"scale": [0.8, 0.8, 0.8]
		},
		"firstperson_lefthand": {
			"rotation": [-65, 90, 60],
			"translation": [-0.75, 3.25, 1.5],
			"scale": [0.8, 0.8, 0.8]
		},
		"ground": {
			"rotation": [-45, 90, 0],
			"translation": [0, 4.25, 0],
			"scale": [0.5, 0.5, 0.5]
		},
		"gui": {
			"rotation": [0, 0, -45],
			"translation": [1, 0.75, 0],
			"scale": [0.7, 0.7, 0.7]
		},
		"head": {
			"translation": [0, 9.75, 0]
		},
		"fixed": {
			"rotation": [180, 0, 135],
			"translation": [-2, 1.75, -0.5],
			"scale": [1.4, 1.4, 1.4]
		}
	}
}