{
	"credit": "Made with Blockbench",
	"textures": {
		"2": "./kopis",
		"particle": "./kopis"
	},
	"elements": [
		{
			"from": [7.875, 5.925, 7.2],
			"to": [8, 7.05, 7.875],
			"rotation": {"angle": 0, "axis": "y", "origin": [1.725, 0.725, 0.025]},
			"faces": {
				"north": {"uv": [8.5, 11.625, 8.375, 12.75], "texture": "#2"},
				"east": {"uv": [8.375, 11.625, 8.5, 12.75], "texture": "#2"},
				"south": {"uv": [8.375, 11.625, 8.5, 12.75], "texture": "#2"},
				"west": {"uv": [8.375, 11.625, 8.5, 12.75], "texture": "#2"},
				"up": {"uv": [8.375, 11.75, 8.5, 11.625], "texture": "#2"},
				"down": {"uv": [8.375, 12.75, 8.5, 12.625], "texture": "#2"}
			}
		},
		{
			"from": [6.75, 6.425, 7.325],
			"to": [6.875, 6.8, 7.75],
			"rotation": {"angle": 0, "axis": "y", "origin": [0.6, 0.475, 0.025]},
			"faces": {
				"north": {"uv": [7.375, 11.875, 7.25, 12.25], "texture": "#2"},
				"east": {"uv": [7.25, 11.875, 7.375, 12.25], "texture": "#2"},
				"south": {"uv": [7.25, 11.875, 7.375, 12.25], "texture": "#2"},
				"west": {"uv": [7.25, 11.875, 7.375, 12.25], "texture": "#2"},
				"up": {"uv": [7.25, 12, 7.375, 11.875], "texture": "#2"},
				"down": {"uv": [7.25, 12.25, 7.375, 12.125], "texture": "#2"}
			}
		},
		{
			"from": [6.625, 6.425, 7.425],
			"to": [6.75, 6.8, 7.65],
			"rotation": {"angle": 0, "axis": "y", "origin": [0.475, 0.475, 0.025]},
			"faces": {
				"north": {"uv": [7.25, 11.875, 7.125, 12.25], "texture": "#2"},
				"east": {"uv": [7.125, 11.875, 7.25, 12.25], "texture": "#2"},
				"south": {"uv": [7.125, 11.875, 7.25, 12.25], "texture": "#2"},
				"west": {"uv": [7.125, 11.875, 7.25, 12.25], "texture": "#2"},
				"up": {"uv": [7.125, 12, 7.25, 11.875], "texture": "#2"},
				"down": {"uv": [7.125, 12.25, 7.25, 12.125], "texture": "#2"}
			}
		},
		{
			"from": [6.5, 6.3, 7.425],
			"to": [6.625, 6.675, 7.65],
			"rotation": {"angle": 0, "axis": "y", "origin": [0.35, 0.35, 0.025]},
			"faces": {
				"north": {"uv": [7.125, 12, 7, 12.375], "texture": "#2"},
				"east": {"uv": [7, 12, 7.125, 12.375], "texture": "#2"},
				"south": {"uv": [7, 12, 7.125, 12.375], "texture": "#2"},
				"west": {"uv": [7, 12, 7.125, 12.375], "texture": "#2"},
				"up": {"uv": [7, 12.125, 7.125, 12], "texture": "#2"},
				"down": {"uv": [7, 12.375, 7.125, 12.25], "texture": "#2"}
			}
		},
		{
			"from": [6.375, 6.175, 7.425],
			"to": [6.5, 6.675, 7.65],
			"rotation": {"angle": 0, "axis": "y", "origin": [0.225, 0.35, 0.025]},
			"faces": {
				"north": {"uv": [7, 12, 6.875, 12.5], "texture": "#2"},
				"east": {"uv": [6.875, 12, 7, 12.5], "texture": "#2"},
				"south": {"uv": [6.875, 12, 7, 12.5], "texture": "#2"},
				"west": {"uv": [6.875, 12, 7, 12.5], "texture": "#2"},
				"up": {"uv": [6.875, 12.125, 7, 12], "texture": "#2"},
				"down": {"uv": [6.875, 12.5, 7, 12.375], "texture": "#2"}
			}
		},
		{
			"from": [6.25, 6.05, 7.425],
			"to": [6.375, 6.675, 7.65],
			"rotation": {"angle": 0, "axis": "y", "origin": [0.1, 0.35, 0.025]},
			"faces": {
				"north": {"uv": [6.875, 12.125, 6.75, 12.75], "texture": "#2"},
				"east": {"uv": [6.75, 12.125, 6.875, 12.75], "texture": "#2"},
				"south": {"uv": [6.75, 12.125, 6.875, 12.75], "texture": "#2"},
				"west": {"uv": [6.75, 12.125, 6.875, 12.75], "texture": "#2"},
				"up": {"uv": [6.75, 12.25, 6.875, 12.125], "texture": "#2"},
				"down": {"uv": [6.75, 12.75, 6.875, 12.625], "texture": "#2"}
			}
		},
		{
			"from": [6.125, 6.175, 7.425],
			"to": [6.25, 6.55, 7.65],
			"rotation": {"angle": 0, "axis": "y", "origin": [-0.025, 0.225, 0.025]},
			"faces": {
				"north": {"uv": [6.75, 12.25, 6.625, 12.625], "texture": "#2"},
				"east": {"uv": [6.625, 12.25, 6.75, 12.625], "texture": "#2"},
				"south": {"uv": [6.625, 12.25, 6.75, 12.625], "texture": "#2"},
				"west": {"uv": [6.625, 12.25, 6.75, 12.625], "texture": "#2"},
				"up": {"uv": [6.625, 12.375, 6.75, 12.25], "texture": "#2"},
				"down": {"uv": [6.625, 12.625, 6.75, 12.5], "texture": "#2"}
			}
		},
		{
			"from": [8, 5.925, 7.325],
			"to": [8.125, 7.175, 7.75],
			"rotation": {"angle": 0, "axis": "y", "origin": [1.85, 0.725, 0.025]},
			"faces": {
				"north": {"uv": [8.625, 11.5, 8.5, 12.75], "texture": "#2"},
				"east": {"uv": [8.5, 11.5, 8.625, 12.75], "texture": "#2"},
				"south": {"uv": [8.5, 11.5, 8.625, 12.75], "texture": "#2"},
				"west": {"uv": [8.5, 11.5, 8.625, 12.75], "texture": "#2"},
				"up": {"uv": [8.5, 11.625, 8.625, 11.5], "texture": "#2"},
				"down": {"uv": [8.5, 12.75, 8.625, 12.625], "texture": "#2"}
			}
		},
		{
			"from": [7.125, 5.925, 7.325],
			"to": [7.375, 6.8, 7.75],
			"rotation": {"angle": 0, "axis": "y", "origin": [0.85, 0.225, 0.025]},
			"faces": {
				"north": {"uv": [7.875, 11.875, 7.625, 12.75], "texture": "#2"},
				"east": {"uv": [7.75, 11.875, 7.875, 12.75], "texture": "#2"},
				"south": {"uv": [7.625, 11.875, 7.875, 12.75], "texture": "#2"},
				"west": {"uv": [7.625, 11.875, 7.75, 12.75], "texture": "#2"},
				"up": {"uv": [7.625, 12, 7.875, 11.875], "texture": "#2"},
				"down": {"uv": [7.625, 12.75, 7.875, 12.625], "texture": "#2"}
			}
		},
		{
			"from": [7.375, 5.925, 7.2],
			"to": [7.625, 6.8, 7.875],
			"rotation": {"angle": 0, "axis": "y", "origin": [1.1, 0.225, 0.025]},
			"faces": {
				"north": {"uv": [8.125, 11.875, 7.875, 12.75], "texture": "#2"},
				"east": {"uv": [8, 11.875, 8.125, 12.75], "texture": "#2"},
				"south": {"uv": [7.875, 11.875, 8.125, 12.75], "texture": "#2"},
				"west": {"uv": [7.875, 11.875, 8, 12.75], "texture": "#2"},
				"up": {"uv": [7.875, 12, 8.125, 11.875], "texture": "#2"},
				"down": {"uv": [7.875, 12.75, 8.125, 12.625], "texture": "#2"}
			}
		},
		{
			"from": [7.625, 5.925, 7.2],
			"to": [7.875, 6.925, 7.875],
			"rotation": {"angle": 0, "axis": "y", "origin": [1.475, -0.025, 0.025]},
			"faces": {
				"north": {"uv": [8.375, 11.75, 8.125, 12.75], "texture": "#2"},
				"east": {"uv": [8.25, 11.75, 8.375, 12.75], "texture": "#2"},
				"south": {"uv": [8.125, 11.75, 8.375, 12.75], "texture": "#2"},
				"west": {"uv": [8.125, 11.75, 8.25, 12.75], "texture": "#2"},
				"up": {"uv": [8.125, 11.875, 8.375, 11.75], "texture": "#2"},
				"down": {"uv": [8.125, 12.75, 8.375, 12.625], "texture": "#2"}
			}
		},
		{
			"from": [6.875, 6.3, 7.325],
			"to": [7.125, 6.8, 7.75],
			"rotation": {"angle": 0, "axis": "y", "origin": [0.725, -0.025, 0.025]},
			"faces": {
				"north": {"uv": [7.625, 11.875, 7.375, 12.375], "texture": "#2"},
				"east": {"uv": [7.5, 11.875, 7.625, 12.375], "texture": "#2"},
				"south": {"uv": [7.375, 11.875, 7.625, 12.375], "texture": "#2"},
				"west": {"uv": [7.375, 11.875, 7.5, 12.375], "texture": "#2"},
				"up": {"uv": [7.375, 12, 7.625, 11.875], "texture": "#2"},
				"down": {"uv": [7.375, 12.375, 7.625, 12.25], "texture": "#2"}
			}
		},
		{
			"from": [6.375, 3.05, 7.475],
			"to": [6.5, 3.55, 7.6],
			"rotation": {"angle": 0, "axis": "y", "origin": [-0.275, -3.025, 0.025]},
			"faces": {
				"north": {"uv": [7, 15.25, 6.875, 15.75], "texture": "#2"},
				"east": {"uv": [6.875, 15.25, 7, 15.75], "texture": "#2"},
				"south": {"uv": [6.875, 15.25, 7, 15.75], "texture": "#2"},
				"west": {"uv": [6.875, 15.25, 7, 15.75], "texture": "#2"},
				"up": {"uv": [6.875, 15.375, 7, 15.25], "texture": "#2"},
				"down": {"uv": [6.875, 15.75, 7, 15.625], "texture": "#2"}
			}
		},
		{
			"from": [6.25, 3.175, 7.475],
			"to": [6.375, 3.8, 7.6],
			"rotation": {"angle": 0, "axis": "y", "origin": [-0.4, -2.9, 0.025]},
			"faces": {
				"north": {"uv": [6.875, 15, 6.75, 15.625], "texture": "#2"},
				"east": {"uv": [6.75, 15, 6.875, 15.625], "texture": "#2"},
				"south": {"uv": [6.75, 15, 6.875, 15.625], "texture": "#2"},
				"west": {"uv": [6.75, 15, 6.875, 15.625], "texture": "#2"},
				"up": {"uv": [6.75, 15.125, 6.875, 15], "texture": "#2"},
				"down": {"uv": [6.75, 15.625, 6.875, 15.5], "texture": "#2"}
			}
		},
		{
			"from": [6.125, 3.425, 7.475],
			"to": [6.25, 4.175, 7.6],
			"rotation": {"angle": 0, "axis": "y", "origin": [-0.525, -2.65, 0.025]},
			"faces": {
				"north": {"uv": [6.75, 14.625, 6.625, 15.375], "texture": "#2"},
				"east": {"uv": [6.625, 14.625, 6.75, 15.375], "texture": "#2"},
				"south": {"uv": [6.625, 14.625, 6.75, 15.375], "texture": "#2"},
				"west": {"uv": [6.625, 14.625, 6.75, 15.375], "texture": "#2"},
				"up": {"uv": [6.625, 14.75, 6.75, 14.625], "texture": "#2"},
				"down": {"uv": [6.625, 15.375, 6.75, 15.25], "texture": "#2"}
			}
		},
		{
			"from": [6.75, 2.8, 7.375],
			"to": [7, 3.425, 7.7],
			"rotation": {"angle": 0, "axis": "y", "origin": [0.6, -3.15, 0.025]},
			"faces": {
				"north": {"uv": [7.5, 15.375, 7.25, 16], "texture": "#2"},
				"east": {"uv": [7.375, 15.375, 7.5, 16], "texture": "#2"},
				"south": {"uv": [7.25, 15.375, 7.5, 16], "texture": "#2"},
				"west": {"uv": [7.25, 15.375, 7.375, 16], "texture": "#2"},
				"up": {"uv": [7.25, 15.5, 7.5, 15.375], "texture": "#2"},
				"down": {"uv": [7.25, 16, 7.5, 15.875], "texture": "#2"}
			}
		},
		{
			"from": [6.5, 2.925, 7.375],
			"to": [6.75, 3.425, 7.7],
			"rotation": {"angle": 0, "axis": "y", "origin": [0.35, -3.15, 0.025]},
			"faces": {
				"north": {"uv": [7.25, 15.375, 7, 15.875], "texture": "#2"},
				"east": {"uv": [7.125, 15.375, 7.25, 15.875], "texture": "#2"},
				"south": {"uv": [7, 15.375, 7.25, 15.875], "texture": "#2"},
				"west": {"uv": [7, 15.375, 7.125, 15.875], "texture": "#2"},
				"up": {"uv": [7, 15.5, 7.25, 15.375], "texture": "#2"},
				"down": {"uv": [7, 15.875, 7.25, 15.75], "texture": "#2"}
			}
		},
		{
			"from": [6.375, 3.175, 7.375],
			"to": [6.5, 3.425, 7.7],
			"rotation": {"angle": 0, "axis": "y", "origin": [0.2, -3.15, 0.025]},
			"faces": {
				"north": {"uv": [7, 15.375, 6.875, 15.625], "texture": "#2"},
				"east": {"uv": [6.875, 15.375, 7, 15.625], "texture": "#2"},
				"south": {"uv": [6.875, 15.375, 7, 15.625], "texture": "#2"},
				"west": {"uv": [6.875, 15.375, 7, 15.625], "texture": "#2"},
				"up": {"uv": [6.875, 15.5, 7, 15.375], "texture": "#2"},
				"down": {"uv": [6.875, 15.625, 7, 15.5], "texture": "#2"}
			}
		},
		{
			"from": [6.25, 3.425, 7.375],
			"to": [6.375, 3.55, 7.7],
			"rotation": {"angle": 0, "axis": "y", "origin": [0.075, -3.025, 0.025]},
			"faces": {
				"north": {"uv": [6.875, 15.25, 6.75, 15.375], "texture": "#2"},
				"east": {"uv": [6.75, 15.25, 6.875, 15.375], "texture": "#2"},
				"south": {"uv": [6.75, 15.25, 6.875, 15.375], "texture": "#2"},
				"west": {"uv": [6.75, 15.25, 6.875, 15.375], "texture": "#2"},
				"up": {"uv": [6.75, 15.375, 6.875, 15.25], "texture": "#2"},
				"down": {"uv": [6.75, 15.375, 6.875, 15.25], "texture": "#2"}
			}
		},
		{
			"from": [6.75, 2.925, 7.25],
			"to": [7, 3.3, 7.825],
			"rotation": {"angle": 0, "axis": "y", "origin": [0.6, -3.025, 0.025]},
			"faces": {
				"north": {"uv": [7.5, 15.5, 7.25, 15.875], "texture": "#2"},
				"east": {"uv": [7.375, 15.5, 7.5, 15.875], "texture": "#2"},
				"south": {"uv": [7.25, 15.5, 7.5, 15.875], "texture": "#2"},
				"west": {"uv": [7.25, 15.5, 7.375, 15.875], "texture": "#2"},
				"up": {"uv": [7.25, 15.625, 7.5, 15.5], "texture": "#2"},
				"down": {"uv": [7.25, 15.875, 7.5, 15.75], "texture": "#2"}
			}
		},
		{
			"from": [6.5, 3.05, 7.25],
			"to": [6.75, 3.3, 7.825],
			"rotation": {"angle": 0, "axis": "y", "origin": [0.35, -3.025, 0.025]},
			"faces": {
				"north": {"uv": [7.25, 15.5, 7, 15.75], "texture": "#2"},
				"east": {"uv": [7.125, 15.5, 7.25, 15.75], "texture": "#2"},
				"south": {"uv": [7, 15.5, 7.25, 15.75], "texture": "#2"},
				"west": {"uv": [7, 15.5, 7.125, 15.75], "texture": "#2"},
				"up": {"uv": [7, 15.625, 7.25, 15.5], "texture": "#2"},
				"down": {"uv": [7, 15.75, 7.25, 15.625], "texture": "#2"}
			}
		},
		{
			"from": [6.75, 6.8, 7.425],
			"to": [7.875, 7.05, 7.65],
			"rotation": {"angle": 0, "axis": "y", "origin": [-1.025, 0.475, 0.025]},
			"faces": {
				"north": {"uv": [8.375, 11.625, 7.25, 11.875], "texture": "#2"},
				"east": {"uv": [8.25, 11.625, 8.375, 11.875], "texture": "#2"},
				"south": {"uv": [7.25, 11.625, 8.375, 11.875], "texture": "#2"},
				"west": {"uv": [7.25, 11.625, 7.375, 11.875], "texture": "#2"},
				"up": {"uv": [7.25, 11.75, 8.375, 11.625], "texture": "#2"},
				"down": {"uv": [7.25, 11.875, 8.375, 11.75], "texture": "#2"}
			}
		},
		{
			"from": [7.125, 7.3, 7.425],
			"to": [8.125, 7.925, 7.65],
			"rotation": {"angle": 0, "axis": "y", "origin": [-0.65, 0.975, 0.025]},
			"faces": {
				"north": {"uv": [8.625, 10.75, 7.625, 11.375], "texture": "#2"},
				"east": {"uv": [8.5, 10.75, 8.625, 11.375], "texture": "#2"},
				"south": {"uv": [7.625, 10.75, 8.625, 11.375], "texture": "#2"},
				"west": {"uv": [7.625, 10.75, 7.75, 11.375], "texture": "#2"},
				"up": {"uv": [7.625, 10.875, 8.625, 10.75], "texture": "#2"},
				"down": {"uv": [7.625, 11.375, 8.625, 11.25], "texture": "#2"}
			}
		},
		{
			"from": [7.25, 7.925, 7.425],
			"to": [8.125, 8.55, 7.65],
			"rotation": {"angle": 0, "axis": "y", "origin": [-0.65, 1.6, 0.025]},
			"faces": {
				"north": {"uv": [8.625, 10.125, 7.75, 10.75], "texture": "#2"},
				"east": {"uv": [8.5, 10.125, 8.625, 10.75], "texture": "#2"},
				"south": {"uv": [7.75, 10.125, 8.625, 10.75], "texture": "#2"},
				"west": {"uv": [7.75, 10.125, 7.875, 10.75], "texture": "#2"},
				"up": {"uv": [7.75, 10.25, 8.625, 10.125], "texture": "#2"},
				"down": {"uv": [7.75, 10.75, 8.625, 10.625], "texture": "#2"}
			}
		},
		{
			"from": [7.125, 10.3, 7.425],
			"to": [7.875, 11.05, 7.65],
			"rotation": {"angle": 0, "axis": "y", "origin": [-0.9, 3.975, 0.025]},
			"faces": {
				"north": {"uv": [8.375, 7.625, 7.625, 8.375], "texture": "#2"},
				"east": {"uv": [8.25, 7.625, 8.375, 8.375], "texture": "#2"},
				"south": {"uv": [7.625, 7.625, 8.375, 8.375], "texture": "#2"},
				"west": {"uv": [7.625, 7.625, 7.75, 8.375], "texture": "#2"},
				"up": {"uv": [7.625, 7.75, 8.375, 7.625], "texture": "#2"},
				"down": {"uv": [7.625, 8.375, 8.375, 8.25], "texture": "#2"}
			}
		},
		{
			"from": [7, 11.05, 7.425],
			"to": [7.875, 11.55, 7.65],
			"rotation": {"angle": 0, "axis": "y", "origin": [-0.9, 4.725, 0.025]},
			"faces": {
				"north": {"uv": [8.375, 7.125, 7.5, 7.625], "texture": "#2"},
				"east": {"uv": [8.25, 7.125, 8.375, 7.625], "texture": "#2"},
				"south": {"uv": [7.5, 7.125, 8.375, 7.625], "texture": "#2"},
				"west": {"uv": [7.5, 7.125, 7.625, 7.625], "texture": "#2"},
				"up": {"uv": [7.5, 7.25, 8.375, 7.125], "texture": "#2"},
				"down": {"uv": [7.5, 7.625, 8.375, 7.5], "texture": "#2"}
			}
		},
		{
			"from": [7, 11.55, 7.425],
			"to": [7.75, 11.675, 7.65],
			"rotation": {"angle": 0, "axis": "y", "origin": [-0.9, 4.975, 0.025]},
			"faces": {
				"north": {"uv": [8.25, 7, 7.5, 7.125], "texture": "#2"},
				"east": {"uv": [8.125, 7, 8.25, 7.125], "texture": "#2"},
				"south": {"uv": [7.5, 7, 8.25, 7.125], "texture": "#2"},
				"west": {"uv": [7.5, 7, 7.625, 7.125], "texture": "#2"},
				"up": {"uv": [7.5, 7.125, 8.25, 7], "texture": "#2"},
				"down": {"uv": [7.5, 7.125, 8.25, 7], "texture": "#2"}
			}
		},
		{
			"from": [6.75, 12.175, 7.425],
			"to": [7.75, 12.3, 7.65],
			"rotation": {"angle": 0, "axis": "y", "origin": [-1.15, 5.6, 0.025]},
			"faces": {
				"north": {"uv": [8.25, 6.375, 7.25, 6.5], "texture": "#2"},
				"east": {"uv": [8.125, 6.375, 8.25, 6.5], "texture": "#2"},
				"south": {"uv": [7.25, 6.375, 8.25, 6.5], "texture": "#2"},
				"west": {"uv": [7.25, 6.375, 7.375, 6.5], "texture": "#2"},
				"up": {"uv": [7.25, 6.5, 8.25, 6.375], "texture": "#2"},
				"down": {"uv": [7.25, 6.5, 8.25, 6.375], "texture": "#2"}
			}
		},
		{
			"from": [6.875, 11.675, 7.425],
			"to": [7.75, 12.175, 7.65],
			"rotation": {"angle": 0, "axis": "y", "origin": [-1.025, 5.35, 0.025]},
			"faces": {
				"north": {"uv": [8.25, 6.5, 7.375, 7], "texture": "#2"},
				"east": {"uv": [8.125, 6.5, 8.25, 7], "texture": "#2"},
				"south": {"uv": [7.375, 6.5, 8.25, 7], "texture": "#2"},
				"west": {"uv": [7.375, 6.5, 7.5, 7], "texture": "#2"},
				"up": {"uv": [7.375, 6.625, 8.25, 6.5], "texture": "#2"},
				"down": {"uv": [7.375, 7, 8.25, 6.875], "texture": "#2"}
			}
		},
		{
			"from": [6.75, 12.3, 7.425],
			"to": [7.625, 12.55, 7.65],
			"rotation": {"angle": 0, "axis": "y", "origin": [-1.15, 5.725, 0.025]},
			"faces": {
				"north": {"uv": [8.125, 6.125, 7.25, 6.375], "texture": "#2"},
				"east": {"uv": [8, 6.125, 8.125, 6.375], "texture": "#2"},
				"south": {"uv": [7.25, 6.125, 8.125, 6.375], "texture": "#2"},
				"west": {"uv": [7.25, 6.125, 7.375, 6.375], "texture": "#2"},
				"up": {"uv": [7.25, 6.25, 8.125, 6.125], "texture": "#2"},
				"down": {"uv": [7.25, 6.375, 8.125, 6.25], "texture": "#2"}
			}
		},
		{
			"from": [6, 15.3, 7.425],
			"to": [7, 15.425, 7.65],
			"rotation": {"angle": 0, "axis": "y", "origin": [-1.9, 8.725, 0.025]},
			"faces": {
				"north": {"uv": [7.5, 3.25, 6.5, 3.375], "texture": "#2"},
				"east": {"uv": [7.375, 3.25, 7.5, 3.375], "texture": "#2"},
				"south": {"uv": [6.5, 3.25, 7.5, 3.375], "texture": "#2"},
				"west": {"uv": [6.5, 3.25, 6.625, 3.375], "texture": "#2"},
				"up": {"uv": [6.5, 3.375, 7.5, 3.25], "texture": "#2"},
				"down": {"uv": [6.5, 3.375, 7.5, 3.25], "texture": "#2"}
			}
		},
		{
			"from": [5.875, 15.8, 7.425],
			"to": [6.875, 16.05, 7.65],
			"rotation": {"angle": 0, "axis": "y", "origin": [-1.9, 9.225, 0.025]},
			"faces": {
				"north": {"uv": [7.375, 2.625, 6.375, 2.875], "texture": "#2"},
				"east": {"uv": [7.25, 2.625, 7.375, 2.875], "texture": "#2"},
				"south": {"uv": [6.375, 2.625, 7.375, 2.875], "texture": "#2"},
				"west": {"uv": [6.375, 2.625, 6.5, 2.875], "texture": "#2"},
				"up": {"uv": [6.375, 2.75, 7.375, 2.625], "texture": "#2"},
				"down": {"uv": [6.375, 2.875, 7.375, 2.75], "texture": "#2"}
			}
		},
		{
			"from": [6.625, 12.55, 7.425],
			"to": [7.625, 12.925, 7.65],
			"rotation": {"angle": 0, "axis": "y", "origin": [-1.15, 5.975, 0.025]},
			"faces": {
				"north": {"uv": [8.125, 5.75, 7.125, 6.125], "texture": "#2"},
				"east": {"uv": [8, 5.75, 8.125, 6.125], "texture": "#2"},
				"south": {"uv": [7.125, 5.75, 8.125, 6.125], "texture": "#2"},
				"west": {"uv": [7.125, 5.75, 7.25, 6.125], "texture": "#2"},
				"up": {"uv": [7.125, 5.875, 8.125, 5.75], "texture": "#2"},
				"down": {"uv": [7.125, 6.125, 8.125, 6], "texture": "#2"}
			}
		},
		{
			"from": [6.5, 12.925, 7.425],
			"to": [7.5, 13.3, 7.65],
			"rotation": {"angle": 0, "axis": "y", "origin": [-1.275, 6.35, 0.025]},
			"faces": {
				"north": {"uv": [8, 5.375, 7, 5.75], "texture": "#2"},
				"east": {"uv": [7.875, 5.375, 8, 5.75], "texture": "#2"},
				"south": {"uv": [7, 5.375, 8, 5.75], "texture": "#2"},
				"west": {"uv": [7, 5.375, 7.125, 5.75], "texture": "#2"},
				"up": {"uv": [7, 5.5, 8, 5.375], "texture": "#2"},
				"down": {"uv": [7, 5.75, 8, 5.625], "texture": "#2"}
			}
		},
		{
			"from": [6.375, 13.3, 7.425],
			"to": [7.5, 13.55, 7.65],
			"rotation": {"angle": 0, "axis": "y", "origin": [-1.275, 6.725, 0.025]},
			"faces": {
				"north": {"uv": [8, 5.125, 6.875, 5.375], "texture": "#2"},
				"east": {"uv": [7.875, 5.125, 8, 5.375], "texture": "#2"},
				"south": {"uv": [6.875, 5.125, 8, 5.375], "texture": "#2"},
				"west": {"uv": [6.875, 5.125, 7, 5.375], "texture": "#2"},
				"up": {"uv": [6.875, 5.25, 8, 5.125], "texture": "#2"},
				"down": {"uv": [6.875, 5.375, 8, 5.25], "texture": "#2"}
			}
		},
		{
			"from": [6.25, 14.175, 7.425],
			"to": [7.25, 14.3, 7.65],
			"rotation": {"angle": 0, "axis": "y", "origin": [-1.4, 7.475, 0.025]},
			"faces": {
				"north": {"uv": [7.75, 4.375, 6.75, 4.5], "texture": "#2"},
				"east": {"uv": [7.625, 4.375, 7.75, 4.5], "texture": "#2"},
				"south": {"uv": [6.75, 4.375, 7.75, 4.5], "texture": "#2"},
				"west": {"uv": [6.75, 4.375, 6.875, 4.5], "texture": "#2"},
				"up": {"uv": [6.75, 4.5, 7.75, 4.375], "texture": "#2"},
				"down": {"uv": [6.75, 4.5, 7.75, 4.375], "texture": "#2"}
			}
		},
		{
			"from": [6.25, 13.8, 7.425],
			"to": [7.375, 14.175, 7.65],
			"rotation": {"angle": 0, "axis": "y", "origin": [-1.4, 7.225, 0.025]},
			"faces": {
				"north": {"uv": [7.875, 4.5, 6.75, 4.875], "texture": "#2"},
				"east": {"uv": [7.75, 4.5, 7.875, 4.875], "texture": "#2"},
				"south": {"uv": [6.75, 4.5, 7.875, 4.875], "texture": "#2"},
				"west": {"uv": [6.75, 4.5, 6.875, 4.875], "texture": "#2"},
				"up": {"uv": [6.75, 4.625, 7.875, 4.5], "texture": "#2"},
				"down": {"uv": [6.75, 4.875, 7.875, 4.75], "texture": "#2"}
			}
		},
		{
			"from": [6.125, 14.3, 7.425],
			"to": [7.25, 14.8, 7.65],
			"rotation": {"angle": 0, "axis": "y", "origin": [-1.525, 7.725, 0.025]},
			"faces": {
				"north": {"uv": [7.75, 3.875, 6.625, 4.375], "texture": "#2"},
				"east": {"uv": [7.625, 3.875, 7.75, 4.375], "texture": "#2"},
				"south": {"uv": [6.625, 3.875, 7.75, 4.375], "texture": "#2"},
				"west": {"uv": [6.625, 3.875, 6.75, 4.375], "texture": "#2"},
				"up": {"uv": [6.625, 4, 7.75, 3.875], "texture": "#2"},
				"down": {"uv": [6.625, 4.375, 7.75, 4.25], "texture": "#2"}
			}
		},
		{
			"from": [6, 14.8, 7.425],
			"to": [7.125, 15.3, 7.65],
			"rotation": {"angle": 0, "axis": "y", "origin": [-1.65, 8.225, 0.025]},
			"faces": {
				"north": {"uv": [7.625, 3.375, 6.5, 3.875], "texture": "#2"},
				"east": {"uv": [7.5, 3.375, 7.625, 3.875], "texture": "#2"},
				"south": {"uv": [6.5, 3.375, 7.625, 3.875], "texture": "#2"},
				"west": {"uv": [6.5, 3.375, 6.625, 3.875], "texture": "#2"},
				"up": {"uv": [6.5, 3.5, 7.625, 3.375], "texture": "#2"},
				"down": {"uv": [6.5, 3.875, 7.625, 3.75], "texture": "#2"}
			}
		},
		{
			"from": [6.375, 13.55, 7.425],
			"to": [7.375, 13.8, 7.65],
			"rotation": {"angle": 0, "axis": "y", "origin": [-1.275, 6.975, 0.025]},
			"faces": {
				"north": {"uv": [7.875, 4.875, 6.875, 5.125], "texture": "#2"},
				"east": {"uv": [7.75, 4.875, 7.875, 5.125], "texture": "#2"},
				"south": {"uv": [6.875, 4.875, 7.875, 5.125], "texture": "#2"},
				"west": {"uv": [6.875, 4.875, 7, 5.125], "texture": "#2"},
				"up": {"uv": [6.875, 5, 7.875, 4.875], "texture": "#2"},
				"down": {"uv": [6.875, 5.125, 7.875, 5], "texture": "#2"}
			}
		},
		{
			"from": [7.25, 8.55, 7.425],
			"to": [8, 10.3, 7.65],
			"rotation": {"angle": 0, "axis": "y", "origin": [-0.65, 2.225, 0.025]},
			"faces": {
				"north": {"uv": [8.5, 8.375, 7.75, 10.125], "texture": "#2"},
				"east": {"uv": [8.375, 8.375, 8.5, 10.125], "texture": "#2"},
				"south": {"uv": [7.75, 8.375, 8.5, 10.125], "texture": "#2"},
				"west": {"uv": [7.75, 8.375, 7.875, 10.125], "texture": "#2"},
				"up": {"uv": [7.75, 8.5, 8.5, 8.375], "texture": "#2"},
				"down": {"uv": [7.75, 10.125, 8.5, 10], "texture": "#2"}
			}
		},
		{
			"from": [6.75, 7.05, 7.425],
			"to": [8, 7.175, 7.65],
			"rotation": {"angle": 0, "axis": "y", "origin": [-1.025, 0.725, 0.025]},
			"faces": {
				"north": {"uv": [8.5, 11.5, 7.25, 11.625], "texture": "#2"},
				"east": {"uv": [8.375, 11.5, 8.5, 11.625], "texture": "#2"},
				"south": {"uv": [7.25, 11.5, 8.5, 11.625], "texture": "#2"},
				"west": {"uv": [7.25, 11.5, 7.375, 11.625], "texture": "#2"},
				"up": {"uv": [7.25, 11.625, 8.5, 11.5], "texture": "#2"},
				"down": {"uv": [7.25, 11.625, 8.5, 11.5], "texture": "#2"}
			}
		},
		{
			"from": [6.75, 7.175, 7.425],
			"to": [8.125, 7.3, 7.65],
			"rotation": {"angle": 0, "axis": "y", "origin": [-1.025, 0.85, 0.025]},
			"faces": {
				"north": {"uv": [8.625, 11.375, 7.25, 11.5], "texture": "#2"},
				"east": {"uv": [8.5, 11.375, 8.625, 11.5], "texture": "#2"},
				"south": {"uv": [7.25, 11.375, 8.625, 11.5], "texture": "#2"},
				"west": {"uv": [7.25, 11.375, 7.375, 11.5], "texture": "#2"},
				"up": {"uv": [7.25, 11.5, 8.625, 11.375], "texture": "#2"},
				"down": {"uv": [7.25, 11.5, 8.625, 11.375], "texture": "#2"}
			}
		},
		{
			"from": [7.375, 5.175, 7.375],
			"to": [8.125, 5.55, 7.7],
			"rotation": {"angle": 0, "axis": "y", "origin": [0, -4.05, 0]},
			"faces": {
				"north": {"uv": [8.625, 13.125, 7.875, 13.625], "texture": "#2"},
				"east": {"uv": [8.875, 13.125, 9.125, 13.625], "texture": "#2"},
				"south": {"uv": [7.875, 13.125, 8.625, 13.625], "texture": "#2"},
				"west": {"uv": [6.125, 13.125, 6.375, 13.625], "texture": "#2"},
				"up": {"uv": [9.125, 13.125, 8.875, 13.25], "rotation": 90, "texture": "#2"},
				"down": {"uv": [6.375, 13.5, 6.125, 13.625], "rotation": 90, "texture": "#2"}
			}
		},
		{
			"from": [7.625, 4.175, 7.25],
			"to": [8, 5.175, 7.825],
			"rotation": {"angle": 0, "axis": "y", "origin": [-0.125, -4.425, 0.125]},
			"faces": {
				"north": {"uv": [8.5, 13.625, 8.125, 14.625], "texture": "#2"},
				"east": {"uv": [8.75, 13.625, 9.25, 14.625], "texture": "#2"},
				"south": {"uv": [8.125, 13.625, 8.5, 14.625], "texture": "#2"},
				"west": {"uv": [6, 13.625, 6.5, 14.625], "texture": "#2"},
				"up": {"uv": [9.25, 13.625, 8.75, 13.75], "rotation": 90, "texture": "#2"},
				"down": {"uv": [6.5, 14.5, 6, 14.625], "rotation": 90, "texture": "#2"}
			}
		},
		{
			"from": [7.375, 3.55, 7.375],
			"to": [8, 4.05, 7.7],
			"rotation": {"angle": 0, "axis": "y", "origin": [-0.125, -5.55, 0]},
			"faces": {
				"north": {"uv": [8.5, 14.75, 7.875, 15.25], "texture": "#2"},
				"east": {"uv": [8.875, 14.75, 9.125, 15.25], "texture": "#2"},
				"south": {"uv": [7.875, 14.75, 8.5, 15.25], "texture": "#2"},
				"west": {"uv": [6.125, 14.75, 6.375, 15.25], "texture": "#2"},
				"up": {"uv": [9.125, 14.75, 8.875, 14.875], "rotation": 90, "texture": "#2"},
				"down": {"uv": [6.375, 15.125, 6.125, 15.25], "rotation": 90, "texture": "#2"}
			}
		},
		{
			"from": [7.5, 3.55, 7.25],
			"to": [7.875, 4.05, 7.825],
			"rotation": {"angle": 0, "axis": "y", "origin": [-0.25, -5.55, 0.125]},
			"faces": {
				"north": {"uv": [8.375, 14.75, 8, 15.25], "texture": "#2"},
				"east": {"uv": [8.75, 14.75, 9.25, 15.25], "texture": "#2"},
				"south": {"uv": [8, 14.75, 8.375, 15.25], "texture": "#2"},
				"west": {"uv": [6, 14.75, 6.5, 15.25], "texture": "#2"},
				"up": {"uv": [9.25, 14.75, 8.75, 14.875], "rotation": 90, "texture": "#2"},
				"down": {"uv": [6.5, 15.125, 6, 15.25], "rotation": 90, "texture": "#2"}
			}
		},
		{
			"from": [7.5, 4.175, 7.375],
			"to": [8.125, 5.175, 7.7],
			"rotation": {"angle": 0, "axis": "y", "origin": [0, -4.425, 0]},
			"faces": {
				"north": {"uv": [8.625, 13.625, 8, 14.625], "texture": "#2"},
				"east": {"uv": [8.875, 13.625, 9.125, 14.625], "texture": "#2"},
				"south": {"uv": [8, 13.625, 8.625, 14.625], "texture": "#2"},
				"west": {"uv": [6.125, 13.625, 6.375, 14.625], "texture": "#2"},
				"up": {"uv": [9.125, 13.625, 8.875, 13.75], "rotation": 90, "texture": "#2"},
				"down": {"uv": [6.375, 14.5, 6.125, 14.625], "rotation": 90, "texture": "#2"}
			}
		},
		{
			"from": [7.5, 5.175, 7.25],
			"to": [8, 5.55, 7.825],
			"rotation": {"angle": 0, "axis": "y", "origin": [-0.125, -4.05, 0.125]},
			"faces": {
				"north": {"uv": [8.5, 13.125, 8, 13.625], "texture": "#2"},
				"east": {"uv": [8.75, 13.125, 9.25, 13.625], "texture": "#2"},
				"south": {"uv": [8, 13.125, 8.5, 13.625], "texture": "#2"},
				"west": {"uv": [6, 13.125, 6.5, 13.625], "texture": "#2"},
				"up": {"uv": [9.25, 13.125, 8.75, 13.25], "rotation": 90, "texture": "#2"},
				"down": {"uv": [6.5, 13.5, 6, 13.625], "rotation": 90, "texture": "#2"}
			}
		},
		{
			"from": [7.375, 4.05, 7.375],
			"to": [8.125, 4.175, 7.7],
			"rotation": {"angle": 0, "axis": "y", "origin": [0, -5.425, 0]},
			"faces": {
				"north": {"uv": [8.625, 14.625, 7.875, 14.75], "texture": "#2"},
				"east": {"uv": [8.875, 14.625, 9.125, 14.75], "texture": "#2"},
				"south": {"uv": [7.875, 14.625, 8.625, 14.75], "texture": "#2"},
				"west": {"uv": [6.125, 14.625, 6.375, 14.75], "texture": "#2"},
				"up": {"uv": [6.375, 14.625, 6.125, 14.75], "rotation": 90, "texture": "#2"},
				"down": {"uv": [9.125, 14.625, 8.875, 14.75], "rotation": 90, "texture": "#2"}
			}
		},
		{
			"from": [7.5, 4.05, 7.25],
			"to": [8, 4.175, 7.825],
			"rotation": {"angle": 0, "axis": "y", "origin": [-0.125, -5.425, 0.125]},
			"faces": {
				"north": {"uv": [8.5, 14.625, 8, 14.75], "texture": "#2"},
				"east": {"uv": [8.75, 14.625, 9.25, 14.75], "texture": "#2"},
				"south": {"uv": [8, 14.625, 8.5, 14.75], "texture": "#2"},
				"west": {"uv": [6, 14.625, 6.5, 14.75], "texture": "#2"},
				"up": {"uv": [6.5, 14.625, 6, 14.75], "rotation": 90, "texture": "#2"},
				"down": {"uv": [9.25, 14.625, 8.75, 14.75], "rotation": 90, "texture": "#2"}
			}
		},
		{
			"from": [7.25, 3.425, 7.375],
			"to": [8, 3.55, 7.7],
			"rotation": {"angle": 0, "axis": "y", "origin": [-0.125, -6.05, 0]},
			"faces": {
				"north": {"uv": [8.5, 15.25, 7.75, 15.375], "texture": "#2"},
				"east": {"uv": [8.875, 15.25, 9.125, 15.375], "texture": "#2"},
				"south": {"uv": [7.75, 15.25, 8.5, 15.375], "texture": "#2"},
				"west": {"uv": [6.125, 15.25, 6.375, 15.375], "texture": "#2"},
				"up": {"uv": [6.375, 15.25, 6.125, 15.375], "rotation": 90, "texture": "#2"},
				"down": {"uv": [9.125, 15.25, 8.875, 15.375], "rotation": 90, "texture": "#2"}
			}
		},
		{
			"from": [7.25, 3.3, 7.25],
			"to": [7.875, 3.425, 7.825],
			"rotation": {"angle": 0, "axis": "y", "origin": [-0.25, -6.175, 0.125]},
			"faces": {
				"north": {"uv": [8.375, 15.375, 7.75, 15.5], "texture": "#2"},
				"east": {"uv": [8.75, 15.375, 9.25, 15.5], "texture": "#2"},
				"south": {"uv": [7.75, 15.375, 8.375, 15.5], "texture": "#2"},
				"west": {"uv": [6, 15.375, 6.5, 15.5], "texture": "#2"},
				"up": {"uv": [6.5, 15.375, 6, 15.5], "rotation": 90, "texture": "#2"},
				"down": {"uv": [9.25, 15.375, 8.75, 15.5], "rotation": 90, "texture": "#2"}
			}
		},
		{
			"from": [7, 3.05, 7.375],
			"to": [7.875, 3.3, 7.7],
			"rotation": {"angle": 0, "axis": "y", "origin": [-0.125, -6.3, 0]},
			"faces": {
				"north": {"uv": [8.375, 15.5, 7.5, 15.75], "texture": "#2"},
				"east": {"uv": [8.875, 15.5, 9.125, 15.75], "texture": "#2"},
				"south": {"uv": [7.5, 15.5, 8.375, 15.75], "texture": "#2"},
				"west": {"uv": [6.125, 15.5, 6.375, 15.75], "texture": "#2"},
				"up": {"uv": [6.375, 15.5, 6.125, 15.625], "rotation": 90, "texture": "#2"},
				"down": {"uv": [9.125, 15.625, 8.875, 15.75], "rotation": 90, "texture": "#2"}
			}
		},
		{
			"from": [7, 3.05, 7.25],
			"to": [7.75, 3.3, 7.825],
			"rotation": {"angle": 0, "axis": "y", "origin": [-0.25, -6.3, 0.125]},
			"faces": {
				"north": {"uv": [8.25, 15.5, 7.5, 15.75], "texture": "#2"},
				"east": {"uv": [8.75, 15.5, 9.25, 15.75], "texture": "#2"},
				"south": {"uv": [7.5, 15.5, 8.25, 15.75], "texture": "#2"},
				"west": {"uv": [6, 15.5, 6.5, 15.75], "texture": "#2"},
				"up": {"uv": [6.5, 15.5, 6, 15.625], "rotation": 90, "texture": "#2"},
				"down": {"uv": [9.25, 15.625, 8.75, 15.75], "rotation": 90, "texture": "#2"}
			}
		},
		{
			"from": [7, 2.925, 7.375],
			"to": [7.75, 3.05, 7.7],
			"rotation": {"angle": 0, "axis": "y", "origin": [-0.125, -6.55, 0]},
			"faces": {
				"north": {"uv": [8.25, 15.75, 7.5, 15.875], "texture": "#2"},
				"east": {"uv": [8.875, 15.75, 9.125, 15.875], "texture": "#2"},
				"south": {"uv": [7.5, 15.75, 8.25, 15.875], "texture": "#2"},
				"west": {"uv": [6.125, 15.75, 6.375, 15.875], "texture": "#2"},
				"up": {"uv": [6.375, 15.75, 6.125, 15.875], "rotation": 90, "texture": "#2"},
				"down": {"uv": [9.125, 15.75, 8.875, 15.875], "rotation": 90, "texture": "#2"}
			}
		},
		{
			"from": [7, 2.8, 7.375],
			"to": [7.625, 2.925, 7.7],
			"rotation": {"angle": 0, "axis": "y", "origin": [-0.125, -6.675, 0]},
			"faces": {
				"north": {"uv": [8, 15.875, 7.5, 16], "texture": "#2"},
				"east": {"uv": [8.875, 15.875, 9.125, 16], "texture": "#2"},
				"south": {"uv": [7.5, 15.875, 8, 16], "texture": "#2"},
				"west": {"uv": [6.125, 15.875, 6.375, 16], "texture": "#2"},
				"up": {"uv": [6.5, 15.875, 6, 16], "rotation": 90, "texture": "#2"},
				"down": {"uv": [9.25, 16, 8.75, 15.875], "texture": "#2"}
			}
		},
		{
			"from": [7, 2.925, 7.25],
			"to": [7.625, 3.05, 7.825],
			"rotation": {"angle": 0, "axis": "y", "origin": [-0.25, -6.55, 0.125]},
			"faces": {
				"north": {"uv": [8.125, 15.75, 7.5, 15.875], "texture": "#2"},
				"east": {"uv": [8.75, 15.75, 9.25, 15.875], "texture": "#2"},
				"south": {"uv": [7.5, 15.75, 8.125, 15.875], "texture": "#2"},
				"west": {"uv": [6, 15.75, 6.5, 15.875], "texture": "#2"},
				"up": {"uv": [6.5, 15.75, 6, 15.875], "rotation": 90, "texture": "#2"},
				"down": {"uv": [9.25, 15.75, 8.75, 15.875], "rotation": 90, "texture": "#2"}
			}
		},
		{
			"from": [7, 3.3, 7.375],
			"to": [8, 3.425, 7.7],
			"rotation": {"angle": 0, "axis": "y", "origin": [-0.125, -6.175, 0]},
			"faces": {
				"north": {"uv": [8.5, 15.375, 7.5, 15.5], "texture": "#2"},
				"east": {"uv": [8.875, 15.375, 9.125, 15.5], "texture": "#2"},
				"south": {"uv": [7.5, 15.375, 8.5, 15.5], "texture": "#2"},
				"west": {"uv": [6.125, 15.375, 6.375, 15.5], "texture": "#2"},
				"up": {"uv": [6.375, 15.375, 6.125, 15.5], "rotation": 90, "texture": "#2"},
				"down": {"uv": [9.125, 15.375, 8.875, 15.5], "rotation": 90, "texture": "#2"}
			}
		},
		{
			"from": [7.375, 3.425, 7.25],
			"to": [7.875, 3.55, 7.825],
			"rotation": {"angle": 0, "axis": "y", "origin": [-0.25, -6.05, 0.125]},
			"faces": {
				"north": {"uv": [8.375, 15.25, 7.875, 15.375], "texture": "#2"},
				"east": {"uv": [8.75, 15.25, 9.25, 15.375], "texture": "#2"},
				"south": {"uv": [7.875, 15.25, 8.375, 15.375], "texture": "#2"},
				"west": {"uv": [6, 15.25, 6.5, 15.375], "texture": "#2"},
				"up": {"uv": [6.5, 15.25, 6, 15.375], "rotation": 90, "texture": "#2"},
				"down": {"uv": [9.25, 15.25, 8.75, 15.375], "rotation": 90, "texture": "#2"}
			}
		},
		{
			"from": [7.25, 5.55, 7.375],
			"to": [8.125, 5.925, 7.7],
			"rotation": {"angle": 0, "axis": "y", "origin": [0, -3.675, 0]},
			"faces": {
				"north": {"uv": [8.625, 12.75, 7.75, 13.125], "texture": "#2"},
				"east": {"uv": [8.875, 12.75, 9.125, 13.125], "texture": "#2"},
				"south": {"uv": [7.75, 12.75, 8.625, 13.125], "texture": "#2"},
				"west": {"uv": [6.125, 12.75, 6.375, 13.125], "texture": "#2"},
				"up": {"uv": [9.125, 12.75, 8.875, 12.875], "rotation": 90, "texture": "#2"},
				"down": {"uv": [6.375, 13, 6.125, 13.125], "rotation": 90, "texture": "#2"}
			}
		},
		{
			"from": [7.375, 5.55, 7.25],
			"to": [8, 5.925, 7.825],
			"rotation": {"angle": 0, "axis": "y", "origin": [-0.125, -3.675, 0.125]},
			"faces": {
				"north": {"uv": [8.5, 12.75, 7.875, 13.125], "texture": "#2"},
				"east": {"uv": [8.75, 12.75, 9.25, 13.125], "texture": "#2"},
				"south": {"uv": [7.875, 12.75, 8.5, 13.125], "texture": "#2"},
				"west": {"uv": [6, 12.75, 6.5, 13.125], "texture": "#2"},
				"up": {"uv": [9.25, 12.75, 8.75, 12.875], "rotation": 90, "texture": "#2"},
				"down": {"uv": [6.5, 13, 6, 13.125], "rotation": 90, "texture": "#2"}
			}
		},
		{
			"from": [6.875, 7.3, 7.5],
			"to": [7.125, 7.925, 7.575],
			"rotation": {"angle": 0, "axis": "y", "origin": [-1.275, 0.975, 0.025]},
			"faces": {
				"north": {"uv": [7.625, 10.75, 7.375, 11.375], "texture": "#2"},
				"east": {"uv": [7.5, 10.75, 7.625, 11.375], "texture": "#2"},
				"south": {"uv": [7.375, 10.75, 7.625, 11.375], "texture": "#2"},
				"west": {"uv": [7.375, 10.75, 7.5, 11.375], "texture": "#2"},
				"up": {"uv": [7.375, 10.875, 7.625, 10.75], "texture": "#2"},
				"down": {"uv": [7.375, 11.375, 7.625, 11.25], "texture": "#2"}
			}
		},
		{
			"from": [6.75, 11.05, 7.5],
			"to": [7, 11.675, 7.575],
			"rotation": {"angle": 0, "axis": "y", "origin": [-1.4, 4.725, 0.025]},
			"faces": {
				"north": {"uv": [7.5, 7, 7.25, 7.625], "texture": "#2"},
				"east": {"uv": [7.375, 7, 7.5, 7.625], "texture": "#2"},
				"south": {"uv": [7.25, 7, 7.5, 7.625], "texture": "#2"},
				"west": {"uv": [7.25, 7, 7.375, 7.625], "texture": "#2"},
				"up": {"uv": [7.25, 7.125, 7.5, 7], "texture": "#2"},
				"down": {"uv": [7.25, 7.625, 7.5, 7.5], "texture": "#2"}
			}
		},
		{
			"from": [6.625, 11.675, 7.5],
			"to": [6.875, 12.175, 7.575],
			"rotation": {"angle": 0, "axis": "y", "origin": [-1.525, 5.225, 0.025]},
			"faces": {
				"north": {"uv": [7.375, 6.5, 7.125, 7], "texture": "#2"},
				"east": {"uv": [7.25, 6.5, 7.375, 7], "texture": "#2"},
				"south": {"uv": [7.125, 6.5, 7.375, 7], "texture": "#2"},
				"west": {"uv": [7.125, 6.5, 7.25, 7], "texture": "#2"},
				"up": {"uv": [7.125, 6.625, 7.375, 6.5], "texture": "#2"},
				"down": {"uv": [7.125, 7, 7.375, 6.875], "texture": "#2"}
			}
		},
		{
			"from": [6.5, 12.175, 7.5],
			"to": [6.75, 12.55, 7.575],
			"rotation": {"angle": 0, "axis": "y", "origin": [-1.65, 5.725, 0.025]},
			"faces": {
				"north": {"uv": [7.25, 6.125, 7, 6.5], "texture": "#2"},
				"east": {"uv": [7.125, 6.125, 7.25, 6.5], "texture": "#2"},
				"south": {"uv": [7, 6.125, 7.25, 6.5], "texture": "#2"},
				"west": {"uv": [7, 6.125, 7.125, 6.5], "texture": "#2"},
				"up": {"uv": [7, 6.25, 7.25, 6.125], "texture": "#2"},
				"down": {"uv": [7, 6.5, 7.25, 6.375], "texture": "#2"}
			}
		},
		{
			"from": [6.375, 12.55, 7.5],
			"to": [6.625, 12.925, 7.575],
			"rotation": {"angle": 0, "axis": "y", "origin": [-1.775, 6.1, 0.025]},
			"faces": {
				"north": {"uv": [7.125, 5.75, 6.875, 6.125], "texture": "#2"},
				"east": {"uv": [7, 5.75, 7.125, 6.125], "texture": "#2"},
				"south": {"uv": [6.875, 5.75, 7.125, 6.125], "texture": "#2"},
				"west": {"uv": [6.875, 5.75, 7, 6.125], "texture": "#2"},
				"up": {"uv": [6.875, 5.875, 7.125, 5.75], "texture": "#2"},
				"down": {"uv": [6.875, 6.125, 7.125, 6], "texture": "#2"}
			}
		},
		{
			"from": [6.25, 12.925, 7.5],
			"to": [6.5, 13.3, 7.575],
			"rotation": {"angle": 0, "axis": "y", "origin": [-1.9, 6.475, 0.025]},
			"faces": {
				"north": {"uv": [7, 5.375, 6.75, 5.75], "texture": "#2"},
				"east": {"uv": [6.875, 5.375, 7, 5.75], "texture": "#2"},
				"south": {"uv": [6.75, 5.375, 7, 5.75], "texture": "#2"},
				"west": {"uv": [6.75, 5.375, 6.875, 5.75], "texture": "#2"},
				"up": {"uv": [6.75, 5.5, 7, 5.375], "texture": "#2"},
				"down": {"uv": [6.75, 5.75, 7, 5.625], "texture": "#2"}
			}
		},
		{
			"from": [6.125, 13.3, 7.5],
			"to": [6.375, 13.8, 7.575],
			"rotation": {"angle": 0, "axis": "y", "origin": [-2.025, 6.85, 0.025]},
			"faces": {
				"north": {"uv": [6.875, 4.875, 6.625, 5.375], "texture": "#2"},
				"east": {"uv": [6.75, 4.875, 6.875, 5.375], "texture": "#2"},
				"south": {"uv": [6.625, 4.875, 6.875, 5.375], "texture": "#2"},
				"west": {"uv": [6.625, 4.875, 6.75, 5.375], "texture": "#2"},
				"up": {"uv": [6.625, 5, 6.875, 4.875], "texture": "#2"},
				"down": {"uv": [6.625, 5.375, 6.875, 5.25], "texture": "#2"}
			}
		},
		{
			"from": [6, 13.8, 7.5],
			"to": [6.25, 14.3, 7.575],
			"rotation": {"angle": 0, "axis": "y", "origin": [-2.15, 7.35, 0.025]},
			"faces": {
				"north": {"uv": [6.75, 4.375, 6.5, 4.875], "texture": "#2"},
				"east": {"uv": [6.625, 4.375, 6.75, 4.875], "texture": "#2"},
				"south": {"uv": [6.5, 4.375, 6.75, 4.875], "texture": "#2"},
				"west": {"uv": [6.5, 4.375, 6.625, 4.875], "texture": "#2"},
				"up": {"uv": [6.5, 4.5, 6.75, 4.375], "texture": "#2"},
				"down": {"uv": [6.5, 4.875, 6.75, 4.75], "texture": "#2"}
			}
		},
		{
			"from": [5.875, 14.3, 7.5],
			"to": [6.125, 14.8, 7.575],
			"rotation": {"angle": 0, "axis": "y", "origin": [-2.275, 7.85, 0.025]},
			"faces": {
				"north": {"uv": [6.625, 3.875, 6.375, 4.375], "texture": "#2"},
				"east": {"uv": [6.5, 3.875, 6.625, 4.375], "texture": "#2"},
				"south": {"uv": [6.375, 3.875, 6.625, 4.375], "texture": "#2"},
				"west": {"uv": [6.375, 3.875, 6.5, 4.375], "texture": "#2"},
				"up": {"uv": [6.375, 4, 6.625, 3.875], "texture": "#2"},
				"down": {"uv": [6.375, 4.375, 6.625, 4.25], "texture": "#2"}
			}
		},
		{
			"from": [5.75, 14.8, 7.5],
			"to": [6, 15.425, 7.575],
			"rotation": {"angle": 0, "axis": "y", "origin": [-2.4, 8.35, 0.025]},
			"faces": {
				"north": {"uv": [6.5, 3.25, 6.25, 3.875], "texture": "#2"},
				"east": {"uv": [6.375, 3.25, 6.5, 3.875], "texture": "#2"},
				"south": {"uv": [6.25, 3.25, 6.5, 3.875], "texture": "#2"},
				"west": {"uv": [6.25, 3.25, 6.375, 3.875], "texture": "#2"},
				"up": {"uv": [6.25, 3.375, 6.5, 3.25], "texture": "#2"},
				"down": {"uv": [6.25, 3.875, 6.5, 3.75], "texture": "#2"}
			}
		},
		{
			"from": [5.625, 15.425, 7.5],
			"to": [5.875, 16.05, 7.575],
			"rotation": {"angle": 0, "axis": "y", "origin": [-2.525, 8.975, 0.025]},
			"faces": {
				"north": {"uv": [6.375, 2.625, 6.125, 3.25], "texture": "#2"},
				"east": {"uv": [6.25, 2.625, 6.375, 3.25], "texture": "#2"},
				"south": {"uv": [6.125, 2.625, 6.375, 3.25], "texture": "#2"},
				"west": {"uv": [6.125, 2.625, 6.25, 3.25], "texture": "#2"},
				"up": {"uv": [6.125, 2.75, 6.375, 2.625], "texture": "#2"},
				"down": {"uv": [6.125, 3.25, 6.375, 3.125], "texture": "#2"}
			}
		},
		{
			"from": [5.5, 16.05, 7.5],
			"to": [5.75, 17.05, 7.575],
			"rotation": {"angle": 0, "axis": "y", "origin": [-2.65, 9.6, 0.025]},
			"faces": {
				"north": {"uv": [6.25, 1.625, 6, 2.625], "texture": "#2"},
				"east": {"uv": [6.125, 1.625, 6.25, 2.625], "texture": "#2"},
				"south": {"uv": [6, 1.625, 6.25, 2.625], "texture": "#2"},
				"west": {"uv": [6, 1.625, 6.125, 2.625], "texture": "#2"},
				"up": {"uv": [6, 1.75, 6.25, 1.625], "texture": "#2"},
				"down": {"uv": [6, 2.625, 6.25, 2.5], "texture": "#2"}
			}
		},
		{
			"from": [5.625, 17.05, 7.5],
			"to": [5.875, 17.675, 7.575],
			"rotation": {"angle": 0, "axis": "y", "origin": [-2.525, 10.6, 0.025]},
			"faces": {
				"north": {"uv": [6.375, 1, 6.125, 1.625], "texture": "#2"},
				"east": {"uv": [6.25, 1, 6.375, 1.625], "texture": "#2"},
				"south": {"uv": [6.125, 1, 6.375, 1.625], "texture": "#2"},
				"west": {"uv": [6.125, 1, 6.25, 1.625], "texture": "#2"},
				"up": {"uv": [6.125, 1.125, 6.375, 1], "texture": "#2"},
				"down": {"uv": [6.125, 1.625, 6.375, 1.5], "texture": "#2"}
			}
		},
		{
			"from": [5.75, 17.675, 7.5],
			"to": [6, 18.175, 7.575],
			"rotation": {"angle": 0, "axis": "y", "origin": [-2.4, 11.225, 0.025]},
			"faces": {
				"north": {"uv": [6.5, 0.5, 6.25, 1], "texture": "#2"},
				"east": {"uv": [6.375, 0.5, 6.5, 1], "texture": "#2"},
				"south": {"uv": [6.25, 0.5, 6.5, 1], "texture": "#2"},
				"west": {"uv": [6.25, 0.5, 6.375, 1], "texture": "#2"},
				"up": {"uv": [6.25, 0.625, 6.5, 0.5], "texture": "#2"},
				"down": {"uv": [6.25, 1, 6.5, 0.875], "texture": "#2"}
			}
		},
		{
			"from": [5.875, 18.175, 7.5],
			"to": [6.125, 18.425, 7.575],
			"rotation": {"angle": 0, "axis": "y", "origin": [-2.275, 11.725, 0.025]},
			"faces": {
				"north": {"uv": [6.625, 0.25, 6.375, 0.5], "texture": "#2"},
				"east": {"uv": [6.5, 0.25, 6.625, 0.5], "texture": "#2"},
				"south": {"uv": [6.375, 0.25, 6.625, 0.5], "texture": "#2"},
				"west": {"uv": [6.375, 0.25, 6.5, 0.5], "texture": "#2"},
				"up": {"uv": [6.375, 0.375, 6.625, 0.25], "texture": "#2"},
				"down": {"uv": [6.375, 0.5, 6.625, 0.375], "texture": "#2"}
			}
		},
		{
			"from": [6, 18.425, 7.5],
			"to": [6.125, 18.675, 7.575],
			"rotation": {"angle": 0, "axis": "y", "origin": [-2.275, 11.975, 0.025]},
			"faces": {
				"north": {"uv": [6.625, 0, 6.5, 0.25], "texture": "#2"},
				"east": {"uv": [6.5, 0, 6.625, 0.25], "texture": "#2"},
				"south": {"uv": [6.5, 0, 6.625, 0.25], "texture": "#2"},
				"west": {"uv": [6.5, 0, 6.625, 0.25], "texture": "#2"},
				"up": {"uv": [6.5, 0.125, 6.625, 0], "texture": "#2"},
				"down": {"uv": [6.5, 0.25, 6.625, 0.125], "texture": "#2"}
			}
		},
		{
			"from": [6.875, 10.3, 7.5],
			"to": [7.125, 11.05, 7.575],
			"rotation": {"angle": 0, "axis": "y", "origin": [-1.275, 3.975, 0.025]},
			"faces": {
				"north": {"uv": [7.625, 7.625, 7.375, 8.375], "texture": "#2"},
				"east": {"uv": [7.5, 7.625, 7.625, 8.375], "texture": "#2"},
				"south": {"uv": [7.375, 7.625, 7.625, 8.375], "texture": "#2"},
				"west": {"uv": [7.375, 7.625, 7.5, 8.375], "texture": "#2"},
				"up": {"uv": [7.375, 7.75, 7.625, 7.625], "texture": "#2"},
				"down": {"uv": [7.375, 8.375, 7.625, 8.25], "texture": "#2"}
			}
		},
		{
			"from": [7, 7.925, 7.5],
			"to": [7.25, 10.3, 7.575],
			"rotation": {"angle": 0, "axis": "y", "origin": [-1.15, 1.6, 0.025]},
			"faces": {
				"north": {"uv": [7.75, 8.375, 7.5, 10.75], "texture": "#2"},
				"east": {"uv": [7.625, 8.375, 7.75, 10.75], "texture": "#2"},
				"south": {"uv": [7.5, 8.375, 7.75, 10.75], "texture": "#2"},
				"west": {"uv": [7.5, 8.375, 7.625, 10.75], "texture": "#2"},
				"up": {"uv": [7.5, 8.5, 7.75, 8.375], "texture": "#2"},
				"down": {"uv": [7.5, 10.75, 7.75, 10.625], "texture": "#2"}
			}
		},
		{
			"from": [5.875, 15.425, 7.425],
			"to": [7, 15.8, 7.65],
			"rotation": {"angle": 0, "axis": "y", "origin": [-1.775, 8.85, 0.025]},
			"faces": {
				"north": {"uv": [7.5, 2.875, 6.375, 3.25], "texture": "#2"},
				"east": {"uv": [7.375, 2.875, 7.5, 3.25], "texture": "#2"},
				"south": {"uv": [6.375, 2.875, 7.5, 3.25], "texture": "#2"},
				"west": {"uv": [6.375, 2.875, 6.5, 3.25], "texture": "#2"},
				"up": {"uv": [6.375, 3, 7.5, 2.875], "texture": "#2"},
				"down": {"uv": [6.375, 3.25, 7.5, 3.125], "texture": "#2"}
			}
		},
		{
			"from": [5.75, 16.05, 7.425],
			"to": [6.875, 16.3, 7.65],
			"rotation": {"angle": 0, "axis": "y", "origin": [-2.025, 9.475, 0.025]},
			"faces": {
				"north": {"uv": [7.375, 2.375, 6.25, 2.625], "texture": "#2"},
				"east": {"uv": [7.25, 2.375, 7.375, 2.625], "texture": "#2"},
				"south": {"uv": [6.25, 2.375, 7.375, 2.625], "texture": "#2"},
				"west": {"uv": [6.25, 2.375, 6.375, 2.625], "texture": "#2"},
				"up": {"uv": [6.25, 2.5, 7.375, 2.375], "texture": "#2"},
				"down": {"uv": [6.25, 2.625, 7.375, 2.5], "texture": "#2"}
			}
		},
		{
			"from": [5.75, 16.3, 7.425],
			"to": [6.75, 16.8, 7.65],
			"rotation": {"angle": 0, "axis": "y", "origin": [-1.9, 9.725, 0.025]},
			"faces": {
				"north": {"uv": [7.25, 1.875, 6.25, 2.375], "texture": "#2"},
				"east": {"uv": [7.125, 1.875, 7.25, 2.375], "texture": "#2"},
				"south": {"uv": [6.25, 1.875, 7.25, 2.375], "texture": "#2"},
				"west": {"uv": [6.25, 1.875, 6.375, 2.375], "texture": "#2"},
				"up": {"uv": [6.25, 2, 7.25, 1.875], "texture": "#2"},
				"down": {"uv": [6.25, 2.375, 7.25, 2.25], "texture": "#2"}
			}
		},
		{
			"from": [5.75, 16.8, 7.425],
			"to": [6.625, 17.05, 7.65],
			"rotation": {"angle": 0, "axis": "y", "origin": [-2.025, 10.225, 0.025]},
			"faces": {
				"north": {"uv": [7.125, 1.625, 6.25, 1.875], "texture": "#2"},
				"east": {"uv": [7, 1.625, 7.125, 1.875], "texture": "#2"},
				"south": {"uv": [6.25, 1.625, 7.125, 1.875], "texture": "#2"},
				"west": {"uv": [6.25, 1.625, 6.375, 1.875], "texture": "#2"},
				"up": {"uv": [6.25, 1.75, 7.125, 1.625], "texture": "#2"},
				"down": {"uv": [6.25, 1.875, 7.125, 1.75], "texture": "#2"}
			}
		},
		{
			"from": [5.875, 17.05, 7.425],
			"to": [6.625, 17.3, 7.65],
			"rotation": {"angle": 0, "axis": "y", "origin": [-2.025, 10.475, 0.025]},
			"faces": {
				"north": {"uv": [7.125, 1.375, 6.375, 1.625], "texture": "#2"},
				"east": {"uv": [7, 1.375, 7.125, 1.625], "texture": "#2"},
				"south": {"uv": [6.375, 1.375, 7.125, 1.625], "texture": "#2"},
				"west": {"uv": [6.375, 1.375, 6.5, 1.625], "texture": "#2"},
				"up": {"uv": [6.375, 1.5, 7.125, 1.375], "texture": "#2"},
				"down": {"uv": [6.375, 1.625, 7.125, 1.5], "texture": "#2"}
			}
		},
		{
			"from": [5.875, 17.3, 7.425],
			"to": [6.5, 17.675, 7.65],
			"rotation": {"angle": 0, "axis": "y", "origin": [-1.775, 10.725, 0.025]},
			"faces": {
				"north": {"uv": [7, 1, 6.375, 1.375], "texture": "#2"},
				"east": {"uv": [6.875, 1, 7, 1.375], "texture": "#2"},
				"south": {"uv": [6.375, 1, 7, 1.375], "texture": "#2"},
				"west": {"uv": [6.375, 1, 6.5, 1.375], "texture": "#2"},
				"up": {"uv": [6.375, 1.125, 7, 1], "texture": "#2"},
				"down": {"uv": [6.375, 1.375, 7, 1.25], "texture": "#2"}
			}
		},
		{
			"from": [6, 17.675, 7.425],
			"to": [6.375, 18.05, 7.65],
			"rotation": {"angle": 0, "axis": "y", "origin": [-1.9, 11.1, 0.025]},
			"faces": {
				"north": {"uv": [6.875, 0.625, 6.5, 1], "texture": "#2"},
				"east": {"uv": [6.75, 0.625, 6.875, 1], "texture": "#2"},
				"south": {"uv": [6.5, 0.625, 6.875, 1], "texture": "#2"},
				"west": {"uv": [6.5, 0.625, 6.625, 1], "texture": "#2"},
				"up": {"uv": [6.5, 0.75, 6.875, 0.625], "texture": "#2"},
				"down": {"uv": [6.5, 1, 6.875, 0.875], "texture": "#2"}
			}
		},
		{
			"from": [6, 18.05, 7.425],
			"to": [6.25, 18.175, 7.65],
			"rotation": {"angle": 0, "axis": "y", "origin": [-1.9, 11.475, 0.025]},
			"faces": {
				"north": {"uv": [6.75, 0.5, 6.5, 0.625], "texture": "#2"},
				"east": {"uv": [6.625, 0.5, 6.75, 0.625], "texture": "#2"},
				"south": {"uv": [6.5, 0.5, 6.75, 0.625], "texture": "#2"},
				"west": {"uv": [6.5, 0.5, 6.625, 0.625], "texture": "#2"},
				"up": {"uv": [6.5, 0.625, 6.75, 0.5], "texture": "#2"},
				"down": {"uv": [6.5, 0.625, 6.75, 0.5], "texture": "#2"}
			}
		},
		{
			"from": [6.125, 18.175, 7.425],
			"to": [6.25, 18.425, 7.65],
			"rotation": {"angle": 0, "axis": "y", "origin": [-1.9, 11.6, 0.025]},
			"faces": {
				"north": {"uv": [6.75, 0.25, 6.625, 0.5], "texture": "#2"},
				"east": {"uv": [6.625, 0.25, 6.75, 0.5], "texture": "#2"},
				"south": {"uv": [6.625, 0.25, 6.75, 0.5], "texture": "#2"},
				"west": {"uv": [6.625, 0.25, 6.75, 0.5], "texture": "#2"},
				"up": {"uv": [6.625, 0.375, 6.75, 0.25], "texture": "#2"},
				"down": {"uv": [6.625, 0.5, 6.75, 0.375], "texture": "#2"}
			}
		}
	],
	"gui_light": "front",
	"display": {
		"thirdperson_righthand": {
			"rotation": [0, -90, 0],
			"translation": [-0.75, 2.5, 1.5],
			"scale": [1.4, 1.4, 1.4]
		},
		"thirdperson_lefthand": {
			"rotation": [0, 90, 0],
			"translation": [0, 2.5, 1.5],
			"scale": [1.4, 1.4, 1.4]
		},
		"firstperson_righthand": {
			"rotation": [55, -90, 60],
			"translation": [-1.25, 3.25, 1.5],
			"scale": [1.1, 1.1, 1.1]
		},
		"firstperson_lefthand": {
			"rotation": [-65, 90, 60],
			"translation": [-0.75, 3, 1.5],
			"scale": [1.1, 1.1, 1.1]
		},
		"ground": {
			"rotation": [-45, 91, 1],
			"translation": [0.25, 0, 0],
			"scale": [0.7, 0.7, 0.7]
		},
		"gui": {
			"rotation": [0, 0, -45],
			"translation": [-1.5, -3.5, 0],
			"scale": [1.25, 1.25, 1.25]
		},
		"head": {
			"translation": [0, 9.75, 0]
		},
		"fixed": {
			"rotation": [180, 0, 135],
			"translation": [2.25, -2.5, 0],
			"scale": [1.4, 1.4, 1.4]
		}
	}
}