{
	"credit": "Made with Blockbench",
	"textures": {
		"2": "./macuahuitl",
		"particle": "./macuahuitl"
	},
	"elements": [
		{
			"from": [6, 14.225, 7.35],
			"to": [9.5, 15.225, 7.65],
			"faces": {
				"north": {"uv": [8.5, 0.5, 5, 1.5], "texture": "#2"},
				"east": {"uv": [8.25, 0.5, 8.5, 1.5], "texture": "#2"},
				"south": {"uv": [5, 0.5, 8.5, 1.5], "texture": "#2"},
				"west": {"uv": [5, 0.5, 5.25, 1.5], "texture": "#2"},
				"up": {"uv": [5, 0.5, 8.5, 0.75], "texture": "#2"},
				"down": {"uv": [5, 1.25, 8.5, 1.5], "texture": "#2"}
			}
		},
		{
			"from": [6, 12.475, 7.35],
			"to": [9.5, 13.475, 7.65],
			"faces": {
				"north": {"uv": [8.5, 2.25, 5, 3.25], "texture": "#2"},
				"east": {"uv": [8.25, 2.25, 8.5, 3.25], "texture": "#2"},
				"south": {"uv": [5, 2.25, 8.5, 3.25], "texture": "#2"},
				"west": {"uv": [5, 2.25, 5.25, 3.25], "texture": "#2"},
				"up": {"uv": [5, 2.25, 8.5, 2.5], "texture": "#2"},
				"down": {"uv": [5, 3, 8.5, 3.25], "texture": "#2"}
			}
		},
		{
			"from": [6, 10.725, 7.35],
			"to": [9.5, 11.725, 7.65],
			"faces": {
				"north": {"uv": [8.5, 4, 5, 5], "texture": "#2"},
				"east": {"uv": [8.25, 4, 8.5, 5], "texture": "#2"},
				"south": {"uv": [5, 4, 8.5, 5], "texture": "#2"},
				"west": {"uv": [5, 4, 5.25, 5], "texture": "#2"},
				"up": {"uv": [5, 4, 8.5, 4.25], "texture": "#2"},
				"down": {"uv": [5, 4.75, 8.5, 5], "texture": "#2"}
			}
		},
		{
			"from": [6.25, 8.975, 7.35],
			"to": [9.25, 9.975, 7.65],
			"faces": {
				"north": {"uv": [8.25, 5.75, 5.25, 6.75], "texture": "#2"},
				"east": {"uv": [8, 5.75, 8.25, 6.75], "texture": "#2"},
				"south": {"uv": [5.25, 5.75, 8.25, 6.75], "texture": "#2"},
				"west": {"uv": [5.25, 5.75, 5.5, 6.75], "texture": "#2"},
				"up": {"uv": [5.25, 5.75, 8.25, 6], "texture": "#2"},
				"down": {"uv": [5.25, 6.5, 8.25, 6.75], "texture": "#2"}
			}
		},
		{
			"from": [6.25, 7.225, 7.35],
			"to": [9.25, 8.225, 7.65],
			"faces": {
				"north": {"uv": [8.25, 7.5, 5.25, 8.5], "texture": "#2"},
				"east": {"uv": [8, 7.5, 8.25, 8.5], "texture": "#2"},
				"south": {"uv": [5.25, 7.5, 8.25, 8.5], "texture": "#2"},
				"west": {"uv": [5.25, 7.5, 5.5, 8.5], "texture": "#2"},
				"up": {"uv": [5.25, 7.5, 8.25, 7.75], "texture": "#2"},
				"down": {"uv": [5.25, 8.25, 8.25, 8.5], "texture": "#2"}
			}
		},
		{
			"from": [6.25, 5.475, 7.35],
			"to": [9.25, 6.475, 7.65],
			"faces": {
				"north": {"uv": [8.25, 9.25, 5.25, 10.25], "texture": "#2"},
				"east": {"uv": [8, 9.25, 8.25, 10.25], "texture": "#2"},
				"south": {"uv": [5.25, 9.25, 8.25, 10.25], "texture": "#2"},
				"west": {"uv": [5.25, 9.25, 5.5, 10.25], "texture": "#2"},
				"up": {"uv": [5.25, 9.25, 8.25, 9.5], "texture": "#2"},
				"down": {"uv": [5.25, 10, 8.25, 10.25], "texture": "#2"}
			}
		},
		{
			"from": [7, 5.225, 7.1],
			"to": [8.5, 9.975, 7.9],
			"faces": {
				"north": {"uv": [7.5, 5.75, 6, 10.5], "texture": "#2"},
				"east": {"uv": [7.5, 5.75, 7, 10.5], "texture": "#2"},
				"south": {"uv": [6, 5.75, 7.5, 10.5], "texture": "#2"},
				"west": {"uv": [6, 5.75, 6.5, 10.5], "texture": "#2"},
				"up": {"uv": [6, 5.75, 7.5, 6], "texture": "#2"},
				"down": {"uv": [6, 10.25, 7.5, 10.5], "texture": "#2"}
			}
		},
		{
			"from": [7.25, 2.475, 7.1],
			"to": [8.25, 5.225, 7.9],
			"faces": {
				"north": {"uv": [7.25, 10.5, 6.25, 13.25], "texture": "#2"},
				"east": {"uv": [7.25, 10.5, 6.75, 13.25], "texture": "#2"},
				"south": {"uv": [6.25, 10.5, 7.25, 13.25], "texture": "#2"},
				"west": {"uv": [6.25, 10.5, 6.75, 13.25], "texture": "#2"},
				"up": {"uv": [6.25, 10.5, 7.25, 10.75], "texture": "#2"},
				"down": {"uv": [6.25, 13, 7.25, 13.25], "texture": "#2"}
			}
		},
		{
			"from": [7.5, 0.475, 7.1],
			"to": [8, 2.475, 7.9],
			"faces": {
				"north": {"uv": [7, 13.25, 6.5, 15.25], "texture": "#2"},
				"east": {"uv": [7, 13.25, 6.5, 15.25], "texture": "#2"},
				"south": {"uv": [6.5, 13.25, 7, 15.25], "texture": "#2"},
				"west": {"uv": [6.5, 13.25, 7, 15.25], "texture": "#2"},
				"up": {"uv": [6.5, 13.25, 7, 13.5], "texture": "#2"},
				"down": {"uv": [6.5, 15, 7, 15.25], "texture": "#2"}
			}
		},
		{
			"from": [7.5, -0.275, 7.1],
			"to": [8, -0.025, 7.9],
			"faces": {
				"north": {"uv": [7, 15, 6.5, 15.25], "texture": "#2"},
				"east": {"uv": [7, 15, 6.75, 15.25], "texture": "#2"},
				"south": {"uv": [6.5, 15, 7, 15.25], "texture": "#2"},
				"west": {"uv": [6.5, 15, 6.75, 15.25], "texture": "#2"},
				"up": {"uv": [6.5, 15, 7, 15.25], "texture": "#2"},
				"down": {"uv": [6.5, 15, 7, 15.25], "texture": "#2"}
			}
		},
		{
			"from": [7.25, -0.275, 7.1],
			"to": [7.5, 0.725, 7.9],
			"faces": {
				"north": {"uv": [6.5, 15, 6.25, 16], "texture": "#2"},
				"east": {"uv": [6.5, 15, 6.25, 16], "texture": "#2"},
				"south": {"uv": [6.25, 15, 6.5, 16], "texture": "#2"},
				"west": {"uv": [6.25, 15, 6.5, 16], "texture": "#2"},
				"up": {"uv": [6.25, 15, 6.5, 15.25], "texture": "#2"},
				"down": {"uv": [6.25, 15.75, 6.5, 16], "texture": "#2"}
			}
		},
		{
			"from": [8, -0.275, 7.1],
			"to": [8.25, 0.725, 7.9],
			"faces": {
				"north": {"uv": [7.25, 15, 7, 16], "texture": "#2"},
				"east": {"uv": [7.25, 15, 7, 16], "texture": "#2"},
				"south": {"uv": [7, 15, 7.25, 16], "texture": "#2"},
				"west": {"uv": [7, 15, 7.25, 16], "texture": "#2"},
				"up": {"uv": [7, 15, 7.25, 15.25], "texture": "#2"},
				"down": {"uv": [7, 15.75, 7.25, 16], "texture": "#2"}
			}
		},
		{
			"from": [7, 15.475, 7.1],
			"to": [8.5, 15.725, 7.9],
			"faces": {
				"north": {"uv": [7.5, 0, 6, 0.25], "texture": "#2"},
				"east": {"uv": [7.5, 0, 7.25, 0.25], "texture": "#2"},
				"south": {"uv": [6, 0, 7.5, 0.25], "texture": "#2"},
				"west": {"uv": [6, 0, 6.25, 0.25], "texture": "#2"},
				"up": {"uv": [6, 0, 7.5, 0.25], "texture": "#2"},
				"down": {"uv": [6, 0, 7.5, 0.25], "texture": "#2"}
			}
		},
		{
			"from": [6.75, 9.975, 7.1],
			"to": [8.75, 15.475, 7.9],
			"faces": {
				"north": {"uv": [7.75, 0.25, 5.75, 5.75], "texture": "#2"},
				"east": {"uv": [7.75, 0.25, 7.25, 5.75], "texture": "#2"},
				"south": {"uv": [5.75, 0.25, 7.75, 5.75], "texture": "#2"},
				"west": {"uv": [5.75, 0.25, 6.25, 5.75], "texture": "#2"},
				"up": {"uv": [5.75, 0.25, 7.75, 0.5], "texture": "#2"},
				"down": {"uv": [5.75, 5.5, 7.75, 5.75], "texture": "#2"}
			}
		}
	],
	"gui_light": "front",
	"display": {
		"thirdperson_righthand": {
			"rotation": [0, -90, 0],
			"translation": [-1, 6, 1.5],
			"scale": [1.4, 1.4, 1.4]
		},
		"thirdperson_lefthand": {
			"rotation": [0, 90, 0],
			"translation": [0, 6, 1.5],
			"scale": [1.4, 1.4, 1.4]
		},
		"firstperson_righthand": {
			"rotation": [55, -90, 60],
			"translation": [-1.5, 5.5, 1.5]
		},
		"firstperson_lefthand": {
			"rotation": [-65, 90, 60],
			"translation": [-1, 5.5, 1.5]
		},
		"ground": {
			"rotation": [-45, 90, 0],
			"translation": [0, 1, 0],
			"scale": [0.65, 0.65, 0.65]
		},
		"gui": {
			"rotation": [0, 0, -45],
			"translation": [0.25, -0.25, 0],
			"scale": [1.3, 1.3, 1.3]
		},
		"head": {
			"translation": [0, 9.75, 0]
		},
		"fixed": {
			"rotation": [180, 0, 135],
			"translation": [-0.25, -0.5, 0],
			"scale": [1.6, 1.6, 1.6]
		}
	}
}