{
	"credit": "Made with Blockbench",
	"textures": {
		"1": "./carolingian_sword",
		"particle": "./carolingian_sword"
	},
	"elements": [
		{
			"from": [7.55, 4.8, 7.325],
			"to": [7.875, 6.175, 7.725],
			"rotation": {"angle": 0, "axis": "y", "origin": [0, 2.725, 0]},
			"faces": {
				"north": {"uv": [5.625, 13, 5.25, 14.125], "texture": "#1"},
				"east": {"uv": [6, 13, 6.625, 14.125], "texture": "#1"},
				"south": {"uv": [5.25, 13, 5.625, 14.125], "texture": "#1"},
				"west": {"uv": [4.25, 13, 4.875, 14.125], "texture": "#1"},
				"up": {"uv": [5.125, 13.125, 5.75, 13], "texture": "#1"},
				"down": {"uv": [5.125, 14.125, 5.75, 14], "texture": "#1"}
			}
		},
		{
			"from": [7.525, 3.55, 7.475],
			"to": [7.9, 4.8, 7.575],
			"rotation": {"angle": 0, "axis": "y", "origin": [0, 1.725, 0]},
			"faces": {
				"north": {"uv": [5.625, 14.125, 5.25, 15.125], "texture": "#1"},
				"east": {"uv": [6.25, 14.125, 6.375, 15.125], "texture": "#1"},
				"south": {"uv": [5.25, 14.125, 5.625, 15.125], "texture": "#1"},
				"west": {"uv": [4.5, 14.125, 4.625, 15.125], "texture": "#1"},
				"up": {"uv": [5.25, 14.25, 5.625, 14.125], "texture": "#1"},
				"down": {"uv": [5.25, 15.125, 5.625, 15], "texture": "#1"}
			}
		},
		{
			"from": [7.65, 3.55, 7.375],
			"to": [7.775, 4.8, 7.675],
			"rotation": {"angle": 0, "axis": "y", "origin": [0, 1.725, 0]},
			"faces": {
				"north": {"uv": [5.5, 14.125, 5.375, 15.125], "texture": "#1"},
				"east": {"uv": [6.125, 14.125, 6.5, 15.125], "texture": "#1"},
				"south": {"uv": [5.375, 14.125, 5.5, 15.125], "texture": "#1"},
				"west": {"uv": [4.375, 14.125, 4.75, 15.125], "texture": "#1"},
				"up": {"uv": [5.25, 14.25, 5.625, 14.125], "texture": "#1"},
				"down": {"uv": [5.25, 15.125, 5.625, 15], "texture": "#1"}
			}
		},
		{
			"from": [7.425, 4.8, 7.425],
			"to": [8, 6.175, 7.625],
			"rotation": {"angle": 0, "axis": "y", "origin": [0, 2.725, 0]},
			"faces": {
				"north": {"uv": [5.75, 13, 5.125, 14.125], "texture": "#1"},
				"east": {"uv": [6.125, 13, 6.5, 14.125], "texture": "#1"},
				"south": {"uv": [5.125, 13, 5.75, 14.125], "texture": "#1"},
				"west": {"uv": [4.375, 13, 4.75, 14.125], "texture": "#1"},
				"up": {"uv": [5.125, 13.125, 5.75, 13], "texture": "#1"},
				"down": {"uv": [5.125, 14.125, 5.75, 14], "texture": "#1"}
			}
		},
		{
			"from": [7.4, 2.925, 7.425],
			"to": [7.525, 3.3, 7.625],
			"rotation": {"angle": 0, "axis": "y", "origin": [0.25, 1.225, 0]},
			"faces": {
				"north": {"uv": [5.25, 15.375, 5.125, 15.75], "texture": "#1"},
				"east": {"uv": [5.125, 15.375, 5.25, 15.75], "texture": "#1"},
				"south": {"uv": [5.125, 15.375, 5.25, 15.75], "texture": "#1"},
				"west": {"uv": [5.125, 15.375, 5.25, 15.75], "texture": "#1"},
				"up": {"uv": [5.125, 15.5, 5.25, 15.375], "texture": "#1"},
				"down": {"uv": [5.125, 15.75, 5.25, 15.625], "texture": "#1"}
			}
		},
		{
			"from": [7.9, 2.925, 7.425],
			"to": [8.025, 3.3, 7.625],
			"rotation": {"angle": 0, "axis": "y", "origin": [0.75, 1.225, 0]},
			"faces": {
				"north": {"uv": [5.75, 15.375, 5.625, 15.75], "texture": "#1"},
				"east": {"uv": [5.625, 15.375, 5.75, 15.75], "texture": "#1"},
				"south": {"uv": [5.625, 15.375, 5.75, 15.75], "texture": "#1"},
				"west": {"uv": [5.625, 15.375, 5.75, 15.75], "texture": "#1"},
				"up": {"uv": [5.625, 15.5, 5.75, 15.375], "texture": "#1"},
				"down": {"uv": [5.625, 15.75, 5.75, 15.625], "texture": "#1"}
			}
		},
		{
			"from": [7.275, 2.925, 7.425],
			"to": [7.4, 3.175, 7.625],
			"rotation": {"angle": 0, "axis": "y", "origin": [0.125, 1.225, 0]},
			"faces": {
				"north": {"uv": [5.125, 15.5, 5, 15.75], "texture": "#1"},
				"east": {"uv": [5, 15.5, 5.125, 15.75], "texture": "#1"},
				"south": {"uv": [5, 15.5, 5.125, 15.75], "texture": "#1"},
				"west": {"uv": [5, 15.5, 5.125, 15.75], "texture": "#1"},
				"up": {"uv": [5, 15.625, 5.125, 15.5], "texture": "#1"},
				"down": {"uv": [5, 15.75, 5.125, 15.625], "texture": "#1"}
			}
		},
		{
			"from": [8.025, 2.925, 7.425],
			"to": [8.15, 3.175, 7.625],
			"rotation": {"angle": 0, "axis": "y", "origin": [0.875, 1.225, 0]},
			"faces": {
				"north": {"uv": [5.875, 15.5, 5.75, 15.75], "texture": "#1"},
				"east": {"uv": [5.75, 15.5, 5.875, 15.75], "texture": "#1"},
				"south": {"uv": [5.75, 15.5, 5.875, 15.75], "texture": "#1"},
				"west": {"uv": [5.75, 15.5, 5.875, 15.75], "texture": "#1"},
				"up": {"uv": [5.75, 15.625, 5.875, 15.5], "texture": "#1"},
				"down": {"uv": [5.75, 15.75, 5.875, 15.625], "texture": "#1"}
			}
		},
		{
			"from": [7.525, 3.05, 7.425],
			"to": [7.9, 3.3, 7.625],
			"rotation": {"angle": 0, "axis": "y", "origin": [0.375, 1.35, 0]},
			"faces": {
				"north": {"uv": [5.625, 15.375, 5.25, 15.625], "texture": "#1"},
				"east": {"uv": [5.5, 15.375, 5.625, 15.625], "texture": "#1"},
				"south": {"uv": [5.25, 15.375, 5.625, 15.625], "texture": "#1"},
				"west": {"uv": [5.25, 15.375, 5.375, 15.625], "texture": "#1"},
				"up": {"uv": [5.25, 15.5, 5.625, 15.375], "texture": "#1"},
				"down": {"uv": [5.25, 15.625, 5.625, 15.5], "texture": "#1"}
			}
		},
		{
			"from": [7.65, 3.05, 7.375],
			"to": [7.775, 3.3, 7.675],
			"rotation": {"angle": 0, "axis": "y", "origin": [0.25, 1.225, 0]},
			"faces": {
				"north": {"uv": [5.5, 15.375, 5.375, 15.625], "texture": "#1"},
				"east": {"uv": [5.375, 15.375, 5.5, 15.625], "texture": "#1"},
				"south": {"uv": [5.375, 15.375, 5.5, 15.625], "texture": "#1"},
				"west": {"uv": [5.375, 15.375, 5.5, 15.625], "texture": "#1"},
				"up": {"uv": [5.375, 15.5, 5.5, 15.375], "texture": "#1"},
				"down": {"uv": [5.375, 15.625, 5.5, 15.5], "texture": "#1"}
			}
		},
		{
			"from": [7.525, 2.8, 7.375],
			"to": [7.9, 3.05, 7.675],
			"rotation": {"angle": 0, "axis": "y", "origin": [0.125, 0.975, 0]},
			"faces": {
				"north": {"uv": [5.625, 15.625, 5.25, 15.875], "texture": "#1"},
				"east": {"uv": [5.5, 15.625, 5.625, 15.875], "texture": "#1"},
				"south": {"uv": [5.25, 15.625, 5.625, 15.875], "texture": "#1"},
				"west": {"uv": [5.25, 15.625, 5.375, 15.875], "texture": "#1"},
				"up": {"uv": [5.25, 15.75, 5.625, 15.625], "texture": "#1"},
				"down": {"uv": [5.25, 15.875, 5.625, 15.75], "texture": "#1"}
			}
		},
		{
			"from": [7.4, 3.3, 7.325],
			"to": [8.025, 3.55, 7.725],
			"rotation": {"angle": 0, "axis": "y", "origin": [-0.125, 1.35, 0]},
			"faces": {
				"north": {"uv": [5.75, 15.125, 5.125, 15.375], "texture": "#1"},
				"east": {"uv": [5.625, 15.125, 5.75, 15.375], "texture": "#1"},
				"south": {"uv": [5.125, 15.125, 5.75, 15.375], "texture": "#1"},
				"west": {"uv": [5.125, 15.125, 5.25, 15.375], "texture": "#1"},
				"up": {"uv": [5.125, 15.25, 5.75, 15.125], "texture": "#1"},
				"down": {"uv": [5.125, 15.375, 5.75, 15.25], "texture": "#1"}
			}
		},
		{
			"from": [7.15, 3.175, 7.375],
			"to": [7.4, 3.425, 7.675],
			"rotation": {"angle": 0, "axis": "y", "origin": [-0.75, 1.225, 0]},
			"faces": {
				"north": {"uv": [5.125, 15.25, 4.875, 15.5], "texture": "#1"},
				"east": {"uv": [5, 15.25, 5.125, 15.5], "texture": "#1"},
				"south": {"uv": [4.875, 15.25, 5.125, 15.5], "texture": "#1"},
				"west": {"uv": [4.875, 15.25, 5, 15.5], "texture": "#1"},
				"up": {"uv": [4.875, 15.375, 5.125, 15.25], "texture": "#1"},
				"down": {"uv": [4.875, 15.5, 5.125, 15.375], "texture": "#1"}
			}
		},
		{
			"from": [8.025, 3.175, 7.375],
			"to": [8.275, 3.425, 7.675],
			"rotation": {"angle": 0, "axis": "y", "origin": [0.125, 1.225, 0]},
			"faces": {
				"north": {"uv": [6, 15.25, 5.75, 15.5], "texture": "#1"},
				"east": {"uv": [5.875, 15.25, 6, 15.5], "texture": "#1"},
				"south": {"uv": [5.75, 15.25, 6, 15.5], "texture": "#1"},
				"west": {"uv": [5.75, 15.25, 5.875, 15.5], "texture": "#1"},
				"up": {"uv": [5.75, 15.375, 6, 15.25], "texture": "#1"},
				"down": {"uv": [5.75, 15.5, 6, 15.375], "texture": "#1"}
			}
		},
		{
			"from": [7.275, 6.675, 7.375],
			"to": [7.525, 13.175, 7.675],
			"rotation": {"angle": 0, "axis": "y", "origin": [0, 0.1, 0]},
			"faces": {
				"north": {"uv": [5.25, 6, 5, 12.5], "texture": "#1"},
				"east": {"uv": [5.125, 6, 5.25, 12.5], "texture": "#1"},
				"south": {"uv": [5, 6, 5.25, 12.5], "texture": "#1"},
				"west": {"uv": [5, 6, 5.125, 12.5], "texture": "#1"},
				"up": {"uv": [5, 6.125, 5.25, 6], "texture": "#1"},
				"down": {"uv": [5, 12.5, 5.25, 12.375], "texture": "#1"}
			}
		},
		{
			"from": [7.9, 6.675, 7.375],
			"to": [8.15, 13.175, 7.675],
			"rotation": {"angle": 0, "axis": "y", "origin": [0.625, 0.1, 0]},
			"faces": {
				"north": {"uv": [5.875, 6, 5.625, 12.5], "texture": "#1"},
				"east": {"uv": [5.75, 6, 5.875, 12.5], "texture": "#1"},
				"south": {"uv": [5.625, 6, 5.875, 12.5], "texture": "#1"},
				"west": {"uv": [5.625, 6, 5.75, 12.5], "texture": "#1"},
				"up": {"uv": [5.625, 6.125, 5.875, 6], "texture": "#1"},
				"down": {"uv": [5.625, 12.5, 5.875, 12.375], "texture": "#1"}
			}
		},
		{
			"from": [8.025, 6.175, 7.325],
			"to": [8.15, 6.8, 7.725],
			"rotation": {"angle": 0, "axis": "y", "origin": [0, 0.35, 0]},
			"faces": {
				"north": {"uv": [5.875, 12.375, 5.75, 13], "texture": "#1"},
				"east": {"uv": [5.75, 12.375, 5.875, 13], "texture": "#1"},
				"south": {"uv": [5.75, 12.375, 5.875, 13], "texture": "#1"},
				"west": {"uv": [5.75, 12.375, 5.875, 13], "texture": "#1"},
				"up": {"uv": [5.75, 12.5, 5.875, 12.375], "texture": "#1"},
				"down": {"uv": [5.75, 13, 5.875, 12.875], "texture": "#1"}
			}
		},
		{
			"from": [7.4, 6.175, 7.25],
			"to": [8.025, 6.675, 7.8],
			"rotation": {"angle": 0, "axis": "y", "origin": [0, 0.35, 0]},
			"faces": {
				"north": {"uv": [5.75, 12.5, 5.125, 13], "texture": "#1"},
				"east": {"uv": [5.625, 12.5, 5.75, 13], "texture": "#1"},
				"south": {"uv": [5.125, 12.5, 5.75, 13], "texture": "#1"},
				"west": {"uv": [5.125, 12.5, 5.25, 13], "texture": "#1"},
				"up": {"uv": [5.125, 12.625, 5.75, 12.5], "texture": "#1"},
				"down": {"uv": [5.125, 13, 5.75, 12.875], "texture": "#1"}
			}
		},
		{
			"from": [7.275, 6.175, 7.325],
			"to": [7.4, 6.8, 7.725],
			"rotation": {"angle": 0, "axis": "y", "origin": [0, 0.35, 0]},
			"faces": {
				"north": {"uv": [5.125, 12.375, 5, 13], "texture": "#1"},
				"east": {"uv": [5, 12.375, 5.125, 13], "texture": "#1"},
				"south": {"uv": [5, 12.375, 5.125, 13], "texture": "#1"},
				"west": {"uv": [5, 12.375, 5.125, 13], "texture": "#1"},
				"up": {"uv": [5, 12.5, 5.125, 12.375], "texture": "#1"},
				"down": {"uv": [5, 13, 5.125, 12.875], "texture": "#1"}
			}
		},
		{
			"from": [7.025, 6.3, 7.325],
			"to": [7.275, 6.8, 7.725],
			"rotation": {"angle": 0, "axis": "y", "origin": [-0.125, 0.35, 0]},
			"faces": {
				"north": {"uv": [5, 12.375, 4.75, 12.875], "texture": "#1"},
				"east": {"uv": [4.875, 12.375, 5, 12.875], "texture": "#1"},
				"south": {"uv": [4.75, 12.375, 5, 12.875], "texture": "#1"},
				"west": {"uv": [4.75, 12.375, 4.875, 12.875], "texture": "#1"},
				"up": {"uv": [4.75, 12.5, 5, 12.375], "texture": "#1"},
				"down": {"uv": [4.75, 12.875, 5, 12.75], "texture": "#1"}
			}
		},
		{
			"from": [8.15, 6.3, 7.325],
			"to": [8.4, 6.8, 7.725],
			"rotation": {"angle": 0, "axis": "y", "origin": [1, 0.35, 0]},
			"faces": {
				"north": {"uv": [6.125, 12.375, 5.875, 12.875], "texture": "#1"},
				"east": {"uv": [6, 12.375, 6.125, 12.875], "texture": "#1"},
				"south": {"uv": [5.875, 12.375, 6.125, 12.875], "texture": "#1"},
				"west": {"uv": [5.875, 12.375, 6, 12.875], "texture": "#1"},
				"up": {"uv": [5.875, 12.5, 6.125, 12.375], "texture": "#1"},
				"down": {"uv": [5.875, 12.875, 6.125, 12.75], "texture": "#1"}
			}
		},
		{
			"from": [7.15, 6.675, 7.475],
			"to": [8.275, 13.175, 7.575],
			"rotation": {"angle": 0, "axis": "y", "origin": [0, 0.1, 0]},
			"faces": {
				"north": {"uv": [6, 6, 4.875, 12.5], "texture": "#1"},
				"east": {"uv": [5.875, 6, 6, 12.5], "texture": "#1"},
				"south": {"uv": [4.875, 6, 6, 12.5], "texture": "#1"},
				"west": {"uv": [4.875, 6, 5, 12.5], "texture": "#1"},
				"up": {"uv": [4.875, 6.125, 6, 6], "texture": "#1"},
				"down": {"uv": [4.875, 12.5, 6, 12.375], "texture": "#1"}
			}
		},
		{
			"from": [7.4, 13.8, 7.375],
			"to": [8.025, 15.175, 7.675],
			"rotation": {"angle": 0, "axis": "y", "origin": [0, -0.775, 0]},
			"faces": {
				"north": {"uv": [5.75, 4, 5.125, 5.375], "texture": "#1"},
				"east": {"uv": [5.625, 4, 5.75, 5.375], "texture": "#1"},
				"south": {"uv": [5.125, 4, 5.75, 5.375], "texture": "#1"},
				"west": {"uv": [5.125, 4, 5.25, 5.375], "texture": "#1"},
				"up": {"uv": [5.125, 4.125, 5.75, 4], "texture": "#1"},
				"down": {"uv": [5.125, 5.375, 5.75, 5.25], "texture": "#1"}
			}
		},
		{
			"from": [7.4, 13.175, 7.375],
			"to": [7.65, 13.8, 7.675],
			"rotation": {"angle": 0, "axis": "y", "origin": [0, -1.4, 0]},
			"faces": {
				"north": {"uv": [5.375, 5.375, 5.125, 6], "texture": "#1"},
				"east": {"uv": [5.25, 5.375, 5.375, 6], "texture": "#1"},
				"south": {"uv": [5.125, 5.375, 5.375, 6], "texture": "#1"},
				"west": {"uv": [5.125, 5.375, 5.25, 6], "texture": "#1"},
				"up": {"uv": [5.125, 5.5, 5.375, 5.375], "texture": "#1"},
				"down": {"uv": [5.125, 6, 5.375, 5.875], "texture": "#1"}
			}
		},
		{
			"from": [7.775, 13.175, 7.375],
			"to": [8.025, 13.8, 7.675],
			"rotation": {"angle": 0, "axis": "y", "origin": [0.375, -1.4, 0]},
			"faces": {
				"north": {"uv": [5.75, 5.375, 5.5, 6], "texture": "#1"},
				"east": {"uv": [5.625, 5.375, 5.75, 6], "texture": "#1"},
				"south": {"uv": [5.5, 5.375, 5.75, 6], "texture": "#1"},
				"west": {"uv": [5.5, 5.375, 5.625, 6], "texture": "#1"},
				"up": {"uv": [5.5, 5.5, 5.75, 5.375], "texture": "#1"},
				"down": {"uv": [5.5, 6, 5.75, 5.875], "texture": "#1"}
			}
		},
		{
			"from": [7.275, 13.175, 7.475],
			"to": [8.15, 15.175, 7.575],
			"rotation": {"angle": 0, "axis": "y", "origin": [0, -0.775, 0]},
			"faces": {
				"north": {"uv": [5.875, 4, 5, 6], "texture": "#1"},
				"east": {"uv": [5.75, 4, 5.875, 6], "texture": "#1"},
				"south": {"uv": [5, 4, 5.875, 6], "texture": "#1"},
				"west": {"uv": [5, 4, 5.125, 6], "texture": "#1"},
				"up": {"uv": [5, 4.125, 5.875, 4], "texture": "#1"},
				"down": {"uv": [5, 6, 5.875, 5.875], "texture": "#1"}
			}
		},
		{
			"from": [7.4, 15.175, 7.45],
			"to": [8.025, 16.05, 7.575],
			"rotation": {"angle": 0, "axis": "y", "origin": [0, -3.775, 0]},
			"faces": {
				"north": {"uv": [5.75, 3.125, 5.125, 4], "texture": "#1"},
				"east": {"uv": [5.625, 3.125, 5.75, 4], "texture": "#1"},
				"south": {"uv": [5.125, 3.125, 5.75, 4], "texture": "#1"},
				"west": {"uv": [5.125, 3.125, 5.25, 4], "texture": "#1"},
				"up": {"uv": [5.125, 3.25, 5.75, 3.125], "texture": "#1"},
				"down": {"uv": [5.125, 4, 5.75, 3.875], "texture": "#1"}
			}
		},
		{
			"from": [7.525, 15.175, 7.375],
			"to": [7.9, 16.05, 7.675],
			"rotation": {"angle": 0, "axis": "y", "origin": [0, -3.775, 0]},
			"faces": {
				"north": {"uv": [5.625, 3.125, 5.25, 4], "texture": "#1"},
				"east": {"uv": [5.5, 3.125, 5.625, 4], "texture": "#1"},
				"south": {"uv": [5.25, 3.125, 5.625, 4], "texture": "#1"},
				"west": {"uv": [5.25, 3.125, 5.375, 4], "texture": "#1"},
				"up": {"uv": [5.25, 3.25, 5.625, 3.125], "texture": "#1"},
				"down": {"uv": [5.25, 4, 5.625, 3.875], "texture": "#1"}
			}
		},
		{
			"from": [7.65, 16.05, 7.375],
			"to": [7.775, 16.55, 7.675],
			"rotation": {"angle": 0, "axis": "y", "origin": [0, -4.025, 0]},
			"faces": {
				"north": {"uv": [5.5, 2.625, 5.375, 3.125], "texture": "#1"},
				"east": {"uv": [5.375, 2.625, 5.5, 3.125], "texture": "#1"},
				"south": {"uv": [5.375, 2.625, 5.5, 3.125], "texture": "#1"},
				"west": {"uv": [5.375, 2.625, 5.5, 3.125], "texture": "#1"},
				"up": {"uv": [5.375, 2.75, 5.5, 2.625], "texture": "#1"},
				"down": {"uv": [5.375, 3.125, 5.5, 3], "texture": "#1"}
			}
		},
		{
			"from": [7.525, 16.05, 7.475],
			"to": [7.9, 16.55, 7.575],
			"rotation": {"angle": 0, "axis": "y", "origin": [0, -4.025, 0]},
			"faces": {
				"north": {"uv": [5.625, 2.625, 5.25, 3.125], "texture": "#1"},
				"east": {"uv": [5.5, 2.625, 5.625, 3.125], "texture": "#1"},
				"south": {"uv": [5.25, 2.625, 5.625, 3.125], "texture": "#1"},
				"west": {"uv": [5.25, 2.625, 5.375, 3.125], "texture": "#1"},
				"up": {"uv": [5.25, 2.75, 5.625, 2.625], "texture": "#1"},
				"down": {"uv": [5.25, 3.125, 5.625, 3], "texture": "#1"}
			}
		},
		{
			"from": [7.65, 16.55, 7.475],
			"to": [7.775, 16.925, 7.575],
			"rotation": {"angle": 0, "axis": "y", "origin": [0, -4.025, 0]},
			"faces": {
				"north": {"uv": [5.5, 2.25, 5.375, 2.625], "texture": "#1"},
				"east": {"uv": [5.375, 2.25, 5.5, 2.625], "texture": "#1"},
				"south": {"uv": [5.375, 2.25, 5.5, 2.625], "texture": "#1"},
				"west": {"uv": [5.375, 2.25, 5.5, 2.625], "texture": "#1"},
				"up": {"uv": [5.375, 2.375, 5.5, 2.25], "texture": "#1"},
				"down": {"uv": [5.375, 2.625, 5.5, 2.5], "texture": "#1"}
			}
		},
		{
			"from": [6.9, 6.3, 7.425],
			"to": [7.025, 6.925, 7.625],
			"rotation": {"angle": 0, "axis": "y", "origin": [0.125, 0.225, 0]},
			"faces": {
				"north": {"uv": [4.75, 12.25, 4.625, 12.875], "texture": "#1"},
				"east": {"uv": [4.625, 12.25, 4.75, 12.875], "texture": "#1"},
				"south": {"uv": [4.625, 12.25, 4.75, 12.875], "texture": "#1"},
				"west": {"uv": [4.625, 12.25, 4.75, 12.875], "texture": "#1"},
				"up": {"uv": [4.625, 12.375, 4.75, 12.25], "texture": "#1"},
				"down": {"uv": [4.625, 12.875, 4.75, 12.75], "texture": "#1"}
			}
		},
		{
			"from": [6.65, 6.425, 7.425],
			"to": [6.775, 7.05, 7.625],
			"rotation": {"angle": 0, "axis": "y", "origin": [-0.125, 0.35, 0]},
			"faces": {
				"north": {"uv": [4.5, 12.125, 4.375, 12.75], "texture": "#1"},
				"east": {"uv": [4.375, 12.125, 4.5, 12.75], "texture": "#1"},
				"south": {"uv": [4.375, 12.125, 4.5, 12.75], "texture": "#1"},
				"west": {"uv": [4.375, 12.125, 4.5, 12.75], "texture": "#1"},
				"up": {"uv": [4.375, 12.25, 4.5, 12.125], "texture": "#1"},
				"down": {"uv": [4.375, 12.75, 4.5, 12.625], "texture": "#1"}
			}
		},
		{
			"from": [6.775, 6.425, 7.425],
			"to": [6.9, 6.925, 7.625],
			"rotation": {"angle": 0, "axis": "y", "origin": [0, 0.35, 0]},
			"faces": {
				"north": {"uv": [4.625, 12.25, 4.5, 12.75], "texture": "#1"},
				"east": {"uv": [4.5, 12.25, 4.625, 12.75], "texture": "#1"},
				"south": {"uv": [4.5, 12.25, 4.625, 12.75], "texture": "#1"},
				"west": {"uv": [4.5, 12.25, 4.625, 12.75], "texture": "#1"},
				"up": {"uv": [4.5, 12.375, 4.625, 12.25], "texture": "#1"},
				"down": {"uv": [4.5, 12.75, 4.625, 12.625], "texture": "#1"}
			}
		},
		{
			"from": [6.525, 6.675, 7.425],
			"to": [6.65, 7.05, 7.625],
			"rotation": {"angle": 0, "axis": "y", "origin": [-0.25, 0.475, 0]},
			"faces": {
				"north": {"uv": [4.375, 12.125, 4.25, 12.5], "texture": "#1"},
				"east": {"uv": [4.25, 12.125, 4.375, 12.5], "texture": "#1"},
				"south": {"uv": [4.25, 12.125, 4.375, 12.5], "texture": "#1"},
				"west": {"uv": [4.25, 12.125, 4.375, 12.5], "texture": "#1"},
				"up": {"uv": [4.25, 12.25, 4.375, 12.125], "texture": "#1"},
				"down": {"uv": [4.25, 12.5, 4.375, 12.375], "texture": "#1"}
			}
		},
		{
			"from": [8.4, 6.3, 7.425],
			"to": [8.525, 6.925, 7.625],
			"rotation": {"angle": 0, "axis": "y", "origin": [1.625, 0.225, 0]},
			"faces": {
				"north": {"uv": [6.25, 12.25, 6.125, 12.875], "texture": "#1"},
				"east": {"uv": [6.125, 12.25, 6.25, 12.875], "texture": "#1"},
				"south": {"uv": [6.125, 12.25, 6.25, 12.875], "texture": "#1"},
				"west": {"uv": [6.125, 12.25, 6.25, 12.875], "texture": "#1"},
				"up": {"uv": [6.125, 12.375, 6.25, 12.25], "texture": "#1"},
				"down": {"uv": [6.125, 12.875, 6.25, 12.75], "texture": "#1"}
			}
		},
		{
			"from": [8.525, 6.425, 7.425],
			"to": [8.65, 6.925, 7.625],
			"rotation": {"angle": 0, "axis": "y", "origin": [1.75, 0.35, 0]},
			"faces": {
				"north": {"uv": [6.375, 12.25, 6.25, 12.75], "texture": "#1"},
				"east": {"uv": [6.25, 12.25, 6.375, 12.75], "texture": "#1"},
				"south": {"uv": [6.25, 12.25, 6.375, 12.75], "texture": "#1"},
				"west": {"uv": [6.25, 12.25, 6.375, 12.75], "texture": "#1"},
				"up": {"uv": [6.25, 12.375, 6.375, 12.25], "texture": "#1"},
				"down": {"uv": [6.25, 12.75, 6.375, 12.625], "texture": "#1"}
			}
		},
		{
			"from": [8.65, 6.425, 7.425],
			"to": [8.775, 7.05, 7.625],
			"rotation": {"angle": 0, "axis": "y", "origin": [1.875, 0.35, 0]},
			"faces": {
				"north": {"uv": [6.5, 12.125, 6.375, 12.75], "texture": "#1"},
				"east": {"uv": [6.375, 12.125, 6.5, 12.75], "texture": "#1"},
				"south": {"uv": [6.375, 12.125, 6.5, 12.75], "texture": "#1"},
				"west": {"uv": [6.375, 12.125, 6.5, 12.75], "texture": "#1"},
				"up": {"uv": [6.375, 12.25, 6.5, 12.125], "texture": "#1"},
				"down": {"uv": [6.375, 12.75, 6.5, 12.625], "texture": "#1"}
			}
		},
		{
			"from": [8.775, 6.675, 7.425],
			"to": [8.9, 7.05, 7.625],
			"rotation": {"angle": 0, "axis": "y", "origin": [2, 0.475, 0]},
			"faces": {
				"north": {"uv": [6.625, 12.125, 6.5, 12.5], "texture": "#1"},
				"east": {"uv": [6.5, 12.125, 6.625, 12.5], "texture": "#1"},
				"south": {"uv": [6.5, 12.125, 6.625, 12.5], "texture": "#1"},
				"west": {"uv": [6.5, 12.125, 6.625, 12.5], "texture": "#1"},
				"up": {"uv": [6.5, 12.25, 6.625, 12.125], "texture": "#1"},
				"down": {"uv": [6.5, 12.5, 6.625, 12.375], "texture": "#1"}
			}
		}
	],
	"gui_light": "front",
	"display": {
		"thirdperson_righthand": {
			"rotation": [0, -90, 0],
			"translation": [-1, 2.5, 1.5],
			"scale": [1.5, 1.6, 1.5]
		},
		"thirdperson_lefthand": {
			"rotation": [0, 90, 0],
			"translation": [0.25, 2.75, 1.5],
			"scale": [1.5, 1.6, 1.5]
		},
		"firstperson_righthand": {
			"rotation": [55, -90, 60],
			"translation": [-1.25, 3.75, 2],
			"scale": [1.1, 1.1, 1.1]
		},
		"firstperson_lefthand": {
			"rotation": [-65, 90, 60],
			"translation": [-0.75, 3.75, 2],
			"scale": [1.1, 1.1, 1.1]
		},
		"ground": {
			"rotation": [45, 90, 0],
			"translation": [0, 1, 0],
			"scale": [0.65, 0.65, 0.65]
		},
		"gui": {
			"rotation": [0, 0, -45],
			"translation": [-1.75, -2.25, 0],
			"scale": [1.6, 1.6, 1.6]
		},
		"head": {
			"translation": [0, 9.75, 0]
		},
		"fixed": {
			"rotation": [180, 0, 135],
			"translation": [2, -2.75, -1],
			"scale": [1.8, 1.8, 1.8]
		}
	}
}