{
	"credit": "Made with Blockbench",
	"textures": {
		"2": "./knife_corvo",
		"particle": "./knife_corvo"
	},
	"elements": [
		{
			"from": [6.375, 7.1, 7.175],
			"to": [8.125, 14.1, 7.725],
			"faces": {
				"north": {"uv": [2.75, 7.25, 1, 14.25], "texture": "#2"},
				"east": {"uv": [2.5, 7.25, 2.75, 14.25], "texture": "#2"},
				"south": {"uv": [1, 7.25, 2.75, 14.25], "texture": "#2"},
				"west": {"uv": [1, 7.25, 1.25, 14.25], "texture": "#2"},
				"up": {"uv": [1, 7.25, 2.75, 7.5], "texture": "#2"},
				"down": {"uv": [2.75, 14, 1, 14.25], "rotation": 180, "texture": "#2"}
			}
		},
		{
			"from": [6.125, 6.85, 7.175],
			"to": [8.375, 7.1, 7.725],
			"faces": {
				"north": {"uv": [3, 14.25, 0.75, 14.5], "texture": "#2"},
				"east": {"uv": [2.75, 14.25, 3, 14.5], "texture": "#2"},
				"south": {"uv": [0.75, 14.25, 3, 14.5], "texture": "#2"},
				"west": {"uv": [0.75, 14.25, 1, 14.5], "texture": "#2"},
				"up": {"uv": [0.75, 14.25, 3, 14.5], "texture": "#2"},
				"down": {"uv": [3, 14.25, 0.75, 14.5], "rotation": 180, "texture": "#2"}
			}
		},
		{
			"from": [5.875, 5.35, 7.175],
			"to": [8.625, 6.85, 7.725],
			"faces": {
				"north": {"uv": [3.25, 14.5, 0.5, 16], "texture": "#2"},
				"east": {"uv": [3, 14.5, 3.25, 16], "texture": "#2"},
				"south": {"uv": [0.5, 14.5, 3.25, 16], "texture": "#2"},
				"west": {"uv": [0.5, 14.5, 0.75, 16], "texture": "#2"},
				"up": {"uv": [0.5, 14.5, 3.25, 14.75], "texture": "#2"},
				"down": {"uv": [3.25, 15.75, 0.5, 16], "rotation": 180, "texture": "#2"}
			}
		},
		{
			"from": [6.375, 4.9, 6.6],
			"to": [8.125, 5.35, 8.35],
			"faces": {
				"north": {"uv": [8.5, 4.25, 6.75, 4.5], "texture": "#2"},
				"east": {"uv": [8.25, 4.25, 8.5, 6], "texture": "#2"},
				"south": {"uv": [6.75, 5.75, 8.5, 6], "texture": "#2"},
				"west": {"uv": [6.75, 4.25, 7, 6], "texture": "#2"},
				"up": {"uv": [6.75, 4.25, 8.5, 6], "texture": "#2"},
				"down": {"uv": [8.5, 4.25, 6.75, 6], "rotation": 180, "texture": "#2"}
			}
		},
		{
			"from": [8.125, 4.9, 6.85],
			"to": [8.875, 5.35, 8.1],
			"faces": {
				"north": {"uv": [9.25, 4.5, 8.5, 4.75], "texture": "#2"},
				"east": {"uv": [9, 4.5, 9.25, 5.75], "texture": "#2"},
				"south": {"uv": [8.5, 5.5, 9.25, 5.75], "texture": "#2"},
				"west": {"uv": [8.5, 4.5, 8.75, 5.75], "texture": "#2"},
				"up": {"uv": [8.5, 4.5, 9.25, 5.75], "texture": "#2"},
				"down": {"uv": [9.25, 4.5, 8.5, 5.75], "rotation": 180, "texture": "#2"}
			}
		},
		{
			"from": [8.875, 4.9, 7.1],
			"to": [9.125, 5.35, 7.85],
			"faces": {
				"north": {"uv": [9.5, 4.75, 9.25, 5], "texture": "#2"},
				"east": {"uv": [9.25, 4.75, 9.5, 5.5], "texture": "#2"},
				"south": {"uv": [9.25, 5.25, 9.5, 5.5], "texture": "#2"},
				"west": {"uv": [9.25, 4.75, 9.5, 5.5], "texture": "#2"},
				"up": {"uv": [9.25, 4.75, 9.5, 5.5], "texture": "#2"},
				"down": {"uv": [9.5, 4.75, 9.25, 5.5], "rotation": 180, "texture": "#2"}
			}
		},
		{
			"from": [5.375, 4.9, 7.1],
			"to": [5.625, 5.35, 7.85],
			"faces": {
				"north": {"uv": [6, 4.75, 5.75, 5], "texture": "#2"},
				"east": {"uv": [5.75, 4.75, 6, 5.5], "texture": "#2"},
				"south": {"uv": [5.75, 5.25, 6, 5.5], "texture": "#2"},
				"west": {"uv": [5.75, 4.75, 6, 5.5], "texture": "#2"},
				"up": {"uv": [5.75, 4.75, 6, 5.5], "texture": "#2"},
				"down": {"uv": [6, 4.75, 5.75, 5.5], "rotation": 180, "texture": "#2"}
			}
		},
		{
			"from": [5.625, 4.9, 6.85],
			"to": [6.375, 5.35, 8.1],
			"faces": {
				"north": {"uv": [6.75, 4.5, 6, 4.75], "texture": "#2"},
				"east": {"uv": [6.5, 4.5, 6.75, 5.75], "texture": "#2"},
				"south": {"uv": [6, 5.5, 6.75, 5.75], "texture": "#2"},
				"west": {"uv": [6, 4.5, 6.25, 5.75], "texture": "#2"},
				"up": {"uv": [6, 4.5, 6.75, 5.75], "texture": "#2"},
				"down": {"uv": [6.75, 4.5, 6, 5.75], "rotation": 180, "texture": "#2"}
			}
		},
		{
			"from": [5.875, 14.1, 7.35],
			"to": [8.875, 14.6, 7.55],
			"faces": {
				"north": {"uv": [3.5, 6.75, 0.5, 7.25], "texture": "#2"},
				"east": {"uv": [3.25, 6.75, 3.5, 7.25], "texture": "#2"},
				"south": {"uv": [0.5, 6.75, 3.5, 7.25], "texture": "#2"},
				"west": {"uv": [0.5, 6.75, 0.75, 7.25], "texture": "#2"},
				"up": {"uv": [0.5, 6.75, 3.5, 7], "texture": "#2"},
				"down": {"uv": [3.5, 7, 0.5, 7.25], "rotation": 180, "texture": "#2"}
			}
		},
		{
			"from": [6.375, 14.1, 7.175],
			"to": [8.375, 14.6, 7.725],
			"faces": {
				"north": {"uv": [3, 6.75, 1, 7.25], "texture": "#2"},
				"east": {"uv": [2.75, 6.75, 3, 7.25], "texture": "#2"},
				"south": {"uv": [1, 6.75, 3, 7.25], "texture": "#2"},
				"west": {"uv": [1, 6.75, 1.25, 7.25], "texture": "#2"},
				"up": {"uv": [1, 6.75, 3, 7], "texture": "#2"},
				"down": {"uv": [3, 7, 1, 7.25], "rotation": 180, "texture": "#2"}
			}
		},
		{
			"from": [6.125, 14.6, 7.35],
			"to": [8.875, 15.1, 7.55],
			"faces": {
				"north": {"uv": [3.5, 6.25, 0.75, 6.75], "texture": "#2"},
				"east": {"uv": [3.25, 6.25, 3.5, 6.75], "texture": "#2"},
				"south": {"uv": [0.75, 6.25, 3.5, 6.75], "texture": "#2"},
				"west": {"uv": [0.75, 6.25, 1, 6.75], "texture": "#2"},
				"up": {"uv": [0.75, 6.25, 3.5, 6.5], "texture": "#2"},
				"down": {"uv": [3.5, 6.5, 0.75, 6.75], "rotation": 180, "texture": "#2"}
			}
		},
		{
			"from": [6.625, 15.1, 7.175],
			"to": [8.625, 15.6, 7.725],
			"faces": {
				"north": {"uv": [3.25, 5.75, 1.25, 6.25], "texture": "#2"},
				"east": {"uv": [3, 5.75, 3.25, 6.25], "texture": "#2"},
				"south": {"uv": [1.25, 5.75, 3.25, 6.25], "texture": "#2"},
				"west": {"uv": [1.25, 5.75, 1.5, 6.25], "texture": "#2"},
				"up": {"uv": [1.25, 5.75, 3.25, 6], "texture": "#2"},
				"down": {"uv": [3.25, 6, 1.25, 6.25], "rotation": 180, "texture": "#2"}
			}
		},
		{
			"from": [6.125, 15.1, 7.35],
			"to": [9.125, 15.6, 7.55],
			"faces": {
				"north": {"uv": [3.75, 5.75, 0.75, 6.25], "texture": "#2"},
				"east": {"uv": [3.5, 5.75, 3.75, 6.25], "texture": "#2"},
				"south": {"uv": [0.75, 5.75, 3.75, 6.25], "texture": "#2"},
				"west": {"uv": [0.75, 5.75, 1, 6.25], "texture": "#2"},
				"up": {"uv": [0.75, 5.75, 3.75, 6], "texture": "#2"},
				"down": {"uv": [3.75, 6, 0.75, 6.25], "rotation": 180, "texture": "#2"}
			}
		},
		{
			"from": [6.875, 15.85, 7.175],
			"to": [8.875, 16.1, 7.725],
			"faces": {
				"north": {"uv": [3.5, 5.25, 1.5, 5.5], "texture": "#2"},
				"east": {"uv": [3.25, 5.25, 3.5, 5.5], "texture": "#2"},
				"south": {"uv": [1.5, 5.25, 3.5, 5.5], "texture": "#2"},
				"west": {"uv": [1.5, 5.25, 1.75, 5.5], "texture": "#2"},
				"up": {"uv": [1.5, 5.25, 3.5, 5.5], "texture": "#2"},
				"down": {"uv": [3.5, 5.25, 1.5, 5.5], "rotation": 180, "texture": "#2"}
			}
		},
		{
			"from": [6.375, 15.6, 7.35],
			"to": [9.125, 15.85, 7.55],
			"faces": {
				"north": {"uv": [3.75, 5.5, 1, 5.75], "texture": "#2"},
				"east": {"uv": [3.5, 5.5, 3.75, 5.75], "texture": "#2"},
				"south": {"uv": [1, 5.5, 3.75, 5.75], "texture": "#2"},
				"west": {"uv": [1, 5.5, 1.25, 5.75], "texture": "#2"},
				"up": {"uv": [1, 5.5, 3.75, 5.75], "texture": "#2"},
				"down": {"uv": [3.75, 5.5, 1, 5.75], "rotation": 180, "texture": "#2"}
			}
		},
		{
			"from": [6.875, 15.6, 7.175],
			"to": [8.625, 15.85, 7.725],
			"faces": {
				"north": {"uv": [3.25, 5.5, 1.5, 5.75], "texture": "#2"},
				"east": {"uv": [3, 5.5, 3.25, 5.75], "texture": "#2"},
				"south": {"uv": [1.5, 5.5, 3.25, 5.75], "texture": "#2"},
				"west": {"uv": [1.5, 5.5, 1.75, 5.75], "texture": "#2"},
				"up": {"uv": [1.5, 5.5, 3.25, 5.75], "texture": "#2"},
				"down": {"uv": [3.25, 5.5, 1.5, 5.75], "rotation": 180, "texture": "#2"}
			}
		},
		{
			"from": [6.375, 15.85, 7.35],
			"to": [9.375, 16.1, 7.55],
			"faces": {
				"north": {"uv": [4, 5.25, 1, 5.5], "texture": "#2"},
				"east": {"uv": [3.75, 5.25, 4, 5.5], "texture": "#2"},
				"south": {"uv": [1, 5.25, 4, 5.5], "texture": "#2"},
				"west": {"uv": [1, 5.25, 1.25, 5.5], "texture": "#2"},
				"up": {"uv": [1, 5.25, 4, 5.5], "texture": "#2"},
				"down": {"uv": [4, 5.25, 1, 5.5], "rotation": 180, "texture": "#2"}
			}
		},
		{
			"from": [7.125, 16.35, 7.175],
			"to": [9.125, 16.6, 7.725],
			"faces": {
				"north": {"uv": [3.75, 4.75, 1.75, 5], "texture": "#2"},
				"east": {"uv": [3.5, 4.75, 3.75, 5], "texture": "#2"},
				"south": {"uv": [1.75, 4.75, 3.75, 5], "texture": "#2"},
				"west": {"uv": [1.75, 4.75, 2, 5], "texture": "#2"},
				"up": {"uv": [1.75, 4.75, 3.75, 5], "texture": "#2"},
				"down": {"uv": [3.75, 4.75, 1.75, 5], "rotation": 180, "texture": "#2"}
			}
		},
		{
			"from": [6.375, 16.1, 7.35],
			"to": [9.625, 16.35, 7.55],
			"faces": {
				"north": {"uv": [4.25, 5, 1, 5.25], "texture": "#2"},
				"east": {"uv": [4, 5, 4.25, 5.25], "texture": "#2"},
				"south": {"uv": [1, 5, 4.25, 5.25], "texture": "#2"},
				"west": {"uv": [1, 5, 1.25, 5.25], "texture": "#2"},
				"up": {"uv": [1, 5, 4.25, 5.25], "texture": "#2"},
				"down": {"uv": [4.25, 5, 1, 5.25], "rotation": 180, "texture": "#2"}
			}
		},
		{
			"from": [6.875, 16.1, 7.175],
			"to": [8.875, 16.35, 7.725],
			"faces": {
				"north": {"uv": [3.5, 5, 1.5, 5.25], "texture": "#2"},
				"east": {"uv": [3.25, 5, 3.5, 5.25], "texture": "#2"},
				"south": {"uv": [1.5, 5, 3.5, 5.25], "texture": "#2"},
				"west": {"uv": [1.5, 5, 1.75, 5.25], "texture": "#2"},
				"up": {"uv": [1.5, 5, 3.5, 5.25], "texture": "#2"},
				"down": {"uv": [3.5, 5, 1.5, 5.25], "rotation": 180, "texture": "#2"}
			}
		},
		{
			"from": [6.625, 16.6, 7.35],
			"to": [10.125, 16.85, 7.55],
			"faces": {
				"north": {"uv": [4.75, 4.5, 1.25, 4.75], "texture": "#2"},
				"east": {"uv": [4.5, 4.5, 4.75, 4.75], "texture": "#2"},
				"south": {"uv": [1.25, 4.5, 4.75, 4.75], "texture": "#2"},
				"west": {"uv": [1.25, 4.5, 1.5, 4.75], "texture": "#2"},
				"up": {"uv": [1.25, 4.5, 4.75, 4.75], "texture": "#2"},
				"down": {"uv": [4.75, 4.5, 1.25, 4.75], "rotation": 180, "texture": "#2"}
			}
		},
		{
			"from": [6.875, 16.85, 7.35],
			"to": [10.375, 17.1, 7.55],
			"faces": {
				"north": {"uv": [5, 4.25, 1.5, 4.5], "texture": "#2"},
				"east": {"uv": [4.75, 4.25, 5, 4.5], "texture": "#2"},
				"south": {"uv": [1.5, 4.25, 5, 4.5], "texture": "#2"},
				"west": {"uv": [1.5, 4.25, 1.75, 4.5], "texture": "#2"},
				"up": {"uv": [1.5, 4.25, 5, 4.5], "texture": "#2"},
				"down": {"uv": [5, 4.25, 1.5, 4.5], "rotation": 180, "texture": "#2"}
			}
		},
		{
			"from": [7.125, 17.1, 7.35],
			"to": [10.625, 17.35, 7.55],
			"faces": {
				"north": {"uv": [5.25, 4, 1.75, 4.25], "texture": "#2"},
				"east": {"uv": [5, 4, 5.25, 4.25], "texture": "#2"},
				"south": {"uv": [1.75, 4, 5.25, 4.25], "texture": "#2"},
				"west": {"uv": [1.75, 4, 2, 4.25], "texture": "#2"},
				"up": {"uv": [1.75, 4, 5.25, 4.25], "texture": "#2"},
				"down": {"uv": [5.25, 4, 1.75, 4.25], "rotation": 180, "texture": "#2"}
			}
		},
		{
			"from": [7.625, 17.1, 7.175],
			"to": [9.875, 17.35, 7.725],
			"faces": {
				"north": {"uv": [4.5, 4, 2.25, 4.25], "texture": "#2"},
				"east": {"uv": [4.25, 4, 4.5, 4.25], "texture": "#2"},
				"south": {"uv": [2.25, 4, 4.5, 4.25], "texture": "#2"},
				"west": {"uv": [2.25, 4, 2.5, 4.25], "texture": "#2"},
				"up": {"uv": [2.25, 4, 4.5, 4.25], "texture": "#2"},
				"down": {"uv": [4.5, 4, 2.25, 4.25], "rotation": 180, "texture": "#2"}
			}
		},
		{
			"from": [7.875, 17.35, 7.175],
			"to": [10.125, 17.6, 7.725],
			"faces": {
				"north": {"uv": [4.75, 3.75, 2.5, 4], "texture": "#2"},
				"east": {"uv": [4.5, 3.75, 4.75, 4], "texture": "#2"},
				"south": {"uv": [2.5, 3.75, 4.75, 4], "texture": "#2"},
				"west": {"uv": [2.5, 3.75, 2.75, 4], "texture": "#2"},
				"up": {"uv": [2.5, 3.75, 4.75, 4], "texture": "#2"},
				"down": {"uv": [4.75, 3.75, 2.5, 4], "rotation": 180, "texture": "#2"}
			}
		},
		{
			"from": [7.625, 17.6, 7.35],
			"to": [11.375, 17.85, 7.55],
			"faces": {
				"north": {"uv": [6, 3.5, 2.25, 3.75], "texture": "#2"},
				"east": {"uv": [5.75, 3.5, 6, 3.75], "texture": "#2"},
				"south": {"uv": [2.25, 3.5, 6, 3.75], "texture": "#2"},
				"west": {"uv": [2.25, 3.5, 2.5, 3.75], "texture": "#2"},
				"up": {"uv": [2.25, 3.5, 6, 3.75], "texture": "#2"},
				"down": {"uv": [6, 3.5, 2.25, 3.75], "rotation": 180, "texture": "#2"}
			}
		},
		{
			"from": [8.875, 17.85, 7.175],
			"to": [10.875, 18.1, 7.725],
			"faces": {
				"north": {"uv": [5.5, 3.25, 3.5, 3.5], "texture": "#2"},
				"east": {"uv": [5.25, 3.25, 5.5, 3.5], "texture": "#2"},
				"south": {"uv": [3.5, 3.25, 5.5, 3.5], "texture": "#2"},
				"west": {"uv": [3.5, 3.25, 3.75, 3.5], "texture": "#2"},
				"up": {"uv": [3.5, 3.25, 5.5, 3.5], "texture": "#2"},
				"down": {"uv": [5.5, 3.25, 3.5, 3.5], "rotation": 180, "texture": "#2"}
			}
		},
		{
			"from": [7.875, 17.85, 7.35],
			"to": [11.875, 18.1, 7.55],
			"faces": {
				"north": {"uv": [6.5, 3.25, 2.5, 3.5], "texture": "#2"},
				"east": {"uv": [6.25, 3.25, 6.5, 3.5], "texture": "#2"},
				"south": {"uv": [2.5, 3.25, 6.5, 3.5], "texture": "#2"},
				"west": {"uv": [2.5, 3.25, 2.75, 3.5], "texture": "#2"},
				"up": {"uv": [2.5, 3.25, 6.5, 3.5], "texture": "#2"},
				"down": {"uv": [6.5, 3.25, 2.5, 3.5], "rotation": 180, "texture": "#2"}
			}
		},
		{
			"from": [9.375, 18.1, 7.175],
			"to": [11.375, 18.35, 7.725],
			"faces": {
				"north": {"uv": [6, 3, 4, 3.25], "texture": "#2"},
				"east": {"uv": [5.75, 3, 6, 3.25], "texture": "#2"},
				"south": {"uv": [4, 3, 6, 3.25], "texture": "#2"},
				"west": {"uv": [4, 3, 4.25, 3.25], "texture": "#2"},
				"up": {"uv": [4, 3, 6, 3.25], "texture": "#2"},
				"down": {"uv": [6, 3, 4, 3.25], "rotation": 180, "texture": "#2"}
			}
		},
		{
			"from": [8.875, 18.35, 7.35],
			"to": [13.125, 18.6, 7.55],
			"faces": {
				"north": {"uv": [7.75, 2.75, 3.5, 3], "texture": "#2"},
				"east": {"uv": [7.5, 2.75, 7.75, 3], "texture": "#2"},
				"south": {"uv": [3.5, 2.75, 7.75, 3], "texture": "#2"},
				"west": {"uv": [3.5, 2.75, 3.75, 3], "texture": "#2"},
				"up": {"uv": [3.5, 2.75, 7.75, 3], "texture": "#2"},
				"down": {"uv": [7.75, 2.75, 3.5, 3], "rotation": 180, "texture": "#2"}
			}
		},
		{
			"from": [9.375, 18.6, 7.35],
			"to": [13.375, 18.85, 7.55],
			"faces": {
				"north": {"uv": [8, 2.5, 4, 2.75], "texture": "#2"},
				"east": {"uv": [7.75, 2.5, 8, 2.75], "texture": "#2"},
				"south": {"uv": [4, 2.5, 8, 2.75], "texture": "#2"},
				"west": {"uv": [4, 2.5, 4.25, 2.75], "texture": "#2"},
				"up": {"uv": [4, 2.5, 8, 2.75], "texture": "#2"},
				"down": {"uv": [8, 2.5, 4, 2.75], "rotation": 180, "texture": "#2"}
			}
		},
		{
			"from": [10.125, 18.85, 7.35],
			"to": [12.625, 19.1, 7.55],
			"faces": {
				"north": {"uv": [7.25, 2.25, 4.75, 2.5], "texture": "#2"},
				"east": {"uv": [7, 2.25, 7.25, 2.5], "texture": "#2"},
				"south": {"uv": [4.75, 2.25, 7.25, 2.5], "texture": "#2"},
				"west": {"uv": [4.75, 2.25, 5, 2.5], "texture": "#2"},
				"up": {"uv": [4.75, 2.25, 7.25, 2.5], "texture": "#2"},
				"down": {"uv": [7.25, 2.25, 4.75, 2.5], "rotation": 180, "texture": "#2"}
			}
		},
		{
			"from": [10.125, 18.35, 7.175],
			"to": [11.875, 18.6, 7.725],
			"faces": {
				"north": {"uv": [6.5, 2.75, 4.75, 3], "texture": "#2"},
				"east": {"uv": [6.25, 2.75, 6.5, 3], "texture": "#2"},
				"south": {"uv": [4.75, 2.75, 6.5, 3], "texture": "#2"},
				"west": {"uv": [4.75, 2.75, 5, 3], "texture": "#2"},
				"up": {"uv": [4.75, 2.75, 6.5, 3], "texture": "#2"},
				"down": {"uv": [6.5, 2.75, 4.75, 3], "rotation": 180, "texture": "#2"}
			}
		},
		{
			"from": [8.375, 18.1, 7.35],
			"to": [12.375, 18.35, 7.55],
			"faces": {
				"north": {"uv": [7, 3, 3, 3.25], "texture": "#2"},
				"east": {"uv": [6.75, 3, 7, 3.25], "texture": "#2"},
				"south": {"uv": [3, 3, 7, 3.25], "texture": "#2"},
				"west": {"uv": [3, 3, 3.25, 3.25], "texture": "#2"},
				"up": {"uv": [3, 3, 7, 3.25], "texture": "#2"},
				"down": {"uv": [7, 3, 3, 3.25], "rotation": 180, "texture": "#2"}
			}
		},
		{
			"from": [8.375, 17.6, 7.175],
			"to": [10.375, 17.85, 7.725],
			"faces": {
				"north": {"uv": [5, 3.5, 3, 3.75], "texture": "#2"},
				"east": {"uv": [4.75, 3.5, 5, 3.75], "texture": "#2"},
				"south": {"uv": [3, 3.5, 5, 3.75], "texture": "#2"},
				"west": {"uv": [3, 3.5, 3.25, 3.75], "texture": "#2"},
				"up": {"uv": [3, 3.5, 5, 3.75], "texture": "#2"},
				"down": {"uv": [5, 3.5, 3, 3.75], "rotation": 180, "texture": "#2"}
			}
		},
		{
			"from": [7.375, 17.35, 7.35],
			"to": [10.875, 17.6, 7.55],
			"faces": {
				"north": {"uv": [5.5, 3.75, 2, 4], "texture": "#2"},
				"east": {"uv": [5.25, 3.75, 5.5, 4], "texture": "#2"},
				"south": {"uv": [2, 3.75, 5.5, 4], "texture": "#2"},
				"west": {"uv": [2, 3.75, 2.25, 4], "texture": "#2"},
				"up": {"uv": [2, 3.75, 5.5, 4], "texture": "#2"},
				"down": {"uv": [5.5, 3.75, 2, 4], "rotation": 180, "texture": "#2"}
			}
		},
		{
			"from": [7.375, 16.85, 7.175],
			"to": [9.625, 17.1, 7.725],
			"faces": {
				"north": {"uv": [4.25, 4.25, 2, 4.5], "texture": "#2"},
				"east": {"uv": [4, 4.25, 4.25, 4.5], "texture": "#2"},
				"south": {"uv": [2, 4.25, 4.25, 4.5], "texture": "#2"},
				"west": {"uv": [2, 4.25, 2.25, 4.5], "texture": "#2"},
				"up": {"uv": [2, 4.25, 4.25, 4.5], "texture": "#2"},
				"down": {"uv": [4.25, 4.25, 2, 4.5], "rotation": 180, "texture": "#2"}
			}
		},
		{
			"from": [7.125, 16.6, 7.175],
			"to": [9.375, 16.85, 7.725],
			"faces": {
				"north": {"uv": [4, 4.5, 1.75, 4.75], "texture": "#2"},
				"east": {"uv": [3.75, 4.5, 4, 4.75], "texture": "#2"},
				"south": {"uv": [1.75, 4.5, 4, 4.75], "texture": "#2"},
				"west": {"uv": [1.75, 4.5, 2, 4.75], "texture": "#2"},
				"up": {"uv": [1.75, 4.5, 4, 4.75], "texture": "#2"},
				"down": {"uv": [4, 4.5, 1.75, 4.75], "rotation": 180, "texture": "#2"}
			}
		},
		{
			"from": [6.625, 16.35, 7.35],
			"to": [9.875, 16.6, 7.55],
			"faces": {
				"north": {"uv": [4.5, 4.75, 1.25, 5], "texture": "#2"},
				"east": {"uv": [4.25, 4.75, 4.5, 5], "texture": "#2"},
				"south": {"uv": [1.25, 4.75, 4.5, 5], "texture": "#2"},
				"west": {"uv": [1.25, 4.75, 1.5, 5], "texture": "#2"},
				"up": {"uv": [1.25, 4.75, 4.5, 5], "texture": "#2"},
				"down": {"uv": [4.5, 4.75, 1.25, 5], "rotation": 180, "texture": "#2"}
			}
		},
		{
			"from": [6.625, 14.6, 7.175],
			"to": [8.375, 15.1, 7.725],
			"faces": {
				"north": {"uv": [3, 6.25, 1.25, 6.75], "texture": "#2"},
				"east": {"uv": [2.75, 6.25, 3, 6.75], "texture": "#2"},
				"south": {"uv": [1.25, 6.25, 3, 6.75], "texture": "#2"},
				"west": {"uv": [1.25, 6.25, 1.5, 6.75], "texture": "#2"},
				"up": {"uv": [1.25, 6.25, 3, 6.5], "texture": "#2"},
				"down": {"uv": [3, 6.5, 1.25, 6.75], "rotation": 180, "texture": "#2"}
			}
		},
		{
			"from": [6, 4.15, 7.175],
			"to": [8.5, 4.9, 7.725],
			"faces": {
				"north": {"uv": [8.75, 6.5, 6.25, 7.25], "texture": "#2"},
				"east": {"uv": [10, 6.5, 11, 7.25], "texture": "#2"},
				"south": {"uv": [6.25, 6.5, 8.75, 7.25], "texture": "#2"},
				"west": {"uv": [4.5, 6.5, 5.5, 7.25], "texture": "#2"},
				"up": {"uv": [6.25, 6.5, 8.75, 6.75], "texture": "#2"},
				"down": {"uv": [8.75, 7, 6.25, 7.25], "rotation": 180, "texture": "#2"}
			}
		},
		{
			"from": [6.25, 3.15, 7.175],
			"to": [8.25, 4.15, 7.725],
			"faces": {
				"north": {"uv": [8.5, 7.25, 6.5, 8.25], "texture": "#2"},
				"east": {"uv": [10, 7.25, 11, 8.25], "texture": "#2"},
				"south": {"uv": [6.5, 7.25, 8.5, 8.25], "texture": "#2"},
				"west": {"uv": [4.5, 7.25, 5.5, 8.25], "texture": "#2"},
				"up": {"uv": [6.5, 7.25, 8.5, 7.5], "texture": "#2"},
				"down": {"uv": [8.5, 8, 6.5, 8.25], "rotation": 180, "texture": "#2"}
			}
		},
		{
			"from": [6, 2.15, 7.175],
			"to": [8.5, 3.15, 7.725],
			"faces": {
				"north": {"uv": [8.75, 8.25, 6.25, 9.25], "texture": "#2"},
				"east": {"uv": [10, 8.25, 11, 9.25], "texture": "#2"},
				"south": {"uv": [6.25, 8.25, 8.75, 9.25], "texture": "#2"},
				"west": {"uv": [4.5, 8.25, 5.5, 9.25], "texture": "#2"},
				"up": {"uv": [6.25, 8.25, 8.75, 8.5], "texture": "#2"},
				"down": {"uv": [8.75, 9, 6.25, 9.25], "rotation": 180, "texture": "#2"}
			}
		},
		{
			"from": [6, 1.15, 7.175],
			"to": [8.75, 2.15, 7.725],
			"faces": {
				"north": {"uv": [9, 9.25, 6.25, 10.25], "texture": "#2"},
				"east": {"uv": [10, 9.25, 11, 10.25], "texture": "#2"},
				"south": {"uv": [6.25, 9.25, 9, 10.25], "texture": "#2"},
				"west": {"uv": [4.5, 9.25, 5.5, 10.25], "texture": "#2"},
				"up": {"uv": [6.25, 9.25, 9, 9.5], "texture": "#2"},
				"down": {"uv": [9, 10, 6.25, 10.25], "rotation": 180, "texture": "#2"}
			}
		},
		{
			"from": [6.25, 0.4, 7.175],
			"to": [8.75, 1.15, 7.725],
			"faces": {
				"north": {"uv": [9, 10.25, 6.5, 11], "texture": "#2"},
				"east": {"uv": [10, 10.25, 11, 11], "texture": "#2"},
				"south": {"uv": [6.5, 10.25, 9, 11], "texture": "#2"},
				"west": {"uv": [4.5, 10.25, 5.5, 11], "texture": "#2"},
				"up": {"uv": [6.5, 10.25, 9, 10.5], "texture": "#2"},
				"down": {"uv": [9, 10.75, 6.5, 11], "rotation": 180, "texture": "#2"}
			}
		},
		{
			"from": [6.25, -0.85, 7.175],
			"to": [8.5, 0.4, 7.725],
			"faces": {
				"north": {"uv": [8.75, 11, 6.5, 12.25], "texture": "#2"},
				"east": {"uv": [10, 11, 11, 12.25], "texture": "#2"},
				"south": {"uv": [6.5, 11, 8.75, 12.25], "texture": "#2"},
				"west": {"uv": [4.5, 11, 5.5, 12.25], "texture": "#2"},
				"up": {"uv": [6.5, 11, 8.75, 11.25], "texture": "#2"},
				"down": {"uv": [8.75, 12, 6.5, 12.25], "rotation": 180, "texture": "#2"}
			}
		},
		{
			"from": [6.5, -1.85, 7.175],
			"to": [8.25, -1.1, 7.725],
			"faces": {
				"north": {"uv": [8.5, 12.5, 6.75, 13.25], "texture": "#2"},
				"east": {"uv": [10, 12.5, 11, 13.25], "texture": "#2"},
				"south": {"uv": [6.75, 12.5, 8.5, 13.25], "texture": "#2"},
				"west": {"uv": [4.5, 12.5, 5.5, 13.25], "texture": "#2"},
				"up": {"uv": [6.75, 12.5, 8.5, 12.75], "texture": "#2"},
				"down": {"uv": [8.5, 13, 6.75, 13.25], "rotation": 180, "texture": "#2"}
			}
		},
		{
			"from": [6.25, -2.35, 7.175],
			"to": [8.5, -1.85, 7.725],
			"faces": {
				"north": {"uv": [8.75, 13.25, 6.5, 13.75], "texture": "#2"},
				"east": {"uv": [10, 13.25, 11, 13.75], "texture": "#2"},
				"south": {"uv": [6.5, 13.25, 8.75, 13.75], "texture": "#2"},
				"west": {"uv": [4.5, 13.25, 5.5, 13.75], "texture": "#2"},
				"up": {"uv": [6.5, 13.25, 8.75, 13.5], "texture": "#2"},
				"down": {"uv": [8.75, 13.5, 6.5, 13.75], "rotation": 180, "texture": "#2"}
			}
		},
		{
			"from": [6.25, -1.1, 7.175],
			"to": [8.25, -0.85, 7.725],
			"faces": {
				"north": {"uv": [8.5, 12.25, 6.5, 12.5], "texture": "#2"},
				"east": {"uv": [10, 12.25, 11, 12.5], "texture": "#2"},
				"south": {"uv": [6.5, 12.25, 8.5, 12.5], "texture": "#2"},
				"west": {"uv": [4.5, 12.25, 5.5, 12.5], "texture": "#2"},
				"up": {"uv": [6.5, 12.25, 8.5, 12.5], "texture": "#2"},
				"down": {"uv": [8.5, 12.25, 6.5, 12.5], "rotation": 180, "texture": "#2"}
			}
		},
		{
			"from": [6.25, -2.6, 7.175],
			"to": [8.75, -2.35, 7.725],
			"faces": {
				"north": {"uv": [9, 13.75, 6.5, 14], "texture": "#2"},
				"east": {"uv": [10, 13.75, 11, 14], "texture": "#2"},
				"south": {"uv": [6.5, 13.75, 9, 14], "texture": "#2"},
				"west": {"uv": [4.5, 13.75, 5.5, 14], "texture": "#2"},
				"up": {"uv": [6.5, 13.75, 9, 14], "texture": "#2"},
				"down": {"uv": [9, 13.75, 6.5, 14], "rotation": 180, "texture": "#2"}
			}
		},
		{
			"from": [6.75, -1.1, 6.975],
			"to": [7.75, -0.85, 7.925],
			"faces": {
				"north": {"uv": [8, 12.25, 7, 12.5], "texture": "#2"},
				"east": {"uv": [10, 12.25, 11, 12.5], "texture": "#2"},
				"south": {"uv": [7, 12.25, 8, 12.5], "texture": "#2"},
				"west": {"uv": [4.5, 12.25, 5.5, 12.5], "texture": "#2"},
				"up": {"uv": [7, 12.25, 8, 12.5], "texture": "#2"},
				"down": {"uv": [8, 12.25, 7, 12.5], "rotation": 180, "texture": "#2"}
			}
		},
		{
			"from": [6.5, 4.15, 6.975],
			"to": [8, 4.9, 7.925],
			"faces": {
				"north": {"uv": [8.25, 6.5, 6.75, 7.25], "texture": "#2"},
				"east": {"uv": [10, 6.5, 11, 7.25], "texture": "#2"},
				"south": {"uv": [6.75, 6.5, 8.25, 7.25], "texture": "#2"},
				"west": {"uv": [4.5, 6.5, 5.5, 7.25], "texture": "#2"},
				"up": {"uv": [6.75, 6.5, 8.25, 6.75], "texture": "#2"},
				"down": {"uv": [8.25, 7, 6.75, 7.25], "rotation": 180, "texture": "#2"}
			}
		},
		{
			"from": [6.75, 3.15, 6.975],
			"to": [7.75, 4.15, 7.925],
			"faces": {
				"north": {"uv": [8, 7.25, 7, 8.25], "texture": "#2"},
				"east": {"uv": [10, 7.25, 11, 8.25], "texture": "#2"},
				"south": {"uv": [7, 7.25, 8, 8.25], "texture": "#2"},
				"west": {"uv": [4.5, 7.25, 5.5, 8.25], "texture": "#2"},
				"up": {"uv": [7, 7.25, 8, 7.5], "texture": "#2"},
				"down": {"uv": [8, 8, 7, 8.25], "rotation": 180, "texture": "#2"}
			}
		},
		{
			"from": [6.5, 2.15, 6.975],
			"to": [8, 3.15, 7.925],
			"faces": {
				"north": {"uv": [8.25, 8.25, 6.75, 9.25], "texture": "#2"},
				"east": {"uv": [10, 8.25, 11, 9.25], "texture": "#2"},
				"south": {"uv": [6.75, 8.25, 8.25, 9.25], "texture": "#2"},
				"west": {"uv": [4.5, 8.25, 5.5, 9.25], "texture": "#2"},
				"up": {"uv": [6.75, 8.25, 8.25, 8.5], "texture": "#2"},
				"down": {"uv": [8.25, 9, 6.75, 9.25], "rotation": 180, "texture": "#2"}
			}
		},
		{
			"from": [6.5, 1.15, 6.975],
			"to": [8.25, 2.15, 7.925],
			"faces": {
				"north": {"uv": [8.5, 9.25, 6.75, 10.25], "texture": "#2"},
				"east": {"uv": [10, 9.25, 11, 10.25], "texture": "#2"},
				"south": {"uv": [6.75, 9.25, 8.5, 10.25], "texture": "#2"},
				"west": {"uv": [4.5, 9.25, 5.5, 10.25], "texture": "#2"},
				"up": {"uv": [6.75, 9.25, 8.5, 9.5], "texture": "#2"},
				"down": {"uv": [8.5, 10, 6.75, 10.25], "rotation": 180, "texture": "#2"}
			}
		},
		{
			"from": [6.75, 0.4, 6.975],
			"to": [8.25, 1.15, 7.925],
			"faces": {
				"north": {"uv": [8.5, 10.25, 7, 11], "texture": "#2"},
				"east": {"uv": [10, 10.25, 11, 11], "texture": "#2"},
				"south": {"uv": [7, 10.25, 8.5, 11], "texture": "#2"},
				"west": {"uv": [4.5, 10.25, 5.5, 11], "texture": "#2"},
				"up": {"uv": [7, 10.25, 8.5, 10.5], "texture": "#2"},
				"down": {"uv": [8.5, 10.75, 7, 11], "rotation": 180, "texture": "#2"}
			}
		},
		{
			"from": [6.75, -0.85, 6.975],
			"to": [8, 0.4, 7.925],
			"faces": {
				"north": {"uv": [8.25, 11, 7, 12.25], "texture": "#2"},
				"east": {"uv": [10, 11, 11, 12.25], "texture": "#2"},
				"south": {"uv": [7, 11, 8.25, 12.25], "texture": "#2"},
				"west": {"uv": [4.5, 11, 5.5, 12.25], "texture": "#2"},
				"up": {"uv": [7, 11, 8.25, 11.25], "texture": "#2"},
				"down": {"uv": [8.25, 12, 7, 12.25], "rotation": 180, "texture": "#2"}
			}
		},
		{
			"from": [7, -1.85, 6.975],
			"to": [7.75, -1.1, 7.925],
			"faces": {
				"north": {"uv": [8, 12.5, 7.25, 13.25], "texture": "#2"},
				"east": {"uv": [10, 12.5, 11, 13.25], "texture": "#2"},
				"south": {"uv": [7.25, 12.5, 8, 13.25], "texture": "#2"},
				"west": {"uv": [4.5, 12.5, 5.5, 13.25], "texture": "#2"},
				"up": {"uv": [7.25, 12.5, 8, 12.75], "texture": "#2"},
				"down": {"uv": [8, 13, 7.25, 13.25], "rotation": 180, "texture": "#2"}
			}
		},
		{
			"from": [6.75, -2.35, 6.975],
			"to": [8, -1.85, 7.925],
			"faces": {
				"north": {"uv": [8.25, 13.25, 7, 13.75], "texture": "#2"},
				"east": {"uv": [10, 13.25, 11, 13.75], "texture": "#2"},
				"south": {"uv": [7, 13.25, 8.25, 13.75], "texture": "#2"},
				"west": {"uv": [4.5, 13.25, 5.5, 13.75], "texture": "#2"},
				"up": {"uv": [7, 13.25, 8.25, 13.5], "texture": "#2"},
				"down": {"uv": [8.25, 13.5, 7, 13.75], "rotation": 180, "texture": "#2"}
			}
		},
		{
			"from": [6.75, -2.6, 6.975],
			"to": [8.25, -2.35, 7.925],
			"faces": {
				"north": {"uv": [8.5, 13.75, 7, 14], "texture": "#2"},
				"east": {"uv": [10, 13.75, 11, 14], "texture": "#2"},
				"south": {"uv": [7, 13.75, 8.5, 14], "texture": "#2"},
				"west": {"uv": [4.5, 13.75, 5.5, 14], "texture": "#2"},
				"up": {"uv": [7, 13.75, 8.5, 14], "texture": "#2"},
				"down": {"uv": [8.5, 13.75, 7, 14], "rotation": 180, "texture": "#2"}
			}
		},
		{
			"from": [6, -2.85, 6.875],
			"to": [9, -2.6, 8.025],
			"faces": {
				"north": {"uv": [9.25, 14, 6.25, 14.25], "texture": "#2"},
				"east": {"uv": [9, 14, 9.25, 14.25], "texture": "#2"},
				"south": {"uv": [6.25, 14, 9.25, 14.25], "texture": "#2"},
				"west": {"uv": [6.25, 14, 6.5, 14.25], "texture": "#2"},
				"up": {"uv": [6.25, 14, 9.25, 14.25], "texture": "#2"},
				"down": {"uv": [9.25, 14, 6.25, 14.25], "rotation": 180, "texture": "#2"}
			}
		},
		{
			"from": [6, -3.6, 6.875],
			"to": [9, -3.35, 8.025],
			"faces": {
				"north": {"uv": [9.25, 14.75, 6.25, 15], "texture": "#2"},
				"east": {"uv": [9, 14.75, 9.25, 15], "texture": "#2"},
				"south": {"uv": [6.25, 14.75, 9.25, 15], "texture": "#2"},
				"west": {"uv": [6.25, 14.75, 6.5, 15], "texture": "#2"},
				"up": {"uv": [6.25, 14.75, 9.25, 15], "texture": "#2"},
				"down": {"uv": [9.25, 14.75, 6.25, 15], "rotation": 180, "texture": "#2"}
			}
		},
		{
			"from": [5.75, -3.1, 6.775],
			"to": [9.25, -2.85, 8.125],
			"faces": {
				"north": {"uv": [9.5, 14.25, 6, 14.5], "texture": "#2"},
				"east": {"uv": [9.25, 14.25, 9.5, 14.5], "texture": "#2"},
				"south": {"uv": [6, 14.25, 9.5, 14.5], "texture": "#2"},
				"west": {"uv": [6, 14.25, 6.25, 14.5], "texture": "#2"},
				"up": {"uv": [6, 14.25, 9.5, 14.5], "texture": "#2"},
				"down": {"uv": [9.5, 14.25, 6, 14.5], "rotation": 180, "texture": "#2"}
			}
		},
		{
			"from": [5.75, -3.35, 6.775],
			"to": [9.5, -3.1, 8.125],
			"faces": {
				"north": {"uv": [9.75, 14.5, 6, 14.75], "texture": "#2"},
				"east": {"uv": [9.5, 14.5, 9.75, 14.75], "texture": "#2"},
				"south": {"uv": [6, 14.5, 9.75, 14.75], "texture": "#2"},
				"west": {"uv": [6, 14.5, 6.25, 14.75], "texture": "#2"},
				"up": {"uv": [6, 14.5, 9.75, 14.75], "texture": "#2"},
				"down": {"uv": [9.75, 14.5, 6, 14.75], "rotation": 180, "texture": "#2"}
			}
		},
		{
			"from": [5.875, 6.85, 7.35],
			"to": [8.625, 14.1, 7.55],
			"faces": {
				"north": {"uv": [3.25, 7.25, 0.5, 14.5], "texture": "#2"},
				"east": {"uv": [3, 7.25, 3.25, 14.5], "texture": "#2"},
				"south": {"uv": [0.5, 7.25, 3.25, 14.5], "texture": "#2"},
				"west": {"uv": [0.5, 7.25, 0.75, 14.5], "texture": "#2"},
				"up": {"uv": [0.5, 7.25, 3.25, 7.5], "texture": "#2"},
				"down": {"uv": [3.25, 14.25, 0.5, 14.5], "rotation": 180, "texture": "#2"}
			}
		}
	],
	"gui_light": "front",
	"display": {
		"thirdperson_righthand": {
			"rotation": [0, -90, 0],
			"translation": [-0.75, 1.75, 1.75],
			"scale": [0.55, 0.55, 0.55]
		},
		"thirdperson_lefthand": {
			"rotation": [0, 90, 0],
			"translation": [-0.11, 1.75, 1.5],
			"scale": [0.55, 0.55, 0.55]
		},
		"firstperson_righthand": {
			"rotation": [55, -90, 60],
			"translation": [-1.25, 3.75, 1.25],
			"scale": [0.48, 0.48, 0.48]
		},
		"firstperson_lefthand": {
			"rotation": [-65, 90, 60],
			"translation": [-0.75, 3.75, 1.25],
			"scale": [0.48, 0.48, 0.48]
		},
		"ground": {
			"rotation": [-45, -90, 0],
			"translation": [0, 1, 0],
			"scale": [0.35, 0.35, 0.35]
		},
		"gui": {
			"rotation": [0, -180, 45],
			"translation": [0, -0.5, 0],
			"scale": [0.7, 0.7, 0.7]
		},
		"head": {
			"translation": [0, 9.75, 0]
		},
		"fixed": {
			"rotation": [-180, 180, -135],
			"translation": [0, -0.75, 0],
			"scale": [0.8, 0.8, 0.8]
		}
	}
}