{
	"credit": "Made with Blockbench",
	"textures": {
		"1": "./ancient_sword",
		"particle": "./ancient_sword"
	},
	"elements": [
		{
			"from": [6.9, 13.925, 7.475],
			"to": [8.525, 17.05, 7.575],
			"rotation": {"angle": 0, "axis": "y", "origin": [-0.375, -3.65, 0]},
			"faces": {
				"north": {"uv": [6.25, 4.875, 4.625, 8], "texture": "#1"},
				"east": {"uv": [6.125, 4.875, 6.25, 8], "texture": "#1"},
				"south": {"uv": [4.625, 4.875, 6.25, 8], "texture": "#1"},
				"west": {"uv": [4.625, 4.875, 4.75, 8], "texture": "#1"},
				"up": {"uv": [4.625, 5, 6.25, 4.875], "texture": "#1"},
				"down": {"uv": [4.625, 8, 6.25, 7.875], "texture": "#1"}
			}
		},
		{
			"from": [7.15, 13.925, 7.375],
			"to": [8.275, 17.05, 7.675],
			"rotation": {"angle": 0, "axis": "y", "origin": [-0.375, -3.65, 0]},
			"faces": {
				"north": {"uv": [6, 4.875, 4.875, 8], "texture": "#1"},
				"east": {"uv": [5.875, 4.875, 6, 8], "texture": "#1"},
				"south": {"uv": [4.875, 4.875, 6, 8], "texture": "#1"},
				"west": {"uv": [4.875, 4.875, 5, 8], "texture": "#1"},
				"up": {"uv": [4.875, 5, 6, 4.875], "texture": "#1"},
				"down": {"uv": [4.875, 8, 6, 7.875], "texture": "#1"}
			}
		},
		{
			"from": [7.025, 11.175, 7.475],
			"to": [8.4, 13.925, 7.575],
			"rotation": {"angle": 0, "axis": "y", "origin": [-0.25, -6.4, 0]},
			"faces": {
				"north": {"uv": [6.125, 8, 4.75, 10.75], "texture": "#1"},
				"east": {"uv": [6, 8, 6.125, 10.75], "texture": "#1"},
				"south": {"uv": [4.75, 8, 6.125, 10.75], "texture": "#1"},
				"west": {"uv": [4.75, 8, 4.875, 10.75], "texture": "#1"},
				"up": {"uv": [4.75, 8.125, 6.125, 8], "texture": "#1"},
				"down": {"uv": [4.75, 10.75, 6.125, 10.625], "texture": "#1"}
			}
		},
		{
			"from": [7.275, 11.175, 7.375],
			"to": [8.15, 13.925, 7.675],
			"rotation": {"angle": 0, "axis": "y", "origin": [-0.25, -6.4, 0]},
			"faces": {
				"north": {"uv": [5.875, 8, 5, 10.75], "texture": "#1"},
				"east": {"uv": [5.75, 8, 5.875, 10.75], "texture": "#1"},
				"south": {"uv": [5, 8, 5.875, 10.75], "texture": "#1"},
				"west": {"uv": [5, 8, 5.125, 10.75], "texture": "#1"},
				"up": {"uv": [5, 8.125, 5.875, 8], "texture": "#1"},
				"down": {"uv": [5, 10.75, 5.875, 10.625], "texture": "#1"}
			}
		},
		{
			"from": [7.15, 8.8, 7.475],
			"to": [8.275, 11.175, 7.575],
			"rotation": {"angle": 0, "axis": "y", "origin": [-0.125, -8.775, 0]},
			"faces": {
				"north": {"uv": [6, 10.75, 4.875, 13.125], "texture": "#1"},
				"east": {"uv": [5.875, 10.75, 6, 13.125], "texture": "#1"},
				"south": {"uv": [4.875, 10.75, 6, 13.125], "texture": "#1"},
				"west": {"uv": [4.875, 10.75, 5, 13.125], "texture": "#1"},
				"up": {"uv": [4.875, 10.875, 6, 10.75], "texture": "#1"},
				"down": {"uv": [4.875, 13.125, 6, 13], "texture": "#1"}
			}
		},
		{
			"from": [7.4, 8.8, 7.375],
			"to": [8.025, 11.175, 7.675],
			"rotation": {"angle": 0, "axis": "y", "origin": [-0.125, -8.775, 0]},
			"faces": {
				"north": {"uv": [5.75, 10.75, 5.125, 13.125], "texture": "#1"},
				"east": {"uv": [5.625, 10.75, 5.75, 13.125], "texture": "#1"},
				"south": {"uv": [5.125, 10.75, 5.75, 13.125], "texture": "#1"},
				"west": {"uv": [5.125, 10.75, 5.25, 13.125], "texture": "#1"},
				"up": {"uv": [5.125, 10.875, 5.75, 10.75], "texture": "#1"},
				"down": {"uv": [5.125, 13.125, 5.75, 13], "texture": "#1"}
			}
		},
		{
			"from": [7.275, 7.3, 7.475],
			"to": [8.15, 8.8, 7.575],
			"rotation": {"angle": 0, "axis": "y", "origin": [0, -10.275, 0]},
			"faces": {
				"north": {"uv": [5.875, 13.125, 5, 14.625], "texture": "#1"},
				"east": {"uv": [5.75, 13.125, 5.875, 14.625], "texture": "#1"},
				"south": {"uv": [5, 13.125, 5.875, 14.625], "texture": "#1"},
				"west": {"uv": [5, 13.125, 5.125, 14.625], "texture": "#1"},
				"up": {"uv": [5, 13.25, 5.875, 13.125], "texture": "#1"},
				"down": {"uv": [5, 14.625, 5.875, 14.5], "texture": "#1"}
			}
		},
		{
			"from": [7.4, 17.3, 7.375],
			"to": [8.025, 17.55, 7.675],
			"rotation": {"angle": 0, "axis": "y", "origin": [-0.25, 10.85, 0]},
			"faces": {
				"north": {"uv": [5.75, 4.375, 5.125, 4.625], "texture": "#1"},
				"east": {"uv": [5.625, 4.375, 5.75, 4.625], "texture": "#1"},
				"south": {"uv": [5.125, 4.375, 5.75, 4.625], "texture": "#1"},
				"west": {"uv": [5.125, 4.375, 5.25, 4.625], "texture": "#1"},
				"up": {"uv": [5.125, 4.5, 5.75, 4.375], "texture": "#1"},
				"down": {"uv": [5.125, 4.625, 5.75, 4.5], "texture": "#1"}
			}
		},
		{
			"from": [7.15, 17.3, 7.475],
			"to": [8.275, 17.55, 7.575],
			"rotation": {"angle": 0, "axis": "y", "origin": [-0.25, 10.85, 0]},
			"faces": {
				"north": {"uv": [6, 4.375, 4.875, 4.625], "texture": "#1"},
				"east": {"uv": [5.875, 4.375, 6, 4.625], "texture": "#1"},
				"south": {"uv": [4.875, 4.375, 6, 4.625], "texture": "#1"},
				"west": {"uv": [4.875, 4.375, 5, 4.625], "texture": "#1"},
				"up": {"uv": [4.875, 4.5, 6, 4.375], "texture": "#1"},
				"down": {"uv": [4.875, 4.625, 6, 4.5], "texture": "#1"}
			}
		},
		{
			"from": [7.275, 17.05, 7.375],
			"to": [8.15, 17.3, 7.675],
			"rotation": {"angle": 0, "axis": "y", "origin": [-0.125, 10.6, 0]},
			"faces": {
				"north": {"uv": [5.875, 4.625, 5, 4.875], "texture": "#1"},
				"east": {"uv": [5.75, 4.625, 5.875, 4.875], "texture": "#1"},
				"south": {"uv": [5, 4.625, 5.875, 4.875], "texture": "#1"},
				"west": {"uv": [5, 4.625, 5.125, 4.875], "texture": "#1"},
				"up": {"uv": [5, 4.75, 5.875, 4.625], "texture": "#1"},
				"down": {"uv": [5, 4.875, 5.875, 4.75], "texture": "#1"}
			}
		},
		{
			"from": [7.275, 6.8, 7.375],
			"to": [8.15, 7.3, 7.675],
			"rotation": {"angle": 0, "axis": "y", "origin": [0, -11.775, 0]},
			"faces": {
				"north": {"uv": [5.875, 14.625, 5, 15.125], "texture": "#1"},
				"east": {"uv": [5.75, 14.625, 5.875, 15.125], "texture": "#1"},
				"south": {"uv": [5, 14.625, 5.875, 15.125], "texture": "#1"},
				"west": {"uv": [5, 14.625, 5.125, 15.125], "texture": "#1"},
				"up": {"uv": [5, 14.75, 5.875, 14.625], "texture": "#1"},
				"down": {"uv": [5, 15.125, 5.875, 15], "texture": "#1"}
			}
		},
		{
			"from": [7.525, 7.3, 7.375],
			"to": [7.9, 8.8, 7.675],
			"rotation": {"angle": 0, "axis": "y", "origin": [0, -10.275, 0]},
			"faces": {
				"north": {"uv": [5.625, 13.125, 5.25, 14.625], "texture": "#1"},
				"east": {"uv": [5.5, 13.125, 5.625, 14.625], "texture": "#1"},
				"south": {"uv": [5.25, 13.125, 5.625, 14.625], "texture": "#1"},
				"west": {"uv": [5.25, 13.125, 5.375, 14.625], "texture": "#1"},
				"up": {"uv": [5.25, 13.25, 5.625, 13.125], "texture": "#1"},
				"down": {"uv": [5.25, 14.625, 5.625, 14.5], "texture": "#1"}
			}
		},
		{
			"from": [7.275, 17.55, 7.475],
			"to": [8.15, 17.8, 7.575],
			"rotation": {"angle": 0, "axis": "y", "origin": [-0.125, 11.1, 0]},
			"faces": {
				"north": {"uv": [5.875, 4.125, 5, 4.375], "texture": "#1"},
				"east": {"uv": [5.75, 4.125, 5.875, 4.375], "texture": "#1"},
				"south": {"uv": [5, 4.125, 5.875, 4.375], "texture": "#1"},
				"west": {"uv": [5, 4.125, 5.125, 4.375], "texture": "#1"},
				"up": {"uv": [5, 4.25, 5.875, 4.125], "texture": "#1"},
				"down": {"uv": [5, 4.375, 5.875, 4.25], "texture": "#1"}
			}
		},
		{
			"from": [7.525, 17.55, 7.375],
			"to": [7.9, 17.8, 7.675],
			"rotation": {"angle": 0, "axis": "y", "origin": [-0.125, 11.1, 0]},
			"faces": {
				"north": {"uv": [5.625, 4.125, 5.25, 4.375], "texture": "#1"},
				"east": {"uv": [5.5, 4.125, 5.625, 4.375], "texture": "#1"},
				"south": {"uv": [5.25, 4.125, 5.625, 4.375], "texture": "#1"},
				"west": {"uv": [5.25, 4.125, 5.375, 4.375], "texture": "#1"},
				"up": {"uv": [5.25, 4.25, 5.625, 4.125], "texture": "#1"},
				"down": {"uv": [5.25, 4.375, 5.625, 4.25], "texture": "#1"}
			}
		},
		{
			"from": [7.65, 17.8, 7.375],
			"to": [7.775, 18.05, 7.675],
			"rotation": {"angle": 0, "axis": "y", "origin": [-0.25, 11.35, 0]},
			"faces": {
				"north": {"uv": [5.5, 3.875, 5.375, 4.125], "texture": "#1"},
				"east": {"uv": [5.375, 3.875, 5.5, 4.125], "texture": "#1"},
				"south": {"uv": [5.375, 3.875, 5.5, 4.125], "texture": "#1"},
				"west": {"uv": [5.375, 3.875, 5.5, 4.125], "texture": "#1"},
				"up": {"uv": [5.375, 4, 5.5, 3.875], "texture": "#1"},
				"down": {"uv": [5.375, 4.125, 5.5, 4], "texture": "#1"}
			}
		},
		{
			"from": [7.65, 18.3, 7.475],
			"to": [7.775, 18.55, 7.575],
			"rotation": {"angle": 0, "axis": "y", "origin": [-0.25, 11.85, 0]},
			"faces": {
				"north": {"uv": [5.5, 3.375, 5.375, 3.625], "texture": "#1"},
				"east": {"uv": [5.375, 3.375, 5.5, 3.625], "texture": "#1"},
				"south": {"uv": [5.375, 3.375, 5.5, 3.625], "texture": "#1"},
				"west": {"uv": [5.375, 3.375, 5.5, 3.625], "texture": "#1"},
				"up": {"uv": [5.375, 3.5, 5.5, 3.375], "texture": "#1"},
				"down": {"uv": [5.375, 3.625, 5.5, 3.5], "texture": "#1"}
			}
		},
		{
			"from": [7.525, 18.05, 7.475],
			"to": [7.9, 18.3, 7.575],
			"rotation": {"angle": 0, "axis": "y", "origin": [-0.125, 11.6, 0]},
			"faces": {
				"north": {"uv": [5.625, 3.625, 5.25, 3.875], "texture": "#1"},
				"east": {"uv": [5.5, 3.625, 5.625, 3.875], "texture": "#1"},
				"south": {"uv": [5.25, 3.625, 5.625, 3.875], "texture": "#1"},
				"west": {"uv": [5.25, 3.625, 5.375, 3.875], "texture": "#1"},
				"up": {"uv": [5.25, 3.75, 5.625, 3.625], "texture": "#1"},
				"down": {"uv": [5.25, 3.875, 5.625, 3.75], "texture": "#1"}
			}
		},
		{
			"from": [7.4, 17.8, 7.475],
			"to": [8.025, 18.05, 7.575],
			"rotation": {"angle": 0, "axis": "y", "origin": [-0.25, 11.35, 0]},
			"faces": {
				"north": {"uv": [5.75, 3.875, 5.125, 4.125], "texture": "#1"},
				"east": {"uv": [5.625, 3.875, 5.75, 4.125], "texture": "#1"},
				"south": {"uv": [5.125, 3.875, 5.75, 4.125], "texture": "#1"},
				"west": {"uv": [5.125, 3.875, 5.25, 4.125], "texture": "#1"},
				"up": {"uv": [5.125, 4, 5.75, 3.875], "texture": "#1"},
				"down": {"uv": [5.125, 4.125, 5.75, 4], "texture": "#1"}
			}
		},
		{
			"from": [7.025, 17.05, 7.475],
			"to": [8.4, 17.3, 7.575],
			"rotation": {"angle": 0, "axis": "y", "origin": [-0.125, 10.6, 0]},
			"faces": {
				"north": {"uv": [6.125, 4.625, 4.75, 4.875], "texture": "#1"},
				"east": {"uv": [6, 4.625, 6.125, 4.875], "texture": "#1"},
				"south": {"uv": [4.75, 4.625, 6.125, 4.875], "texture": "#1"},
				"west": {"uv": [4.75, 4.625, 4.875, 4.875], "texture": "#1"},
				"up": {"uv": [4.75, 4.75, 6.125, 4.625], "texture": "#1"},
				"down": {"uv": [4.75, 4.875, 6.125, 4.75], "texture": "#1"}
			}
		},
		{
			"from": [7.275, 4.05, 7.375],
			"to": [8.15, 5.8, 7.675],
			"rotation": {"angle": 0, "axis": "y", "origin": [-0.1, -0.025, 0]},
			"faces": {
				"north": {"uv": [10.75, 3.375, 9.875, 5.125], "texture": "#1"},
				"east": {"uv": [11.125, 3.375, 11.5, 5.125], "texture": "#1"},
				"south": {"uv": [9.875, 3.375, 10.75, 5.125], "texture": "#1"},
				"west": {"uv": [9.125, 3.375, 9.5, 5.125], "texture": "#1"},
				"up": {"uv": [9.875, 3.5, 10.75, 3.375], "texture": "#1"},
				"down": {"uv": [9.875, 5.125, 10.75, 5], "texture": "#1"}
			}
		},
		{
			"from": [7.4, 2.55, 7.425],
			"to": [8.025, 4.05, 7.625],
			"rotation": {"angle": 0, "axis": "y", "origin": [-0.05, -0.025, 0]},
			"faces": {
				"north": {"uv": [10.625, 5.125, 10, 6.5], "texture": "#1"},
				"east": {"uv": [11.25, 5.125, 11.375, 6.5], "texture": "#1"},
				"south": {"uv": [10, 5.125, 10.625, 6.5], "texture": "#1"},
				"west": {"uv": [9.25, 5.125, 9.375, 6.5], "texture": "#1"},
				"up": {"uv": [10, 5.25, 10.625, 5.125], "texture": "#1"},
				"down": {"uv": [10, 6.5, 10.625, 6.375], "texture": "#1"}
			}
		},
		{
			"from": [7.4, 4.05, 7.275],
			"to": [8.025, 5.675, 7.775],
			"rotation": {"angle": 0, "axis": "y", "origin": [-0.125, -0.025, 0]},
			"faces": {
				"north": {"uv": [10.625, 3.5, 10, 5.125], "texture": "#1"},
				"east": {"uv": [11, 3.5, 11.625, 5.125], "texture": "#1"},
				"south": {"uv": [10, 3.5, 10.625, 5.125], "texture": "#1"},
				"west": {"uv": [9, 3.5, 9.625, 5.125], "texture": "#1"},
				"up": {"uv": [9.875, 3.625, 10.75, 3.5], "texture": "#1"},
				"down": {"uv": [9.875, 5.125, 10.75, 5], "texture": "#1"}
			}
		},
		{
			"from": [7.525, 2.55, 7.325],
			"to": [7.9, 4.05, 7.725],
			"rotation": {"angle": 0, "axis": "y", "origin": [-0.075, -0.025, 0]},
			"faces": {
				"north": {"uv": [10.5, 5.125, 10.125, 6.5], "texture": "#1"},
				"east": {"uv": [11.125, 5.125, 11.5, 6.5], "texture": "#1"},
				"south": {"uv": [10.125, 5.125, 10.5, 6.5], "texture": "#1"},
				"west": {"uv": [9.125, 5.125, 9.5, 6.5], "texture": "#1"},
				"up": {"uv": [10, 5.25, 10.625, 5.125], "texture": "#1"},
				"down": {"uv": [10, 6.5, 10.625, 6.375], "texture": "#1"}
			}
		},
		{
			"from": [8.4, 5.925, 7.45],
			"to": [8.525, 6.8, 7.6],
			"rotation": {"angle": 0, "axis": "y", "origin": [1.25, 0.1, 0]},
			"faces": {
				"north": {"uv": [11.125, 2.125, 11, 3], "texture": "#1"},
				"east": {"uv": [11, 2.125, 11.125, 3], "texture": "#1"},
				"south": {"uv": [11, 2.125, 11.125, 3], "texture": "#1"},
				"west": {"uv": [11, 2.125, 11.125, 3], "texture": "#1"},
				"up": {"uv": [11, 2.25, 11.125, 2.125], "texture": "#1"},
				"down": {"uv": [11, 3, 11.125, 2.875], "texture": "#1"}
			}
		},
		{
			"from": [8.275, 5.925, 7.45],
			"to": [8.4, 6.675, 7.6],
			"rotation": {"angle": 0, "axis": "y", "origin": [1.125, 0.1, 0]},
			"faces": {
				"north": {"uv": [11, 2.25, 10.875, 3], "texture": "#1"},
				"east": {"uv": [10.875, 2.25, 11, 3], "texture": "#1"},
				"south": {"uv": [10.875, 2.25, 11, 3], "texture": "#1"},
				"west": {"uv": [10.875, 2.25, 11, 3], "texture": "#1"},
				"up": {"uv": [10.875, 2.375, 11, 2.25], "texture": "#1"},
				"down": {"uv": [10.875, 3, 11, 2.875], "texture": "#1"}
			}
		},
		{
			"from": [7.025, 5.925, 7.45],
			"to": [7.15, 6.675, 7.6],
			"rotation": {"angle": 0, "axis": "y", "origin": [-0.125, 0.1, 0]},
			"faces": {
				"north": {"uv": [9.75, 2.25, 9.625, 3], "texture": "#1"},
				"east": {"uv": [9.625, 2.25, 9.75, 3], "texture": "#1"},
				"south": {"uv": [9.625, 2.25, 9.75, 3], "texture": "#1"},
				"west": {"uv": [9.625, 2.25, 9.75, 3], "texture": "#1"},
				"up": {"uv": [9.625, 2.375, 9.75, 2.25], "texture": "#1"},
				"down": {"uv": [9.625, 3, 9.75, 2.875], "texture": "#1"}
			}
		},
		{
			"from": [6.9, 5.925, 7.45],
			"to": [7.025, 6.8, 7.6],
			"rotation": {"angle": 0, "axis": "y", "origin": [-0.25, 0.1, 0]},
			"faces": {
				"north": {"uv": [9.625, 2.125, 9.5, 3], "texture": "#1"},
				"east": {"uv": [9.5, 2.125, 9.625, 3], "texture": "#1"},
				"south": {"uv": [9.5, 2.125, 9.625, 3], "texture": "#1"},
				"west": {"uv": [9.5, 2.125, 9.625, 3], "texture": "#1"},
				"up": {"uv": [9.5, 2.25, 9.625, 2.125], "texture": "#1"},
				"down": {"uv": [9.5, 3, 9.625, 2.875], "texture": "#1"}
			}
		},
		{
			"from": [8.525, 6.05, 7.45],
			"to": [8.775, 6.925, 7.6],
			"rotation": {"angle": 0, "axis": "y", "origin": [0.25, 0.225, 0]},
			"faces": {
				"north": {"uv": [11.375, 2, 11.125, 2.875], "texture": "#1"},
				"east": {"uv": [11.25, 2, 11.375, 2.875], "texture": "#1"},
				"south": {"uv": [11.125, 2, 11.375, 2.875], "texture": "#1"},
				"west": {"uv": [11.125, 2, 11.25, 2.875], "texture": "#1"},
				"up": {"uv": [11.125, 2.125, 11.375, 2], "texture": "#1"},
				"down": {"uv": [11.125, 2.875, 11.375, 2.75], "texture": "#1"}
			}
		},
		{
			"from": [6.65, 6.05, 7.45],
			"to": [6.9, 6.925, 7.6],
			"rotation": {"angle": 0, "axis": "y", "origin": [-0.25, 0.225, 0]},
			"faces": {
				"north": {"uv": [9.5, 2, 9.25, 2.875], "texture": "#1"},
				"east": {"uv": [9.375, 2, 9.5, 2.875], "texture": "#1"},
				"south": {"uv": [9.25, 2, 9.5, 2.875], "texture": "#1"},
				"west": {"uv": [9.25, 2, 9.375, 2.875], "texture": "#1"},
				"up": {"uv": [9.25, 2.125, 9.5, 2], "texture": "#1"},
				"down": {"uv": [9.25, 2.875, 9.5, 2.75], "texture": "#1"}
			}
		},
		{
			"from": [6.025, 6.175, 7.45],
			"to": [6.275, 6.675, 7.6],
			"rotation": {"angle": 0, "axis": "y", "origin": [-0.625, 0.35, 0]},
			"faces": {
				"north": {"uv": [8.875, 2.25, 8.625, 2.75], "texture": "#1"},
				"east": {"uv": [8.75, 2.25, 8.875, 2.75], "texture": "#1"},
				"south": {"uv": [8.625, 2.25, 8.875, 2.75], "texture": "#1"},
				"west": {"uv": [8.625, 2.25, 8.75, 2.75], "texture": "#1"},
				"up": {"uv": [8.625, 2.375, 8.875, 2.25], "texture": "#1"},
				"down": {"uv": [8.625, 2.75, 8.875, 2.625], "texture": "#1"}
			}
		},
		{
			"from": [5.4, 6.425, 7.45],
			"to": [5.65, 6.8, 7.6],
			"rotation": {"angle": 0, "axis": "y", "origin": [-1.25, 0.475, 0]},
			"faces": {
				"north": {"uv": [8.25, 2.125, 8, 2.5], "texture": "#1"},
				"east": {"uv": [8.125, 2.125, 8.25, 2.5], "texture": "#1"},
				"south": {"uv": [8, 2.125, 8.25, 2.5], "texture": "#1"},
				"west": {"uv": [8, 2.125, 8.125, 2.5], "texture": "#1"},
				"up": {"uv": [8, 2.25, 8.25, 2.125], "texture": "#1"},
				"down": {"uv": [8, 2.5, 8.25, 2.375], "texture": "#1"}
			}
		},
		{
			"from": [5.65, 6.3, 7.45],
			"to": [5.9, 6.8, 7.6],
			"rotation": {"angle": 0, "axis": "y", "origin": [-1, 0.475, 0]},
			"faces": {
				"north": {"uv": [8.5, 2.125, 8.25, 2.625], "texture": "#1"},
				"east": {"uv": [8.375, 2.125, 8.5, 2.625], "texture": "#1"},
				"south": {"uv": [8.25, 2.125, 8.5, 2.625], "texture": "#1"},
				"west": {"uv": [8.25, 2.125, 8.375, 2.625], "texture": "#1"},
				"up": {"uv": [8.25, 2.25, 8.5, 2.125], "texture": "#1"},
				"down": {"uv": [8.25, 2.625, 8.5, 2.5], "texture": "#1"}
			}
		},
		{
			"from": [5.15, 6.675, 7.45],
			"to": [5.275, 6.925, 7.6],
			"rotation": {"angle": 0, "axis": "y", "origin": [-1.5, 0.6, 0]},
			"faces": {
				"north": {"uv": [7.875, 2, 7.75, 2.25], "texture": "#1"},
				"east": {"uv": [7.75, 2, 7.875, 2.25], "texture": "#1"},
				"south": {"uv": [7.75, 2, 7.875, 2.25], "texture": "#1"},
				"west": {"uv": [7.75, 2, 7.875, 2.25], "texture": "#1"},
				"up": {"uv": [7.75, 2.125, 7.875, 2], "texture": "#1"},
				"down": {"uv": [7.75, 2.25, 7.875, 2.125], "texture": "#1"}
			}
		},
		{
			"from": [5.025, 6.8, 7.45],
			"to": [5.15, 6.925, 7.6],
			"rotation": {"angle": 0, "axis": "y", "origin": [-1.625, 0.6, 0]},
			"faces": {
				"north": {"uv": [7.75, 2, 7.625, 2.125], "texture": "#1"},
				"east": {"uv": [7.625, 2, 7.75, 2.125], "texture": "#1"},
				"south": {"uv": [7.625, 2, 7.75, 2.125], "texture": "#1"},
				"west": {"uv": [7.625, 2, 7.75, 2.125], "texture": "#1"},
				"up": {"uv": [7.625, 2.125, 7.75, 2], "texture": "#1"},
				"down": {"uv": [7.625, 2.125, 7.75, 2], "texture": "#1"}
			}
		},
		{
			"from": [5.275, 6.55, 7.45],
			"to": [5.4, 6.925, 7.6],
			"rotation": {"angle": 0, "axis": "y", "origin": [-1.375, 0.6, 0]},
			"faces": {
				"north": {"uv": [8, 2, 7.875, 2.375], "texture": "#1"},
				"east": {"uv": [7.875, 2, 8, 2.375], "texture": "#1"},
				"south": {"uv": [7.875, 2, 8, 2.375], "texture": "#1"},
				"west": {"uv": [7.875, 2, 8, 2.375], "texture": "#1"},
				"up": {"uv": [7.875, 2.125, 8, 2], "texture": "#1"},
				"down": {"uv": [7.875, 2.375, 8, 2.25], "texture": "#1"}
			}
		},
		{
			"from": [8.275, 6.175, 7.35],
			"to": [8.4, 6.675, 7.7],
			"rotation": {"angle": 0, "axis": "y", "origin": [1.625, 0.225, 0]},
			"faces": {
				"north": {"uv": [11, 2.375, 10.875, 2.875], "texture": "#1"},
				"east": {"uv": [10.875, 2.375, 11, 2.875], "texture": "#1"},
				"south": {"uv": [10.875, 2.375, 11, 2.875], "texture": "#1"},
				"west": {"uv": [10.875, 2.375, 11, 2.875], "texture": "#1"},
				"up": {"uv": [10.875, 2.5, 11, 2.375], "texture": "#1"},
				"down": {"uv": [10.875, 2.875, 11, 2.75], "texture": "#1"}
			}
		},
		{
			"from": [7.025, 6.175, 7.35],
			"to": [7.15, 6.675, 7.7],
			"rotation": {"angle": 0, "axis": "y", "origin": [0.375, 0.225, 0]},
			"faces": {
				"north": {"uv": [9.75, 2.375, 9.625, 2.875], "texture": "#1"},
				"east": {"uv": [9.625, 2.375, 9.75, 2.875], "texture": "#1"},
				"south": {"uv": [9.625, 2.375, 9.75, 2.875], "texture": "#1"},
				"west": {"uv": [9.625, 2.375, 9.75, 2.875], "texture": "#1"},
				"up": {"uv": [9.625, 2.5, 9.75, 2.375], "texture": "#1"},
				"down": {"uv": [9.625, 2.875, 9.75, 2.75], "texture": "#1"}
			}
		},
		{
			"from": [7.4, 5.675, 7.2],
			"to": [8.025, 7.05, 7.85],
			"rotation": {"angle": 0, "axis": "y", "origin": [0.75, 0.1, 0]},
			"faces": {
				"north": {"uv": [10.625, 2, 10, 3.375], "texture": "#1"},
				"east": {"uv": [10.5, 2, 10.625, 3.375], "texture": "#1"},
				"south": {"uv": [10, 2, 10.625, 3.375], "texture": "#1"},
				"west": {"uv": [10, 2, 10.125, 3.375], "texture": "#1"},
				"up": {"uv": [10, 2.125, 10.625, 2], "texture": "#1"},
				"down": {"uv": [10, 3.375, 10.625, 3.25], "texture": "#1"}
			}
		},
		{
			"from": [8.025, 5.8, 7.275],
			"to": [8.15, 6.925, 7.775],
			"rotation": {"angle": 0, "axis": "y", "origin": [1.375, 0.1, 0]},
			"faces": {
				"north": {"uv": [10.75, 2.125, 10.625, 3.25], "texture": "#1"},
				"east": {"uv": [10.625, 2.125, 10.75, 3.25], "texture": "#1"},
				"south": {"uv": [10.625, 2.125, 10.75, 3.25], "texture": "#1"},
				"west": {"uv": [10.625, 2.125, 10.75, 3.25], "texture": "#1"},
				"up": {"uv": [10.625, 2.25, 10.75, 2.125], "texture": "#1"},
				"down": {"uv": [10.625, 3.25, 10.75, 3.125], "texture": "#1"}
			}
		},
		{
			"from": [7.275, 5.8, 7.275],
			"to": [7.4, 6.925, 7.775],
			"rotation": {"angle": 0, "axis": "y", "origin": [0.625, 0.1, 0]},
			"faces": {
				"north": {"uv": [10, 2.125, 9.875, 3.25], "texture": "#1"},
				"east": {"uv": [9.875, 2.125, 10, 3.25], "texture": "#1"},
				"south": {"uv": [9.875, 2.125, 10, 3.25], "texture": "#1"},
				"west": {"uv": [9.875, 2.125, 10, 3.25], "texture": "#1"},
				"up": {"uv": [9.875, 2.25, 10, 2.125], "texture": "#1"},
				"down": {"uv": [9.875, 3.25, 10, 3.125], "texture": "#1"}
			}
		},
		{
			"from": [8.15, 6.05, 7.275],
			"to": [8.275, 6.925, 7.775],
			"rotation": {"angle": 0, "axis": "y", "origin": [1.5, 0.1, 0]},
			"faces": {
				"north": {"uv": [10.875, 2.125, 10.75, 3], "texture": "#1"},
				"east": {"uv": [10.75, 2.125, 10.875, 3], "texture": "#1"},
				"south": {"uv": [10.75, 2.125, 10.875, 3], "texture": "#1"},
				"west": {"uv": [10.75, 2.125, 10.875, 3], "texture": "#1"},
				"up": {"uv": [10.75, 2.25, 10.875, 2.125], "texture": "#1"},
				"down": {"uv": [10.75, 3, 10.875, 2.875], "texture": "#1"}
			}
		},
		{
			"from": [7.15, 6.05, 7.275],
			"to": [7.275, 6.925, 7.775],
			"rotation": {"angle": 0, "axis": "y", "origin": [0.5, 0.1, 0]},
			"faces": {
				"north": {"uv": [9.875, 2.125, 9.75, 3], "texture": "#1"},
				"east": {"uv": [9.75, 2.125, 9.875, 3], "texture": "#1"},
				"south": {"uv": [9.75, 2.125, 9.875, 3], "texture": "#1"},
				"west": {"uv": [9.75, 2.125, 9.875, 3], "texture": "#1"},
				"up": {"uv": [9.75, 2.25, 9.875, 2.125], "texture": "#1"},
				"down": {"uv": [9.75, 3, 9.875, 2.875], "texture": "#1"}
			}
		},
		{
			"from": [8.025, 1.8, 7.425],
			"to": [8.15, 2.425, 7.625],
			"rotation": {"angle": 0, "axis": "y", "origin": [1.375, -4.525, 0]},
			"faces": {
				"north": {"uv": [10.75, 6.625, 10.625, 7.25], "texture": "#1"},
				"east": {"uv": [10.625, 6.625, 10.75, 7.25], "texture": "#1"},
				"south": {"uv": [10.625, 6.625, 10.75, 7.25], "texture": "#1"},
				"west": {"uv": [10.625, 6.625, 10.75, 7.25], "texture": "#1"},
				"up": {"uv": [10.625, 6.75, 10.75, 6.625], "texture": "#1"},
				"down": {"uv": [10.625, 7.25, 10.75, 7.125], "texture": "#1"}
			}
		},
		{
			"from": [7.525, 1.675, 7.325],
			"to": [7.9, 2.55, 7.725],
			"rotation": {"angle": 0, "axis": "y", "origin": [0.875, -4.4, 0]},
			"faces": {
				"north": {"uv": [10.5, 6.5, 10.125, 7.375], "texture": "#1"},
				"east": {"uv": [10.375, 6.5, 10.5, 7.375], "texture": "#1"},
				"south": {"uv": [10.125, 6.5, 10.5, 7.375], "texture": "#1"},
				"west": {"uv": [10.125, 6.5, 10.25, 7.375], "texture": "#1"},
				"up": {"uv": [10.125, 6.625, 10.5, 6.5], "texture": "#1"},
				"down": {"uv": [10.125, 7.375, 10.5, 7.25], "texture": "#1"}
			}
		},
		{
			"from": [7.525, 1.425, 7.425],
			"to": [7.9, 1.675, 7.625],
			"rotation": {"angle": 0, "axis": "y", "origin": [0.875, -4.65, 0]},
			"faces": {
				"north": {"uv": [10.5, 7.375, 10.125, 7.625], "texture": "#1"},
				"east": {"uv": [10.375, 7.375, 10.5, 7.625], "texture": "#1"},
				"south": {"uv": [10.125, 7.375, 10.5, 7.625], "texture": "#1"},
				"west": {"uv": [10.125, 7.375, 10.25, 7.625], "texture": "#1"},
				"up": {"uv": [10.125, 7.5, 10.5, 7.375], "texture": "#1"},
				"down": {"uv": [10.125, 7.625, 10.5, 7.5], "texture": "#1"}
			}
		},
		{
			"from": [7.65, 1.175, 7.425],
			"to": [7.775, 1.425, 7.625],
			"rotation": {"angle": 0, "axis": "y", "origin": [0.75, -4.9, 0]},
			"faces": {
				"north": {"uv": [10.375, 7.625, 10.25, 7.875], "texture": "#1"},
				"east": {"uv": [10.25, 7.625, 10.375, 7.875], "texture": "#1"},
				"south": {"uv": [10.25, 7.625, 10.375, 7.875], "texture": "#1"},
				"west": {"uv": [10.25, 7.625, 10.375, 7.875], "texture": "#1"},
				"up": {"uv": [10.25, 7.75, 10.375, 7.625], "texture": "#1"},
				"down": {"uv": [10.25, 7.875, 10.375, 7.75], "texture": "#1"}
			}
		},
		{
			"from": [7.65, 1.425, 7.325],
			"to": [7.775, 1.675, 7.725],
			"rotation": {"angle": 0, "axis": "y", "origin": [0.75, -4.65, 0]},
			"faces": {
				"north": {"uv": [10.375, 7.375, 10.25, 7.625], "texture": "#1"},
				"east": {"uv": [10.25, 7.375, 10.375, 7.625], "texture": "#1"},
				"south": {"uv": [10.25, 7.375, 10.375, 7.625], "texture": "#1"},
				"west": {"uv": [10.25, 7.375, 10.375, 7.625], "texture": "#1"},
				"up": {"uv": [10.25, 7.5, 10.375, 7.375], "texture": "#1"},
				"down": {"uv": [10.25, 7.625, 10.375, 7.5], "texture": "#1"}
			}
		},
		{
			"from": [7.4, 1.675, 7.425],
			"to": [7.525, 2.55, 7.625],
			"rotation": {"angle": 0, "axis": "y", "origin": [0.75, -4.4, 0]},
			"faces": {
				"north": {"uv": [10.125, 6.5, 10, 7.375], "texture": "#1"},
				"east": {"uv": [10, 6.5, 10.125, 7.375], "texture": "#1"},
				"south": {"uv": [10, 6.5, 10.125, 7.375], "texture": "#1"},
				"west": {"uv": [10, 6.5, 10.125, 7.375], "texture": "#1"},
				"up": {"uv": [10, 6.625, 10.125, 6.5], "texture": "#1"},
				"down": {"uv": [10, 7.375, 10.125, 7.25], "texture": "#1"}
			}
		},
		{
			"from": [7.9, 1.675, 7.425],
			"to": [8.025, 2.55, 7.625],
			"rotation": {"angle": 0, "axis": "y", "origin": [1.25, -4.4, 0]},
			"faces": {
				"north": {"uv": [10.625, 6.5, 10.5, 7.375], "texture": "#1"},
				"east": {"uv": [10.5, 6.5, 10.625, 7.375], "texture": "#1"},
				"south": {"uv": [10.5, 6.5, 10.625, 7.375], "texture": "#1"},
				"west": {"uv": [10.5, 6.5, 10.625, 7.375], "texture": "#1"},
				"up": {"uv": [10.5, 6.625, 10.625, 6.5], "texture": "#1"},
				"down": {"uv": [10.5, 7.375, 10.625, 7.25], "texture": "#1"}
			}
		},
		{
			"from": [7.9, 1.8, 7.325],
			"to": [8.025, 2.425, 7.725],
			"rotation": {"angle": 0, "axis": "y", "origin": [1.25, -4.525, 0]},
			"faces": {
				"north": {"uv": [10.625, 6.625, 10.5, 7.25], "texture": "#1"},
				"east": {"uv": [10.5, 6.625, 10.625, 7.25], "texture": "#1"},
				"south": {"uv": [10.5, 6.625, 10.625, 7.25], "texture": "#1"},
				"west": {"uv": [10.5, 6.625, 10.625, 7.25], "texture": "#1"},
				"up": {"uv": [10.5, 6.75, 10.625, 6.625], "texture": "#1"},
				"down": {"uv": [10.5, 7.25, 10.625, 7.125], "texture": "#1"}
			}
		},
		{
			"from": [7.4, 1.8, 7.325],
			"to": [7.525, 2.425, 7.725],
			"rotation": {"angle": 0, "axis": "y", "origin": [0.75, -4.525, 0]},
			"faces": {
				"north": {"uv": [10.125, 6.625, 10, 7.25], "texture": "#1"},
				"east": {"uv": [10, 6.625, 10.125, 7.25], "texture": "#1"},
				"south": {"uv": [10, 6.625, 10.125, 7.25], "texture": "#1"},
				"west": {"uv": [10, 6.625, 10.125, 7.25], "texture": "#1"},
				"up": {"uv": [10, 6.75, 10.125, 6.625], "texture": "#1"},
				"down": {"uv": [10, 7.25, 10.125, 7.125], "texture": "#1"}
			}
		},
		{
			"from": [7.275, 1.8, 7.425],
			"to": [7.4, 2.425, 7.625],
			"rotation": {"angle": 0, "axis": "y", "origin": [0.625, -4.525, 0]},
			"faces": {
				"north": {"uv": [10, 6.625, 9.875, 7.25], "texture": "#1"},
				"east": {"uv": [9.875, 6.625, 10, 7.25], "texture": "#1"},
				"south": {"uv": [9.875, 6.625, 10, 7.25], "texture": "#1"},
				"west": {"uv": [9.875, 6.625, 10, 7.25], "texture": "#1"},
				"up": {"uv": [9.875, 6.75, 10, 6.625], "texture": "#1"},
				"down": {"uv": [9.875, 7.25, 10, 7.125], "texture": "#1"}
			}
		},
		{
			"from": [5.9, 6.3, 7.45],
			"to": [6.025, 6.675, 7.6],
			"rotation": {"angle": 0, "axis": "y", "origin": [-0.75, 0.35, 0]},
			"faces": {
				"north": {"uv": [8.625, 2.25, 8.5, 2.625], "texture": "#1"},
				"east": {"uv": [8.5, 2.25, 8.625, 2.625], "texture": "#1"},
				"south": {"uv": [8.5, 2.25, 8.625, 2.625], "texture": "#1"},
				"west": {"uv": [8.5, 2.25, 8.625, 2.625], "texture": "#1"},
				"up": {"uv": [8.5, 2.375, 8.625, 2.25], "texture": "#1"},
				"down": {"uv": [8.5, 2.625, 8.625, 2.5], "texture": "#1"}
			}
		},
		{
			"from": [6.275, 6.175, 7.45],
			"to": [6.4, 6.8, 7.6],
			"rotation": {"angle": 0, "axis": "y", "origin": [-0.375, 0.225, 0]},
			"faces": {
				"north": {"uv": [9, 2.125, 8.875, 2.75], "texture": "#1"},
				"east": {"uv": [8.875, 2.125, 9, 2.75], "texture": "#1"},
				"south": {"uv": [8.875, 2.125, 9, 2.75], "texture": "#1"},
				"west": {"uv": [8.875, 2.125, 9, 2.75], "texture": "#1"},
				"up": {"uv": [8.875, 2.25, 9, 2.125], "texture": "#1"},
				"down": {"uv": [8.875, 2.75, 9, 2.625], "texture": "#1"}
			}
		},
		{
			"from": [6.4, 6.05, 7.45],
			"to": [6.525, 6.8, 7.6],
			"rotation": {"angle": 0, "axis": "y", "origin": [-0.25, 0.225, 0]},
			"faces": {
				"north": {"uv": [9.125, 2.125, 9, 2.875], "texture": "#1"},
				"east": {"uv": [9, 2.125, 9.125, 2.875], "texture": "#1"},
				"south": {"uv": [9, 2.125, 9.125, 2.875], "texture": "#1"},
				"west": {"uv": [9, 2.125, 9.125, 2.875], "texture": "#1"},
				"up": {"uv": [9, 2.25, 9.125, 2.125], "texture": "#1"},
				"down": {"uv": [9, 2.875, 9.125, 2.75], "texture": "#1"}
			}
		},
		{
			"from": [8.775, 6.05, 7.45],
			"to": [8.9, 6.925, 7.6],
			"rotation": {"angle": 0, "axis": "y", "origin": [2.125, 0.225, 0]},
			"faces": {
				"north": {"uv": [11.5, 2, 11.375, 2.875], "texture": "#1"},
				"east": {"uv": [11.375, 2, 11.5, 2.875], "texture": "#1"},
				"south": {"uv": [11.375, 2, 11.5, 2.875], "texture": "#1"},
				"west": {"uv": [11.375, 2, 11.5, 2.875], "texture": "#1"},
				"up": {"uv": [11.375, 2.125, 11.5, 2], "texture": "#1"},
				"down": {"uv": [11.375, 2.875, 11.5, 2.75], "texture": "#1"}
			}
		},
		{
			"from": [8.9, 6.05, 7.45],
			"to": [9.025, 6.8, 7.6],
			"rotation": {"angle": 0, "axis": "y", "origin": [2.25, 0.225, 0]},
			"faces": {
				"north": {"uv": [11.625, 2.125, 11.5, 2.875], "texture": "#1"},
				"east": {"uv": [11.5, 2.125, 11.625, 2.875], "texture": "#1"},
				"south": {"uv": [11.5, 2.125, 11.625, 2.875], "texture": "#1"},
				"west": {"uv": [11.5, 2.125, 11.625, 2.875], "texture": "#1"},
				"up": {"uv": [11.5, 2.25, 11.625, 2.125], "texture": "#1"},
				"down": {"uv": [11.5, 2.875, 11.625, 2.75], "texture": "#1"}
			}
		},
		{
			"from": [9.025, 6.175, 7.45],
			"to": [9.15, 6.8, 7.6],
			"rotation": {"angle": 0, "axis": "y", "origin": [2.375, 0.225, 0]},
			"faces": {
				"north": {"uv": [11.75, 2.125, 11.625, 2.75], "texture": "#1"},
				"east": {"uv": [11.625, 2.125, 11.75, 2.75], "texture": "#1"},
				"south": {"uv": [11.625, 2.125, 11.75, 2.75], "texture": "#1"},
				"west": {"uv": [11.625, 2.125, 11.75, 2.75], "texture": "#1"},
				"up": {"uv": [11.625, 2.25, 11.75, 2.125], "texture": "#1"},
				"down": {"uv": [11.625, 2.75, 11.75, 2.625], "texture": "#1"}
			}
		},
		{
			"from": [9.4, 6.3, 7.45],
			"to": [9.525, 6.675, 7.6],
			"rotation": {"angle": 0, "axis": "y", "origin": [2.75, 0.35, 0]},
			"faces": {
				"north": {"uv": [12.125, 2.25, 12, 2.625], "texture": "#1"},
				"east": {"uv": [12, 2.25, 12.125, 2.625], "texture": "#1"},
				"south": {"uv": [12, 2.25, 12.125, 2.625], "texture": "#1"},
				"west": {"uv": [12, 2.25, 12.125, 2.625], "texture": "#1"},
				"up": {"uv": [12, 2.375, 12.125, 2.25], "texture": "#1"},
				"down": {"uv": [12, 2.625, 12.125, 2.5], "texture": "#1"}
			}
		},
		{
			"from": [9.525, 6.3, 7.45],
			"to": [9.775, 6.8, 7.6],
			"rotation": {"angle": 0, "axis": "y", "origin": [2.875, 0.475, 0]},
			"faces": {
				"north": {"uv": [12.375, 2.125, 12.125, 2.625], "texture": "#1"},
				"east": {"uv": [12.25, 2.125, 12.375, 2.625], "texture": "#1"},
				"south": {"uv": [12.125, 2.125, 12.375, 2.625], "texture": "#1"},
				"west": {"uv": [12.125, 2.125, 12.25, 2.625], "texture": "#1"},
				"up": {"uv": [12.125, 2.25, 12.375, 2.125], "texture": "#1"},
				"down": {"uv": [12.125, 2.625, 12.375, 2.5], "texture": "#1"}
			}
		},
		{
			"from": [9.15, 6.175, 7.45],
			"to": [9.4, 6.675, 7.6],
			"rotation": {"angle": 0, "axis": "y", "origin": [2.5, 0.35, 0]},
			"faces": {
				"north": {"uv": [12, 2.25, 11.75, 2.75], "texture": "#1"},
				"east": {"uv": [11.875, 2.25, 12, 2.75], "texture": "#1"},
				"south": {"uv": [11.75, 2.25, 12, 2.75], "texture": "#1"},
				"west": {"uv": [11.75, 2.25, 11.875, 2.75], "texture": "#1"},
				"up": {"uv": [11.75, 2.375, 12, 2.25], "texture": "#1"},
				"down": {"uv": [11.75, 2.75, 12, 2.625], "texture": "#1"}
			}
		},
		{
			"from": [9.775, 6.425, 7.45],
			"to": [10.025, 6.8, 7.6],
			"rotation": {"angle": 0, "axis": "y", "origin": [3.125, 0.475, 0]},
			"faces": {
				"north": {"uv": [12.625, 2.125, 12.375, 2.5], "texture": "#1"},
				"east": {"uv": [12.5, 2.125, 12.625, 2.5], "texture": "#1"},
				"south": {"uv": [12.375, 2.125, 12.625, 2.5], "texture": "#1"},
				"west": {"uv": [12.375, 2.125, 12.5, 2.5], "texture": "#1"},
				"up": {"uv": [12.375, 2.25, 12.625, 2.125], "texture": "#1"},
				"down": {"uv": [12.375, 2.5, 12.625, 2.375], "texture": "#1"}
			}
		},
		{
			"from": [10.025, 6.55, 7.45],
			"to": [10.15, 6.925, 7.6],
			"rotation": {"angle": 0, "axis": "y", "origin": [3.375, 0.6, 0]},
			"faces": {
				"north": {"uv": [12.75, 2, 12.625, 2.375], "texture": "#1"},
				"east": {"uv": [12.625, 2, 12.75, 2.375], "texture": "#1"},
				"south": {"uv": [12.625, 2, 12.75, 2.375], "texture": "#1"},
				"west": {"uv": [12.625, 2, 12.75, 2.375], "texture": "#1"},
				"up": {"uv": [12.625, 2.125, 12.75, 2], "texture": "#1"},
				"down": {"uv": [12.625, 2.375, 12.75, 2.25], "texture": "#1"}
			}
		},
		{
			"from": [10.15, 6.675, 7.45],
			"to": [10.275, 6.925, 7.6],
			"rotation": {"angle": 0, "axis": "y", "origin": [3.5, 0.6, 0]},
			"faces": {
				"north": {"uv": [12.875, 2, 12.75, 2.25], "texture": "#1"},
				"east": {"uv": [12.75, 2, 12.875, 2.25], "texture": "#1"},
				"south": {"uv": [12.75, 2, 12.875, 2.25], "texture": "#1"},
				"west": {"uv": [12.75, 2, 12.875, 2.25], "texture": "#1"},
				"up": {"uv": [12.75, 2.125, 12.875, 2], "texture": "#1"},
				"down": {"uv": [12.75, 2.25, 12.875, 2.125], "texture": "#1"}
			}
		},
		{
			"from": [10.275, 6.8, 7.45],
			"to": [10.4, 6.925, 7.6],
			"rotation": {"angle": 0, "axis": "y", "origin": [3.625, 0.6, 0]},
			"faces": {
				"north": {"uv": [13, 2, 12.875, 2.125], "texture": "#1"},
				"east": {"uv": [12.875, 2, 13, 2.125], "texture": "#1"},
				"south": {"uv": [12.875, 2, 13, 2.125], "texture": "#1"},
				"west": {"uv": [12.875, 2, 13, 2.125], "texture": "#1"},
				"up": {"uv": [12.875, 2.125, 13, 2], "texture": "#1"},
				"down": {"uv": [12.875, 2.125, 13, 2], "texture": "#1"}
			}
		},
		{
			"from": [6.525, 6.05, 7.45],
			"to": [6.65, 6.925, 7.6],
			"rotation": {"angle": 0, "axis": "y", "origin": [0, 0.225, 0]},
			"faces": {
				"north": {"uv": [9.25, 2, 9.125, 2.875], "texture": "#1"},
				"east": {"uv": [9.125, 2, 9.25, 2.875], "texture": "#1"},
				"south": {"uv": [9.125, 2, 9.25, 2.875], "texture": "#1"},
				"west": {"uv": [9.125, 2, 9.25, 2.875], "texture": "#1"},
				"up": {"uv": [9.125, 2.125, 9.25, 2], "texture": "#1"},
				"down": {"uv": [9.125, 2.875, 9.25, 2.75], "texture": "#1"}
			}
		}
	],
	"gui_light": "front",
	"display": {
		"thirdperson_righthand": {
			"rotation": [0, -90, 0],
			"translation": [-1, 3, 1.5],
			"scale": [1.3, 1.3, 1.3]
		},
		"thirdperson_lefthand": {
			"rotation": [0, 90, 0],
			"translation": [0.25, 3, 1.5],
			"scale": [1.3, 1.3, 1.3]
		},
		"firstperson_righthand": {
			"rotation": [55, -90, 60],
			"translation": [-1.25, 4.25, 2],
			"scale": [0.9, 0.9, 0.9]
		},
		"firstperson_lefthand": {
			"rotation": [-65, 90, 60],
			"translation": [-0.75, 4.25, 2],
			"scale": [0.9, 0.9, 0.9]
		},
		"ground": {
			"rotation": [45, 90, 0],
			"translation": [0, 1, 0],
			"scale": [0.55, 0.55, 0.55]
		},
		"gui": {
			"rotation": [0, 0, -45],
			"translation": [-1.25, -1.75, 0],
			"scale": [1.2, 1.2, 1.2]
		},
		"head": {
			"translation": [0, 9.75, 0]
		},
		"fixed": {
			"rotation": [180, 0, 135],
			"translation": [2, -2.75, -0.5],
			"scale": [1.5, 1.5, 1.5]
		}
	}
}