{
	"credit": "Made with Blockbench",
	"textures": {
		"0": "./stiletto",
		"particle": "./stiletto"
	},
	"elements": [
		{
			"from": [7.35, 4.2, 7.125],
			"to": [8.125, 5.075, 7.9],
			"rotation": {"angle": 0, "axis": "y", "origin": [0, 0.1, 0]},
			"faces": {
				"north": {"uv": [7.25, 10.625, 6.375, 11.5], "texture": "#0"},
				"east": {"uv": [7.5, 10.625, 8.375, 11.5], "texture": "#0"},
				"south": {"uv": [6.375, 10.625, 7.25, 11.5], "texture": "#0"},
				"west": {"uv": [5.25, 10.625, 6.125, 11.5], "texture": "#0"},
				"up": {"uv": [6.375, 10.75, 7.25, 10.625], "texture": "#0"},
				"down": {"uv": [6.375, 11.5, 7.25, 11.375], "texture": "#0"}
			}
		},
		{
			"from": [7.3, 5.575, 7.175],
			"to": [8.175, 5.7, 7.85],
			"rotation": {"angle": 0, "axis": "y", "origin": [0, 0.1, 0]},
			"faces": {
				"north": {"uv": [7.25, 10, 6.375, 10.125], "texture": "#0"},
				"east": {"uv": [7.125, 10, 7.25, 10.125], "texture": "#0"},
				"south": {"uv": [6.375, 10, 7.25, 10.125], "texture": "#0"},
				"west": {"uv": [6.375, 10, 6.5, 10.125], "texture": "#0"},
				"up": {"uv": [6.375, 10.125, 7.25, 10], "texture": "#0"},
				"down": {"uv": [6.375, 10.125, 7.25, 10], "texture": "#0"}
			}
		},
		{
			"from": [7.3, 6.35, 7.175],
			"to": [8.175, 6.475, 7.85],
			"rotation": {"angle": 0, "axis": "y", "origin": [0, 0.1, 0]},
			"faces": {
				"north": {"uv": [7.25, 9.25, 6.375, 9.375], "texture": "#0"},
				"east": {"uv": [7.125, 9.25, 7.25, 9.375], "texture": "#0"},
				"south": {"uv": [6.375, 9.25, 7.25, 9.375], "texture": "#0"},
				"west": {"uv": [6.375, 9.25, 6.5, 9.375], "texture": "#0"},
				"up": {"uv": [6.375, 9.375, 7.25, 9.25], "texture": "#0"},
				"down": {"uv": [6.375, 9.375, 7.25, 9.25], "texture": "#0"}
			}
		},
		{
			"from": [7.3, 5.825, 7.175],
			"to": [8.175, 6.2, 7.85],
			"rotation": {"angle": 0, "axis": "y", "origin": [0, 0.1, 0]},
			"faces": {
				"north": {"uv": [7.25, 9.5, 6.375, 9.875], "texture": "#0"},
				"east": {"uv": [7.125, 9.5, 7.25, 9.875], "texture": "#0"},
				"south": {"uv": [6.375, 9.5, 7.25, 9.875], "texture": "#0"},
				"west": {"uv": [6.375, 9.5, 6.5, 9.875], "texture": "#0"},
				"up": {"uv": [6.375, 9.625, 7.25, 9.5], "texture": "#0"},
				"down": {"uv": [6.375, 9.875, 7.25, 9.75], "texture": "#0"}
			}
		},
		{
			"from": [6.675, 5.2, 7.325],
			"to": [7.175, 5.575, 7.7],
			"rotation": {"angle": 0, "axis": "y", "origin": [0, 0.1, 0]},
			"faces": {
				"north": {"uv": [6.25, 10.125, 5.75, 10.5], "texture": "#0"},
				"east": {"uv": [6.125, 10.125, 6.25, 10.5], "texture": "#0"},
				"south": {"uv": [5.75, 10.125, 6.25, 10.5], "texture": "#0"},
				"west": {"uv": [5.75, 10.125, 5.875, 10.5], "texture": "#0"},
				"up": {"uv": [5.75, 10.25, 6.25, 10.125], "texture": "#0"},
				"down": {"uv": [5.75, 10.5, 6.25, 10.375], "texture": "#0"}
			}
		},
		{
			"from": [8.3, 5.2, 7.325],
			"to": [8.8, 5.575, 7.7],
			"rotation": {"angle": 0, "axis": "y", "origin": [0, 0.1, 0]},
			"faces": {
				"north": {"uv": [7.875, 10.125, 7.375, 10.5], "texture": "#0"},
				"east": {"uv": [7.75, 10.125, 7.875, 10.5], "texture": "#0"},
				"south": {"uv": [7.375, 10.125, 7.875, 10.5], "texture": "#0"},
				"west": {"uv": [7.375, 10.125, 7.5, 10.5], "texture": "#0"},
				"up": {"uv": [7.375, 10.25, 7.875, 10.125], "texture": "#0"},
				"down": {"uv": [7.375, 10.5, 7.875, 10.375], "texture": "#0"}
			}
		},
		{
			"from": [8.8, 5.15, 7.25],
			"to": [9.425, 5.65, 7.775],
			"rotation": {"angle": 0, "axis": "y", "origin": [0, 0.1, 0]},
			"faces": {
				"north": {"uv": [8.5, 10, 7.875, 10.625], "texture": "#0"},
				"east": {"uv": [8.375, 10, 8.5, 10.625], "texture": "#0"},
				"south": {"uv": [7.875, 10, 8.5, 10.625], "texture": "#0"},
				"west": {"uv": [7.875, 10, 8, 10.625], "texture": "#0"},
				"up": {"uv": [7.875, 10.125, 8.5, 10], "texture": "#0"},
				"down": {"uv": [7.875, 10.625, 8.5, 10.5], "texture": "#0"}
			}
		},
		{
			"from": [9.425, 5.05, 7.175],
			"to": [10.05, 5.725, 7.85],
			"rotation": {"angle": 0, "axis": "y", "origin": [0, 0.1, 0]},
			"faces": {
				"north": {"uv": [9.125, 9.875, 8.5, 10.75], "texture": "#0"},
				"east": {"uv": [9, 9.875, 9.125, 10.75], "texture": "#0"},
				"south": {"uv": [8.5, 9.875, 9.125, 10.75], "texture": "#0"},
				"west": {"uv": [8.5, 9.875, 8.625, 10.75], "texture": "#0"},
				"up": {"uv": [8.5, 10, 9.125, 9.875], "texture": "#0"},
				"down": {"uv": [8.5, 10.75, 9.125, 10.625], "texture": "#0"}
			}
		},
		{
			"from": [5.425, 5.05, 7.175],
			"to": [6.05, 5.725, 7.85],
			"rotation": {"angle": 0, "axis": "y", "origin": [0, 0.1, 0]},
			"faces": {
				"north": {"uv": [5.125, 9.875, 4.5, 10.75], "texture": "#0"},
				"east": {"uv": [5, 9.875, 5.125, 10.75], "texture": "#0"},
				"south": {"uv": [4.5, 9.875, 5.125, 10.75], "texture": "#0"},
				"west": {"uv": [4.5, 9.875, 4.625, 10.75], "texture": "#0"},
				"up": {"uv": [4.5, 10, 5.125, 9.875], "texture": "#0"},
				"down": {"uv": [4.5, 10.75, 5.125, 10.625], "texture": "#0"}
			}
		},
		{
			"from": [7.425, 6.975, 7.375],
			"to": [8.05, 9.85, 7.65],
			"faces": {
				"north": {"uv": [7.125, 5.875, 6.5, 8.75], "texture": "#0"},
				"east": {"uv": [7, 5.875, 7.125, 8.75], "texture": "#0"},
				"south": {"uv": [6.5, 5.875, 7.125, 8.75], "texture": "#0"},
				"west": {"uv": [6.5, 5.875, 6.625, 8.75], "texture": "#0"},
				"up": {"uv": [6.5, 6, 7.125, 5.875], "texture": "#0"},
				"down": {"uv": [6.5, 8.75, 7.125, 8.625], "texture": "#0"}
			}
		},
		{
			"from": [7.425, 9.825, 7.45],
			"to": [8.05, 12.2, 7.575],
			"faces": {
				"north": {"uv": [7.125, 3.5, 6.5, 5.875], "texture": "#0"},
				"east": {"uv": [7, 3.5, 7.125, 5.875], "texture": "#0"},
				"south": {"uv": [6.5, 3.5, 7.125, 5.875], "texture": "#0"},
				"west": {"uv": [6.5, 3.5, 6.625, 5.875], "texture": "#0"},
				"up": {"uv": [6.5, 3.625, 7.125, 3.5], "texture": "#0"},
				"down": {"uv": [6.5, 5.875, 7.125, 5.75], "texture": "#0"}
			}
		},
		{
			"from": [7.55, 9.825, 7.375],
			"to": [7.925, 12.2, 7.65],
			"faces": {
				"north": {"uv": [7, 3.5, 6.625, 5.875], "texture": "#0"},
				"east": {"uv": [6.875, 3.5, 7, 5.875], "texture": "#0"},
				"south": {"uv": [6.625, 3.5, 7, 5.875], "texture": "#0"},
				"west": {"uv": [6.625, 3.5, 6.75, 5.875], "texture": "#0"},
				"up": {"uv": [6.625, 3.625, 7, 3.5], "texture": "#0"},
				"down": {"uv": [6.625, 5.875, 7, 5.75], "texture": "#0"}
			}
		},
		{
			"from": [7.55, 12.2, 7.45],
			"to": [7.925, 14.2, 7.575],
			"faces": {
				"north": {"uv": [7, 1.5, 6.625, 3.5], "texture": "#0"},
				"east": {"uv": [6.875, 1.5, 7, 3.5], "texture": "#0"},
				"south": {"uv": [6.625, 1.5, 7, 3.5], "texture": "#0"},
				"west": {"uv": [6.625, 1.5, 6.75, 3.5], "texture": "#0"},
				"up": {"uv": [6.625, 1.625, 7, 1.5], "texture": "#0"},
				"down": {"uv": [6.625, 3.5, 7, 3.375], "texture": "#0"}
			}
		},
		{
			"from": [7.675, 14.2, 7.45],
			"to": [7.8, 15.7, 7.575],
			"faces": {
				"north": {"uv": [6.875, 0, 6.75, 1.5], "texture": "#0"},
				"east": {"uv": [6.75, 0, 6.875, 1.5], "texture": "#0"},
				"south": {"uv": [6.75, 0, 6.875, 1.5], "texture": "#0"},
				"west": {"uv": [6.75, 0, 6.875, 1.5], "texture": "#0"},
				"up": {"uv": [6.75, 0.125, 6.875, 0], "texture": "#0"},
				"down": {"uv": [6.75, 1.5, 6.875, 1.375], "texture": "#0"}
			}
		},
		{
			"from": [7.675, 12.2, 7.375],
			"to": [7.8, 14.2, 7.65],
			"faces": {
				"north": {"uv": [6.875, 1.5, 6.75, 3.5], "texture": "#0"},
				"east": {"uv": [6.75, 1.5, 6.875, 3.5], "texture": "#0"},
				"south": {"uv": [6.75, 1.5, 6.875, 3.5], "texture": "#0"},
				"west": {"uv": [6.75, 1.5, 6.875, 3.5], "texture": "#0"},
				"up": {"uv": [6.75, 1.625, 6.875, 1.5], "texture": "#0"},
				"down": {"uv": [6.75, 3.5, 6.875, 3.375], "texture": "#0"}
			}
		},
		{
			"from": [7.3, 6.975, 7.45],
			"to": [8.175, 9.85, 7.575],
			"faces": {
				"north": {"uv": [7.25, 5.875, 6.375, 8.75], "texture": "#0"},
				"east": {"uv": [7.125, 5.875, 7.25, 8.75], "texture": "#0"},
				"south": {"uv": [6.375, 5.875, 7.25, 8.75], "texture": "#0"},
				"west": {"uv": [6.375, 5.875, 6.5, 8.75], "texture": "#0"},
				"up": {"uv": [6.375, 6, 7.25, 5.875], "texture": "#0"},
				"down": {"uv": [6.375, 8.75, 7.25, 8.625], "texture": "#0"}
			}
		},
		{
			"from": [7.3, 6.475, 7.375],
			"to": [8.175, 6.975, 7.65],
			"faces": {
				"north": {"uv": [7.25, 8.75, 6.375, 9.25], "texture": "#0"},
				"east": {"uv": [7.125, 8.75, 7.25, 9.25], "texture": "#0"},
				"south": {"uv": [6.375, 8.75, 7.25, 9.25], "texture": "#0"},
				"west": {"uv": [6.375, 8.75, 6.5, 9.25], "texture": "#0"},
				"up": {"uv": [6.375, 8.875, 7.25, 8.75], "texture": "#0"},
				"down": {"uv": [6.375, 9.25, 7.25, 9.125], "texture": "#0"}
			}
		},
		{
			"from": [6.05, 5.15, 7.25],
			"to": [6.675, 5.65, 7.775],
			"rotation": {"angle": 0, "axis": "y", "origin": [0, 0.1, 0]},
			"faces": {
				"north": {"uv": [5.75, 10, 5.125, 10.625], "texture": "#0"},
				"east": {"uv": [5.625, 10, 5.75, 10.625], "texture": "#0"},
				"south": {"uv": [5.125, 10, 5.75, 10.625], "texture": "#0"},
				"west": {"uv": [5.125, 10, 5.25, 10.625], "texture": "#0"},
				"up": {"uv": [5.125, 10.125, 5.75, 10], "texture": "#0"},
				"down": {"uv": [5.125, 10.625, 5.75, 10.5], "texture": "#0"}
			}
		},
		{
			"from": [7.175, 5.2, 7.075],
			"to": [8.3, 5.575, 7.95],
			"rotation": {"angle": 0, "axis": "y", "origin": [0, 0.1, 0]},
			"faces": {
				"north": {"uv": [7.375, 10.125, 6.25, 10.5], "texture": "#0"},
				"east": {"uv": [7.25, 10.125, 7.375, 10.5], "texture": "#0"},
				"south": {"uv": [6.25, 10.125, 7.375, 10.5], "texture": "#0"},
				"west": {"uv": [6.25, 10.125, 6.375, 10.5], "texture": "#0"},
				"up": {"uv": [6.25, 10.25, 7.375, 10.125], "texture": "#0"},
				"down": {"uv": [6.25, 10.5, 7.375, 10.375], "texture": "#0"}
			}
		},
		{
			"from": [7.35, -0.175, 7.125],
			"to": [8.125, 0.7, 7.9],
			"rotation": {"angle": 0, "axis": "y", "origin": [0, 0.1, 0]},
			"faces": {
				"north": {"uv": [7.25, 15, 6.375, 15.875], "texture": "#0"},
				"east": {"uv": [7.5, 15, 8.375, 15.875], "texture": "#0"},
				"south": {"uv": [6.375, 15, 7.25, 15.875], "texture": "#0"},
				"west": {"uv": [5.25, 15, 6.125, 15.875], "texture": "#0"},
				"up": {"uv": [6.375, 15.125, 7.25, 15], "texture": "#0"},
				"down": {"uv": [6.375, 15.875, 7.25, 15.75], "texture": "#0"}
			}
		},
		{
			"from": [7.25, -0.05, 7.025],
			"to": [8.225, 0.325, 8],
			"rotation": {"angle": 0, "axis": "y", "origin": [0, 0.1, 0]},
			"faces": {
				"north": {"uv": [7.375, 15.375, 6.25, 15.75], "texture": "#0"},
				"east": {"uv": [7.375, 15.375, 8.5, 15.75], "texture": "#0"},
				"south": {"uv": [6.25, 15.375, 7.375, 15.75], "texture": "#0"},
				"west": {"uv": [5.125, 15.375, 6.25, 15.75], "texture": "#0"},
				"up": {"uv": [6.25, 15.5, 7.375, 15.375], "texture": "#0"},
				"down": {"uv": [6.25, 15.75, 7.375, 15.625], "texture": "#0"}
			}
		},
		{
			"from": [7.55, -0.3, 7.325],
			"to": [7.925, -0.175, 7.7],
			"rotation": {"angle": 0, "axis": "y", "origin": [0, 0.1, 0]},
			"faces": {
				"north": {"uv": [7, 15.875, 6.625, 16], "texture": "#0"},
				"east": {"uv": [7.75, 15.875, 8.125, 16], "texture": "#0"},
				"south": {"uv": [6.625, 15.875, 7, 16], "texture": "#0"},
				"west": {"uv": [5.5, 15.875, 5.875, 16], "texture": "#0"},
				"up": {"uv": [6.625, 16, 7, 15.875], "texture": "#0"},
				"down": {"uv": [6.625, 16, 7, 15.875], "texture": "#0"}
			}
		},
		{
			"from": [7.425, 2.95, 7.2],
			"to": [8.05, 4.2, 7.825],
			"rotation": {"angle": 0, "axis": "y", "origin": [0, 0.1, 0]},
			"faces": {
				"north": {"uv": [7.125, 11.5, 6.5, 12.75], "texture": "#0"},
				"east": {"uv": [7.625, 11.5, 8.25, 12.75], "texture": "#0"},
				"south": {"uv": [6.5, 11.5, 7.125, 12.75], "texture": "#0"},
				"west": {"uv": [5.375, 11.5, 6, 12.75], "texture": "#0"},
				"up": {"uv": [6.5, 11.625, 7.125, 11.5], "texture": "#0"},
				"down": {"uv": [6.5, 12.75, 7.125, 12.625], "texture": "#0"}
			}
		},
		{
			"from": [7.425, 5.075, 7.225],
			"to": [8.05, 6.325, 7.8],
			"rotation": {"angle": 0, "axis": "y", "origin": [0, 0.1, 0]},
			"faces": {
				"north": {"uv": [7.125, 9.375, 6.5, 10.625], "texture": "#0"},
				"east": {"uv": [7, 9.375, 7.125, 10.625], "texture": "#0"},
				"south": {"uv": [6.5, 9.375, 7.125, 10.625], "texture": "#0"},
				"west": {"uv": [6.5, 9.375, 6.625, 10.625], "texture": "#0"},
				"up": {"uv": [6.5, 9.5, 7.125, 9.375], "texture": "#0"},
				"down": {"uv": [6.5, 10.625, 7.125, 10.5], "texture": "#0"}
			}
		},
		{
			"from": [7.5, 2.075, 7.275],
			"to": [7.975, 2.95, 7.75],
			"rotation": {"angle": 0, "axis": "y", "origin": [0, 0.1, 0]},
			"faces": {
				"north": {"uv": [7, 12.75, 6.625, 13.625], "texture": "#0"},
				"east": {"uv": [7.75, 12.75, 8.125, 13.625], "texture": "#0"},
				"south": {"uv": [6.625, 12.75, 7, 13.625], "texture": "#0"},
				"west": {"uv": [5.5, 12.75, 5.875, 13.625], "texture": "#0"},
				"up": {"uv": [6.625, 12.875, 7, 12.75], "texture": "#0"},
				"down": {"uv": [6.625, 13.625, 7, 13.5], "texture": "#0"}
			}
		},
		{
			"from": [7.425, 0.7, 7.2],
			"to": [8.05, 2.075, 7.825],
			"rotation": {"angle": 0, "axis": "y", "origin": [0, 0.1, 0]},
			"faces": {
				"north": {"uv": [7.125, 13.625, 6.5, 15], "texture": "#0"},
				"east": {"uv": [7.625, 13.625, 8.25, 15], "texture": "#0"},
				"south": {"uv": [6.5, 13.625, 7.125, 15], "texture": "#0"},
				"west": {"uv": [5.375, 13.625, 6, 15], "texture": "#0"},
				"up": {"uv": [6.5, 13.75, 7.125, 13.625], "texture": "#0"},
				"down": {"uv": [6.5, 15, 7.125, 14.875], "texture": "#0"}
			}
		}
	],
	"gui_light": "front",
	"display": {
		"thirdperson_righthand": {
			"rotation": [0, -90, 0],
			"translation": [-0.75, 3, 1.5]
		},
		"thirdperson_lefthand": {
			"rotation": [0, 90, 0],
			"translation": [0, 3, 1.5]
		},
		"firstperson_righthand": {
			"rotation": [55, -90, 60],
			"translation": [-1.25, 4.75, 1.5],
			"scale": [0.9, 0.9, 0.9]
		},
		"firstperson_lefthand": {
			"rotation": [-65, 90, 60],
			"translation": [-0.75, 4.75, 1.5],
			"scale": [0.9, 0.9, 0.9]
		},
		"ground": {
			"rotation": [45, 90, 0],
			"translation": [0, 1, 0],
			"scale": [0.6, 0.6, 0.6]
		},
		"gui": {
			"rotation": [0, 0, -45],
			"translation": [0.5, 0, 0],
			"scale": [1.4, 1.4, 1.4]
		},
		"head": {
			"translation": [0, 9.75, 0]
		},
		"fixed": {
			"rotation": [180, 0, 135],
			"translation": [-1, 0.25, 0],
			"scale": [1.4, 1.4, 1.4]
		}
	}
}