{
	"credit": "Made with Blockbench",
	"textures": {
		"0": "./silver_dragon",
		"particle": "./silver_dragon"
	},
	"elements": [
		{
			"from": [7.475, 3.3, 7.325],
			"to": [8.6, 4.05, 7.9],
			"rotation": {"angle": 0, "axis": "y", "origin": [-0.425, -0.75, 0]},
			"faces": {
				"north": {"uv": [2.75, 10.375, 1.625, 11.125], "texture": "#0"},
				"east": {"uv": [3.25, 10.375, 3.875, 11.125], "texture": "#0"},
				"south": {"uv": [1.625, 10.375, 2.75, 11.125], "texture": "#0"},
				"west": {"uv": [0.5, 10.375, 1.125, 11.125], "texture": "#0"},
				"up": {"uv": [1.625, 10.5, 2.75, 10.375], "texture": "#0"},
				"down": {"uv": [1.625, 11.125, 2.75, 11], "texture": "#0"}
			}
		},
		{
			"from": [7.6, 2.3, 7.2],
			"to": [8.475, 2.425, 8.025],
			"rotation": {"angle": 0, "axis": "y", "origin": [-0.55, -2.375, -0.125]},
			"faces": {
				"north": {"uv": [2.625, 12, 1.75, 12.125], "texture": "#0"},
				"east": {"uv": [3.125, 12, 4, 12.125], "texture": "#0"},
				"south": {"uv": [1.75, 12, 2.625, 12.125], "texture": "#0"},
				"west": {"uv": [0.375, 12, 1.25, 12.125], "texture": "#0"},
				"up": {"uv": [1.75, 12.125, 2.625, 12], "texture": "#0"},
				"down": {"uv": [1.75, 12.125, 2.625, 12], "texture": "#0"}
			}
		},
		{
			"from": [7.6, 3.05, 7.2],
			"to": [8.475, 3.175, 8.025],
			"rotation": {"angle": 0, "axis": "y", "origin": [-0.55, -1.625, -0.125]},
			"faces": {
				"north": {"uv": [2.625, 11.25, 1.75, 11.375], "texture": "#0"},
				"east": {"uv": [3.125, 11.25, 4, 11.375], "texture": "#0"},
				"south": {"uv": [1.75, 11.25, 2.625, 11.375], "texture": "#0"},
				"west": {"uv": [0.375, 11.25, 1.25, 11.375], "texture": "#0"},
				"up": {"uv": [1.75, 11.375, 2.625, 11.25], "texture": "#0"},
				"down": {"uv": [1.75, 11.375, 2.625, 11.25], "texture": "#0"}
			}
		},
		{
			"from": [7.6, 2.8, 7.2],
			"to": [8.475, 2.925, 8.025],
			"rotation": {"angle": 0, "axis": "y", "origin": [-0.55, -1.875, -0.125]},
			"faces": {
				"north": {"uv": [2.625, 11.5, 1.75, 11.625], "texture": "#0"},
				"east": {"uv": [3.125, 11.5, 4, 11.625], "texture": "#0"},
				"south": {"uv": [1.75, 11.5, 2.625, 11.625], "texture": "#0"},
				"west": {"uv": [0.375, 11.5, 1.25, 11.625], "texture": "#0"},
				"up": {"uv": [1.75, 11.625, 2.625, 11.5], "texture": "#0"},
				"down": {"uv": [1.75, 11.625, 2.625, 11.5], "texture": "#0"}
			}
		},
		{
			"from": [7.475, 2.425, 7.075],
			"to": [8.6, 2.8, 8.15],
			"rotation": {"angle": 0, "axis": "y", "origin": [-0.675, -2, 0]},
			"faces": {
				"north": {"uv": [2.75, 11.625, 1.625, 12], "texture": "#0"},
				"east": {"uv": [3, 11.625, 4.125, 12], "texture": "#0"},
				"south": {"uv": [1.625, 11.625, 2.75, 12], "texture": "#0"},
				"west": {"uv": [0.25, 11.625, 1.375, 12], "texture": "#0"},
				"up": {"uv": [1.625, 11.75, 2.75, 11.625], "texture": "#0"},
				"down": {"uv": [1.625, 12, 2.75, 11.875], "texture": "#0"}
			}
		},
		{
			"from": [7.725, 1.05, 7.325],
			"to": [8.35, 3.3, 7.9],
			"rotation": {"angle": 0, "axis": "y", "origin": [-0.425, -2.25, 0]},
			"faces": {
				"north": {"uv": [2.5, 11.125, 1.875, 13.375], "texture": "#0"},
				"east": {"uv": [3.25, 11.125, 3.875, 13.375], "texture": "#0"},
				"south": {"uv": [1.875, 11.125, 2.5, 13.375], "texture": "#0"},
				"west": {"uv": [0.5, 11.125, 1.125, 13.375], "texture": "#0"},
				"up": {"uv": [1.875, 11.25, 2.5, 11.125], "texture": "#0"},
				"down": {"uv": [1.875, 13.375, 2.5, 13.25], "texture": "#0"}
			}
		},
		{
			"from": [7.85, -0.325, 7.45],
			"to": [8.225, 1.05, 7.775],
			"rotation": {"angle": 0, "axis": "y", "origin": [-0.05, -4.5, -0.125]},
			"faces": {
				"north": {"uv": [2.375, 13.375, 2, 14.75], "texture": "#0"},
				"east": {"uv": [3.375, 13.375, 3.75, 14.75], "texture": "#0"},
				"south": {"uv": [2, 13.375, 2.375, 14.75], "texture": "#0"},
				"west": {"uv": [0.625, 13.375, 1, 14.75], "texture": "#0"},
				"up": {"uv": [2, 13.5, 2.375, 13.375], "texture": "#0"},
				"down": {"uv": [2, 14.75, 2.375, 14.625], "texture": "#0"}
			}
		},
		{
			"from": [7.6, 3.3, 7.2],
			"to": [8.475, 4.05, 8.025],
			"rotation": {"angle": 0, "axis": "y", "origin": [-0.55, -0.75, -0.125]},
			"faces": {
				"north": {"uv": [2.625, 10.375, 1.75, 11.125], "texture": "#0"},
				"east": {"uv": [3.125, 10.375, 4, 11.125], "texture": "#0"},
				"south": {"uv": [1.75, 10.375, 2.625, 11.125], "texture": "#0"},
				"west": {"uv": [0.375, 10.375, 1.25, 11.125], "texture": "#0"},
				"up": {"uv": [1.75, 10.5, 2.625, 10.375], "texture": "#0"},
				"down": {"uv": [1.75, 11.125, 2.625, 11], "texture": "#0"}
			}
		},
		{
			"from": [7.725, -0.325, 7.575],
			"to": [8.35, 1.05, 7.65],
			"rotation": {"angle": 0, "axis": "y", "origin": [0.075, -4.5, 0]},
			"faces": {
				"north": {"uv": [2.5, 13.375, 1.875, 14.75], "texture": "#0"},
				"east": {"uv": [3.5, 13.375, 3.625, 14.75], "texture": "#0"},
				"south": {"uv": [1.875, 13.375, 2.5, 14.75], "texture": "#0"},
				"west": {"uv": [0.75, 13.375, 0.875, 14.75], "texture": "#0"},
				"up": {"uv": [1.875, 13.5, 2.5, 13.375], "texture": "#0"},
				"down": {"uv": [1.875, 14.75, 2.5, 14.625], "texture": "#0"}
			}
		},
		{
			"from": [7.725, -0.95, 7.45],
			"to": [7.85, -0.325, 7.775],
			"rotation": {"angle": 0, "axis": "y", "origin": [0.075, -4.375, -0.125]},
			"faces": {
				"north": {"uv": [2, 14.875, 1.875, 15.5], "texture": "#0"},
				"east": {"uv": [1.875, 14.875, 2, 15.5], "texture": "#0"},
				"south": {"uv": [1.875, 14.875, 2, 15.5], "texture": "#0"},
				"west": {"uv": [1.875, 14.875, 2, 15.5], "texture": "#0"},
				"up": {"uv": [1.875, 15, 2, 14.875], "texture": "#0"},
				"down": {"uv": [1.875, 15.5, 2, 15.375], "texture": "#0"}
			}
		},
		{
			"from": [7.475, -0.95, 7.55],
			"to": [7.6, -0.325, 7.675],
			"rotation": {"angle": 0, "axis": "y", "origin": [-0.175, -4.375, -0.125]},
			"faces": {
				"north": {"uv": [1.75, 14.875, 1.625, 15.5], "texture": "#0"},
				"east": {"uv": [1.625, 14.875, 1.75, 15.5], "texture": "#0"},
				"south": {"uv": [1.625, 14.875, 1.75, 15.5], "texture": "#0"},
				"west": {"uv": [1.625, 14.875, 1.75, 15.5], "texture": "#0"},
				"up": {"uv": [1.625, 15, 1.75, 14.875], "texture": "#0"},
				"down": {"uv": [1.625, 15.5, 1.75, 15.375], "texture": "#0"}
			}
		},
		{
			"from": [7.35, -0.95, 7.55],
			"to": [7.475, -0.2, 7.675],
			"rotation": {"angle": 0, "axis": "y", "origin": [-0.3, -4.375, -0.125]},
			"faces": {
				"north": {"uv": [1.625, 14.75, 1.5, 15.5], "texture": "#0"},
				"east": {"uv": [1.5, 14.75, 1.625, 15.5], "texture": "#0"},
				"south": {"uv": [1.5, 14.75, 1.625, 15.5], "texture": "#0"},
				"west": {"uv": [1.5, 14.75, 1.625, 15.5], "texture": "#0"},
				"up": {"uv": [1.5, 14.875, 1.625, 14.75], "texture": "#0"},
				"down": {"uv": [1.5, 15.5, 1.625, 15.375], "texture": "#0"}
			}
		},
		{
			"from": [7.6, -0.825, 7.55],
			"to": [7.725, -0.45, 7.675],
			"rotation": {"angle": 0, "axis": "y", "origin": [-0.05, -4.5, -0.125]},
			"faces": {
				"north": {"uv": [1.875, 15, 1.75, 15.375], "texture": "#0"},
				"east": {"uv": [1.75, 15, 1.875, 15.375], "texture": "#0"},
				"south": {"uv": [1.75, 15, 1.875, 15.375], "texture": "#0"},
				"west": {"uv": [1.75, 15, 1.875, 15.375], "texture": "#0"},
				"up": {"uv": [1.75, 15.125, 1.875, 15], "texture": "#0"},
				"down": {"uv": [1.75, 15.375, 1.875, 15.25], "texture": "#0"}
			}
		},
		{
			"from": [8.85, -0.825, 7.55],
			"to": [8.975, -0.325, 7.675],
			"rotation": {"angle": 0, "axis": "y", "origin": [1.2, -4.375, -0.125]},
			"faces": {
				"north": {"uv": [3.125, 14.875, 3, 15.375], "texture": "#0"},
				"east": {"uv": [3, 14.875, 3.125, 15.375], "texture": "#0"},
				"south": {"uv": [3, 14.875, 3.125, 15.375], "texture": "#0"},
				"west": {"uv": [3, 14.875, 3.125, 15.375], "texture": "#0"},
				"up": {"uv": [3, 15, 3.125, 14.875], "texture": "#0"},
				"down": {"uv": [3, 15.375, 3.125, 15.25], "texture": "#0"}
			}
		},
		{
			"from": [8.975, -0.575, 7.55],
			"to": [9.1, -0.2, 7.675],
			"rotation": {"angle": 0, "axis": "y", "origin": [1.325, -4.25, -0.125]},
			"faces": {
				"north": {"uv": [3.25, 14.75, 3.125, 15.125], "texture": "#0"},
				"east": {"uv": [3.125, 14.75, 3.25, 15.125], "texture": "#0"},
				"south": {"uv": [3.125, 14.75, 3.25, 15.125], "texture": "#0"},
				"west": {"uv": [3.125, 14.75, 3.25, 15.125], "texture": "#0"},
				"up": {"uv": [3.125, 14.875, 3.25, 14.75], "texture": "#0"},
				"down": {"uv": [3.125, 15.125, 3.25, 15], "texture": "#0"}
			}
		},
		{
			"from": [8.6, -0.95, 7.55],
			"to": [8.725, -0.2, 7.675],
			"rotation": {"angle": 0, "axis": "y", "origin": [0.95, -4.375, -0.125]},
			"faces": {
				"north": {"uv": [2.875, 14.75, 2.75, 15.5], "texture": "#0"},
				"east": {"uv": [2.75, 14.75, 2.875, 15.5], "texture": "#0"},
				"south": {"uv": [2.75, 14.75, 2.875, 15.5], "texture": "#0"},
				"west": {"uv": [2.75, 14.75, 2.875, 15.5], "texture": "#0"},
				"up": {"uv": [2.75, 14.875, 2.875, 14.75], "texture": "#0"},
				"down": {"uv": [2.75, 15.5, 2.875, 15.375], "texture": "#0"}
			}
		},
		{
			"from": [8.725, -0.825, 7.55],
			"to": [8.85, -0.45, 7.675],
			"rotation": {"angle": 0, "axis": "y", "origin": [1.075, -4.5, -0.125]},
			"faces": {
				"north": {"uv": [3, 15, 2.875, 15.375], "texture": "#0"},
				"east": {"uv": [2.875, 15, 3, 15.375], "texture": "#0"},
				"south": {"uv": [2.875, 15, 3, 15.375], "texture": "#0"},
				"west": {"uv": [2.875, 15, 3, 15.375], "texture": "#0"},
				"up": {"uv": [2.875, 15.125, 3, 15], "texture": "#0"},
				"down": {"uv": [2.875, 15.375, 3, 15.25], "texture": "#0"}
			}
		},
		{
			"from": [8.475, -0.95, 7.55],
			"to": [8.6, -0.325, 7.675],
			"rotation": {"angle": 0, "axis": "y", "origin": [0.825, -4.375, -0.125]},
			"faces": {
				"north": {"uv": [2.75, 14.875, 2.625, 15.5], "texture": "#0"},
				"east": {"uv": [2.625, 14.875, 2.75, 15.5], "texture": "#0"},
				"south": {"uv": [2.625, 14.875, 2.75, 15.5], "texture": "#0"},
				"west": {"uv": [2.625, 14.875, 2.75, 15.5], "texture": "#0"},
				"up": {"uv": [2.625, 15, 2.75, 14.875], "texture": "#0"},
				"down": {"uv": [2.625, 15.5, 2.75, 15.375], "texture": "#0"}
			}
		},
		{
			"from": [8.35, -0.825, 7.55],
			"to": [8.475, -0.45, 7.675],
			"rotation": {"angle": 0, "axis": "y", "origin": [0.7, -4.5, -0.125]},
			"faces": {
				"north": {"uv": [2.625, 15, 2.5, 15.375], "texture": "#0"},
				"east": {"uv": [2.5, 15, 2.625, 15.375], "texture": "#0"},
				"south": {"uv": [2.5, 15, 2.625, 15.375], "texture": "#0"},
				"west": {"uv": [2.5, 15, 2.625, 15.375], "texture": "#0"},
				"up": {"uv": [2.5, 15.125, 2.625, 15], "texture": "#0"},
				"down": {"uv": [2.5, 15.375, 2.625, 15.25], "texture": "#0"}
			}
		},
		{
			"from": [7.225, -0.825, 7.55],
			"to": [7.35, -0.45, 7.675],
			"rotation": {"angle": 0, "axis": "y", "origin": [-0.425, -4.5, -0.125]},
			"faces": {
				"north": {"uv": [1.5, 15, 1.375, 15.375], "texture": "#0"},
				"east": {"uv": [1.375, 15, 1.5, 15.375], "texture": "#0"},
				"south": {"uv": [1.375, 15, 1.5, 15.375], "texture": "#0"},
				"west": {"uv": [1.375, 15, 1.5, 15.375], "texture": "#0"},
				"up": {"uv": [1.375, 15.125, 1.5, 15], "texture": "#0"},
				"down": {"uv": [1.375, 15.375, 1.5, 15.25], "texture": "#0"}
			}
		},
		{
			"from": [6.975, -0.575, 7.55],
			"to": [7.1, -0.2, 7.675],
			"rotation": {"angle": 0, "axis": "y", "origin": [-0.675, -4.25, -0.125]},
			"faces": {
				"north": {"uv": [1.25, 14.75, 1.125, 15.125], "texture": "#0"},
				"east": {"uv": [1.125, 14.75, 1.25, 15.125], "texture": "#0"},
				"south": {"uv": [1.125, 14.75, 1.25, 15.125], "texture": "#0"},
				"west": {"uv": [1.125, 14.75, 1.25, 15.125], "texture": "#0"},
				"up": {"uv": [1.125, 14.875, 1.25, 14.75], "texture": "#0"},
				"down": {"uv": [1.125, 15.125, 1.25, 15], "texture": "#0"}
			}
		},
		{
			"from": [7.1, -0.825, 7.55],
			"to": [7.225, -0.325, 7.675],
			"rotation": {"angle": 0, "axis": "y", "origin": [-0.55, -4.375, -0.125]},
			"faces": {
				"north": {"uv": [1.375, 14.875, 1.25, 15.375], "texture": "#0"},
				"east": {"uv": [1.25, 14.875, 1.375, 15.375], "texture": "#0"},
				"south": {"uv": [1.25, 14.875, 1.375, 15.375], "texture": "#0"},
				"west": {"uv": [1.25, 14.875, 1.375, 15.375], "texture": "#0"},
				"up": {"uv": [1.25, 15, 1.375, 14.875], "texture": "#0"},
				"down": {"uv": [1.25, 15.375, 1.375, 15.25], "texture": "#0"}
			}
		},
		{
			"from": [7.85, -0.7, 7.45],
			"to": [7.975, -0.325, 7.775],
			"rotation": {"angle": 0, "axis": "y", "origin": [0.2, -4.375, -0.125]},
			"faces": {
				"north": {"uv": [2.125, 14.875, 2, 15.25], "texture": "#0"},
				"east": {"uv": [2, 14.875, 2.125, 15.25], "texture": "#0"},
				"south": {"uv": [2, 14.875, 2.125, 15.25], "texture": "#0"},
				"west": {"uv": [2, 14.875, 2.125, 15.25], "texture": "#0"},
				"up": {"uv": [2, 15, 2.125, 14.875], "texture": "#0"},
				"down": {"uv": [2, 15.25, 2.125, 15.125], "texture": "#0"}
			}
		},
		{
			"from": [8.1, -0.7, 7.45],
			"to": [8.225, -0.325, 7.775],
			"rotation": {"angle": 0, "axis": "y", "origin": [0.45, -4.375, -0.125]},
			"faces": {
				"north": {"uv": [2.375, 14.875, 2.25, 15.25], "texture": "#0"},
				"east": {"uv": [2.25, 14.875, 2.375, 15.25], "texture": "#0"},
				"south": {"uv": [2.25, 14.875, 2.375, 15.25], "texture": "#0"},
				"west": {"uv": [2.25, 14.875, 2.375, 15.25], "texture": "#0"},
				"up": {"uv": [2.25, 15, 2.375, 14.875], "texture": "#0"},
				"down": {"uv": [2.25, 15.25, 2.375, 15.125], "texture": "#0"}
			}
		},
		{
			"from": [7.85, -1.075, 7.45],
			"to": [7.975, -0.825, 7.775],
			"rotation": {"angle": 0, "axis": "y", "origin": [0.2, -4.875, -0.125]},
			"faces": {
				"north": {"uv": [2.125, 15.375, 2, 15.625], "texture": "#0"},
				"east": {"uv": [2, 15.375, 2.125, 15.625], "texture": "#0"},
				"south": {"uv": [2, 15.375, 2.125, 15.625], "texture": "#0"},
				"west": {"uv": [2, 15.375, 2.125, 15.625], "texture": "#0"},
				"up": {"uv": [2, 15.5, 2.125, 15.375], "texture": "#0"},
				"down": {"uv": [2, 15.625, 2.125, 15.5], "texture": "#0"}
			}
		},
		{
			"from": [7.975, -0.575, 7.45],
			"to": [8.1, -0.325, 7.775],
			"rotation": {"angle": 0, "axis": "y", "origin": [0.325, -4.375, -0.125]},
			"faces": {
				"north": {"uv": [2.25, 14.875, 2.125, 15.125], "texture": "#0"},
				"east": {"uv": [2.125, 14.875, 2.25, 15.125], "texture": "#0"},
				"south": {"uv": [2.125, 14.875, 2.25, 15.125], "texture": "#0"},
				"west": {"uv": [2.125, 14.875, 2.25, 15.125], "texture": "#0"},
				"up": {"uv": [2.125, 15, 2.25, 14.875], "texture": "#0"},
				"down": {"uv": [2.125, 15.125, 2.25, 15], "texture": "#0"}
			}
		},
		{
			"from": [7.975, -1.075, 7.45],
			"to": [8.1, -0.95, 7.775],
			"rotation": {"angle": 0, "axis": "y", "origin": [0.325, -4.875, -0.125]},
			"faces": {
				"north": {"uv": [2.25, 15.5, 2.125, 15.625], "texture": "#0"},
				"east": {"uv": [2.125, 15.5, 2.25, 15.625], "texture": "#0"},
				"south": {"uv": [2.125, 15.5, 2.25, 15.625], "texture": "#0"},
				"west": {"uv": [2.125, 15.5, 2.25, 15.625], "texture": "#0"},
				"up": {"uv": [2.125, 15.625, 2.25, 15.5], "texture": "#0"},
				"down": {"uv": [2.125, 15.625, 2.25, 15.5], "texture": "#0"}
			}
		},
		{
			"from": [8.1, -1.075, 7.45],
			"to": [8.225, -0.825, 7.775],
			"rotation": {"angle": 0, "axis": "y", "origin": [0.45, -4.875, -0.125]},
			"faces": {
				"north": {"uv": [2.375, 15.375, 2.25, 15.625], "texture": "#0"},
				"east": {"uv": [2.25, 15.375, 2.375, 15.625], "texture": "#0"},
				"south": {"uv": [2.25, 15.375, 2.375, 15.625], "texture": "#0"},
				"west": {"uv": [2.25, 15.375, 2.375, 15.625], "texture": "#0"},
				"up": {"uv": [2.25, 15.5, 2.375, 15.375], "texture": "#0"},
				"down": {"uv": [2.25, 15.625, 2.375, 15.5], "texture": "#0"}
			}
		},
		{
			"from": [8.225, -0.95, 7.45],
			"to": [8.35, -0.325, 7.775],
			"rotation": {"angle": 0, "axis": "y", "origin": [0.575, -4.375, -0.125]},
			"faces": {
				"north": {"uv": [2.5, 14.875, 2.375, 15.5], "texture": "#0"},
				"east": {"uv": [2.375, 14.875, 2.5, 15.5], "texture": "#0"},
				"south": {"uv": [2.375, 14.875, 2.5, 15.5], "texture": "#0"},
				"west": {"uv": [2.375, 14.875, 2.5, 15.5], "texture": "#0"},
				"up": {"uv": [2.375, 15, 2.5, 14.875], "texture": "#0"},
				"down": {"uv": [2.375, 15.5, 2.5, 15.375], "texture": "#0"}
			}
		},
		{
			"from": [7.6, 1.05, 7.45],
			"to": [8.475, 3.3, 7.775],
			"rotation": {"angle": 0, "axis": "y", "origin": [-0.3, -2.25, 0.125]},
			"faces": {
				"north": {"uv": [2.625, 11.125, 1.75, 13.375], "texture": "#0"},
				"east": {"uv": [3.375, 11.125, 3.75, 13.375], "texture": "#0"},
				"south": {"uv": [1.75, 11.125, 2.625, 13.375], "texture": "#0"},
				"west": {"uv": [0.625, 11.125, 1, 13.375], "texture": "#0"},
				"up": {"uv": [1.75, 11.25, 2.625, 11.125], "texture": "#0"},
				"down": {"uv": [1.75, 13.375, 2.625, 13.25], "texture": "#0"}
			}
		},
		{
			"from": [7.35, 2.425, 7.2],
			"to": [8.725, 2.8, 8.025],
			"rotation": {"angle": 0, "axis": "y", "origin": [-0.55, -2, 0.125]},
			"faces": {
				"north": {"uv": [2.875, 11.625, 1.5, 12], "texture": "#0"},
				"east": {"uv": [3.125, 11.625, 4, 12], "texture": "#0"},
				"south": {"uv": [1.5, 11.625, 2.875, 12], "texture": "#0"},
				"west": {"uv": [0.375, 11.625, 1.25, 12], "texture": "#0"},
				"up": {"uv": [1.5, 11.75, 2.875, 11.625], "texture": "#0"},
				"down": {"uv": [1.5, 12, 2.875, 11.875], "texture": "#0"}
			}
		},
		{
			"from": [7.475, 2.8, 7.325],
			"to": [8.6, 2.925, 7.9],
			"rotation": {"angle": 0, "axis": "y", "origin": [-0.425, -1.875, 0]},
			"faces": {
				"north": {"uv": [2.75, 11.5, 1.625, 11.625], "texture": "#0"},
				"east": {"uv": [3.25, 11.5, 3.875, 11.625], "texture": "#0"},
				"south": {"uv": [1.625, 11.5, 2.75, 11.625], "texture": "#0"},
				"west": {"uv": [0.5, 11.5, 1.125, 11.625], "texture": "#0"},
				"up": {"uv": [1.625, 11.625, 2.75, 11.5], "texture": "#0"},
				"down": {"uv": [1.625, 11.625, 2.75, 11.5], "texture": "#0"}
			}
		},
		{
			"from": [7.475, 2.3, 7.325],
			"to": [8.6, 2.425, 7.9],
			"rotation": {"angle": 0, "axis": "y", "origin": [-0.425, -2.375, 0]},
			"faces": {
				"north": {"uv": [2.75, 12, 1.625, 12.125], "texture": "#0"},
				"east": {"uv": [3.25, 12, 3.875, 12.125], "texture": "#0"},
				"south": {"uv": [1.625, 12, 2.75, 12.125], "texture": "#0"},
				"west": {"uv": [0.5, 12, 1.125, 12.125], "texture": "#0"},
				"up": {"uv": [1.625, 12.125, 2.75, 12], "texture": "#0"},
				"down": {"uv": [1.625, 12.125, 2.75, 12], "texture": "#0"}
			}
		},
		{
			"from": [7.475, 3.05, 7.325],
			"to": [8.6, 3.175, 7.9],
			"rotation": {"angle": 0, "axis": "y", "origin": [-0.425, -1.625, 0]},
			"faces": {
				"north": {"uv": [2.75, 11.25, 1.625, 11.375], "texture": "#0"},
				"east": {"uv": [3.25, 11.25, 3.875, 11.375], "texture": "#0"},
				"south": {"uv": [1.625, 11.25, 2.75, 11.375], "texture": "#0"},
				"west": {"uv": [0.5, 11.25, 1.125, 11.375], "texture": "#0"},
				"up": {"uv": [1.625, 11.375, 2.75, 11.25], "texture": "#0"},
				"down": {"uv": [1.625, 11.375, 2.75, 11.25], "texture": "#0"}
			}
		},
		{
			"from": [7.725, 3.925, 7.15],
			"to": [8.35, 4.175, 8.075],
			"rotation": {"angle": 0, "axis": "y", "origin": [-0.425, -2.125, -0.125]},
			"faces": {
				"north": {"uv": [2.5, 10, 1.875, 10.25], "texture": "#0"},
				"east": {"uv": [2.375, 10, 2.5, 10.25], "texture": "#0"},
				"south": {"uv": [1.875, 10, 2.5, 10.25], "texture": "#0"},
				"west": {"uv": [1.875, 10, 2, 10.25], "texture": "#0"},
				"up": {"uv": [1.875, 10.125, 2.5, 10], "texture": "#0"},
				"down": {"uv": [1.875, 10.25, 2.5, 10.125], "texture": "#0"}
			}
		},
		{
			"from": [8.35, 4.05, 7.15],
			"to": [8.6, 4.3, 8.075],
			"rotation": {"angle": 0, "axis": "y", "origin": [0.2, -2, -0.125]},
			"faces": {
				"north": {"uv": [2.75, 9.875, 2.5, 10.125], "texture": "#0"},
				"east": {"uv": [2.625, 9.875, 2.75, 10.125], "texture": "#0"},
				"south": {"uv": [2.5, 9.875, 2.75, 10.125], "texture": "#0"},
				"west": {"uv": [2.5, 9.875, 2.625, 10.125], "texture": "#0"},
				"up": {"uv": [2.5, 10, 2.75, 9.875], "texture": "#0"},
				"down": {"uv": [2.5, 10.125, 2.75, 10], "texture": "#0"}
			}
		},
		{
			"from": [8.6, 4.175, 7.275],
			"to": [8.85, 4.425, 8],
			"rotation": {"angle": 0, "axis": "y", "origin": [0.45, -1.875, -0.25]},
			"faces": {
				"north": {"uv": [3, 9.75, 2.75, 10], "texture": "#0"},
				"east": {"uv": [2.875, 9.75, 3, 10], "texture": "#0"},
				"south": {"uv": [2.75, 9.75, 3, 10], "texture": "#0"},
				"west": {"uv": [2.75, 9.75, 2.875, 10], "texture": "#0"},
				"up": {"uv": [2.75, 9.875, 3, 9.75], "texture": "#0"},
				"down": {"uv": [2.75, 10, 3, 9.875], "texture": "#0"}
			}
		},
		{
			"from": [7.475, 4.05, 7.15],
			"to": [7.725, 4.3, 8.075],
			"rotation": {"angle": 0, "axis": "y", "origin": [-0.675, -2, -0.125]},
			"faces": {
				"north": {"uv": [1.875, 9.875, 1.625, 10.125], "texture": "#0"},
				"east": {"uv": [1.75, 9.875, 1.875, 10.125], "texture": "#0"},
				"south": {"uv": [1.625, 9.875, 1.875, 10.125], "texture": "#0"},
				"west": {"uv": [1.625, 9.875, 1.75, 10.125], "texture": "#0"},
				"up": {"uv": [1.625, 10, 1.875, 9.875], "texture": "#0"},
				"down": {"uv": [1.625, 10.125, 1.875, 10], "texture": "#0"}
			}
		},
		{
			"from": [7.225, 4.175, 7.275],
			"to": [7.475, 4.425, 8],
			"rotation": {"angle": 0, "axis": "y", "origin": [-0.925, -1.875, -0.25]},
			"faces": {
				"north": {"uv": [1.625, 9.75, 1.375, 10], "texture": "#0"},
				"east": {"uv": [1.5, 9.75, 1.625, 10], "texture": "#0"},
				"south": {"uv": [1.375, 9.75, 1.625, 10], "texture": "#0"},
				"west": {"uv": [1.375, 9.75, 1.5, 10], "texture": "#0"},
				"up": {"uv": [1.375, 9.875, 1.625, 9.75], "texture": "#0"},
				"down": {"uv": [1.375, 10, 1.625, 9.875], "texture": "#0"}
			}
		},
		{
			"from": [6.975, 4.3, 7.275],
			"to": [7.225, 4.55, 8],
			"rotation": {"angle": 0, "axis": "y", "origin": [-1.175, -1.75, -0.25]},
			"faces": {
				"north": {"uv": [1.375, 9.625, 1.125, 9.875], "texture": "#0"},
				"east": {"uv": [1.25, 9.625, 1.375, 9.875], "texture": "#0"},
				"south": {"uv": [1.125, 9.625, 1.375, 9.875], "texture": "#0"},
				"west": {"uv": [1.125, 9.625, 1.25, 9.875], "texture": "#0"},
				"up": {"uv": [1.125, 9.75, 1.375, 9.625], "texture": "#0"},
				"down": {"uv": [1.125, 9.875, 1.375, 9.75], "texture": "#0"}
			}
		},
		{
			"from": [6.975, 4.55, 7.35],
			"to": [7.225, 5.175, 7.9],
			"rotation": {"angle": 0, "axis": "y", "origin": [-1.175, -1.5, -0.375]},
			"faces": {
				"north": {"uv": [1.375, 9, 1.125, 9.625], "texture": "#0"},
				"east": {"uv": [1.25, 9, 1.375, 9.625], "texture": "#0"},
				"south": {"uv": [1.125, 9, 1.375, 9.625], "texture": "#0"},
				"west": {"uv": [1.125, 9, 1.25, 9.625], "texture": "#0"},
				"up": {"uv": [1.125, 9.125, 1.375, 9], "texture": "#0"},
				"down": {"uv": [1.125, 9.625, 1.375, 9.5], "texture": "#0"}
			}
		},
		{
			"from": [7.225, 4.425, 7.35],
			"to": [7.35, 5.175, 7.9],
			"rotation": {"angle": 0, "axis": "y", "origin": [-0.925, -1.5, -0.375]},
			"faces": {
				"north": {"uv": [1.5, 9, 1.375, 9.75], "texture": "#0"},
				"east": {"uv": [1.375, 9, 1.5, 9.75], "texture": "#0"},
				"south": {"uv": [1.375, 9, 1.5, 9.75], "texture": "#0"},
				"west": {"uv": [1.375, 9, 1.5, 9.75], "texture": "#0"},
				"up": {"uv": [1.375, 9.125, 1.5, 9], "texture": "#0"},
				"down": {"uv": [1.375, 9.75, 1.5, 9.625], "texture": "#0"}
			}
		},
		{
			"from": [7.35, 4.425, 7.35],
			"to": [7.475, 5.3, 7.9],
			"rotation": {"angle": 0, "axis": "y", "origin": [-0.8, -1.5, -0.375]},
			"faces": {
				"north": {"uv": [1.625, 8.875, 1.5, 9.75], "texture": "#0"},
				"east": {"uv": [1.5, 8.875, 1.625, 9.75], "texture": "#0"},
				"south": {"uv": [1.5, 8.875, 1.625, 9.75], "texture": "#0"},
				"west": {"uv": [1.5, 8.875, 1.625, 9.75], "texture": "#0"},
				"up": {"uv": [1.5, 9, 1.625, 8.875], "texture": "#0"},
				"down": {"uv": [1.5, 9.75, 1.625, 9.625], "texture": "#0"}
			}
		},
		{
			"from": [6.85, 4.175, 7.45],
			"to": [6.975, 5.175, 7.8],
			"rotation": {"angle": 0, "axis": "y", "origin": [-1.3, -1.625, -0.375]},
			"faces": {
				"north": {"uv": [1.125, 9, 1, 10], "texture": "#0"},
				"east": {"uv": [1, 9, 1.125, 10], "texture": "#0"},
				"south": {"uv": [1, 9, 1.125, 10], "texture": "#0"},
				"west": {"uv": [1, 9, 1.125, 10], "texture": "#0"},
				"up": {"uv": [1, 9.125, 1.125, 9], "texture": "#0"},
				"down": {"uv": [1, 10, 1.125, 9.875], "texture": "#0"}
			}
		},
		{
			"from": [6.725, 3.925, 7.45],
			"to": [6.85, 4.925, 7.8],
			"rotation": {"angle": 0, "axis": "y", "origin": [-1.425, -1.75, -0.375]},
			"faces": {
				"north": {"uv": [1, 9.25, 0.875, 10.25], "texture": "#0"},
				"east": {"uv": [0.875, 9.25, 1, 10.25], "texture": "#0"},
				"south": {"uv": [0.875, 9.25, 1, 10.25], "texture": "#0"},
				"west": {"uv": [0.875, 9.25, 1, 10.25], "texture": "#0"},
				"up": {"uv": [0.875, 9.375, 1, 9.25], "texture": "#0"},
				"down": {"uv": [0.875, 10.25, 1, 10.125], "texture": "#0"}
			}
		},
		{
			"from": [6.6, 4.05, 7.45],
			"to": [6.725, 4.675, 7.8],
			"rotation": {"angle": 0, "axis": "y", "origin": [-1.55, -1.875, -0.375]},
			"faces": {
				"north": {"uv": [0.875, 9.5, 0.75, 10.125], "texture": "#0"},
				"east": {"uv": [0.75, 9.5, 0.875, 10.125], "texture": "#0"},
				"south": {"uv": [0.75, 9.5, 0.875, 10.125], "texture": "#0"},
				"west": {"uv": [0.75, 9.5, 0.875, 10.125], "texture": "#0"},
				"up": {"uv": [0.75, 9.625, 0.875, 9.5], "texture": "#0"},
				"down": {"uv": [0.75, 10.125, 0.875, 10], "texture": "#0"}
			}
		},
		{
			"from": [6.475, 4.05, 7.45],
			"to": [6.6, 4.425, 7.8],
			"rotation": {"angle": 0, "axis": "y", "origin": [-1.675, -1.875, -0.375]},
			"faces": {
				"north": {"uv": [0.75, 9.75, 0.625, 10.125], "texture": "#0"},
				"east": {"uv": [0.625, 9.75, 0.75, 10.125], "texture": "#0"},
				"south": {"uv": [0.625, 9.75, 0.75, 10.125], "texture": "#0"},
				"west": {"uv": [0.625, 9.75, 0.75, 10.125], "texture": "#0"},
				"up": {"uv": [0.625, 9.875, 0.75, 9.75], "texture": "#0"},
				"down": {"uv": [0.625, 10.125, 0.75, 10], "texture": "#0"}
			}
		},
		{
			"from": [6.35, 4.175, 7.45],
			"to": [6.475, 4.3, 7.8],
			"rotation": {"angle": 0, "axis": "y", "origin": [-1.8, -1.75, -0.375]},
			"faces": {
				"north": {"uv": [0.625, 9.875, 0.5, 10], "texture": "#0"},
				"east": {"uv": [0.5, 9.875, 0.625, 10], "texture": "#0"},
				"south": {"uv": [0.5, 9.875, 0.625, 10], "texture": "#0"},
				"west": {"uv": [0.5, 9.875, 0.625, 10], "texture": "#0"},
				"up": {"uv": [0.5, 10, 0.625, 9.875], "texture": "#0"},
				"down": {"uv": [0.5, 10, 0.625, 9.875], "texture": "#0"}
			}
		},
		{
			"from": [7.475, 4.3, 7.275],
			"to": [7.6, 5.3, 7.975],
			"rotation": {"angle": 0, "axis": "y", "origin": [-0.8, -1.5, -0.375]},
			"faces": {
				"north": {"uv": [1.75, 8.875, 1.625, 9.875], "texture": "#0"},
				"east": {"uv": [1.625, 8.875, 1.75, 9.875], "texture": "#0"},
				"south": {"uv": [1.625, 8.875, 1.75, 9.875], "texture": "#0"},
				"west": {"uv": [1.625, 8.875, 1.75, 9.875], "texture": "#0"},
				"up": {"uv": [1.625, 9, 1.75, 8.875], "texture": "#0"},
				"down": {"uv": [1.625, 9.875, 1.75, 9.75], "texture": "#0"}
			}
		},
		{
			"from": [7.85, 4.175, 7.225],
			"to": [8.1, 5.925, 8.025],
			"rotation": {"angle": 0, "axis": "y", "origin": [-0.3, -1.625, -0.375]},
			"faces": {
				"north": {"uv": [2.25, 8.25, 2, 10], "texture": "#0"},
				"east": {"uv": [2.125, 8.25, 2.25, 10], "texture": "#0"},
				"south": {"uv": [2, 8.25, 2.25, 10], "texture": "#0"},
				"west": {"uv": [2, 8.25, 2.125, 10], "texture": "#0"},
				"up": {"uv": [2, 8.375, 2.25, 8.25], "texture": "#0"},
				"down": {"uv": [2, 10, 2.25, 9.875], "texture": "#0"}
			}
		},
		{
			"from": [8.475, 5.675, 7.35],
			"to": [8.725, 5.925, 7.9],
			"rotation": {"angle": 0, "axis": "y", "origin": [0.325, -1.625, -0.375]},
			"faces": {
				"north": {"uv": [2.875, 8.25, 2.625, 8.5], "texture": "#0"},
				"east": {"uv": [2.75, 8.25, 2.875, 8.5], "texture": "#0"},
				"south": {"uv": [2.625, 8.25, 2.875, 8.5], "texture": "#0"},
				"west": {"uv": [2.625, 8.25, 2.75, 8.5], "texture": "#0"},
				"up": {"uv": [2.625, 8.375, 2.875, 8.25], "texture": "#0"},
				"down": {"uv": [2.625, 8.5, 2.875, 8.375], "texture": "#0"}
			}
		},
		{
			"from": [8.225, 5.55, 7.275],
			"to": [8.475, 6.05, 7.975],
			"rotation": {"angle": 0, "axis": "y", "origin": [0.075, -1.75, -0.375]},
			"faces": {
				"north": {"uv": [2.625, 8.125, 2.375, 8.625], "texture": "#0"},
				"east": {"uv": [2.5, 8.125, 2.625, 8.625], "texture": "#0"},
				"south": {"uv": [2.375, 8.125, 2.625, 8.625], "texture": "#0"},
				"west": {"uv": [2.375, 8.125, 2.5, 8.625], "texture": "#0"},
				"up": {"uv": [2.375, 8.25, 2.625, 8.125], "texture": "#0"},
				"down": {"uv": [2.375, 8.625, 2.625, 8.5], "texture": "#0"}
			}
		},
		{
			"from": [7.6, 4.3, 7.275],
			"to": [7.725, 5.55, 7.975],
			"rotation": {"angle": 0, "axis": "y", "origin": [-0.55, -1.625, -0.375]},
			"faces": {
				"north": {"uv": [1.875, 8.625, 1.75, 9.875], "texture": "#0"},
				"east": {"uv": [1.75, 8.625, 1.875, 9.875], "texture": "#0"},
				"south": {"uv": [1.75, 8.625, 1.875, 9.875], "texture": "#0"},
				"west": {"uv": [1.75, 8.625, 1.875, 9.875], "texture": "#0"},
				"up": {"uv": [1.75, 8.75, 1.875, 8.625], "texture": "#0"},
				"down": {"uv": [1.75, 9.875, 1.875, 9.75], "texture": "#0"}
			}
		},
		{
			"from": [7.725, 4.175, 7.225],
			"to": [7.85, 5.8, 8.025],
			"rotation": {"angle": 0, "axis": "y", "origin": [-0.425, -1.75, -0.375]},
			"faces": {
				"north": {"uv": [2, 8.375, 1.875, 10], "texture": "#0"},
				"east": {"uv": [1.875, 8.375, 2, 10], "texture": "#0"},
				"south": {"uv": [1.875, 8.375, 2, 10], "texture": "#0"},
				"west": {"uv": [1.875, 8.375, 2, 10], "texture": "#0"},
				"up": {"uv": [1.875, 8.5, 2, 8.375], "texture": "#0"},
				"down": {"uv": [1.875, 10, 2, 9.875], "texture": "#0"}
			}
		},
		{
			"from": [8.1, 4.175, 7.225],
			"to": [8.225, 6.05, 8.025],
			"rotation": {"angle": 0, "axis": "y", "origin": [-0.05, -1.75, -0.375]},
			"faces": {
				"north": {"uv": [2.375, 8.125, 2.25, 10], "texture": "#0"},
				"east": {"uv": [2.25, 8.125, 2.375, 10], "texture": "#0"},
				"south": {"uv": [2.25, 8.125, 2.375, 10], "texture": "#0"},
				"west": {"uv": [2.25, 8.125, 2.375, 10], "texture": "#0"},
				"up": {"uv": [2.25, 8.25, 2.375, 8.125], "texture": "#0"},
				"down": {"uv": [2.25, 10, 2.375, 9.875], "texture": "#0"}
			}
		},
		{
			"from": [8.225, 4.175, 7.225],
			"to": [8.35, 5.3, 8.025],
			"rotation": {"angle": 0, "axis": "y", "origin": [0.075, -1.75, -0.375]},
			"faces": {
				"north": {"uv": [2.5, 8.875, 2.375, 10], "texture": "#0"},
				"east": {"uv": [2.375, 8.875, 2.5, 10], "texture": "#0"},
				"south": {"uv": [2.375, 8.875, 2.5, 10], "texture": "#0"},
				"west": {"uv": [2.375, 8.875, 2.5, 10], "texture": "#0"},
				"up": {"uv": [2.375, 9, 2.5, 8.875], "texture": "#0"},
				"down": {"uv": [2.375, 10, 2.5, 9.875], "texture": "#0"}
			}
		},
		{
			"from": [8.35, 4.3, 7.275],
			"to": [8.475, 5.175, 7.975],
			"rotation": {"angle": 0, "axis": "y", "origin": [0.2, -1.875, -0.375]},
			"faces": {
				"north": {"uv": [2.625, 9, 2.5, 9.875], "texture": "#0"},
				"east": {"uv": [2.5, 9, 2.625, 9.875], "texture": "#0"},
				"south": {"uv": [2.5, 9, 2.625, 9.875], "texture": "#0"},
				"west": {"uv": [2.5, 9, 2.625, 9.875], "texture": "#0"},
				"up": {"uv": [2.5, 9.125, 2.625, 9], "texture": "#0"},
				"down": {"uv": [2.5, 9.875, 2.625, 9.75], "texture": "#0"}
			}
		},
		{
			"from": [8.475, 4.3, 7.275],
			"to": [8.6, 5.425, 7.975],
			"rotation": {"angle": 0, "axis": "y", "origin": [0.325, -1.875, -0.375]},
			"faces": {
				"north": {"uv": [2.75, 8.75, 2.625, 9.875], "texture": "#0"},
				"east": {"uv": [2.625, 8.75, 2.75, 9.875], "texture": "#0"},
				"south": {"uv": [2.625, 8.75, 2.75, 9.875], "texture": "#0"},
				"west": {"uv": [2.625, 8.75, 2.75, 9.875], "texture": "#0"},
				"up": {"uv": [2.625, 8.875, 2.75, 8.75], "texture": "#0"},
				"down": {"uv": [2.625, 9.875, 2.75, 9.75], "texture": "#0"}
			}
		},
		{
			"from": [8.725, 4.425, 7.35],
			"to": [8.85, 5.425, 7.9],
			"rotation": {"angle": 0, "axis": "y", "origin": [0.575, -1.875, -0.375]},
			"faces": {
				"north": {"uv": [3, 8.75, 2.875, 9.75], "texture": "#0"},
				"east": {"uv": [2.875, 8.75, 3, 9.75], "texture": "#0"},
				"south": {"uv": [2.875, 8.75, 3, 9.75], "texture": "#0"},
				"west": {"uv": [2.875, 8.75, 3, 9.75], "texture": "#0"},
				"up": {"uv": [2.875, 8.875, 3, 8.75], "texture": "#0"},
				"down": {"uv": [2.875, 9.75, 3, 9.625], "texture": "#0"}
			}
		},
		{
			"from": [8.85, 4.425, 7.45],
			"to": [9.1, 5.8, 7.8],
			"rotation": {"angle": 0, "axis": "y", "origin": [0.7, -1.75, -0.375]},
			"faces": {
				"north": {"uv": [3.25, 8.375, 3, 9.75], "texture": "#0"},
				"east": {"uv": [3.125, 8.375, 3.25, 9.75], "texture": "#0"},
				"south": {"uv": [3, 8.375, 3.25, 9.75], "texture": "#0"},
				"west": {"uv": [3, 8.375, 3.125, 9.75], "texture": "#0"},
				"up": {"uv": [3, 8.5, 3.25, 8.375], "texture": "#0"},
				"down": {"uv": [3, 9.75, 3.25, 9.625], "texture": "#0"}
			}
		},
		{
			"from": [9.1, 4.3, 7.45],
			"to": [9.225, 4.8, 7.8],
			"rotation": {"angle": 0, "axis": "y", "origin": [0.95, -1.875, -0.375]},
			"faces": {
				"north": {"uv": [3.375, 9.375, 3.25, 9.875], "texture": "#0"},
				"east": {"uv": [3.25, 9.375, 3.375, 9.875], "texture": "#0"},
				"south": {"uv": [3.25, 9.375, 3.375, 9.875], "texture": "#0"},
				"west": {"uv": [3.25, 9.375, 3.375, 9.875], "texture": "#0"},
				"up": {"uv": [3.25, 9.5, 3.375, 9.375], "texture": "#0"},
				"down": {"uv": [3.25, 9.875, 3.375, 9.75], "texture": "#0"}
			}
		},
		{
			"from": [9.1, 5.05, 7.45],
			"to": [9.225, 5.425, 7.8],
			"rotation": {"angle": 0, "axis": "y", "origin": [0.95, -1.25, -0.375]},
			"faces": {
				"north": {"uv": [3.375, 8.75, 3.25, 9.125], "texture": "#0"},
				"east": {"uv": [3.25, 8.75, 3.375, 9.125], "texture": "#0"},
				"south": {"uv": [3.25, 8.75, 3.375, 9.125], "texture": "#0"},
				"west": {"uv": [3.25, 8.75, 3.375, 9.125], "texture": "#0"},
				"up": {"uv": [3.25, 8.875, 3.375, 8.75], "texture": "#0"},
				"down": {"uv": [3.25, 9.125, 3.375, 9], "texture": "#0"}
			}
		},
		{
			"from": [9.1, 5.55, 7.45],
			"to": [9.225, 5.675, 7.8],
			"rotation": {"angle": 0, "axis": "y", "origin": [0.95, -0.75, -0.375]},
			"faces": {
				"north": {"uv": [3.375, 8.5, 3.25, 8.625], "texture": "#0"},
				"east": {"uv": [3.25, 8.5, 3.375, 8.625], "texture": "#0"},
				"south": {"uv": [3.25, 8.5, 3.375, 8.625], "texture": "#0"},
				"west": {"uv": [3.25, 8.5, 3.375, 8.625], "texture": "#0"},
				"up": {"uv": [3.25, 8.625, 3.375, 8.5], "texture": "#0"},
				"down": {"uv": [3.25, 8.625, 3.375, 8.5], "texture": "#0"}
			}
		},
		{
			"from": [9.225, 4.55, 7.45],
			"to": [9.35, 4.675, 7.8],
			"rotation": {"angle": 0, "axis": "y", "origin": [1.075, -1.875, -0.375]},
			"faces": {
				"north": {"uv": [3.5, 9.5, 3.375, 9.625], "texture": "#0"},
				"east": {"uv": [3.375, 9.5, 3.5, 9.625], "texture": "#0"},
				"south": {"uv": [3.375, 9.5, 3.5, 9.625], "texture": "#0"},
				"west": {"uv": [3.375, 9.5, 3.5, 9.625], "texture": "#0"},
				"up": {"uv": [3.375, 9.625, 3.5, 9.5], "texture": "#0"},
				"down": {"uv": [3.375, 9.625, 3.5, 9.5], "texture": "#0"}
			}
		},
		{
			"from": [8.6, 4.425, 7.35],
			"to": [8.725, 5.55, 7.9],
			"rotation": {"angle": 0, "axis": "y", "origin": [0.45, -1.875, -0.375]},
			"faces": {
				"north": {"uv": [2.875, 8.625, 2.75, 9.75], "texture": "#0"},
				"east": {"uv": [2.75, 8.625, 2.875, 9.75], "texture": "#0"},
				"south": {"uv": [2.75, 8.625, 2.875, 9.75], "texture": "#0"},
				"west": {"uv": [2.75, 8.625, 2.875, 9.75], "texture": "#0"},
				"up": {"uv": [2.75, 8.75, 2.875, 8.625], "texture": "#0"},
				"down": {"uv": [2.75, 9.75, 2.875, 9.625], "texture": "#0"}
			}
		},
		{
			"from": [8.85, 4.3, 7.275],
			"to": [8.975, 4.55, 8],
			"rotation": {"angle": 0, "axis": "y", "origin": [0.7, -1.75, -0.25]},
			"faces": {
				"north": {"uv": [3.125, 9.625, 3, 9.875], "texture": "#0"},
				"east": {"uv": [3, 9.625, 3.125, 9.875], "texture": "#0"},
				"south": {"uv": [3, 9.625, 3.125, 9.875], "texture": "#0"},
				"west": {"uv": [3, 9.625, 3.125, 9.875], "texture": "#0"},
				"up": {"uv": [3, 9.75, 3.125, 9.625], "texture": "#0"},
				"down": {"uv": [3, 9.875, 3.125, 9.75], "texture": "#0"}
			}
		},
		{
			"from": [6.85, 4.425, 7.275],
			"to": [6.975, 4.55, 8],
			"rotation": {"angle": 0, "axis": "y", "origin": [-1.3, -1.75, -0.375]},
			"faces": {
				"north": {"uv": [1.125, 9.625, 1, 9.75], "texture": "#0"},
				"east": {"uv": [1, 9.625, 1.125, 9.75], "texture": "#0"},
				"south": {"uv": [1, 9.625, 1.125, 9.75], "texture": "#0"},
				"west": {"uv": [1, 9.625, 1.125, 9.75], "texture": "#0"},
				"up": {"uv": [1, 9.75, 1.125, 9.625], "texture": "#0"},
				"down": {"uv": [1, 9.75, 1.125, 9.625], "texture": "#0"}
			}
		},
		{
			"from": [7.225, 8.925, 7.55],
			"to": [7.725, 9.675, 7.7],
			"rotation": {"angle": 0, "axis": "y", "origin": [-0.175, 2.5, 0]},
			"faces": {
				"north": {"uv": [1.875, 4.5, 1.375, 5.25], "texture": "#0"},
				"east": {"uv": [1.75, 4.5, 1.875, 5.25], "texture": "#0"},
				"south": {"uv": [1.375, 4.5, 1.875, 5.25], "texture": "#0"},
				"west": {"uv": [1.375, 4.5, 1.5, 5.25], "texture": "#0"},
				"up": {"uv": [1.375, 4.625, 1.875, 4.5], "texture": "#0"},
				"down": {"uv": [1.375, 5.25, 1.875, 5.125], "texture": "#0"}
			}
		},
		{
			"from": [7.725, 8.925, 7.475],
			"to": [8.1, 9.675, 7.775],
			"rotation": {"angle": 0, "axis": "y", "origin": [0.325, 2.5, 0]},
			"faces": {
				"north": {"uv": [2.25, 4.5, 1.875, 5.25], "texture": "#0"},
				"east": {"uv": [2.125, 4.5, 2.25, 5.25], "texture": "#0"},
				"south": {"uv": [1.875, 4.5, 2.25, 5.25], "texture": "#0"},
				"west": {"uv": [1.875, 4.5, 2, 5.25], "texture": "#0"},
				"up": {"uv": [1.875, 4.625, 2.25, 4.5], "texture": "#0"},
				"down": {"uv": [1.875, 5.25, 2.25, 5.125], "texture": "#0"}
			}
		},
		{
			"from": [7.85, 7.55, 7.475],
			"to": [8.1, 8.925, 7.775],
			"rotation": {"angle": 0, "axis": "y", "origin": [0.325, 1.75, 0]},
			"faces": {
				"north": {"uv": [2.25, 5.25, 2, 6.625], "texture": "#0"},
				"east": {"uv": [2.125, 5.25, 2.25, 6.625], "texture": "#0"},
				"south": {"uv": [2, 5.25, 2.25, 6.625], "texture": "#0"},
				"west": {"uv": [2, 5.25, 2.125, 6.625], "texture": "#0"},
				"up": {"uv": [2, 5.375, 2.25, 5.25], "texture": "#0"},
				"down": {"uv": [2, 6.625, 2.25, 6.5], "texture": "#0"}
			}
		},
		{
			"from": [8.475, 6.3, 7.475],
			"to": [8.725, 8.675, 7.775],
			"rotation": {"angle": 0, "axis": "y", "origin": [0.95, 1.5, 0]},
			"faces": {
				"north": {"uv": [2.875, 5.5, 2.625, 7.875], "texture": "#0"},
				"east": {"uv": [2.75, 5.5, 2.875, 7.875], "texture": "#0"},
				"south": {"uv": [2.625, 5.5, 2.875, 7.875], "texture": "#0"},
				"west": {"uv": [2.625, 5.5, 2.75, 7.875], "texture": "#0"},
				"up": {"uv": [2.625, 5.625, 2.875, 5.5], "texture": "#0"},
				"down": {"uv": [2.625, 7.875, 2.875, 7.75], "texture": "#0"}
			}
		},
		{
			"from": [8.475, 9.55, 7.475],
			"to": [8.725, 10.175, 7.775],
			"rotation": {"angle": 0, "axis": "y", "origin": [0.95, 3.75, 0]},
			"faces": {
				"north": {"uv": [2.875, 4, 2.625, 4.625], "texture": "#0"},
				"east": {"uv": [2.75, 4, 2.875, 4.625], "texture": "#0"},
				"south": {"uv": [2.625, 4, 2.875, 4.625], "texture": "#0"},
				"west": {"uv": [2.625, 4, 2.75, 4.625], "texture": "#0"},
				"up": {"uv": [2.625, 4.125, 2.875, 4], "texture": "#0"},
				"down": {"uv": [2.625, 4.625, 2.875, 4.5], "texture": "#0"}
			}
		},
		{
			"from": [7.975, 6.175, 7.475],
			"to": [8.1, 7.55, 7.775],
			"rotation": {"angle": 0, "axis": "y", "origin": [0.45, 0.375, 0]},
			"faces": {
				"north": {"uv": [2.25, 6.625, 2.125, 8], "texture": "#0"},
				"east": {"uv": [2.125, 6.625, 2.25, 8], "texture": "#0"},
				"south": {"uv": [2.125, 6.625, 2.25, 8], "texture": "#0"},
				"west": {"uv": [2.125, 6.625, 2.25, 8], "texture": "#0"},
				"up": {"uv": [2.125, 6.75, 2.25, 6.625], "texture": "#0"},
				"down": {"uv": [2.125, 8, 2.25, 7.875], "texture": "#0"}
			}
		},
		{
			"from": [7.85, 6.175, 7.475],
			"to": [7.975, 6.8, 7.775],
			"rotation": {"angle": 0, "axis": "y", "origin": [0.325, 0.375, 0]},
			"faces": {
				"north": {"uv": [2.125, 7.375, 2, 8], "texture": "#0"},
				"east": {"uv": [2, 7.375, 2.125, 8], "texture": "#0"},
				"south": {"uv": [2, 7.375, 2.125, 8], "texture": "#0"},
				"west": {"uv": [2, 7.375, 2.125, 8], "texture": "#0"},
				"up": {"uv": [2, 7.5, 2.125, 7.375], "texture": "#0"},
				"down": {"uv": [2, 8, 2.125, 7.875], "texture": "#0"}
			}
		},
		{
			"from": [7.725, 6.05, 7.475],
			"to": [7.85, 6.425, 7.775],
			"rotation": {"angle": 0, "axis": "y", "origin": [0.2, 0.25, 0]},
			"faces": {
				"north": {"uv": [2, 7.75, 1.875, 8.125], "texture": "#0"},
				"east": {"uv": [1.875, 7.75, 2, 8.125], "texture": "#0"},
				"south": {"uv": [1.875, 7.75, 2, 8.125], "texture": "#0"},
				"west": {"uv": [1.875, 7.75, 2, 8.125], "texture": "#0"},
				"up": {"uv": [1.875, 7.875, 2, 7.75], "texture": "#0"},
				"down": {"uv": [1.875, 8.125, 2, 8], "texture": "#0"}
			}
		},
		{
			"from": [7.6, 6.05, 7.475],
			"to": [7.725, 6.175, 7.775],
			"rotation": {"angle": 0, "axis": "y", "origin": [0.075, 0, 0]},
			"faces": {
				"north": {"uv": [1.875, 8, 1.75, 8.125], "texture": "#0"},
				"east": {"uv": [1.75, 8, 1.875, 8.125], "texture": "#0"},
				"south": {"uv": [1.75, 8, 1.875, 8.125], "texture": "#0"},
				"west": {"uv": [1.75, 8, 1.875, 8.125], "texture": "#0"},
				"up": {"uv": [1.75, 8.125, 1.875, 8], "texture": "#0"},
				"down": {"uv": [1.75, 8.125, 1.875, 8], "texture": "#0"}
			}
		},
		{
			"from": [7.225, 5.8, 7.475],
			"to": [7.35, 5.925, 7.775],
			"rotation": {"angle": 0, "axis": "y", "origin": [-0.3, -0.25, 0]},
			"faces": {
				"north": {"uv": [1.5, 8.25, 1.375, 8.375], "texture": "#0"},
				"east": {"uv": [1.375, 8.25, 1.5, 8.375], "texture": "#0"},
				"south": {"uv": [1.375, 8.25, 1.5, 8.375], "texture": "#0"},
				"west": {"uv": [1.375, 8.25, 1.5, 8.375], "texture": "#0"},
				"up": {"uv": [1.375, 8.375, 1.5, 8.25], "texture": "#0"},
				"down": {"uv": [1.375, 8.375, 1.5, 8.25], "texture": "#0"}
			}
		},
		{
			"from": [6.975, 5.8, 7.425],
			"to": [7.225, 5.925, 7.825],
			"rotation": {"angle": 0, "axis": "y", "origin": [-0.55, -0.25, 0]},
			"faces": {
				"north": {"uv": [1.375, 8.25, 1.125, 8.375], "texture": "#0"},
				"east": {"uv": [1.25, 8.25, 1.375, 8.375], "texture": "#0"},
				"south": {"uv": [1.125, 8.25, 1.375, 8.375], "texture": "#0"},
				"west": {"uv": [1.125, 8.25, 1.25, 8.375], "texture": "#0"},
				"up": {"uv": [1.125, 8.375, 1.375, 8.25], "texture": "#0"},
				"down": {"uv": [1.125, 8.375, 1.375, 8.25], "texture": "#0"}
			}
		},
		{
			"from": [7.1, 5.675, 7.425],
			"to": [7.35, 5.8, 7.825],
			"rotation": {"angle": 0, "axis": "y", "origin": [-0.425, -0.375, 0]},
			"faces": {
				"north": {"uv": [1.5, 8.375, 1.25, 8.5], "texture": "#0"},
				"east": {"uv": [1.375, 8.375, 1.5, 8.5], "texture": "#0"},
				"south": {"uv": [1.25, 8.375, 1.5, 8.5], "texture": "#0"},
				"west": {"uv": [1.25, 8.375, 1.375, 8.5], "texture": "#0"},
				"up": {"uv": [1.25, 8.5, 1.5, 8.375], "texture": "#0"},
				"down": {"uv": [1.25, 8.5, 1.5, 8.375], "texture": "#0"}
			}
		},
		{
			"from": [7.475, 5.3, 7.425],
			"to": [7.725, 5.8, 7.825],
			"rotation": {"angle": 0, "axis": "y", "origin": [-0.05, -0.5, 0]},
			"faces": {
				"north": {"uv": [1.875, 8.375, 1.625, 8.875], "texture": "#0"},
				"east": {"uv": [1.75, 8.375, 1.875, 8.875], "texture": "#0"},
				"south": {"uv": [1.625, 8.375, 1.875, 8.875], "texture": "#0"},
				"west": {"uv": [1.625, 8.375, 1.75, 8.875], "texture": "#0"},
				"up": {"uv": [1.625, 8.5, 1.875, 8.375], "texture": "#0"},
				"down": {"uv": [1.625, 8.875, 1.875, 8.75], "texture": "#0"}
			}
		},
		{
			"from": [7.6, 5.8, 7.425],
			"to": [7.85, 6.05, 7.825],
			"rotation": {"angle": 0, "axis": "y", "origin": [0.075, -0.25, 0]},
			"faces": {
				"north": {"uv": [2, 8.125, 1.75, 8.375], "texture": "#0"},
				"east": {"uv": [1.875, 8.125, 2, 8.375], "texture": "#0"},
				"south": {"uv": [1.75, 8.125, 2, 8.375], "texture": "#0"},
				"west": {"uv": [1.75, 8.125, 1.875, 8.375], "texture": "#0"},
				"up": {"uv": [1.75, 8.25, 2, 8.125], "texture": "#0"},
				"down": {"uv": [1.75, 8.375, 2, 8.25], "texture": "#0"}
			}
		},
		{
			"from": [7.85, 5.925, 7.425],
			"to": [8.1, 6.175, 7.825],
			"rotation": {"angle": 0, "axis": "y", "origin": [0.325, -0.125, 0]},
			"faces": {
				"north": {"uv": [2.25, 8, 2, 8.25], "texture": "#0"},
				"east": {"uv": [2.125, 8, 2.25, 8.25], "texture": "#0"},
				"south": {"uv": [2, 8, 2.25, 8.25], "texture": "#0"},
				"west": {"uv": [2, 8, 2.125, 8.25], "texture": "#0"},
				"up": {"uv": [2, 8.125, 2.25, 8], "texture": "#0"},
				"down": {"uv": [2, 8.25, 2.25, 8.125], "texture": "#0"}
			}
		},
		{
			"from": [8.475, 5.925, 7.4],
			"to": [8.85, 6.3, 7.85],
			"rotation": {"angle": 0, "axis": "y", "origin": [0.95, -0.125, 0]},
			"faces": {
				"north": {"uv": [3, 7.875, 2.625, 8.25], "texture": "#0"},
				"east": {"uv": [3.25, 7.875, 3.625, 8.25], "texture": "#0"},
				"south": {"uv": [2.625, 7.875, 3, 8.25], "texture": "#0"},
				"west": {"uv": [2.625, 7.875, 2.75, 8.25], "texture": "#0"},
				"up": {"uv": [2.625, 8, 3, 7.875], "texture": "#0"},
				"down": {"uv": [2.625, 8.25, 3, 8.125], "texture": "#0"}
			}
		},
		{
			"from": [8.6, 6.3, 7.4],
			"to": [8.975, 7.175, 7.85],
			"rotation": {"angle": 0, "axis": "y", "origin": [1.075, 0.25, 0]},
			"faces": {
				"north": {"uv": [3.125, 7, 2.75, 7.875], "texture": "#0"},
				"east": {"uv": [3.375, 7, 3.75, 7.875], "texture": "#0"},
				"south": {"uv": [2.75, 7, 3.125, 7.875], "texture": "#0"},
				"west": {"uv": [2.75, 7, 2.875, 7.875], "texture": "#0"},
				"up": {"uv": [3.75, 7, 3.375, 7.125], "rotation": 90, "texture": "#0"},
				"down": {"uv": [3.75, 7.75, 3.375, 7.875], "rotation": 90, "texture": "#0"}
			}
		},
		{
			"from": [8.6, 7.8, 7.4],
			"to": [8.975, 8.3, 7.85],
			"rotation": {"angle": 0, "axis": "y", "origin": [1.075, 1.375, 0]},
			"faces": {
				"north": {"uv": [3.125, 5.875, 2.75, 6.375], "texture": "#0"},
				"east": {"uv": [3.375, 5.875, 3.75, 6.375], "texture": "#0"},
				"south": {"uv": [2.75, 5.875, 3.125, 6.375], "texture": "#0"},
				"west": {"uv": [2.75, 5.875, 2.875, 6.375], "texture": "#0"},
				"up": {"uv": [3.75, 5.875, 3.375, 6], "rotation": 90, "texture": "#0"},
				"down": {"uv": [3.75, 6.25, 3.375, 6.375], "rotation": 90, "texture": "#0"}
			}
		},
		{
			"from": [8.475, 7.175, 7.4],
			"to": [8.85, 7.8, 7.85],
			"rotation": {"angle": 0, "axis": "y", "origin": [0.95, 0.875, 0]},
			"faces": {
				"north": {"uv": [3, 6.375, 2.625, 7], "texture": "#0"},
				"east": {"uv": [3.25, 6.375, 3.625, 7], "texture": "#0"},
				"south": {"uv": [2.625, 6.375, 3, 7], "texture": "#0"},
				"west": {"uv": [2.625, 6.375, 2.75, 7], "texture": "#0"},
				"up": {"uv": [3.625, 6.375, 3.25, 6.5], "rotation": 90, "texture": "#0"},
				"down": {"uv": [3.625, 6.875, 3.25, 7], "rotation": 90, "texture": "#0"}
			}
		},
		{
			"from": [8.725, 8.3, 7.4],
			"to": [9.1, 8.8, 7.85],
			"rotation": {"angle": 0, "axis": "y", "origin": [1.2, 1.875, 0]},
			"faces": {
				"north": {"uv": [3.25, 5.375, 2.875, 5.875], "texture": "#0"},
				"east": {"uv": [3.5, 5.375, 3.875, 5.875], "texture": "#0"},
				"south": {"uv": [2.875, 5.375, 3.25, 5.875], "texture": "#0"},
				"west": {"uv": [2.875, 5.375, 3, 5.875], "texture": "#0"},
				"up": {"uv": [3.875, 5.375, 3.5, 5.5], "rotation": 90, "texture": "#0"},
				"down": {"uv": [3.875, 5.75, 3.5, 5.875], "rotation": 90, "texture": "#0"}
			}
		},
		{
			"from": [8.725, 9.425, 7.4],
			"to": [9.1, 9.925, 7.85],
			"rotation": {"angle": 0, "axis": "y", "origin": [1.2, 3, 0]},
			"faces": {
				"north": {"uv": [3.25, 4.25, 2.875, 4.75], "texture": "#0"},
				"east": {"uv": [3.5, 4.25, 3.875, 4.75], "texture": "#0"},
				"south": {"uv": [2.875, 4.25, 3.25, 4.75], "texture": "#0"},
				"west": {"uv": [2.875, 4.25, 3, 4.75], "texture": "#0"},
				"up": {"uv": [3.875, 4.25, 3.5, 4.375], "rotation": 90, "texture": "#0"},
				"down": {"uv": [3.875, 4.625, 3.5, 4.75], "rotation": 90, "texture": "#0"}
			}
		},
		{
			"from": [8.6, 9.925, 7.4],
			"to": [8.975, 10.175, 7.85],
			"rotation": {"angle": 0, "axis": "y", "origin": [1.075, 3.5, 0]},
			"faces": {
				"north": {"uv": [3.125, 4, 2.75, 4.25], "texture": "#0"},
				"east": {"uv": [3.375, 4, 3.75, 4.25], "texture": "#0"},
				"south": {"uv": [2.75, 4, 3.125, 4.25], "texture": "#0"},
				"west": {"uv": [2.75, 4, 2.875, 4.25], "texture": "#0"},
				"up": {"uv": [3.75, 4, 3.375, 4.125], "rotation": 90, "texture": "#0"},
				"down": {"uv": [3.75, 4.125, 3.375, 4.25], "rotation": 90, "texture": "#0"}
			}
		},
		{
			"from": [8.475, 10.175, 7.425],
			"to": [8.85, 10.425, 7.85],
			"rotation": {"angle": 0, "axis": "y", "origin": [0.95, 3.75, 0]},
			"faces": {
				"north": {"uv": [3, 3.75, 2.625, 4], "texture": "#0"},
				"east": {"uv": [2.875, 3.75, 3, 4], "texture": "#0"},
				"south": {"uv": [2.625, 3.75, 3, 4], "texture": "#0"},
				"west": {"uv": [2.625, 3.75, 2.75, 4], "texture": "#0"},
				"up": {"uv": [2.625, 3.875, 3, 3.75], "texture": "#0"},
				"down": {"uv": [2.625, 4, 3, 3.875], "texture": "#0"}
			}
		},
		{
			"from": [8.475, 11.675, 7.425],
			"to": [9.1, 11.925, 7.85],
			"rotation": {"angle": 0, "axis": "y", "origin": [0.95, 5.25, 0]},
			"faces": {
				"north": {"uv": [3.25, 2.25, 2.625, 2.5], "texture": "#0"},
				"east": {"uv": [3.125, 2.25, 3.25, 2.5], "texture": "#0"},
				"south": {"uv": [2.625, 2.25, 3.25, 2.5], "texture": "#0"},
				"west": {"uv": [2.625, 2.25, 2.75, 2.5], "texture": "#0"},
				"up": {"uv": [2.625, 2.375, 3.25, 2.25], "texture": "#0"},
				"down": {"uv": [2.625, 2.5, 3.25, 2.375], "texture": "#0"}
			}
		},
		{
			"from": [8.35, 10.425, 7.425],
			"to": [8.725, 10.8, 7.85],
			"rotation": {"angle": 0, "axis": "y", "origin": [0.825, 4, 0]},
			"faces": {
				"north": {"uv": [2.875, 3.375, 2.5, 3.75], "texture": "#0"},
				"east": {"uv": [2.75, 3.375, 2.875, 3.75], "texture": "#0"},
				"south": {"uv": [2.5, 3.375, 2.875, 3.75], "texture": "#0"},
				"west": {"uv": [2.5, 3.375, 2.625, 3.75], "texture": "#0"},
				"up": {"uv": [2.5, 3.5, 2.875, 3.375], "texture": "#0"},
				"down": {"uv": [2.5, 3.75, 2.875, 3.625], "texture": "#0"}
			}
		},
		{
			"from": [8.35, 11.175, 7.425],
			"to": [8.725, 11.55, 7.85],
			"rotation": {"angle": 0, "axis": "y", "origin": [0.825, 4.75, 0]},
			"faces": {
				"north": {"uv": [2.875, 2.625, 2.5, 3], "texture": "#0"},
				"east": {"uv": [2.75, 2.625, 2.875, 3], "texture": "#0"},
				"south": {"uv": [2.5, 2.625, 2.875, 3], "texture": "#0"},
				"west": {"uv": [2.5, 2.625, 2.625, 3], "texture": "#0"},
				"up": {"uv": [2.5, 2.75, 2.875, 2.625], "texture": "#0"},
				"down": {"uv": [2.5, 3, 2.875, 2.875], "texture": "#0"}
			}
		},
		{
			"from": [8.475, 11.55, 7.425],
			"to": [8.85, 11.675, 7.85],
			"rotation": {"angle": 0, "axis": "y", "origin": [0.95, 4.875, 0]},
			"faces": {
				"north": {"uv": [3, 2.5, 2.625, 2.625], "texture": "#0"},
				"east": {"uv": [2.875, 2.5, 3, 2.625], "texture": "#0"},
				"south": {"uv": [2.625, 2.5, 3, 2.625], "texture": "#0"},
				"west": {"uv": [2.625, 2.5, 2.75, 2.625], "texture": "#0"},
				"up": {"uv": [2.625, 2.625, 3, 2.5], "texture": "#0"},
				"down": {"uv": [2.625, 2.625, 3, 2.5], "texture": "#0"}
			}
		},
		{
			"from": [8.85, 12.05, 7.425],
			"to": [9.225, 12.175, 7.85],
			"rotation": {"angle": 0, "axis": "y", "origin": [1.325, 5.375, 0]},
			"faces": {
				"north": {"uv": [3.375, 2, 3, 2.125], "texture": "#0"},
				"east": {"uv": [3.25, 2, 3.375, 2.125], "texture": "#0"},
				"south": {"uv": [3, 2, 3.375, 2.125], "texture": "#0"},
				"west": {"uv": [3, 2, 3.125, 2.125], "texture": "#0"},
				"up": {"uv": [3, 2.125, 3.375, 2], "texture": "#0"},
				"down": {"uv": [3, 2.125, 3.375, 2], "texture": "#0"}
			}
		},
		{
			"from": [8.475, 12.3, 7.425],
			"to": [8.85, 12.425, 7.85],
			"rotation": {"angle": 0, "axis": "y", "origin": [0.95, 5.625, 0]},
			"faces": {
				"north": {"uv": [3, 1.75, 2.625, 1.875], "texture": "#0"},
				"east": {"uv": [2.875, 1.75, 3, 1.875], "texture": "#0"},
				"south": {"uv": [2.625, 1.75, 3, 1.875], "texture": "#0"},
				"west": {"uv": [2.625, 1.75, 2.75, 1.875], "texture": "#0"},
				"up": {"uv": [2.625, 1.875, 3, 1.75], "texture": "#0"},
				"down": {"uv": [2.625, 1.875, 3, 1.75], "texture": "#0"}
			}
		},
		{
			"from": [8.35, 12.05, 7.425],
			"to": [8.725, 12.3, 7.85],
			"rotation": {"angle": 0, "axis": "y", "origin": [0.825, 5.5, 0]},
			"faces": {
				"north": {"uv": [2.875, 1.875, 2.5, 2.125], "texture": "#0"},
				"east": {"uv": [2.75, 1.875, 2.875, 2.125], "texture": "#0"},
				"south": {"uv": [2.5, 1.875, 2.875, 2.125], "texture": "#0"},
				"west": {"uv": [2.5, 1.875, 2.625, 2.125], "texture": "#0"},
				"up": {"uv": [2.5, 2, 2.875, 1.875], "texture": "#0"},
				"down": {"uv": [2.5, 2.125, 2.875, 2], "texture": "#0"}
			}
		},
		{
			"from": [8.6, 12.425, 7.425],
			"to": [8.975, 12.55, 7.85],
			"rotation": {"angle": 0, "axis": "y", "origin": [1.075, 5.75, 0]},
			"faces": {
				"north": {"uv": [3.125, 1.625, 2.75, 1.75], "texture": "#0"},
				"east": {"uv": [3, 1.625, 3.125, 1.75], "texture": "#0"},
				"south": {"uv": [2.75, 1.625, 3.125, 1.75], "texture": "#0"},
				"west": {"uv": [2.75, 1.625, 2.875, 1.75], "texture": "#0"},
				"up": {"uv": [2.75, 1.75, 3.125, 1.625], "texture": "#0"},
				"down": {"uv": [2.75, 1.75, 3.125, 1.625], "texture": "#0"}
			}
		},
		{
			"from": [8.975, 12.175, 7.425],
			"to": [9.1, 12.3, 7.85],
			"rotation": {"angle": 0, "axis": "y", "origin": [1.2, 5.5, 0]},
			"faces": {
				"north": {"uv": [3.25, 1.875, 3.125, 2], "texture": "#0"},
				"east": {"uv": [3.125, 1.875, 3.25, 2], "texture": "#0"},
				"south": {"uv": [3.125, 1.875, 3.25, 2], "texture": "#0"},
				"west": {"uv": [3.125, 1.875, 3.25, 2], "texture": "#0"},
				"up": {"uv": [3.125, 2, 3.25, 1.875], "texture": "#0"},
				"down": {"uv": [3.125, 2, 3.25, 1.875], "texture": "#0"}
			}
		},
		{
			"from": [8.35, 11.925, 7.425],
			"to": [9.225, 12.05, 7.85],
			"rotation": {"angle": 0, "axis": "y", "origin": [0.825, 5.25, 0]},
			"faces": {
				"north": {"uv": [3.375, 2.125, 2.5, 2.25], "texture": "#0"},
				"east": {"uv": [3.25, 2.125, 3.375, 2.25], "texture": "#0"},
				"south": {"uv": [2.5, 2.125, 3.375, 2.25], "texture": "#0"},
				"west": {"uv": [2.5, 2.125, 2.625, 2.25], "texture": "#0"},
				"up": {"uv": [2.5, 2.25, 3.375, 2.125], "texture": "#0"},
				"down": {"uv": [2.5, 2.25, 3.375, 2.125], "texture": "#0"}
			}
		},
		{
			"from": [8.225, 10.8, 7.425],
			"to": [8.6, 11.175, 7.85],
			"rotation": {"angle": 0, "axis": "y", "origin": [0.7, 4.375, 0]},
			"faces": {
				"north": {"uv": [2.75, 3, 2.375, 3.375], "texture": "#0"},
				"east": {"uv": [2.625, 3, 2.75, 3.375], "texture": "#0"},
				"south": {"uv": [2.375, 3, 2.75, 3.375], "texture": "#0"},
				"west": {"uv": [2.375, 3, 2.5, 3.375], "texture": "#0"},
				"up": {"uv": [2.375, 3.125, 2.75, 3], "texture": "#0"},
				"down": {"uv": [2.375, 3.375, 2.75, 3.25], "texture": "#0"}
			}
		},
		{
			"from": [8.85, 8.8, 7.4],
			"to": [9.225, 9.425, 7.85],
			"rotation": {"angle": 0, "axis": "y", "origin": [1.325, 2.5, 0]},
			"faces": {
				"north": {"uv": [3.375, 4.75, 3, 5.375], "texture": "#0"},
				"east": {"uv": [3.625, 4.75, 4, 5.375], "texture": "#0"},
				"south": {"uv": [3, 4.75, 3.375, 5.375], "texture": "#0"},
				"west": {"uv": [3, 4.75, 3.125, 5.375], "texture": "#0"},
				"up": {"uv": [4, 4.75, 3.625, 4.875], "rotation": 90, "texture": "#0"},
				"down": {"uv": [4, 5.25, 3.625, 5.375], "rotation": 90, "texture": "#0"}
			}
		},
		{
			"from": [8.225, 12.3, 7.45],
			"to": [8.35, 12.55, 7.825],
			"rotation": {"angle": 0, "axis": "y", "origin": [0.7, 6.25, 0]},
			"faces": {
				"north": {"uv": [2.5, 1.625, 2.375, 1.875], "texture": "#0"},
				"east": {"uv": [2.375, 1.625, 2.5, 1.875], "texture": "#0"},
				"south": {"uv": [2.375, 1.625, 2.5, 1.875], "texture": "#0"},
				"west": {"uv": [2.375, 1.625, 2.5, 1.875], "texture": "#0"},
				"up": {"uv": [2.375, 1.75, 2.5, 1.625], "texture": "#0"},
				"down": {"uv": [2.375, 1.875, 2.5, 1.75], "texture": "#0"}
			}
		},
		{
			"from": [8.475, 12.425, 7.45],
			"to": [8.6, 12.8, 7.825],
			"rotation": {"angle": 0, "axis": "y", "origin": [0.95, 6.375, 0]},
			"faces": {
				"north": {"uv": [2.75, 1.375, 2.625, 1.75], "texture": "#0"},
				"east": {"uv": [2.625, 1.375, 2.75, 1.75], "texture": "#0"},
				"south": {"uv": [2.625, 1.375, 2.75, 1.75], "texture": "#0"},
				"west": {"uv": [2.625, 1.375, 2.75, 1.75], "texture": "#0"},
				"up": {"uv": [2.625, 1.5, 2.75, 1.375], "texture": "#0"},
				"down": {"uv": [2.625, 1.75, 2.75, 1.625], "texture": "#0"}
			}
		},
		{
			"from": [8.35, 6.05, 7.425],
			"to": [8.475, 8.925, 7.825],
			"rotation": {"angle": 0, "axis": "y", "origin": [0.825, 0, 0]},
			"faces": {
				"north": {"uv": [2.625, 5.25, 2.5, 8.125], "texture": "#0"},
				"east": {"uv": [2.5, 5.25, 2.625, 8.125], "texture": "#0"},
				"south": {"uv": [2.5, 5.25, 2.625, 8.125], "texture": "#0"},
				"west": {"uv": [2.5, 5.25, 2.625, 8.125], "texture": "#0"},
				"up": {"uv": [2.5, 5.375, 2.625, 5.25], "texture": "#0"},
				"down": {"uv": [2.5, 8.125, 2.625, 8], "texture": "#0"}
			}
		},
		{
			"from": [8.35, 9.3, 7.425],
			"to": [8.475, 12.675, 7.825],
			"rotation": {"angle": 0, "axis": "y", "origin": [0.825, 3.25, 0]},
			"faces": {
				"north": {"uv": [2.625, 1.5, 2.5, 4.875], "texture": "#0"},
				"east": {"uv": [2.5, 1.5, 2.625, 4.875], "texture": "#0"},
				"south": {"uv": [2.5, 1.5, 2.625, 4.875], "texture": "#0"},
				"west": {"uv": [2.5, 1.5, 2.625, 4.875], "texture": "#0"},
				"up": {"uv": [2.5, 1.625, 2.625, 1.5], "texture": "#0"},
				"down": {"uv": [2.5, 4.875, 2.625, 4.75], "texture": "#0"}
			}
		},
		{
			"from": [8.1, 6.05, 7.425],
			"to": [8.35, 12.3, 7.825],
			"rotation": {"angle": 0, "axis": "y", "origin": [0.575, 0, 0]},
			"faces": {
				"north": {"uv": [2.5, 1.875, 2.25, 8.125], "texture": "#0"},
				"east": {"uv": [2.375, 1.875, 2.5, 8.125], "texture": "#0"},
				"south": {"uv": [2.25, 1.875, 2.5, 8.125], "texture": "#0"},
				"west": {"uv": [2.25, 1.875, 2.375, 8.125], "texture": "#0"},
				"up": {"uv": [2.25, 2, 2.5, 1.875], "texture": "#0"},
				"down": {"uv": [2.25, 8.125, 2.5, 8], "texture": "#0"}
			}
		},
		{
			"from": [7.1, 5.175, 7.425],
			"to": [7.35, 5.3, 7.825],
			"rotation": {"angle": 0, "axis": "y", "origin": [-0.425, -0.875, 0]},
			"faces": {
				"north": {"uv": [1.5, 8.875, 1.25, 9], "texture": "#0"},
				"east": {"uv": [1.375, 8.875, 1.5, 9], "texture": "#0"},
				"south": {"uv": [1.25, 8.875, 1.5, 9], "texture": "#0"},
				"west": {"uv": [1.25, 8.875, 1.375, 9], "texture": "#0"},
				"up": {"uv": [1.25, 9, 1.5, 8.875], "texture": "#0"},
				"down": {"uv": [1.25, 9, 1.5, 8.875], "texture": "#0"}
			}
		},
		{
			"from": [7.225, 5.3, 7.425],
			"to": [7.475, 5.675, 7.825],
			"rotation": {"angle": 0, "axis": "y", "origin": [-0.3, -0.75, 0]},
			"faces": {
				"north": {"uv": [1.625, 8.5, 1.375, 8.875], "texture": "#0"},
				"east": {"uv": [1.5, 8.5, 1.625, 8.875], "texture": "#0"},
				"south": {"uv": [1.375, 8.5, 1.625, 8.875], "texture": "#0"},
				"west": {"uv": [1.375, 8.5, 1.5, 8.875], "texture": "#0"},
				"up": {"uv": [1.375, 8.625, 1.625, 8.5], "texture": "#0"},
				"down": {"uv": [1.375, 8.875, 1.625, 8.75], "texture": "#0"}
			}
		},
		{
			"from": [7.35, 5.675, 7.475],
			"to": [7.475, 5.925, 7.775],
			"rotation": {"angle": 0, "axis": "y", "origin": [-0.175, -0.25, 0]},
			"faces": {
				"north": {"uv": [1.625, 8.25, 1.5, 8.5], "texture": "#0"},
				"east": {"uv": [1.5, 8.25, 1.625, 8.5], "texture": "#0"},
				"south": {"uv": [1.5, 8.25, 1.625, 8.5], "texture": "#0"},
				"west": {"uv": [1.5, 8.25, 1.625, 8.5], "texture": "#0"},
				"up": {"uv": [1.5, 8.375, 1.625, 8.25], "texture": "#0"},
				"down": {"uv": [1.5, 8.5, 1.625, 8.375], "texture": "#0"}
			}
		},
		{
			"from": [7.475, 5.8, 7.475],
			"to": [7.6, 6.05, 7.775],
			"rotation": {"angle": 0, "axis": "y", "origin": [-0.05, -0.125, 0]},
			"faces": {
				"north": {"uv": [1.75, 8.125, 1.625, 8.375], "texture": "#0"},
				"east": {"uv": [1.625, 8.125, 1.75, 8.375], "texture": "#0"},
				"south": {"uv": [1.625, 8.125, 1.75, 8.375], "texture": "#0"},
				"west": {"uv": [1.625, 8.125, 1.75, 8.375], "texture": "#0"},
				"up": {"uv": [1.625, 8.25, 1.75, 8.125], "texture": "#0"},
				"down": {"uv": [1.625, 8.375, 1.75, 8.25], "texture": "#0"}
			}
		},
		{
			"from": [7.225, 12.3, 7.575],
			"to": [7.725, 12.8, 7.7],
			"rotation": {"angle": 0, "axis": "y", "origin": [-0.175, 5.625, 0]},
			"faces": {
				"north": {"uv": [1.875, 1.375, 1.375, 1.875], "texture": "#0"},
				"east": {"uv": [1.75, 1.375, 1.875, 1.875], "texture": "#0"},
				"south": {"uv": [1.375, 1.375, 1.875, 1.875], "texture": "#0"},
				"west": {"uv": [1.375, 1.375, 1.5, 1.875], "texture": "#0"},
				"up": {"uv": [1.375, 1.5, 1.875, 1.375], "texture": "#0"},
				"down": {"uv": [1.375, 1.875, 1.875, 1.75], "texture": "#0"}
			}
		},
		{
			"from": [7.35, 12.8, 7.575],
			"to": [7.85, 13.05, 7.7],
			"rotation": {"angle": 0, "axis": "y", "origin": [-0.05, 5.875, 0]},
			"faces": {
				"north": {"uv": [2, 1.125, 1.5, 1.375], "texture": "#0"},
				"east": {"uv": [1.875, 1.125, 2, 1.375], "texture": "#0"},
				"south": {"uv": [1.5, 1.125, 2, 1.375], "texture": "#0"},
				"west": {"uv": [1.5, 1.125, 1.625, 1.375], "texture": "#0"},
				"up": {"uv": [1.5, 1.25, 2, 1.125], "texture": "#0"},
				"down": {"uv": [1.5, 1.375, 2, 1.25], "texture": "#0"}
			}
		},
		{
			"from": [7.475, 13.05, 7.575],
			"to": [7.975, 13.3, 7.7],
			"rotation": {"angle": 0, "axis": "y", "origin": [0.075, 6.125, 0]},
			"faces": {
				"north": {"uv": [2.125, 0.875, 1.625, 1.125], "texture": "#0"},
				"east": {"uv": [2, 0.875, 2.125, 1.125], "texture": "#0"},
				"south": {"uv": [1.625, 0.875, 2.125, 1.125], "texture": "#0"},
				"west": {"uv": [1.625, 0.875, 1.75, 1.125], "texture": "#0"},
				"up": {"uv": [1.625, 1, 2.125, 0.875], "texture": "#0"},
				"down": {"uv": [1.625, 1.125, 2.125, 1], "texture": "#0"}
			}
		},
		{
			"from": [7.6, 13.3, 7.575],
			"to": [8.225, 13.425, 7.7],
			"rotation": {"angle": 0, "axis": "y", "origin": [0.2, 6.25, 0]},
			"faces": {
				"north": {"uv": [2.375, 0.75, 1.75, 0.875], "texture": "#0"},
				"east": {"uv": [2.25, 0.75, 2.375, 0.875], "texture": "#0"},
				"south": {"uv": [1.75, 0.75, 2.375, 0.875], "texture": "#0"},
				"west": {"uv": [1.75, 0.75, 1.875, 0.875], "texture": "#0"},
				"up": {"uv": [1.75, 0.875, 2.375, 0.75], "texture": "#0"},
				"down": {"uv": [1.75, 0.875, 2.375, 0.75], "texture": "#0"}
			}
		},
		{
			"from": [7.725, 13.425, 7.575],
			"to": [8.6, 13.55, 7.7],
			"rotation": {"angle": 0, "axis": "y", "origin": [0.325, 6.375, 0]},
			"faces": {
				"north": {"uv": [2.75, 0.625, 1.875, 0.75], "texture": "#0"},
				"east": {"uv": [2.625, 0.625, 2.75, 0.75], "texture": "#0"},
				"south": {"uv": [1.875, 0.625, 2.75, 0.75], "texture": "#0"},
				"west": {"uv": [1.875, 0.625, 2, 0.75], "texture": "#0"},
				"up": {"uv": [1.875, 0.75, 2.75, 0.625], "texture": "#0"},
				"down": {"uv": [1.875, 0.75, 2.75, 0.625], "texture": "#0"}
			}
		},
		{
			"from": [7.85, 13.55, 7.575],
			"to": [8.975, 13.675, 7.7],
			"rotation": {"angle": 0, "axis": "y", "origin": [0.45, 6.5, 0]},
			"faces": {
				"north": {"uv": [3.125, 0.5, 2, 0.625], "texture": "#0"},
				"east": {"uv": [3, 0.5, 3.125, 0.625], "texture": "#0"},
				"south": {"uv": [2, 0.5, 3.125, 0.625], "texture": "#0"},
				"west": {"uv": [2, 0.5, 2.125, 0.625], "texture": "#0"},
				"up": {"uv": [2, 0.625, 3.125, 0.5], "texture": "#0"},
				"down": {"uv": [2, 0.625, 3.125, 0.5], "texture": "#0"}
			}
		},
		{
			"from": [7.975, 13.675, 7.575],
			"to": [9.1, 13.8, 7.7],
			"rotation": {"angle": 0, "axis": "y", "origin": [0.575, 6.625, 0]},
			"faces": {
				"north": {"uv": [3.25, 0.375, 2.125, 0.5], "texture": "#0"},
				"east": {"uv": [3.125, 0.375, 3.25, 0.5], "texture": "#0"},
				"south": {"uv": [2.125, 0.375, 3.25, 0.5], "texture": "#0"},
				"west": {"uv": [2.125, 0.375, 2.25, 0.5], "texture": "#0"},
				"up": {"uv": [2.125, 0.5, 3.25, 0.375], "texture": "#0"},
				"down": {"uv": [2.125, 0.5, 3.25, 0.375], "texture": "#0"}
			}
		},
		{
			"from": [8.225, 13.8, 7.575],
			"to": [9.225, 13.925, 7.7],
			"rotation": {"angle": 0, "axis": "y", "origin": [0.7, 6.75, 0]},
			"faces": {
				"north": {"uv": [3.375, 0.25, 2.375, 0.375], "texture": "#0"},
				"east": {"uv": [3.25, 0.25, 3.375, 0.375], "texture": "#0"},
				"south": {"uv": [2.375, 0.25, 3.375, 0.375], "texture": "#0"},
				"west": {"uv": [2.375, 0.25, 2.5, 0.375], "texture": "#0"},
				"up": {"uv": [2.375, 0.375, 3.375, 0.25], "texture": "#0"},
				"down": {"uv": [2.375, 0.375, 3.375, 0.25], "texture": "#0"}
			}
		},
		{
			"from": [8.6, 13.925, 7.575],
			"to": [9.35, 14.05, 7.7],
			"rotation": {"angle": 0, "axis": "y", "origin": [0.825, 6.875, 0]},
			"faces": {
				"north": {"uv": [3.5, 0.125, 2.75, 0.25], "texture": "#0"},
				"east": {"uv": [3.375, 0.125, 3.5, 0.25], "texture": "#0"},
				"south": {"uv": [2.75, 0.125, 3.5, 0.25], "texture": "#0"},
				"west": {"uv": [2.75, 0.125, 2.875, 0.25], "texture": "#0"},
				"up": {"uv": [2.75, 0.25, 3.5, 0.125], "texture": "#0"},
				"down": {"uv": [2.75, 0.25, 3.5, 0.125], "texture": "#0"}
			}
		},
		{
			"from": [7.35, 7.55, 7.55],
			"to": [7.85, 8.925, 7.7],
			"rotation": {"angle": 0, "axis": "y", "origin": [-0.05, 1.75, 0]},
			"faces": {
				"north": {"uv": [2, 5.25, 1.5, 6.625], "texture": "#0"},
				"east": {"uv": [1.875, 5.25, 2, 6.625], "texture": "#0"},
				"south": {"uv": [1.5, 5.25, 2, 6.625], "texture": "#0"},
				"west": {"uv": [1.5, 5.25, 1.625, 6.625], "texture": "#0"},
				"up": {"uv": [1.5, 5.375, 2, 5.25], "texture": "#0"},
				"down": {"uv": [1.5, 6.625, 2, 6.5], "texture": "#0"}
			}
		},
		{
			"from": [7.1, 9.675, 7.55],
			"to": [7.6, 12.3, 7.7],
			"rotation": {"angle": 0, "axis": "y", "origin": [-0.3, 3.875, 0]},
			"faces": {
				"north": {"uv": [1.75, 1.875, 1.25, 4.5], "texture": "#0"},
				"east": {"uv": [1.625, 1.875, 1.75, 4.5], "texture": "#0"},
				"south": {"uv": [1.25, 1.875, 1.75, 4.5], "texture": "#0"},
				"west": {"uv": [1.25, 1.875, 1.375, 4.5], "texture": "#0"},
				"up": {"uv": [1.25, 2, 1.75, 1.875], "texture": "#0"},
				"down": {"uv": [1.25, 4.5, 1.75, 4.375], "texture": "#0"}
			}
		},
		{
			"from": [7.475, 6.8, 7.55],
			"to": [7.975, 7.55, 7.7],
			"rotation": {"angle": 0, "axis": "y", "origin": [0.075, 0.5, 0]},
			"faces": {
				"north": {"uv": [2.125, 6.625, 1.625, 7.375], "texture": "#0"},
				"east": {"uv": [2, 6.625, 2.125, 7.375], "texture": "#0"},
				"south": {"uv": [1.625, 6.625, 2.125, 7.375], "texture": "#0"},
				"west": {"uv": [1.625, 6.625, 1.75, 7.375], "texture": "#0"},
				"up": {"uv": [1.625, 6.75, 2.125, 6.625], "texture": "#0"},
				"down": {"uv": [1.625, 7.375, 2.125, 7.25], "texture": "#0"}
			}
		},
		{
			"from": [7.35, 6.425, 7.55],
			"to": [7.85, 6.8, 7.7],
			"rotation": {"angle": 0, "axis": "y", "origin": [-0.05, -0.25, 0]},
			"faces": {
				"north": {"uv": [2, 7.375, 1.5, 7.75], "texture": "#0"},
				"east": {"uv": [1.875, 7.375, 2, 7.75], "texture": "#0"},
				"south": {"uv": [1.5, 7.375, 2, 7.75], "texture": "#0"},
				"west": {"uv": [1.5, 7.375, 1.625, 7.75], "texture": "#0"},
				"up": {"uv": [1.5, 7.5, 2, 7.375], "texture": "#0"},
				"down": {"uv": [1.5, 7.75, 2, 7.625], "texture": "#0"}
			}
		},
		{
			"from": [7.225, 6.175, 7.55],
			"to": [7.725, 6.425, 7.7],
			"rotation": {"angle": 0, "axis": "y", "origin": [-0.175, -0.625, 0]},
			"faces": {
				"north": {"uv": [1.875, 7.75, 1.375, 8], "texture": "#0"},
				"east": {"uv": [1.75, 7.75, 1.875, 8], "texture": "#0"},
				"south": {"uv": [1.375, 7.75, 1.875, 8], "texture": "#0"},
				"west": {"uv": [1.375, 7.75, 1.5, 8], "texture": "#0"},
				"up": {"uv": [1.375, 7.875, 1.875, 7.75], "texture": "#0"},
				"down": {"uv": [1.375, 8, 1.875, 7.875], "texture": "#0"}
			}
		},
		{
			"from": [7.1, 6.05, 7.55],
			"to": [7.6, 6.175, 7.7],
			"rotation": {"angle": 0, "axis": "y", "origin": [-0.3, -0.875, 0]},
			"faces": {
				"north": {"uv": [1.75, 8, 1.25, 8.125], "texture": "#0"},
				"east": {"uv": [1.625, 8, 1.75, 8.125], "texture": "#0"},
				"south": {"uv": [1.25, 8, 1.75, 8.125], "texture": "#0"},
				"west": {"uv": [1.25, 8, 1.375, 8.125], "texture": "#0"},
				"up": {"uv": [1.25, 8.125, 1.75, 8], "texture": "#0"},
				"down": {"uv": [1.25, 8.125, 1.75, 8], "texture": "#0"}
			}
		},
		{
			"from": [6.975, 5.925, 7.55],
			"to": [7.475, 6.05, 7.7],
			"rotation": {"angle": 0, "axis": "y", "origin": [-0.425, -1, 0]},
			"faces": {
				"north": {"uv": [1.625, 8.125, 1.125, 8.25], "texture": "#0"},
				"east": {"uv": [1.5, 8.125, 1.625, 8.25], "texture": "#0"},
				"south": {"uv": [1.125, 8.125, 1.625, 8.25], "texture": "#0"},
				"west": {"uv": [1.125, 8.125, 1.25, 8.25], "texture": "#0"},
				"up": {"uv": [1.125, 8.25, 1.625, 8.125], "texture": "#0"},
				"down": {"uv": [1.125, 8.25, 1.625, 8.125], "texture": "#0"}
			}
		},
		{
			"from": [7.975, 13.05, 7.5],
			"to": [8.725, 13.3, 7.775],
			"rotation": {"angle": 0, "axis": "y", "origin": [0.325, 5.25, 0]},
			"faces": {
				"north": {"uv": [2.875, 0.875, 2.125, 1.125], "texture": "#0"},
				"east": {"uv": [2.75, 0.875, 2.875, 1.125], "texture": "#0"},
				"south": {"uv": [2.125, 0.875, 2.875, 1.125], "texture": "#0"},
				"west": {"uv": [2.125, 0.875, 2.25, 1.125], "texture": "#0"},
				"up": {"uv": [2.125, 1, 2.875, 0.875], "texture": "#0"},
				"down": {"uv": [2.125, 1.125, 2.875, 1], "texture": "#0"}
			}
		},
		{
			"from": [7.85, 12.8, 7.5],
			"to": [8.6, 13.05, 7.775],
			"rotation": {"angle": 0, "axis": "y", "origin": [0.2, 5, 0]},
			"faces": {
				"north": {"uv": [2.75, 1.125, 2, 1.375], "texture": "#0"},
				"east": {"uv": [2.625, 1.125, 2.75, 1.375], "texture": "#0"},
				"south": {"uv": [2, 1.125, 2.75, 1.375], "texture": "#0"},
				"west": {"uv": [2, 1.125, 2.125, 1.375], "texture": "#0"},
				"up": {"uv": [2, 1.25, 2.75, 1.125], "texture": "#0"},
				"down": {"uv": [2, 1.375, 2.75, 1.25], "texture": "#0"}
			}
		},
		{
			"from": [7.725, 12.3, 7.5],
			"to": [8.475, 12.8, 7.775],
			"rotation": {"angle": 0, "axis": "y", "origin": [0.075, 4.75, 0]},
			"faces": {
				"north": {"uv": [2.625, 1.375, 1.875, 1.875], "texture": "#0"},
				"east": {"uv": [2.5, 1.375, 2.625, 1.875], "texture": "#0"},
				"south": {"uv": [1.875, 1.375, 2.625, 1.875], "texture": "#0"},
				"west": {"uv": [1.875, 1.375, 2, 1.875], "texture": "#0"},
				"up": {"uv": [1.875, 1.5, 2.625, 1.375], "texture": "#0"},
				"down": {"uv": [1.875, 1.875, 2.625, 1.75], "texture": "#0"}
			}
		},
		{
			"from": [7.6, 9.675, 7.475],
			"to": [8.225, 12.3, 7.775],
			"rotation": {"angle": 0, "axis": "y", "origin": [-0.05, 4.25, 0]},
			"faces": {
				"north": {"uv": [2.375, 1.875, 1.75, 4.5], "texture": "#0"},
				"east": {"uv": [2.25, 1.875, 2.375, 4.5], "texture": "#0"},
				"south": {"uv": [1.75, 1.875, 2.375, 4.5], "texture": "#0"},
				"west": {"uv": [1.75, 1.875, 1.875, 4.5], "texture": "#0"},
				"up": {"uv": [1.75, 2, 2.375, 1.875], "texture": "#0"},
				"down": {"uv": [1.75, 4.5, 2.375, 4.375], "texture": "#0"}
			}
		},
		{
			"from": [8.225, 13.3, 7.5],
			"to": [8.85, 13.425, 7.775],
			"rotation": {"angle": 0, "axis": "y", "origin": [0.45, 5.5, 0]},
			"faces": {
				"north": {"uv": [3, 0.75, 2.375, 0.875], "texture": "#0"},
				"east": {"uv": [2.875, 0.75, 3, 0.875], "texture": "#0"},
				"south": {"uv": [2.375, 0.75, 3, 0.875], "texture": "#0"},
				"west": {"uv": [2.375, 0.75, 2.5, 0.875], "texture": "#0"},
				"up": {"uv": [2.375, 0.875, 3, 0.75], "texture": "#0"},
				"down": {"uv": [2.375, 0.875, 3, 0.75], "texture": "#0"}
			}
		},
		{
			"from": [8.6, 13.425, 7.5],
			"to": [8.85, 13.55, 7.775],
			"rotation": {"angle": 0, "axis": "y", "origin": [0.575, 5.625, 0]},
			"faces": {
				"north": {"uv": [3, 0.625, 2.75, 0.75], "texture": "#0"},
				"east": {"uv": [2.875, 0.625, 3, 0.75], "texture": "#0"},
				"south": {"uv": [2.75, 0.625, 3, 0.75], "texture": "#0"},
				"west": {"uv": [2.75, 0.625, 2.875, 0.75], "texture": "#0"},
				"up": {"uv": [2.75, 0.75, 3, 0.625], "texture": "#0"},
				"down": {"uv": [2.75, 0.75, 3, 0.625], "texture": "#0"}
			}
		}
	],
	"gui_light": "front",
	"display": {
		"thirdperson_righthand": {
			"rotation": [0, -90, 0],
			"translation": [-0.7, 4.75, 1.25],
			"scale": [1.2, 1.2, 1.2]
		},
		"thirdperson_lefthand": {
			"rotation": [0, 90, 0],
			"translation": [0.25, 4.75, 1.25],
			"scale": [1.2, 1.2, 1.2]
		},
		"firstperson_righthand": {
			"rotation": [55, -90, 60],
			"translation": [-1.25, 5.75, 1.75],
			"scale": [0.8, 1, 0.8]
		},
		"firstperson_lefthand": {
			"rotation": [-65, 90, 60],
			"translation": [-0.75, 5.75, 1.75],
			"scale": [0.8, 1, 0.8]
		},
		"ground": {
			"rotation": [-45, -90, 0],
			"translation": [0, 1, 0],
			"scale": [0.5, 0.5, 0.5]
		},
		"gui": {
			"rotation": [0, -180, 45],
			"translation": [1.5, 1, 0],
			"scale": [1.3, 1.3, 1.3]
		},
		"head": {
			"rotation": [120, 90, 0],
			"translation": [-5.75, -22.25, -3.25],
			"scale": [2, 2, 2]
		},
		"fixed": {
			"rotation": [-180, 180, -135],
			"translation": [-1.25, 1.25, 0],
			"scale": [1.4, 1.4, 1.4]
		}
	}
}