{
	"credit": "Made with Blockbench",
	"textures": {
		"0": "./egypt_shield_back",
		"1": "./egypt_shield",
		"particle": "./egypt_shield_back"
	},
	"elements": [
		{
			"from": [7.65, 6.5, 4.9],
			"to": [8.4, 10.25, 5.5],
			"rotation": {"angle": 0, "axis": "y", "origin": [8.025, 7.875, 7.4]},
			"faces": {
				"north": {"uv": [13.75, 4.75, 14.5, 8.5], "texture": "#0"},
				"east": {"uv": [14.25, 4.75, 14.5, 8.5], "texture": "#0"},
				"south": {"uv": [14.5, 4.75, 13.75, 8.5], "texture": "#0"},
				"west": {"uv": [13.75, 4.75, 14, 8.5], "texture": "#0"},
				"up": {"uv": [14.5, 4.75, 13.75, 5], "texture": "#0"},
				"down": {"uv": [14.5, 8.25, 13.75, 8.5], "texture": "#0"}
			}
		},
		{
			"from": [7.65, 10.25, 5.25],
			"to": [8.4, 10.75, 7.1],
			"rotation": {"angle": 0, "axis": "y", "origin": [8.025, 7.875, 7.4]},
			"faces": {
				"north": {"uv": [13.75, 4.5, 14.5, 4.75], "texture": "#0"},
				"east": {"uv": [14.25, 4.25, 14.5, 4.75], "texture": "#0"},
				"south": {"uv": [14.5, 4.25, 13.75, 4.5], "texture": "#0"},
				"west": {"uv": [13.75, 4.25, 14, 4.75], "texture": "#0"},
				"up": {"uv": [14.5, 4.25, 13.75, 4.75], "texture": "#0"},
				"down": {"uv": [14.5, 4.25, 13.75, 4.75], "texture": "#0"}
			}
		},
		{
			"from": [7.65, 6, 5.25],
			"to": [8.4, 6.5, 7.1],
			"rotation": {"angle": 0, "axis": "y", "origin": [8.025, 7.875, 7.4]},
			"faces": {
				"north": {"uv": [13.75, 8.75, 14.5, 9], "texture": "#0"},
				"east": {"uv": [14.25, 8.5, 14.5, 9], "texture": "#0"},
				"south": {"uv": [14.5, 8.5, 13.75, 8.75], "texture": "#0"},
				"west": {"uv": [13.75, 8.5, 14, 9], "texture": "#0"},
				"up": {"uv": [14.5, 8.5, 13.75, 9], "texture": "#0"},
				"down": {"uv": [14.5, 8.5, 13.75, 9], "texture": "#0"}
			}
		},
		{
			"from": [4.9, -1, 6.95],
			"to": [11.15, -0.5, 7.5],
			"rotation": {"angle": 0, "axis": "y", "origin": [14.9, 0.6, 14]},
			"faces": {
				"north": {"uv": [11, 15.5, 4.75, 16], "texture": "#0"},
				"east": {"uv": [11, 15.5, 10.75, 16], "texture": "#1"},
				"south": {"uv": [4.75, 15.5, 11, 16], "texture": "#1"},
				"west": {"uv": [5, 15.5, 4.75, 16], "texture": "#1"},
				"up": {"uv": [11, 15.5, 4.75, 15.75], "rotation": 180, "texture": "#1"},
				"down": {"uv": [4.75, 15.75, 11, 16], "texture": "#1"}
			}
		},
		{
			"from": [3.9, 5.25, 6.95],
			"to": [4.4, 11.25, 7.5],
			"rotation": {"angle": 0, "axis": "y", "origin": [7.15, 0.6, 14]},
			"faces": {
				"north": {"uv": [4.25, 3.75, 3.75, 9.75], "texture": "#0"},
				"east": {"uv": [4.25, 3.75, 4, 9.75], "texture": "#1"},
				"south": {"uv": [3.75, 3.75, 4.25, 9.75], "texture": "#1"},
				"west": {"uv": [4, 3.75, 3.75, 9.75], "texture": "#1"},
				"up": {"uv": [4.25, 3.75, 3.75, 4], "rotation": 180, "texture": "#1"},
				"down": {"uv": [3.75, 9.5, 4.25, 9.75], "texture": "#1"}
			}
		},
		{
			"from": [4.15, 1.75, 6.95],
			"to": [4.65, 5.25, 7.5],
			"rotation": {"angle": 0, "axis": "y", "origin": [7.65, 0.6, 14]},
			"faces": {
				"north": {"uv": [4.5, 9.75, 4, 13.25], "texture": "#0"},
				"east": {"uv": [4.5, 9.75, 4.25, 13.25], "texture": "#1"},
				"south": {"uv": [4, 9.75, 4.5, 13.25], "texture": "#1"},
				"west": {"uv": [4.25, 9.75, 4, 13.25], "texture": "#1"},
				"up": {"uv": [4.5, 9.75, 4, 10], "rotation": 180, "texture": "#1"},
				"down": {"uv": [4, 13, 4.5, 13.25], "texture": "#1"}
			}
		},
		{
			"from": [11.4, 11.25, 6.95],
			"to": [11.9, 12.25, 7.5],
			"rotation": {"angle": 0, "axis": "y", "origin": [22.15, 0.6, 14]},
			"faces": {
				"north": {"uv": [11.75, 2.75, 11.25, 3.75], "texture": "#0"},
				"east": {"uv": [11.75, 2.75, 11.5, 3.75], "texture": "#1"},
				"south": {"uv": [11.25, 2.75, 11.75, 3.75], "texture": "#1"},
				"west": {"uv": [11.5, 2.75, 11.25, 3.75], "texture": "#1"},
				"up": {"uv": [11.75, 2.75, 11.25, 3], "rotation": 180, "texture": "#1"},
				"down": {"uv": [11.25, 3.5, 11.75, 3.75], "texture": "#1"}
			}
		},
		{
			"from": [4.15, 11.25, 6.95],
			"to": [4.65, 12.25, 7.5],
			"rotation": {"angle": 0, "axis": "y", "origin": [7.65, 0.6, 14]},
			"faces": {
				"north": {"uv": [4.5, 2.75, 4, 3.75], "texture": "#0"},
				"east": {"uv": [4.5, 2.75, 4.25, 3.75], "texture": "#1"},
				"south": {"uv": [4, 2.75, 4.5, 3.75], "texture": "#1"},
				"west": {"uv": [4.25, 2.75, 4, 3.75], "texture": "#1"},
				"up": {"uv": [4.5, 2.75, 4, 3], "rotation": 180, "texture": "#1"},
				"down": {"uv": [4, 3.5, 4.5, 3.75], "texture": "#1"}
			}
		},
		{
			"from": [11.15, 12.25, 6.95],
			"to": [11.65, 12.75, 7.5],
			"rotation": {"angle": 0, "axis": "y", "origin": [21.65, 0.6, 14]},
			"faces": {
				"north": {"uv": [11.5, 2.25, 11, 2.75], "texture": "#0"},
				"east": {"uv": [11.5, 2.25, 11.25, 2.75], "texture": "#1"},
				"south": {"uv": [11, 2.25, 11.5, 2.75], "texture": "#1"},
				"west": {"uv": [11.25, 2.25, 11, 2.75], "texture": "#1"},
				"up": {"uv": [11.5, 2.25, 11, 2.5], "rotation": 180, "texture": "#1"},
				"down": {"uv": [11, 2.5, 11.5, 2.75], "texture": "#1"}
			}
		},
		{
			"from": [10.9, 12.75, 6.95],
			"to": [11.4, 13.25, 7.5],
			"rotation": {"angle": 0, "axis": "y", "origin": [21.15, 0.6, 14]},
			"faces": {
				"north": {"uv": [11.25, 1.75, 10.75, 2.25], "texture": "#0"},
				"east": {"uv": [11.25, 1.75, 11, 2.25], "texture": "#1"},
				"south": {"uv": [10.75, 1.75, 11.25, 2.25], "texture": "#1"},
				"west": {"uv": [11, 1.75, 10.75, 2.25], "texture": "#1"},
				"up": {"uv": [11.25, 1.75, 10.75, 2], "rotation": 180, "texture": "#1"},
				"down": {"uv": [10.75, 2, 11.25, 2.25], "texture": "#1"}
			}
		},
		{
			"from": [9.9, 13.75, 6.95],
			"to": [10.4, 14.25, 7.5],
			"rotation": {"angle": 0, "axis": "y", "origin": [19.15, 0.6, 14]},
			"faces": {
				"north": {"uv": [10.25, 0.75, 9.75, 1.25], "texture": "#0"},
				"east": {"uv": [10.25, 0.75, 10, 1.25], "texture": "#1"},
				"south": {"uv": [9.75, 0.75, 10.25, 1.25], "texture": "#1"},
				"west": {"uv": [10, 0.75, 9.75, 1.25], "texture": "#1"},
				"up": {"uv": [10.25, 0.75, 9.75, 1], "rotation": 180, "texture": "#1"},
				"down": {"uv": [9.75, 1, 10.25, 1.25], "texture": "#1"}
			}
		},
		{
			"from": [9.4, 14, 6.95],
			"to": [9.9, 14.5, 7.5],
			"rotation": {"angle": 0, "axis": "y", "origin": [18.15, 0.6, 14]},
			"faces": {
				"north": {"uv": [9.75, 0.5, 9.25, 1], "texture": "#0"},
				"east": {"uv": [9.75, 0.5, 9.5, 1], "texture": "#1"},
				"south": {"uv": [9.25, 0.5, 9.75, 1], "texture": "#1"},
				"west": {"uv": [9.5, 0.5, 9.25, 1], "texture": "#1"},
				"up": {"uv": [9.75, 0.5, 9.25, 0.75], "rotation": 180, "texture": "#1"},
				"down": {"uv": [9.25, 0.75, 9.75, 1], "texture": "#1"}
			}
		},
		{
			"from": [4.4, 12.25, 6.95],
			"to": [4.9, 12.75, 7.5],
			"rotation": {"angle": 0, "axis": "y", "origin": [8.15, 0.6, 14]},
			"faces": {
				"north": {"uv": [4.75, 2.25, 4.25, 2.75], "texture": "#0"},
				"east": {"uv": [4.75, 2.25, 4.5, 2.75], "texture": "#1"},
				"south": {"uv": [4.25, 2.25, 4.75, 2.75], "texture": "#1"},
				"west": {"uv": [4.5, 2.25, 4.25, 2.75], "texture": "#1"},
				"up": {"uv": [4.75, 2.25, 4.25, 2.5], "rotation": 180, "texture": "#1"},
				"down": {"uv": [4.25, 2.5, 4.75, 2.75], "texture": "#1"}
			}
		},
		{
			"from": [4.65, 12.75, 6.95],
			"to": [5.15, 13.25, 7.5],
			"rotation": {"angle": 0, "axis": "y", "origin": [8.65, 0.6, 14]},
			"faces": {
				"north": {"uv": [5, 1.75, 4.5, 2.25], "texture": "#0"},
				"east": {"uv": [5, 1.75, 4.75, 2.25], "texture": "#1"},
				"south": {"uv": [4.5, 1.75, 5, 2.25], "texture": "#1"},
				"west": {"uv": [4.75, 1.75, 4.5, 2.25], "texture": "#1"},
				"up": {"uv": [5, 1.75, 4.5, 2], "rotation": 180, "texture": "#1"},
				"down": {"uv": [4.5, 2, 5, 2.25], "texture": "#1"}
			}
		},
		{
			"from": [4.9, 13.25, 6.95],
			"to": [5.4, 13.5, 7.5],
			"rotation": {"angle": 0, "axis": "y", "origin": [9.15, 0.6, 14]},
			"faces": {
				"north": {"uv": [5.25, 1.5, 4.75, 1.75], "texture": "#0"},
				"east": {"uv": [5.25, 1.5, 5, 1.75], "texture": "#1"},
				"south": {"uv": [4.75, 1.5, 5.25, 1.75], "texture": "#1"},
				"west": {"uv": [5, 1.5, 4.75, 1.75], "texture": "#1"},
				"up": {"uv": [5.25, 1.5, 4.75, 1.75], "rotation": 180, "texture": "#1"},
				"down": {"uv": [4.75, 1.5, 5.25, 1.75], "texture": "#1"}
			}
		},
		{
			"from": [5.15, 13.75, 6.95],
			"to": [5.65, 14, 7.5],
			"rotation": {"angle": 0, "axis": "y", "origin": [9.65, 0.6, 14]},
			"faces": {
				"north": {"uv": [5.5, 1, 5, 1.25], "texture": "#0"},
				"east": {"uv": [5.5, 1, 5.25, 1.25], "texture": "#1"},
				"south": {"uv": [5, 1, 5.5, 1.25], "texture": "#1"},
				"west": {"uv": [5.25, 1, 5, 1.25], "texture": "#1"},
				"up": {"uv": [5.5, 1, 5, 1.25], "rotation": 180, "texture": "#1"},
				"down": {"uv": [5, 1, 5.5, 1.25], "texture": "#1"}
			}
		},
		{
			"from": [10.65, 13.25, 6.95],
			"to": [11.15, 13.5, 7.5],
			"rotation": {"angle": 0, "axis": "y", "origin": [20.65, 0.6, 14]},
			"faces": {
				"north": {"uv": [11, 1.5, 10.5, 1.75], "texture": "#0"},
				"east": {"uv": [10.75, 1.5, 10.5, 1.75], "texture": "#1"},
				"south": {"uv": [10.5, 1.5, 11, 1.75], "texture": "#1"},
				"west": {"uv": [11, 1.5, 10.75, 1.75], "texture": "#1"},
				"up": {"uv": [11, 1.5, 10.5, 1.75], "rotation": 180, "texture": "#1"},
				"down": {"uv": [10.5, 1.5, 11, 1.75], "texture": "#1"}
			}
		},
		{
			"from": [10.4, 13.5, 6.95],
			"to": [11.15, 13.75, 7.5],
			"rotation": {"angle": 0, "axis": "y", "origin": [20.4, 0.6, 14]},
			"faces": {
				"north": {"uv": [11, 1.25, 10.25, 1.5], "texture": "#0"},
				"east": {"uv": [11, 1.25, 10.75, 1.5], "texture": "#1"},
				"south": {"uv": [10.25, 1.25, 11, 1.5], "texture": "#1"},
				"west": {"uv": [10.5, 1.25, 10.25, 1.5], "texture": "#1"},
				"up": {"uv": [11, 1.25, 10.25, 1.5], "rotation": 180, "texture": "#1"},
				"down": {"uv": [10.25, 1.25, 11, 1.5], "texture": "#1"}
			}
		},
		{
			"from": [10.4, 13.75, 6.95],
			"to": [10.9, 14, 7.5],
			"rotation": {"angle": 0, "axis": "y", "origin": [20.15, 0.6, 14]},
			"faces": {
				"north": {"uv": [10.75, 1, 10.25, 1.25], "texture": "#0"},
				"east": {"uv": [10.75, 1, 10.5, 1.25], "texture": "#1"},
				"south": {"uv": [10.25, 1, 10.75, 1.25], "texture": "#1"},
				"west": {"uv": [10.5, 1, 10.25, 1.25], "texture": "#1"},
				"up": {"uv": [10.75, 1, 10.25, 1.25], "rotation": 180, "texture": "#1"},
				"down": {"uv": [10.25, 1, 10.75, 1.25], "texture": "#1"}
			}
		},
		{
			"from": [4.9, 13.5, 6.95],
			"to": [5.65, 13.75, 7.5],
			"rotation": {"angle": 0, "axis": "y", "origin": [9.4, 0.6, 14]},
			"faces": {
				"north": {"uv": [5.5, 1.25, 4.75, 1.5], "texture": "#0"},
				"east": {"uv": [5.5, 1.25, 5.25, 1.5], "texture": "#1"},
				"south": {"uv": [4.75, 1.25, 5.5, 1.5], "texture": "#1"},
				"west": {"uv": [5, 1.25, 4.75, 1.5], "texture": "#1"},
				"up": {"uv": [5.5, 1.25, 4.75, 1.5], "rotation": 180, "texture": "#1"},
				"down": {"uv": [4.75, 1.25, 5.5, 1.5], "texture": "#1"}
			}
		},
		{
			"from": [5.65, 13.75, 6.95],
			"to": [6.15, 14.25, 7.5],
			"rotation": {"angle": 0, "axis": "y", "origin": [10.65, 0.6, 14]},
			"faces": {
				"north": {"uv": [6, 0.75, 5.5, 1.25], "texture": "#0"},
				"east": {"uv": [6, 0.75, 5.75, 1.25], "texture": "#1"},
				"south": {"uv": [5.5, 0.75, 6, 1.25], "texture": "#1"},
				"west": {"uv": [5.75, 0.75, 5.5, 1.25], "texture": "#1"},
				"up": {"uv": [6, 0.75, 5.5, 1], "rotation": 180, "texture": "#1"},
				"down": {"uv": [5.5, 1, 6, 1.25], "texture": "#1"}
			}
		},
		{
			"from": [6.15, 14, 6.95],
			"to": [6.65, 14.5, 7.5],
			"rotation": {"angle": 0, "axis": "y", "origin": [11.65, 0.6, 14]},
			"faces": {
				"north": {"uv": [6.5, 0.5, 6, 1], "texture": "#0"},
				"east": {"uv": [6.5, 0.5, 6.25, 1], "texture": "#1"},
				"south": {"uv": [6, 0.5, 6.5, 1], "texture": "#1"},
				"west": {"uv": [6.25, 0.5, 6, 1], "texture": "#1"},
				"up": {"uv": [6.5, 0.5, 6, 0.75], "rotation": 180, "texture": "#1"},
				"down": {"uv": [6, 0.75, 6.5, 1], "texture": "#1"}
			}
		},
		{
			"from": [6.65, 14.25, 6.95],
			"to": [9.4, 14.75, 7.5],
			"rotation": {"angle": 0, "axis": "y", "origin": [14.9, 0.6, 14]},
			"faces": {
				"north": {"uv": [9.25, 0.25, 6.5, 0.75], "texture": "#0"},
				"east": {"uv": [9.25, 0.25, 9, 0.75], "texture": "#1"},
				"south": {"uv": [6.5, 0.25, 9.25, 0.75], "texture": "#1"},
				"west": {"uv": [6.75, 0.25, 6.5, 0.75], "texture": "#1"},
				"up": {"uv": [9.25, 0.25, 6.5, 0.5], "rotation": 180, "texture": "#1"},
				"down": {"uv": [6.5, 0.5, 9.25, 0.75], "texture": "#1"}
			}
		},
		{
			"from": [7.15, 6.75, 7.375],
			"to": [8.9, 10, 7.575],
			"rotation": {"angle": 0, "axis": "y", "origin": [14.9, 0.6, 14]},
			"faces": {
				"north": {"uv": [8.75, 5, 7, 8.25], "texture": "#0"},
				"east": {"uv": [8.75, 5, 8.5, 8.25], "texture": "#1"},
				"south": {"uv": [7, 5, 8.75, 8.25], "texture": "#1"},
				"west": {"uv": [7.25, 5, 7, 8.25], "texture": "#1"},
				"up": {"uv": [8.75, 5, 7, 5.25], "rotation": 180, "texture": "#1"},
				"down": {"uv": [7, 8, 8.75, 8.25], "texture": "#1"}
			}
		},
		{
			"from": [8.9, 7, 7.375],
			"to": [9.4, 9.75, 7.575],
			"rotation": {"angle": 0, "axis": "y", "origin": [17.15, 0.6, 14]},
			"faces": {
				"north": {"uv": [9.25, 5.25, 8.75, 8], "texture": "#0"},
				"east": {"uv": [9.25, 5.25, 9, 8], "texture": "#1"},
				"south": {"uv": [8.75, 5.25, 9.25, 8], "texture": "#1"},
				"west": {"uv": [9, 5.25, 8.75, 8], "texture": "#1"},
				"up": {"uv": [9.25, 5.25, 8.75, 5.5], "rotation": 180, "texture": "#1"},
				"down": {"uv": [8.75, 7.75, 9.25, 8], "texture": "#1"}
			}
		},
		{
			"from": [6.65, 7, 7.375],
			"to": [7.15, 9.75, 7.575],
			"rotation": {"angle": 0, "axis": "y", "origin": [12.65, 0.6, 14]},
			"faces": {
				"north": {"uv": [7, 5.25, 6.5, 8], "texture": "#0"},
				"east": {"uv": [7, 5.25, 6.75, 8], "texture": "#1"},
				"south": {"uv": [6.5, 5.25, 7, 8], "texture": "#1"},
				"west": {"uv": [6.75, 5.25, 6.5, 8], "texture": "#1"},
				"up": {"uv": [7, 5.25, 6.5, 5.5], "rotation": 180, "texture": "#1"},
				"down": {"uv": [6.5, 7.75, 7, 8], "texture": "#1"}
			}
		},
		{
			"from": [6.4, 7.5, 7.375],
			"to": [6.65, 9.25, 7.575],
			"rotation": {"angle": 0, "axis": "y", "origin": [11.9, 0.6, 14]},
			"faces": {
				"north": {"uv": [6.5, 5.75, 6.25, 7.5], "texture": "#0"},
				"east": {"uv": [6.5, 5.75, 6.25, 7.5], "texture": "#1"},
				"south": {"uv": [6.25, 5.75, 6.5, 7.5], "texture": "#1"},
				"west": {"uv": [6.5, 5.75, 6.25, 7.5], "texture": "#1"},
				"up": {"uv": [6.5, 5.75, 6.25, 6], "rotation": 180, "texture": "#1"},
				"down": {"uv": [6.25, 7.25, 6.5, 7.5], "texture": "#1"}
			}
		},
		{
			"from": [9.4, 7.5, 7.375],
			"to": [9.65, 9.25, 7.575],
			"rotation": {"angle": 0, "axis": "y", "origin": [17.9, 0.6, 14]},
			"faces": {
				"north": {"uv": [9.5, 5.75, 9.25, 7.5], "texture": "#0"},
				"east": {"uv": [9.5, 5.75, 9.25, 7.5], "texture": "#1"},
				"south": {"uv": [9.25, 5.75, 9.5, 7.5], "texture": "#1"},
				"west": {"uv": [9.5, 5.75, 9.25, 7.5], "texture": "#1"},
				"up": {"uv": [9.5, 5.75, 9.25, 6], "rotation": 180, "texture": "#1"},
				"down": {"uv": [9.25, 7.25, 9.5, 7.5], "texture": "#1"}
			}
		},
		{
			"from": [7.4, 7.75, 7.975],
			"to": [7.65, 9, 8.175],
			"rotation": {"angle": 0, "axis": "y", "origin": [13.9, 0.6, 14]},
			"faces": {
				"north": {"uv": [7.5, 6, 7.25, 7.25], "texture": "#0"},
				"east": {"uv": [7.5, 6, 7.25, 7.25], "texture": "#1"},
				"south": {"uv": [7.25, 6, 7.5, 7.25], "texture": "#1"},
				"west": {"uv": [7.5, 6, 7.25, 7.25], "texture": "#1"},
				"up": {"uv": [7.5, 6, 7.25, 6.25], "rotation": 180, "texture": "#1"},
				"down": {"uv": [7.25, 7, 7.5, 7.25], "texture": "#1"}
			}
		},
		{
			"from": [8.65, 8, 7.975],
			"to": [8.9, 8.75, 8.175],
			"rotation": {"angle": 0, "axis": "y", "origin": [16.4, 0.6, 14]},
			"faces": {
				"north": {"uv": [8.75, 6.25, 8.5, 7], "texture": "#0"},
				"east": {"uv": [8.75, 6.25, 8.5, 7], "texture": "#1"},
				"south": {"uv": [8.5, 6.25, 8.75, 7], "texture": "#1"},
				"west": {"uv": [8.75, 6.25, 8.5, 7], "texture": "#1"},
				"up": {"uv": [8.75, 6.25, 8.5, 6.5], "rotation": 180, "texture": "#1"},
				"down": {"uv": [8.5, 6.75, 8.75, 7], "texture": "#1"}
			}
		},
		{
			"from": [7.15, 8, 7.975],
			"to": [7.4, 8.75, 8.175],
			"rotation": {"angle": 0, "axis": "y", "origin": [13.4, 0.6, 14]},
			"faces": {
				"north": {"uv": [7.25, 6.25, 7, 7], "texture": "#0"},
				"east": {"uv": [7.25, 6.25, 7, 7], "texture": "#1"},
				"south": {"uv": [7, 6.25, 7.25, 7], "texture": "#1"},
				"west": {"uv": [7.25, 6.25, 7, 7], "texture": "#1"},
				"up": {"uv": [7.25, 6.25, 7, 6.5], "rotation": 180, "texture": "#1"},
				"down": {"uv": [7, 6.75, 7.25, 7], "texture": "#1"}
			}
		},
		{
			"from": [9.15, 7.5, 7.575],
			"to": [9.4, 9.25, 7.775],
			"rotation": {"angle": 0, "axis": "y", "origin": [17.4, 0.6, 14]},
			"faces": {
				"north": {"uv": [9.25, 5.75, 9, 7.5], "texture": "#0"},
				"east": {"uv": [9.25, 5.75, 9, 7.5], "texture": "#1"},
				"south": {"uv": [9, 5.75, 9.25, 7.5], "texture": "#1"},
				"west": {"uv": [9.25, 5.75, 9, 7.5], "texture": "#1"},
				"up": {"uv": [9.25, 5.75, 9, 6], "rotation": 180, "texture": "#1"},
				"down": {"uv": [9, 7.25, 9.25, 7.5], "texture": "#1"}
			}
		},
		{
			"from": [6.65, 7.5, 7.575],
			"to": [6.9, 9.25, 7.775],
			"rotation": {"angle": 0, "axis": "y", "origin": [12.4, 0.6, 14]},
			"faces": {
				"north": {"uv": [6.75, 5.75, 6.5, 7.5], "texture": "#0"},
				"east": {"uv": [6.75, 5.75, 6.5, 7.5], "texture": "#1"},
				"south": {"uv": [6.5, 5.75, 6.75, 7.5], "texture": "#1"},
				"west": {"uv": [6.75, 5.75, 6.5, 7.5], "texture": "#1"},
				"up": {"uv": [6.75, 5.75, 6.5, 6], "rotation": 180, "texture": "#1"},
				"down": {"uv": [6.5, 7.25, 6.75, 7.5], "texture": "#1"}
			}
		},
		{
			"from": [7.15, 7, 7.575],
			"to": [8.9, 9.75, 7.775],
			"rotation": {"angle": 0, "axis": "y", "origin": [14.9, 0.6, 14]},
			"faces": {
				"north": {"uv": [8.75, 5.25, 7, 8], "texture": "#0"},
				"east": {"uv": [8.75, 5.25, 8.5, 8], "texture": "#1"},
				"south": {"uv": [7, 5.25, 8.75, 8], "texture": "#1"},
				"west": {"uv": [7.25, 5.25, 7, 8], "texture": "#1"},
				"up": {"uv": [8.75, 5.25, 7, 5.5], "rotation": 180, "texture": "#1"},
				"down": {"uv": [7, 7.75, 8.75, 8], "texture": "#1"}
			}
		},
		{
			"from": [8.9, 7.25, 7.575],
			"to": [9.15, 9.5, 7.775],
			"rotation": {"angle": 0, "axis": "y", "origin": [16.9, 0.6, 14]},
			"faces": {
				"north": {"uv": [9, 5.5, 8.75, 7.75], "texture": "#0"},
				"east": {"uv": [9, 5.5, 8.75, 7.75], "texture": "#1"},
				"south": {"uv": [8.75, 5.5, 9, 7.75], "texture": "#1"},
				"west": {"uv": [9, 5.5, 8.75, 7.75], "texture": "#1"},
				"up": {"uv": [9, 5.5, 8.75, 5.75], "rotation": 180, "texture": "#1"},
				"down": {"uv": [8.75, 7.5, 9, 7.75], "texture": "#1"}
			}
		},
		{
			"from": [6.9, 7.25, 7.575],
			"to": [7.15, 9.5, 7.775],
			"rotation": {"angle": 0, "axis": "y", "origin": [12.9, 0.6, 14]},
			"faces": {
				"north": {"uv": [7, 5.5, 6.75, 7.75], "texture": "#0"},
				"east": {"uv": [7, 5.5, 6.75, 7.75], "texture": "#1"},
				"south": {"uv": [6.75, 5.5, 7, 7.75], "texture": "#1"},
				"west": {"uv": [7, 5.5, 6.75, 7.75], "texture": "#1"},
				"up": {"uv": [7, 5.5, 6.75, 5.75], "rotation": 180, "texture": "#1"},
				"down": {"uv": [6.75, 7.5, 7, 7.75], "texture": "#1"}
			}
		},
		{
			"from": [7.65, 7.5, 7.975],
			"to": [8.4, 9.25, 8.175],
			"rotation": {"angle": 0, "axis": "y", "origin": [14.9, 0.6, 14]},
			"faces": {
				"north": {"uv": [8.25, 5.75, 7.5, 7.5], "texture": "#0"},
				"east": {"uv": [8.25, 5.75, 8, 7.5], "texture": "#1"},
				"south": {"uv": [7.5, 5.75, 8.25, 7.5], "texture": "#1"},
				"west": {"uv": [7.75, 5.75, 7.5, 7.5], "texture": "#1"},
				"up": {"uv": [8.25, 5.75, 7.5, 6], "rotation": 180, "texture": "#1"},
				"down": {"uv": [7.5, 7.25, 8.25, 7.5], "texture": "#1"}
			}
		},
		{
			"from": [8.9, 7.5, 7.775],
			"to": [9.15, 9.25, 7.975],
			"rotation": {"angle": 0, "axis": "y", "origin": [16.9, 0.6, 14]},
			"faces": {
				"north": {"uv": [9, 5.75, 8.75, 7.5], "texture": "#0"},
				"east": {"uv": [9, 5.75, 8.75, 7.5], "texture": "#1"},
				"south": {"uv": [8.75, 5.75, 9, 7.5], "texture": "#1"},
				"west": {"uv": [9, 5.75, 8.75, 7.5], "texture": "#1"},
				"up": {"uv": [9, 5.75, 8.75, 6], "rotation": 180, "texture": "#1"},
				"down": {"uv": [8.75, 7.25, 9, 7.5], "texture": "#1"}
			}
		},
		{
			"from": [6.9, 7.5, 7.775],
			"to": [7.15, 9.25, 7.975],
			"rotation": {"angle": 0, "axis": "y", "origin": [12.9, 0.6, 14]},
			"faces": {
				"north": {"uv": [7, 5.75, 6.75, 7.5], "texture": "#0"},
				"east": {"uv": [7, 5.75, 6.75, 7.5], "texture": "#1"},
				"south": {"uv": [6.75, 5.75, 7, 7.5], "texture": "#1"},
				"west": {"uv": [7, 5.75, 6.75, 7.5], "texture": "#1"},
				"up": {"uv": [7, 5.75, 6.75, 6], "rotation": 180, "texture": "#1"},
				"down": {"uv": [6.75, 7.25, 7, 7.5], "texture": "#1"}
			}
		},
		{
			"from": [7.15, 7.25, 7.775],
			"to": [8.9, 9.5, 7.975],
			"rotation": {"angle": 0, "axis": "y", "origin": [14.9, 0.6, 14]},
			"faces": {
				"north": {"uv": [8.75, 5.5, 7, 7.75], "texture": "#0"},
				"east": {"uv": [8.75, 5.5, 8.5, 7.75], "texture": "#1"},
				"south": {"uv": [7, 5.5, 8.75, 7.75], "texture": "#1"},
				"west": {"uv": [7.25, 5.5, 7, 7.75], "texture": "#1"},
				"up": {"uv": [8.75, 5.5, 7, 5.75], "rotation": 180, "texture": "#1"},
				"down": {"uv": [7, 7.5, 8.75, 7.75], "texture": "#1"}
			}
		},
		{
			"from": [8.4, 7.75, 7.975],
			"to": [8.65, 9, 8.175],
			"rotation": {"angle": 0, "axis": "y", "origin": [15.9, 0.6, 14]},
			"faces": {
				"north": {"uv": [8.5, 6, 8.25, 7.25], "texture": "#0"},
				"east": {"uv": [8.5, 6, 8.25, 7.25], "texture": "#1"},
				"south": {"uv": [8.25, 6, 8.5, 7.25], "texture": "#1"},
				"west": {"uv": [8.5, 6, 8.25, 7.25], "texture": "#1"},
				"up": {"uv": [8.5, 6, 8.25, 6.25], "rotation": 180, "texture": "#1"},
				"down": {"uv": [8.25, 7, 8.5, 7.25], "texture": "#1"}
			}
		},
		{
			"from": [4.4, -1, 6.95],
			"to": [4.9, 1.75, 7.5],
			"rotation": {"angle": 0, "axis": "y", "origin": [8.15, 0.6, 14]},
			"faces": {
				"north": {"uv": [4.75, 13.25, 4.25, 16], "texture": "#0"},
				"east": {"uv": [4.75, 13.25, 4.5, 16], "texture": "#1"},
				"south": {"uv": [4.25, 13.25, 4.75, 16], "texture": "#1"},
				"west": {"uv": [4.5, 13.25, 4.25, 16], "texture": "#1"},
				"up": {"uv": [4.75, 13.25, 4.25, 13.5], "rotation": 180, "texture": "#1"},
				"down": {"uv": [4.25, 15.75, 4.75, 16], "texture": "#1"}
			}
		},
		{
			"from": [11.65, 5.25, 6.95],
			"to": [12.15, 11.25, 7.5],
			"rotation": {"angle": 0, "axis": "y", "origin": [22.65, 0.6, 14]},
			"faces": {
				"north": {"uv": [12, 3.75, 11.5, 9.75], "texture": "#0"},
				"east": {"uv": [12, 3.75, 11.75, 9.75], "texture": "#1"},
				"south": {"uv": [11.5, 3.75, 12, 9.75], "texture": "#1"},
				"west": {"uv": [11.75, 3.75, 11.5, 9.75], "texture": "#1"},
				"up": {"uv": [12, 3.75, 11.5, 4], "rotation": 180, "texture": "#1"},
				"down": {"uv": [11.5, 9.5, 12, 9.75], "texture": "#1"}
			}
		},
		{
			"from": [11.4, 1.75, 6.95],
			"to": [11.9, 5.25, 7.5],
			"rotation": {"angle": 0, "axis": "y", "origin": [22.15, 0.6, 14]},
			"faces": {
				"north": {"uv": [11.75, 9.75, 11.25, 13.25], "texture": "#0"},
				"east": {"uv": [11.75, 9.75, 11.5, 13.25], "texture": "#1"},
				"south": {"uv": [11.25, 9.75, 11.75, 13.25], "texture": "#1"},
				"west": {"uv": [11.5, 9.75, 11.25, 13.25], "texture": "#1"},
				"up": {"uv": [11.75, 9.75, 11.25, 10], "rotation": 180, "texture": "#1"},
				"down": {"uv": [11.25, 13, 11.75, 13.25], "texture": "#1"}
			}
		},
		{
			"from": [11.15, -1, 6.95],
			"to": [11.65, 1.75, 7.5],
			"rotation": {"angle": 0, "axis": "y", "origin": [21.65, 0.6, 14]},
			"faces": {
				"north": {"uv": [11.5, 13.25, 11, 16], "texture": "#0"},
				"east": {"uv": [11.5, 13.25, 11.25, 16], "texture": "#1"},
				"south": {"uv": [11, 13.25, 11.5, 16], "texture": "#1"},
				"west": {"uv": [11.25, 13.25, 11, 16], "texture": "#1"},
				"up": {"uv": [11.5, 13.25, 11, 13.5], "rotation": 180, "texture": "#1"},
				"down": {"uv": [11, 15.75, 11.5, 16], "texture": "#1"}
			}
		},
		{
			"from": [4.9, -0.5, 7.075],
			"to": [11.15, 1.75, 7.375],
			"rotation": {"angle": 0, "axis": "y", "origin": [14.9, 0.6, 14]},
			"faces": {
				"north": {"uv": [11, 13.25, 4.75, 15.5], "texture": "#0"},
				"east": {"uv": [0, 0, 0, 0], "texture": "#1"},
				"south": {"uv": [4.75, 13.25, 11, 15.5], "texture": "#1"},
				"west": {"uv": [0, 0, 0, 0], "texture": "#1"},
				"up": {"uv": [0, 0, 0, 0], "rotation": 180, "texture": "#1"},
				"down": {"uv": [0, 0, 0, 0], "rotation": 180, "texture": "#1"}
			}
		},
		{
			"from": [4.4, 5.25, 7.075],
			"to": [11.65, 11.25, 7.375],
			"rotation": {"angle": 0, "axis": "y", "origin": [14.9, 0.6, 14]},
			"faces": {
				"north": {"uv": [11.5, 3.75, 4.25, 9.75], "texture": "#0"},
				"east": {"uv": [0, 0, 0, 0], "texture": "#1"},
				"south": {"uv": [4.25, 3.75, 11.5, 9.75], "texture": "#1"},
				"west": {"uv": [0, 0, 0, 0], "texture": "#1"},
				"up": {"uv": [0, 0, 0, 0], "rotation": 180, "texture": "#1"},
				"down": {"uv": [0, 0, 0, 0], "rotation": 180, "texture": "#1"}
			}
		},
		{
			"from": [4.65, 11.25, 7.075],
			"to": [11.4, 12.25, 7.375],
			"rotation": {"angle": 0, "axis": "y", "origin": [14.9, 0.6, 14]},
			"faces": {
				"north": {"uv": [11.25, 2.75, 4.5, 3.75], "texture": "#0"},
				"east": {"uv": [0, 0, 0, 0], "texture": "#1"},
				"south": {"uv": [4.5, 2.75, 11.25, 3.75], "texture": "#1"},
				"west": {"uv": [0, 0, 0, 0], "texture": "#1"},
				"up": {"uv": [0, 0, 0, 0], "rotation": 180, "texture": "#1"},
				"down": {"uv": [0, 0, 0, 0], "rotation": 180, "texture": "#1"}
			}
		},
		{
			"from": [4.9, 12.25, 7.075],
			"to": [11.15, 12.75, 7.375],
			"rotation": {"angle": 0, "axis": "y", "origin": [14.9, 0.6, 14]},
			"faces": {
				"north": {"uv": [11, 2.25, 4.75, 2.75], "texture": "#0"},
				"east": {"uv": [0, 0, 0, 0], "texture": "#1"},
				"south": {"uv": [4.75, 2.25, 11, 2.75], "texture": "#1"},
				"west": {"uv": [0, 0, 0, 0], "texture": "#1"},
				"up": {"uv": [0, 0, 0, 0], "rotation": 180, "texture": "#1"},
				"down": {"uv": [0, 0, 0, 0], "rotation": 180, "texture": "#1"}
			}
		},
		{
			"from": [5.15, 12.75, 7.075],
			"to": [10.9, 13.25, 7.375],
			"rotation": {"angle": 0, "axis": "y", "origin": [14.9, 0.6, 14]},
			"faces": {
				"north": {"uv": [10.75, 1.75, 5, 2.25], "texture": "#0"},
				"east": {"uv": [0, 0, 0, 0], "texture": "#1"},
				"south": {"uv": [5, 1.75, 10.75, 2.25], "texture": "#1"},
				"west": {"uv": [0, 0, 0, 0], "texture": "#1"},
				"up": {"uv": [0, 0, 0, 0], "rotation": 180, "texture": "#1"},
				"down": {"uv": [0, 0, 0, 0], "rotation": 180, "texture": "#1"}
			}
		},
		{
			"from": [5.4, 13.25, 7.075],
			"to": [10.65, 13.5, 7.375],
			"rotation": {"angle": 0, "axis": "y", "origin": [14.9, 0.6, 14]},
			"faces": {
				"north": {"uv": [10.5, 1.5, 5.25, 1.75], "texture": "#0"},
				"east": {"uv": [0, 0, 0, 0], "texture": "#1"},
				"south": {"uv": [5.25, 1.5, 10.5, 1.75], "texture": "#1"},
				"west": {"uv": [0, 0, 0, 0], "texture": "#1"},
				"up": {"uv": [0, 0, 0, 0], "rotation": 180, "texture": "#1"},
				"down": {"uv": [0, 0, 0, 0], "rotation": 180, "texture": "#1"}
			}
		},
		{
			"from": [5.65, 13.5, 7.075],
			"to": [10.4, 13.75, 7.375],
			"rotation": {"angle": 0, "axis": "y", "origin": [14.9, 0.6, 14]},
			"faces": {
				"north": {"uv": [10.25, 1.25, 5.5, 1.5], "texture": "#0"},
				"east": {"uv": [0, 0, 0, 0], "texture": "#1"},
				"south": {"uv": [5.5, 1.25, 10.25, 1.5], "texture": "#1"},
				"west": {"uv": [0, 0, 0, 0], "texture": "#1"},
				"up": {"uv": [0, 0, 0, 0], "rotation": 180, "texture": "#1"},
				"down": {"uv": [0, 0, 0, 0], "rotation": 180, "texture": "#1"}
			}
		},
		{
			"from": [6.15, 13.75, 7.075],
			"to": [9.9, 14, 7.375],
			"rotation": {"angle": 0, "axis": "y", "origin": [14.9, 0.6, 14]},
			"faces": {
				"north": {"uv": [9.75, 1, 6, 1.25], "texture": "#0"},
				"east": {"uv": [0, 0, 0, 0], "texture": "#1"},
				"south": {"uv": [6, 1, 9.75, 1.25], "texture": "#1"},
				"west": {"uv": [0, 0, 0, 0], "texture": "#1"},
				"up": {"uv": [0, 0, 0, 0], "rotation": 180, "texture": "#1"},
				"down": {"uv": [0, 0, 0, 0], "rotation": 180, "texture": "#1"}
			}
		},
		{
			"from": [6.65, 14, 7.075],
			"to": [9.4, 14.25, 7.375],
			"rotation": {"angle": 0, "axis": "y", "origin": [14.9, 0.6, 14]},
			"faces": {
				"north": {"uv": [9.25, 0.75, 6.5, 1], "texture": "#0"},
				"east": {"uv": [0, 0, 0, 0], "texture": "#1"},
				"south": {"uv": [6.5, 0.75, 9.25, 1], "texture": "#1"},
				"west": {"uv": [0, 0, 0, 0], "texture": "#1"},
				"up": {"uv": [0, 0, 0, 0], "rotation": 180, "texture": "#1"},
				"down": {"uv": [0, 0, 0, 0], "rotation": 180, "texture": "#1"}
			}
		},
		{
			"from": [4.65, 1.75, 7.075],
			"to": [11.4, 5.25, 7.375],
			"rotation": {"angle": 0, "axis": "y", "origin": [14.9, 0.6, 14]},
			"faces": {
				"north": {"uv": [11.25, 9.75, 4.5, 13.25], "texture": "#0"},
				"east": {"uv": [0, 0, 0, 0], "texture": "#1"},
				"south": {"uv": [4.5, 9.75, 11.25, 13.25], "texture": "#1"},
				"west": {"uv": [0, 0, 0, 0], "texture": "#1"},
				"up": {"uv": [0, 0, 0, 0], "rotation": 180, "texture": "#1"},
				"down": {"uv": [0, 0, 0, 0], "rotation": 180, "texture": "#1"}
			}
		}
	],
	"gui_light": "front",
	"display": {
		"thirdperson_righthand": {
			"rotation": [29, 135, 0],
			"translation": [2.5, -1.25, -1.5],
			"scale": [1.5, 1.5, 1.5]
		},
		"thirdperson_lefthand": {
			"rotation": [29, 135, 0],
			"translation": [2.5, -1.25, -1.5],
			"scale": [1.5, 1.5, 1.5]
		},
		"firstperson_righthand": {
			"rotation": [0, 170, -5],
			"translation": [-3.5, 0.25, 0],
			"scale": [1.25, 1.25, 1.25]
		},
		"firstperson_lefthand": {
			"rotation": [0, 170, -5],
			"translation": [-3.5, 0.25, 0],
			"scale": [1.25, 1.25, 1.25]
		},
		"ground": {
			"translation": [0, 1, 0],
			"scale": [0.55, 0.55, 0.55]
		},
		"gui": {
			"translation": [0, 1.5, 0]
		},
		"fixed": {
			"rotation": [0, -180, 0],
			"translation": [0, 2.25, -2.5],
			"scale": [2, 2, 2]
		}
	}
}