{
	"credit": "Made with Blockbench",
	"textures": {
		"0": "./trident",
		"particle": "./trident"
	},
	"elements": [
		{
			"from": [7.4, 3.825, 7.2],
			"to": [8.025, 12.45, 7.825],
			"rotation": {"angle": 0, "axis": "y", "origin": [-0.1, 0.25, -6.5]},
			"faces": {
				"north": {"uv": [2.75, 7.375, 2.125, 16], "texture": "#0"},
				"east": {"uv": [4.125, 7.375, 4.75, 16], "texture": "#0"},
				"south": {"uv": [2.125, 7.375, 2.75, 16], "texture": "#0"},
				"west": {"uv": [0.125, 7.375, 0.75, 16], "texture": "#0"},
				"up": {"uv": [2.125, 7.375, 2.75, 7.5], "texture": "#0"},
				"down": {"uv": [2.75, 15.875, 2.125, 16], "rotation": 180, "texture": "#0"}
			}
		},
		{
			"from": [7.4, -4.175, 7.2],
			"to": [8.025, 3.825, 7.825],
			"rotation": {"angle": 0, "axis": "y", "origin": [-0.1, 0.25, -6.5]},
			"faces": {
				"north": {"uv": [10.375, 7.125, 9.75, 15.125], "texture": "#0"},
				"east": {"uv": [11, 7.125, 11.625, 15.125], "texture": "#0"},
				"south": {"uv": [9.75, 7.125, 10.375, 15.125], "texture": "#0"},
				"west": {"uv": [8.5, 7.125, 9.125, 15.125], "texture": "#0"},
				"up": {"uv": [9.75, 7.125, 10.375, 7.25], "texture": "#0"},
				"down": {"uv": [10.375, 15, 9.75, 15.125], "rotation": 180, "texture": "#0"}
			}
		},
		{
			"from": [7.525, -4.55, 7.25],
			"to": [7.9, -4.175, 7.775],
			"rotation": {"angle": 0, "axis": "y", "origin": [0, -0.5, 0]},
			"faces": {
				"north": {"uv": [10.25, 15.125, 9.875, 15.5], "texture": "#0"},
				"east": {"uv": [10.125, 15.125, 10.25, 15.5], "texture": "#0"},
				"south": {"uv": [9.875, 15.125, 10.25, 15.5], "texture": "#0"},
				"west": {"uv": [9.875, 15.125, 10, 15.5], "texture": "#0"},
				"up": {"uv": [9.875, 15.25, 10.25, 15.125], "texture": "#0"},
				"down": {"uv": [9.875, 15.5, 10.25, 15.375], "texture": "#0"}
			}
		},
		{
			"from": [7.275, 11.325, 7.075],
			"to": [8.15, 11.95, 7.95],
			"rotation": {"angle": 0, "axis": "y", "origin": [0, -0.5, 0]},
			"faces": {
				"north": {"uv": [2.875, 7.875, 2, 8.5], "texture": "#0"},
				"east": {"uv": [4, 7.875, 4.875, 8.5], "texture": "#0"},
				"south": {"uv": [2, 7.875, 2.875, 8.5], "texture": "#0"},
				"west": {"uv": [0, 7.875, 0.875, 8.5], "texture": "#0"},
				"up": {"uv": [2, 8, 2.875, 7.875], "texture": "#0"},
				"down": {"uv": [2, 8.5, 2.875, 8.375], "texture": "#0"}
			}
		},
		{
			"from": [7.025, 12.825, 7.375],
			"to": [7.15, 13.575, 7.65],
			"rotation": {"angle": 0, "axis": "y", "origin": [0, -0.5, 0]},
			"faces": {
				"north": {"uv": [1.875, 6.25, 1.75, 7], "texture": "#0"},
				"east": {"uv": [1.75, 6.25, 1.875, 7], "texture": "#0"},
				"south": {"uv": [1.75, 6.25, 1.875, 7], "texture": "#0"},
				"west": {"uv": [1.75, 6.25, 1.875, 7], "texture": "#0"},
				"up": {"uv": [1.75, 6.375, 1.875, 6.25], "texture": "#0"},
				"down": {"uv": [1.75, 7, 1.875, 6.875], "texture": "#0"}
			}
		},
		{
			"from": [9.4, 13.45, 7.375],
			"to": [9.525, 14.2, 7.65],
			"rotation": {"angle": 0, "axis": "y", "origin": [0, -0.5, 0]},
			"faces": {
				"north": {"uv": [4.25, 5.625, 4.125, 6.375], "texture": "#0"},
				"east": {"uv": [4.125, 5.625, 4.25, 6.375], "texture": "#0"},
				"south": {"uv": [4.125, 5.625, 4.25, 6.375], "texture": "#0"},
				"west": {"uv": [4.125, 5.625, 4.25, 6.375], "texture": "#0"},
				"up": {"uv": [4.125, 5.75, 4.25, 5.625], "texture": "#0"},
				"down": {"uv": [4.125, 6.375, 4.25, 6.25], "texture": "#0"}
			}
		},
		{
			"from": [9.275, 13.325, 7.375],
			"to": [9.4, 14.075, 7.65],
			"rotation": {"angle": 0, "axis": "y", "origin": [0, -0.5, 0]},
			"faces": {
				"north": {"uv": [4.125, 5.75, 4, 6.5], "texture": "#0"},
				"east": {"uv": [4, 5.75, 4.125, 6.5], "texture": "#0"},
				"south": {"uv": [4, 5.75, 4.125, 6.5], "texture": "#0"},
				"west": {"uv": [4, 5.75, 4.125, 6.5], "texture": "#0"},
				"up": {"uv": [4, 5.875, 4.125, 5.75], "texture": "#0"},
				"down": {"uv": [4, 6.5, 4.125, 6.375], "texture": "#0"}
			}
		},
		{
			"from": [9.15, 13.325, 7.375],
			"to": [9.275, 13.95, 7.65],
			"rotation": {"angle": 0, "axis": "y", "origin": [0, -0.5, 0]},
			"faces": {
				"north": {"uv": [4, 5.875, 3.875, 6.5], "texture": "#0"},
				"east": {"uv": [3.875, 5.875, 4, 6.5], "texture": "#0"},
				"south": {"uv": [3.875, 5.875, 4, 6.5], "texture": "#0"},
				"west": {"uv": [3.875, 5.875, 4, 6.5], "texture": "#0"},
				"up": {"uv": [3.875, 6, 4, 5.875], "texture": "#0"},
				"down": {"uv": [3.875, 6.5, 4, 6.375], "texture": "#0"}
			}
		},
		{
			"from": [9.025, 13.2, 7.375],
			"to": [9.15, 13.825, 7.65],
			"rotation": {"angle": 0, "axis": "y", "origin": [0, -0.5, 0]},
			"faces": {
				"north": {"uv": [3.875, 6, 3.75, 6.625], "texture": "#0"},
				"east": {"uv": [3.75, 6, 3.875, 6.625], "texture": "#0"},
				"south": {"uv": [3.75, 6, 3.875, 6.625], "texture": "#0"},
				"west": {"uv": [3.75, 6, 3.875, 6.625], "texture": "#0"},
				"up": {"uv": [3.75, 6.125, 3.875, 6], "texture": "#0"},
				"down": {"uv": [3.75, 6.625, 3.875, 6.5], "texture": "#0"}
			}
		},
		{
			"from": [8.65, 13.075, 7.375],
			"to": [8.9, 13.7, 7.65],
			"rotation": {"angle": 0, "axis": "y", "origin": [0, -0.5, 0]},
			"faces": {
				"north": {"uv": [3.625, 6.125, 3.375, 6.75], "texture": "#0"},
				"east": {"uv": [3.5, 6.125, 3.625, 6.75], "texture": "#0"},
				"south": {"uv": [3.375, 6.125, 3.625, 6.75], "texture": "#0"},
				"west": {"uv": [3.375, 6.125, 3.5, 6.75], "texture": "#0"},
				"up": {"uv": [3.375, 6.25, 3.625, 6.125], "texture": "#0"},
				"down": {"uv": [3.375, 6.75, 3.625, 6.625], "texture": "#0"}
			}
		},
		{
			"from": [8.9, 13.2, 7.375],
			"to": [9.025, 13.7, 7.65],
			"rotation": {"angle": 0, "axis": "y", "origin": [0, -0.5, 0]},
			"faces": {
				"north": {"uv": [3.75, 6.125, 3.625, 6.625], "texture": "#0"},
				"east": {"uv": [3.625, 6.125, 3.75, 6.625], "texture": "#0"},
				"south": {"uv": [3.625, 6.125, 3.75, 6.625], "texture": "#0"},
				"west": {"uv": [3.625, 6.125, 3.75, 6.625], "texture": "#0"},
				"up": {"uv": [3.625, 6.25, 3.75, 6.125], "texture": "#0"},
				"down": {"uv": [3.625, 6.625, 3.75, 6.5], "texture": "#0"}
			}
		},
		{
			"from": [8.4, 12.95, 7.375],
			"to": [8.65, 13.575, 7.65],
			"rotation": {"angle": 0, "axis": "y", "origin": [0, -0.5, 0]},
			"faces": {
				"north": {"uv": [3.375, 6.25, 3.125, 6.875], "texture": "#0"},
				"east": {"uv": [3.25, 6.25, 3.375, 6.875], "texture": "#0"},
				"south": {"uv": [3.125, 6.25, 3.375, 6.875], "texture": "#0"},
				"west": {"uv": [3.125, 6.25, 3.25, 6.875], "texture": "#0"},
				"up": {"uv": [3.125, 6.375, 3.375, 6.25], "texture": "#0"},
				"down": {"uv": [3.125, 6.875, 3.375, 6.75], "texture": "#0"}
			}
		},
		{
			"from": [8.15, 12.7, 7.375],
			"to": [8.275, 13.7, 7.65],
			"rotation": {"angle": 0, "axis": "y", "origin": [0, -0.5, 0]},
			"faces": {
				"north": {"uv": [3, 6.125, 2.875, 7.125], "texture": "#0"},
				"east": {"uv": [2.875, 6.125, 3, 7.125], "texture": "#0"},
				"south": {"uv": [2.875, 6.125, 3, 7.125], "texture": "#0"},
				"west": {"uv": [2.875, 6.125, 3, 7.125], "texture": "#0"},
				"up": {"uv": [2.875, 6.25, 3, 6.125], "texture": "#0"},
				"down": {"uv": [2.875, 7.125, 3, 7], "texture": "#0"}
			}
		},
		{
			"from": [8.275, 12.825, 7.375],
			"to": [8.4, 13.575, 7.65],
			"rotation": {"angle": 0, "axis": "y", "origin": [0, -0.5, 0]},
			"faces": {
				"north": {"uv": [3.125, 6.25, 3, 7], "texture": "#0"},
				"east": {"uv": [3, 6.25, 3.125, 7], "texture": "#0"},
				"south": {"uv": [3, 6.25, 3.125, 7], "texture": "#0"},
				"west": {"uv": [3, 6.25, 3.125, 7], "texture": "#0"},
				"up": {"uv": [3, 6.375, 3.125, 6.25], "texture": "#0"},
				"down": {"uv": [3, 7, 3.125, 6.875], "texture": "#0"}
			}
		},
		{
			"from": [6.775, 12.95, 7.375],
			"to": [7.025, 13.575, 7.65],
			"rotation": {"angle": 0, "axis": "y", "origin": [0, -0.5, 0]},
			"faces": {
				"north": {"uv": [1.75, 6.25, 1.5, 6.875], "texture": "#0"},
				"east": {"uv": [1.625, 6.25, 1.75, 6.875], "texture": "#0"},
				"south": {"uv": [1.5, 6.25, 1.75, 6.875], "texture": "#0"},
				"west": {"uv": [1.5, 6.25, 1.625, 6.875], "texture": "#0"},
				"up": {"uv": [1.5, 6.375, 1.75, 6.25], "texture": "#0"},
				"down": {"uv": [1.5, 6.875, 1.75, 6.75], "texture": "#0"}
			}
		},
		{
			"from": [6.4, 13.2, 7.375],
			"to": [6.525, 13.7, 7.65],
			"rotation": {"angle": 0, "axis": "y", "origin": [0, -0.5, 0]},
			"faces": {
				"north": {"uv": [1.25, 6.125, 1.125, 6.625], "texture": "#0"},
				"east": {"uv": [1.125, 6.125, 1.25, 6.625], "texture": "#0"},
				"south": {"uv": [1.125, 6.125, 1.25, 6.625], "texture": "#0"},
				"west": {"uv": [1.125, 6.125, 1.25, 6.625], "texture": "#0"},
				"up": {"uv": [1.125, 6.25, 1.25, 6.125], "texture": "#0"},
				"down": {"uv": [1.125, 6.625, 1.25, 6.5], "texture": "#0"}
			}
		},
		{
			"from": [6.275, 13.2, 7.375],
			"to": [6.4, 13.825, 7.65],
			"rotation": {"angle": 0, "axis": "y", "origin": [0, -0.5, 0]},
			"faces": {
				"north": {"uv": [1.125, 6, 1, 6.625], "texture": "#0"},
				"east": {"uv": [1, 6, 1.125, 6.625], "texture": "#0"},
				"south": {"uv": [1, 6, 1.125, 6.625], "texture": "#0"},
				"west": {"uv": [1, 6, 1.125, 6.625], "texture": "#0"},
				"up": {"uv": [1, 6.125, 1.125, 6], "texture": "#0"},
				"down": {"uv": [1, 6.625, 1.125, 6.5], "texture": "#0"}
			}
		},
		{
			"from": [6.15, 13.325, 7.375],
			"to": [6.275, 13.95, 7.65],
			"rotation": {"angle": 0, "axis": "y", "origin": [0, -0.5, 0]},
			"faces": {
				"north": {"uv": [1, 5.875, 0.875, 6.5], "texture": "#0"},
				"east": {"uv": [0.875, 5.875, 1, 6.5], "texture": "#0"},
				"south": {"uv": [0.875, 5.875, 1, 6.5], "texture": "#0"},
				"west": {"uv": [0.875, 5.875, 1, 6.5], "texture": "#0"},
				"up": {"uv": [0.875, 6, 1, 5.875], "texture": "#0"},
				"down": {"uv": [0.875, 6.5, 1, 6.375], "texture": "#0"}
			}
		},
		{
			"from": [6.025, 13.325, 7.375],
			"to": [6.15, 14.075, 7.65],
			"rotation": {"angle": 0, "axis": "y", "origin": [0, -0.5, 0]},
			"faces": {
				"north": {"uv": [0.875, 5.75, 0.75, 6.5], "texture": "#0"},
				"east": {"uv": [0.75, 5.75, 0.875, 6.5], "texture": "#0"},
				"south": {"uv": [0.75, 5.75, 0.875, 6.5], "texture": "#0"},
				"west": {"uv": [0.75, 5.75, 0.875, 6.5], "texture": "#0"},
				"up": {"uv": [0.75, 5.875, 0.875, 5.75], "texture": "#0"},
				"down": {"uv": [0.75, 6.5, 0.875, 6.375], "texture": "#0"}
			}
		},
		{
			"from": [5.9, 13.45, 7.375],
			"to": [6.025, 14.2, 7.65],
			"rotation": {"angle": 0, "axis": "y", "origin": [0, -0.5, 0]},
			"faces": {
				"north": {"uv": [0.75, 5.625, 0.625, 6.375], "texture": "#0"},
				"east": {"uv": [0.625, 5.625, 0.75, 6.375], "texture": "#0"},
				"south": {"uv": [0.625, 5.625, 0.75, 6.375], "texture": "#0"},
				"west": {"uv": [0.625, 5.625, 0.75, 6.375], "texture": "#0"},
				"up": {"uv": [0.625, 5.75, 0.75, 5.625], "texture": "#0"},
				"down": {"uv": [0.625, 6.375, 0.75, 6.25], "texture": "#0"}
			}
		},
		{
			"from": [5.775, 13.575, 7.375],
			"to": [5.9, 14.7, 7.65],
			"rotation": {"angle": 0, "axis": "y", "origin": [0, -0.5, 0]},
			"faces": {
				"north": {"uv": [0.625, 5.125, 0.5, 6.25], "texture": "#0"},
				"east": {"uv": [0.5, 5.125, 0.625, 6.25], "texture": "#0"},
				"south": {"uv": [0.5, 5.125, 0.625, 6.25], "texture": "#0"},
				"west": {"uv": [0.5, 5.125, 0.625, 6.25], "texture": "#0"},
				"up": {"uv": [0.5, 5.25, 0.625, 5.125], "texture": "#0"},
				"down": {"uv": [0.5, 6.25, 0.625, 6.125], "texture": "#0"}
			}
		},
		{
			"from": [10.025, 14.7, 7.475],
			"to": [10.15, 15.45, 7.55],
			"rotation": {"angle": 0, "axis": "y", "origin": [0, -0.5, 0]},
			"faces": {
				"north": {"uv": [4.875, 4.375, 4.75, 5.125], "texture": "#0"},
				"east": {"uv": [4.75, 4.375, 4.875, 5.125], "texture": "#0"},
				"south": {"uv": [4.75, 4.375, 4.875, 5.125], "texture": "#0"},
				"west": {"uv": [4.75, 4.375, 4.875, 5.125], "texture": "#0"},
				"up": {"uv": [4.75, 4.5, 4.875, 4.375], "texture": "#0"},
				"down": {"uv": [4.75, 5.125, 4.875, 5], "texture": "#0"}
			}
		},
		{
			"from": [9.9, 15.45, 7.475],
			"to": [10.025, 17.075, 7.55],
			"rotation": {"angle": 0, "axis": "y", "origin": [0, -0.5, 0]},
			"faces": {
				"north": {"uv": [4.75, 2.75, 4.625, 4.375], "texture": "#0"},
				"east": {"uv": [4.625, 2.75, 4.75, 4.375], "texture": "#0"},
				"south": {"uv": [4.625, 2.75, 4.75, 4.375], "texture": "#0"},
				"west": {"uv": [4.625, 2.75, 4.75, 4.375], "texture": "#0"},
				"up": {"uv": [4.625, 2.875, 4.75, 2.75], "texture": "#0"},
				"down": {"uv": [4.625, 4.375, 4.75, 4.25], "texture": "#0"}
			}
		},
		{
			"from": [10.025, 16.325, 7.475],
			"to": [10.15, 16.7, 7.55],
			"rotation": {"angle": 0, "axis": "y", "origin": [0, -0.5, 0]},
			"faces": {
				"north": {"uv": [4.875, 3.125, 4.75, 3.5], "texture": "#0"},
				"east": {"uv": [4.75, 3.125, 4.875, 3.5], "texture": "#0"},
				"south": {"uv": [4.75, 3.125, 4.875, 3.5], "texture": "#0"},
				"west": {"uv": [4.75, 3.125, 4.875, 3.5], "texture": "#0"},
				"up": {"uv": [4.75, 3.25, 4.875, 3.125], "texture": "#0"},
				"down": {"uv": [4.75, 3.5, 4.875, 3.375], "texture": "#0"}
			}
		},
		{
			"from": [9.775, 17.075, 7.475],
			"to": [9.9, 17.575, 7.55],
			"rotation": {"angle": 0, "axis": "y", "origin": [0, -0.5, 0]},
			"faces": {
				"north": {"uv": [4.625, 2.25, 4.5, 2.75], "texture": "#0"},
				"east": {"uv": [4.5, 2.25, 4.625, 2.75], "texture": "#0"},
				"south": {"uv": [4.5, 2.25, 4.625, 2.75], "texture": "#0"},
				"west": {"uv": [4.5, 2.25, 4.625, 2.75], "texture": "#0"},
				"up": {"uv": [4.5, 2.375, 4.625, 2.25], "texture": "#0"},
				"down": {"uv": [4.5, 2.75, 4.625, 2.625], "texture": "#0"}
			}
		},
		{
			"from": [9.65, 17.575, 7.475],
			"to": [9.775, 18.075, 7.55],
			"rotation": {"angle": 0, "axis": "y", "origin": [0, -0.5, 0]},
			"faces": {
				"north": {"uv": [4.5, 1.75, 4.375, 2.25], "texture": "#0"},
				"east": {"uv": [4.375, 1.75, 4.5, 2.25], "texture": "#0"},
				"south": {"uv": [4.375, 1.75, 4.5, 2.25], "texture": "#0"},
				"west": {"uv": [4.375, 1.75, 4.5, 2.25], "texture": "#0"},
				"up": {"uv": [4.375, 1.875, 4.5, 1.75], "texture": "#0"},
				"down": {"uv": [4.375, 2.25, 4.5, 2.125], "texture": "#0"}
			}
		},
		{
			"from": [9.9, 16.325, 7.375],
			"to": [10.025, 16.7, 7.65],
			"rotation": {"angle": 0, "axis": "y", "origin": [0, -0.5, 0]},
			"faces": {
				"north": {"uv": [4.75, 3.125, 4.625, 3.5], "texture": "#0"},
				"east": {"uv": [4.625, 3.125, 4.75, 3.5], "texture": "#0"},
				"south": {"uv": [4.625, 3.125, 4.75, 3.5], "texture": "#0"},
				"west": {"uv": [4.625, 3.125, 4.75, 3.5], "texture": "#0"},
				"up": {"uv": [4.625, 3.25, 4.75, 3.125], "texture": "#0"},
				"down": {"uv": [4.625, 3.5, 4.75, 3.375], "texture": "#0"}
			}
		},
		{
			"from": [9.9, 14.2, 7.375],
			"to": [10.025, 15.45, 7.65],
			"rotation": {"angle": 0, "axis": "y", "origin": [0, -0.5, 0]},
			"faces": {
				"north": {"uv": [4.75, 4.375, 4.625, 5.625], "texture": "#0"},
				"east": {"uv": [4.625, 4.375, 4.75, 5.625], "texture": "#0"},
				"south": {"uv": [4.625, 4.375, 4.75, 5.625], "texture": "#0"},
				"west": {"uv": [4.625, 4.375, 4.75, 5.625], "texture": "#0"},
				"up": {"uv": [4.625, 4.5, 4.75, 4.375], "texture": "#0"},
				"down": {"uv": [4.625, 5.625, 4.75, 5.5], "texture": "#0"}
			}
		},
		{
			"from": [9.775, 13.825, 7.375],
			"to": [9.9, 17.075, 7.65],
			"rotation": {"angle": 0, "axis": "y", "origin": [0, -0.5, 0]},
			"faces": {
				"north": {"uv": [4.625, 2.75, 4.5, 6], "texture": "#0"},
				"east": {"uv": [4.5, 2.75, 4.625, 6], "texture": "#0"},
				"south": {"uv": [4.5, 2.75, 4.625, 6], "texture": "#0"},
				"west": {"uv": [4.5, 2.75, 4.625, 6], "texture": "#0"},
				"up": {"uv": [4.5, 2.875, 4.625, 2.75], "texture": "#0"},
				"down": {"uv": [4.5, 6, 4.625, 5.875], "texture": "#0"}
			}
		},
		{
			"from": [9.65, 13.7, 7.375],
			"to": [9.775, 17.575, 7.65],
			"rotation": {"angle": 0, "axis": "y", "origin": [0, -0.5, 0]},
			"faces": {
				"north": {"uv": [4.5, 2.25, 4.375, 6.125], "texture": "#0"},
				"east": {"uv": [4.375, 2.25, 4.5, 6.125], "texture": "#0"},
				"south": {"uv": [4.375, 2.25, 4.5, 6.125], "texture": "#0"},
				"west": {"uv": [4.375, 2.25, 4.5, 6.125], "texture": "#0"},
				"up": {"uv": [4.375, 2.375, 4.5, 2.25], "texture": "#0"},
				"down": {"uv": [4.375, 6.125, 4.5, 6], "texture": "#0"}
			}
		},
		{
			"from": [9.525, 13.575, 7.375],
			"to": [9.65, 14.7, 7.65],
			"rotation": {"angle": 0, "axis": "y", "origin": [0, -0.5, 0]},
			"faces": {
				"north": {"uv": [4.375, 5.125, 4.25, 6.25], "texture": "#0"},
				"east": {"uv": [4.25, 5.125, 4.375, 6.25], "texture": "#0"},
				"south": {"uv": [4.25, 5.125, 4.375, 6.25], "texture": "#0"},
				"west": {"uv": [4.25, 5.125, 4.375, 6.25], "texture": "#0"},
				"up": {"uv": [4.25, 5.25, 4.375, 5.125], "texture": "#0"},
				"down": {"uv": [4.25, 6.25, 4.375, 6.125], "texture": "#0"}
			}
		},
		{
			"from": [5.65, 13.7, 7.375],
			"to": [5.775, 17.575, 7.65],
			"rotation": {"angle": 0, "axis": "y", "origin": [0, -0.5, 0]},
			"faces": {
				"north": {"uv": [0.5, 2.25, 0.375, 6.125], "texture": "#0"},
				"east": {"uv": [0.375, 2.25, 0.5, 6.125], "texture": "#0"},
				"south": {"uv": [0.375, 2.25, 0.5, 6.125], "texture": "#0"},
				"west": {"uv": [0.375, 2.25, 0.5, 6.125], "texture": "#0"},
				"up": {"uv": [0.375, 2.375, 0.5, 2.25], "texture": "#0"},
				"down": {"uv": [0.375, 6.125, 0.5, 6], "texture": "#0"}
			}
		},
		{
			"from": [5.525, 13.825, 7.375],
			"to": [5.65, 17.075, 7.65],
			"rotation": {"angle": 0, "axis": "y", "origin": [0, -0.5, 0]},
			"faces": {
				"north": {"uv": [0.375, 2.75, 0.25, 6], "texture": "#0"},
				"east": {"uv": [0.25, 2.75, 0.375, 6], "texture": "#0"},
				"south": {"uv": [0.25, 2.75, 0.375, 6], "texture": "#0"},
				"west": {"uv": [0.25, 2.75, 0.375, 6], "texture": "#0"},
				"up": {"uv": [0.25, 2.875, 0.375, 2.75], "texture": "#0"},
				"down": {"uv": [0.25, 6, 0.375, 5.875], "texture": "#0"}
			}
		},
		{
			"from": [5.4, 14.2, 7.375],
			"to": [5.525, 15.45, 7.65],
			"rotation": {"angle": 0, "axis": "y", "origin": [0, -0.5, 0]},
			"faces": {
				"north": {"uv": [0.25, 4.375, 0.125, 5.625], "texture": "#0"},
				"east": {"uv": [0.125, 4.375, 0.25, 5.625], "texture": "#0"},
				"south": {"uv": [0.125, 4.375, 0.25, 5.625], "texture": "#0"},
				"west": {"uv": [0.125, 4.375, 0.25, 5.625], "texture": "#0"},
				"up": {"uv": [0.125, 4.5, 0.25, 4.375], "texture": "#0"},
				"down": {"uv": [0.125, 5.625, 0.25, 5.5], "texture": "#0"}
			}
		},
		{
			"from": [5.4, 16.325, 7.375],
			"to": [5.525, 16.7, 7.65],
			"rotation": {"angle": 0, "axis": "y", "origin": [0, -0.5, 0]},
			"faces": {
				"north": {"uv": [0.25, 3.125, 0.125, 3.5], "texture": "#0"},
				"east": {"uv": [0.125, 3.125, 0.25, 3.5], "texture": "#0"},
				"south": {"uv": [0.125, 3.125, 0.25, 3.5], "texture": "#0"},
				"west": {"uv": [0.125, 3.125, 0.25, 3.5], "texture": "#0"},
				"up": {"uv": [0.125, 3.25, 0.25, 3.125], "texture": "#0"},
				"down": {"uv": [0.125, 3.5, 0.25, 3.375], "texture": "#0"}
			}
		},
		{
			"from": [6.525, 13.075, 7.375],
			"to": [6.775, 13.7, 7.65],
			"rotation": {"angle": 0, "axis": "y", "origin": [0, -0.5, 0]},
			"faces": {
				"north": {"uv": [1.5, 6.125, 1.25, 6.75], "texture": "#0"},
				"east": {"uv": [1.375, 6.125, 1.5, 6.75], "texture": "#0"},
				"south": {"uv": [1.25, 6.125, 1.5, 6.75], "texture": "#0"},
				"west": {"uv": [1.25, 6.125, 1.375, 6.75], "texture": "#0"},
				"up": {"uv": [1.25, 6.25, 1.5, 6.125], "texture": "#0"},
				"down": {"uv": [1.25, 6.75, 1.5, 6.625], "texture": "#0"}
			}
		},
		{
			"from": [7.15, 12.7, 7.375],
			"to": [7.275, 13.7, 7.65],
			"rotation": {"angle": 0, "axis": "y", "origin": [0, -0.5, 0]},
			"faces": {
				"north": {"uv": [2, 6.125, 1.875, 7.125], "texture": "#0"},
				"east": {"uv": [1.875, 6.125, 2, 7.125], "texture": "#0"},
				"south": {"uv": [1.875, 6.125, 2, 7.125], "texture": "#0"},
				"west": {"uv": [1.875, 6.125, 2, 7.125], "texture": "#0"},
				"up": {"uv": [1.875, 6.25, 2, 6.125], "texture": "#0"},
				"down": {"uv": [1.875, 7.125, 2, 7], "texture": "#0"}
			}
		},
		{
			"from": [7.275, 12.45, 7.25],
			"to": [8.15, 13.7, 7.775],
			"rotation": {"angle": 0, "axis": "y", "origin": [0, -0.5, 0]},
			"faces": {
				"north": {"uv": [2.875, 6.125, 2, 7.375], "texture": "#0"},
				"east": {"uv": [2.75, 6.125, 2.875, 7.375], "texture": "#0"},
				"south": {"uv": [2, 6.125, 2.875, 7.375], "texture": "#0"},
				"west": {"uv": [2, 6.125, 2.125, 7.375], "texture": "#0"},
				"up": {"uv": [2, 6.25, 2.875, 6.125], "texture": "#0"},
				"down": {"uv": [2, 7.375, 2.875, 7.25], "texture": "#0"}
			}
		},
		{
			"from": [7.4, 13.7, 7.35],
			"to": [8.025, 14.825, 7.675],
			"rotation": {"angle": 0, "axis": "y", "origin": [0, -0.5, 0]},
			"faces": {
				"north": {"uv": [2.75, 5, 2.125, 6.125], "texture": "#0"},
				"east": {"uv": [2.625, 5, 2.75, 6.125], "texture": "#0"},
				"south": {"uv": [2.125, 5, 2.75, 6.125], "texture": "#0"},
				"west": {"uv": [2.125, 5, 2.25, 6.125], "texture": "#0"},
				"up": {"uv": [2.125, 5.125, 2.75, 5], "texture": "#0"},
				"down": {"uv": [2.125, 6.125, 2.75, 6], "texture": "#0"}
			}
		},
		{
			"from": [7.4, 16.55, 7.4],
			"to": [8.025, 16.8, 7.625],
			"rotation": {"angle": 0, "axis": "y", "origin": [0, -0.5, 0]},
			"faces": {
				"north": {"uv": [2.75, 3, 2.125, 3.25], "texture": "#0"},
				"east": {"uv": [2.625, 3, 2.75, 3.25], "texture": "#0"},
				"south": {"uv": [2.125, 3, 2.75, 3.25], "texture": "#0"},
				"west": {"uv": [2.125, 3, 2.25, 3.25], "texture": "#0"},
				"up": {"uv": [2.125, 3.125, 2.75, 3], "texture": "#0"},
				"down": {"uv": [2.125, 3.25, 2.75, 3.125], "texture": "#0"}
			}
		},
		{
			"from": [7.15, 16.925, 7.4],
			"to": [8.275, 17.175, 7.625],
			"rotation": {"angle": 0, "axis": "y", "origin": [0, -0.5, 0]},
			"faces": {
				"north": {"uv": [3, 2.625, 1.875, 2.875], "texture": "#0"},
				"east": {"uv": [2.875, 2.625, 3, 2.875], "texture": "#0"},
				"south": {"uv": [1.875, 2.625, 3, 2.875], "texture": "#0"},
				"west": {"uv": [1.875, 2.625, 2, 2.875], "texture": "#0"},
				"up": {"uv": [1.875, 2.75, 3, 2.625], "texture": "#0"},
				"down": {"uv": [1.875, 2.875, 3, 2.75], "texture": "#0"}
			}
		},
		{
			"from": [7.275, 16.8, 7.4],
			"to": [8.15, 16.925, 7.625],
			"rotation": {"angle": 0, "axis": "y", "origin": [0, -0.5, 0]},
			"faces": {
				"north": {"uv": [2.875, 2.875, 2, 3], "texture": "#0"},
				"east": {"uv": [2.75, 2.875, 2.875, 3], "texture": "#0"},
				"south": {"uv": [2, 2.875, 2.875, 3], "texture": "#0"},
				"west": {"uv": [2, 2.875, 2.125, 3], "texture": "#0"},
				"up": {"uv": [2, 3, 2.875, 2.875], "texture": "#0"},
				"down": {"uv": [2, 3, 2.875, 2.875], "texture": "#0"}
			}
		},
		{
			"from": [7.275, 17.175, 7.4],
			"to": [8.15, 17.55, 7.625],
			"rotation": {"angle": 0, "axis": "y", "origin": [0, -0.5, 0]},
			"faces": {
				"north": {"uv": [2.875, 2.25, 2, 2.625], "texture": "#0"},
				"east": {"uv": [2.75, 2.25, 2.875, 2.625], "texture": "#0"},
				"south": {"uv": [2, 2.25, 2.875, 2.625], "texture": "#0"},
				"west": {"uv": [2, 2.25, 2.125, 2.625], "texture": "#0"},
				"up": {"uv": [2, 2.375, 2.875, 2.25], "texture": "#0"},
				"down": {"uv": [2, 2.625, 2.875, 2.5], "texture": "#0"}
			}
		},
		{
			"from": [7.4, 17.55, 7.4],
			"to": [8.025, 18.05, 7.625],
			"rotation": {"angle": 0, "axis": "y", "origin": [0, -0.5, 0]},
			"faces": {
				"north": {"uv": [2.75, 1.75, 2.125, 2.25], "texture": "#0"},
				"east": {"uv": [2.625, 1.75, 2.75, 2.25], "texture": "#0"},
				"south": {"uv": [2.125, 1.75, 2.75, 2.25], "texture": "#0"},
				"west": {"uv": [2.125, 1.75, 2.25, 2.25], "texture": "#0"},
				"up": {"uv": [2.125, 1.875, 2.75, 1.75], "texture": "#0"},
				"down": {"uv": [2.125, 2.25, 2.75, 2.125], "texture": "#0"}
			}
		},
		{
			"from": [7.525, 18.05, 7.4],
			"to": [7.9, 18.55, 7.625],
			"rotation": {"angle": 0, "axis": "y", "origin": [0, -0.5, 0]},
			"faces": {
				"north": {"uv": [2.625, 1.25, 2.25, 1.75], "texture": "#0"},
				"east": {"uv": [2.5, 1.25, 2.625, 1.75], "texture": "#0"},
				"south": {"uv": [2.25, 1.25, 2.625, 1.75], "texture": "#0"},
				"west": {"uv": [2.25, 1.25, 2.375, 1.75], "texture": "#0"},
				"up": {"uv": [2.25, 1.375, 2.625, 1.25], "texture": "#0"},
				"down": {"uv": [2.25, 1.75, 2.625, 1.625], "texture": "#0"}
			}
		},
		{
			"from": [7.65, 18.55, 7.4],
			"to": [7.775, 19.175, 7.625],
			"rotation": {"angle": 0, "axis": "y", "origin": [0, -0.5, 0]},
			"faces": {
				"north": {"uv": [2.5, 0.625, 2.375, 1.25], "texture": "#0"},
				"east": {"uv": [2.375, 0.625, 2.5, 1.25], "texture": "#0"},
				"south": {"uv": [2.375, 0.625, 2.5, 1.25], "texture": "#0"},
				"west": {"uv": [2.375, 0.625, 2.5, 1.25], "texture": "#0"},
				"up": {"uv": [2.375, 0.75, 2.5, 0.625], "texture": "#0"},
				"down": {"uv": [2.375, 1.25, 2.5, 1.125], "texture": "#0"}
			}
		},
		{
			"from": [7.65, 19.175, 7.475],
			"to": [7.775, 19.8, 7.55],
			"rotation": {"angle": 0, "axis": "y", "origin": [0, -0.5, 0]},
			"faces": {
				"north": {"uv": [2.5, 0, 2.375, 0.625], "texture": "#0"},
				"east": {"uv": [2.375, 0, 2.5, 0.625], "texture": "#0"},
				"south": {"uv": [2.375, 0, 2.5, 0.625], "texture": "#0"},
				"west": {"uv": [2.375, 0, 2.5, 0.625], "texture": "#0"},
				"up": {"uv": [2.375, 0.125, 2.5, 0], "texture": "#0"},
				"down": {"uv": [2.375, 0.625, 2.5, 0.5], "texture": "#0"}
			}
		},
		{
			"from": [7.15, 17.175, 7.475],
			"to": [8.275, 17.55, 7.55],
			"rotation": {"angle": 0, "axis": "y", "origin": [0, -0.5, 0]},
			"faces": {
				"north": {"uv": [3, 2.25, 1.875, 2.625], "texture": "#0"},
				"east": {"uv": [2.875, 2.25, 3, 2.625], "texture": "#0"},
				"south": {"uv": [1.875, 2.25, 3, 2.625], "texture": "#0"},
				"west": {"uv": [1.875, 2.25, 2, 2.625], "texture": "#0"},
				"up": {"uv": [1.875, 2.375, 3, 2.25], "texture": "#0"},
				"down": {"uv": [1.875, 2.625, 3, 2.5], "texture": "#0"}
			}
		},
		{
			"from": [7.275, 17.55, 7.475],
			"to": [8.15, 18.05, 7.55],
			"rotation": {"angle": 0, "axis": "y", "origin": [0, -0.5, 0]},
			"faces": {
				"north": {"uv": [2.875, 1.75, 2, 2.25], "texture": "#0"},
				"east": {"uv": [2.75, 1.75, 2.875, 2.25], "texture": "#0"},
				"south": {"uv": [2, 1.75, 2.875, 2.25], "texture": "#0"},
				"west": {"uv": [2, 1.75, 2.125, 2.25], "texture": "#0"},
				"up": {"uv": [2, 1.875, 2.875, 1.75], "texture": "#0"},
				"down": {"uv": [2, 2.25, 2.875, 2.125], "texture": "#0"}
			}
		},
		{
			"from": [7.4, 18.05, 7.475],
			"to": [8.025, 18.55, 7.55],
			"rotation": {"angle": 0, "axis": "y", "origin": [0, -0.5, 0]},
			"faces": {
				"north": {"uv": [2.75, 1.25, 2.125, 1.75], "texture": "#0"},
				"east": {"uv": [2.625, 1.25, 2.75, 1.75], "texture": "#0"},
				"south": {"uv": [2.125, 1.25, 2.75, 1.75], "texture": "#0"},
				"west": {"uv": [2.125, 1.25, 2.25, 1.75], "texture": "#0"},
				"up": {"uv": [2.125, 1.375, 2.75, 1.25], "texture": "#0"},
				"down": {"uv": [2.125, 1.75, 2.75, 1.625], "texture": "#0"}
			}
		},
		{
			"from": [7.525, 18.55, 7.475],
			"to": [7.9, 19.175, 7.55],
			"rotation": {"angle": 0, "axis": "y", "origin": [0, -0.5, 0]},
			"faces": {
				"north": {"uv": [2.625, 0.625, 2.25, 1.25], "texture": "#0"},
				"east": {"uv": [2.5, 0.625, 2.625, 1.25], "texture": "#0"},
				"south": {"uv": [2.25, 0.625, 2.625, 1.25], "texture": "#0"},
				"west": {"uv": [2.25, 0.625, 2.375, 1.25], "texture": "#0"},
				"up": {"uv": [2.25, 0.75, 2.625, 0.625], "texture": "#0"},
				"down": {"uv": [2.25, 1.25, 2.625, 1.125], "texture": "#0"}
			}
		},
		{
			"from": [5.65, 17.575, 7.475],
			"to": [5.775, 18.075, 7.55],
			"rotation": {"angle": 0, "axis": "y", "origin": [0, -0.5, 0]},
			"faces": {
				"north": {"uv": [0.5, 1.75, 0.375, 2.25], "texture": "#0"},
				"east": {"uv": [0.375, 1.75, 0.5, 2.25], "texture": "#0"},
				"south": {"uv": [0.375, 1.75, 0.5, 2.25], "texture": "#0"},
				"west": {"uv": [0.375, 1.75, 0.5, 2.25], "texture": "#0"},
				"up": {"uv": [0.375, 1.875, 0.5, 1.75], "texture": "#0"},
				"down": {"uv": [0.375, 2.25, 0.5, 2.125], "texture": "#0"}
			}
		},
		{
			"from": [5.525, 17.075, 7.475],
			"to": [5.65, 17.575, 7.55],
			"rotation": {"angle": 0, "axis": "y", "origin": [0, -0.5, 0]},
			"faces": {
				"north": {"uv": [0.375, 2.25, 0.25, 2.75], "texture": "#0"},
				"east": {"uv": [0.25, 2.25, 0.375, 2.75], "texture": "#0"},
				"south": {"uv": [0.25, 2.25, 0.375, 2.75], "texture": "#0"},
				"west": {"uv": [0.25, 2.25, 0.375, 2.75], "texture": "#0"},
				"up": {"uv": [0.25, 2.375, 0.375, 2.25], "texture": "#0"},
				"down": {"uv": [0.25, 2.75, 0.375, 2.625], "texture": "#0"}
			}
		},
		{
			"from": [5.4, 15.45, 7.475],
			"to": [5.525, 17.075, 7.55],
			"rotation": {"angle": 0, "axis": "y", "origin": [0, -0.5, 0]},
			"faces": {
				"north": {"uv": [0.25, 2.75, 0.125, 4.375], "texture": "#0"},
				"east": {"uv": [0.125, 2.75, 0.25, 4.375], "texture": "#0"},
				"south": {"uv": [0.125, 2.75, 0.25, 4.375], "texture": "#0"},
				"west": {"uv": [0.125, 2.75, 0.25, 4.375], "texture": "#0"},
				"up": {"uv": [0.125, 2.875, 0.25, 2.75], "texture": "#0"},
				"down": {"uv": [0.125, 4.375, 0.25, 4.25], "texture": "#0"}
			}
		},
		{
			"from": [5.275, 16.325, 7.475],
			"to": [5.4, 16.7, 7.55],
			"rotation": {"angle": 0, "axis": "y", "origin": [0, -0.5, 0]},
			"faces": {
				"north": {"uv": [0.125, 3.125, 0, 3.5], "texture": "#0"},
				"east": {"uv": [0, 3.125, 0.125, 3.5], "texture": "#0"},
				"south": {"uv": [0, 3.125, 0.125, 3.5], "texture": "#0"},
				"west": {"uv": [0, 3.125, 0.125, 3.5], "texture": "#0"},
				"up": {"uv": [0, 3.25, 0.125, 3.125], "texture": "#0"},
				"down": {"uv": [0, 3.5, 0.125, 3.375], "texture": "#0"}
			}
		},
		{
			"from": [5.275, 14.7, 7.475],
			"to": [5.4, 15.45, 7.55],
			"rotation": {"angle": 0, "axis": "y", "origin": [0, -0.5, 0]},
			"faces": {
				"north": {"uv": [0.125, 4.375, 0, 5.125], "texture": "#0"},
				"east": {"uv": [0, 4.375, 0.125, 5.125], "texture": "#0"},
				"south": {"uv": [0, 4.375, 0.125, 5.125], "texture": "#0"},
				"west": {"uv": [0, 4.375, 0.125, 5.125], "texture": "#0"},
				"up": {"uv": [0, 4.5, 0.125, 4.375], "texture": "#0"},
				"down": {"uv": [0, 5.125, 0.125, 5], "texture": "#0"}
			}
		},
		{
			"from": [7.525, 14.825, 7.4],
			"to": [7.9, 16.55, 7.625],
			"rotation": {"angle": 0, "axis": "y", "origin": [0, -0.5, 0]},
			"faces": {
				"north": {"uv": [2.625, 3.25, 2.25, 5], "texture": "#0"},
				"east": {"uv": [2.5, 3.25, 2.625, 5], "texture": "#0"},
				"south": {"uv": [2.25, 3.25, 2.625, 5], "texture": "#0"},
				"west": {"uv": [2.25, 3.25, 2.375, 5], "texture": "#0"},
				"up": {"uv": [2.25, 3.375, 2.625, 3.25], "texture": "#0"},
				"down": {"uv": [2.25, 5, 2.625, 4.875], "texture": "#0"}
			}
		},
		{
			"from": [7.275, 13.7, 7.475],
			"to": [8.15, 14.825, 7.55],
			"rotation": {"angle": 0, "axis": "y", "origin": [0, -0.5, 0]},
			"faces": {
				"north": {"uv": [2.875, 5, 2, 6.125], "texture": "#0"},
				"east": {"uv": [2.75, 5, 2.875, 6.125], "texture": "#0"},
				"south": {"uv": [2, 5, 2.875, 6.125], "texture": "#0"},
				"west": {"uv": [2, 5, 2.125, 6.125], "texture": "#0"},
				"up": {"uv": [2, 5.125, 2.875, 5], "texture": "#0"},
				"down": {"uv": [2, 6.125, 2.875, 6], "texture": "#0"}
			}
		},
		{
			"from": [7.025, 16.925, 7.475],
			"to": [8.4, 17.175, 7.55],
			"rotation": {"angle": 0, "axis": "y", "origin": [0, -0.5, 0]},
			"faces": {
				"north": {"uv": [3.125, 2.625, 1.75, 2.875], "texture": "#0"},
				"east": {"uv": [3, 2.625, 3.125, 2.875], "texture": "#0"},
				"south": {"uv": [1.75, 2.625, 3.125, 2.875], "texture": "#0"},
				"west": {"uv": [1.75, 2.625, 1.875, 2.875], "texture": "#0"},
				"up": {"uv": [1.75, 2.75, 3.125, 2.625], "texture": "#0"},
				"down": {"uv": [1.75, 2.875, 3.125, 2.75], "texture": "#0"}
			}
		},
		{
			"from": [7.15, 16.8, 7.475],
			"to": [8.275, 16.925, 7.55],
			"rotation": {"angle": 0, "axis": "y", "origin": [0, -0.5, 0]},
			"faces": {
				"north": {"uv": [3, 2.875, 1.875, 3], "texture": "#0"},
				"east": {"uv": [2.875, 2.875, 3, 3], "texture": "#0"},
				"south": {"uv": [1.875, 2.875, 3, 3], "texture": "#0"},
				"west": {"uv": [1.875, 2.875, 2, 3], "texture": "#0"},
				"up": {"uv": [1.875, 3, 3, 2.875], "texture": "#0"},
				"down": {"uv": [1.875, 3, 3, 2.875], "texture": "#0"}
			}
		},
		{
			"from": [7.275, 16.55, 7.475],
			"to": [8.15, 16.8, 7.55],
			"rotation": {"angle": 0, "axis": "y", "origin": [0, -0.5, 0]},
			"faces": {
				"north": {"uv": [2.875, 3, 2, 3.25], "texture": "#0"},
				"east": {"uv": [2.75, 3, 2.875, 3.25], "texture": "#0"},
				"south": {"uv": [2, 3, 2.875, 3.25], "texture": "#0"},
				"west": {"uv": [2, 3, 2.125, 3.25], "texture": "#0"},
				"up": {"uv": [2, 3.125, 2.875, 3], "texture": "#0"},
				"down": {"uv": [2, 3.25, 2.875, 3.125], "texture": "#0"}
			}
		},
		{
			"from": [7.4, 14.825, 7.475],
			"to": [8.025, 16.55, 7.55],
			"rotation": {"angle": 0, "axis": "y", "origin": [0, -0.5, 0]},
			"faces": {
				"north": {"uv": [2.75, 3.25, 2.125, 5], "texture": "#0"},
				"east": {"uv": [2.625, 3.25, 2.75, 5], "texture": "#0"},
				"south": {"uv": [2.125, 3.25, 2.75, 5], "texture": "#0"},
				"west": {"uv": [2.125, 3.25, 2.25, 5], "texture": "#0"},
				"up": {"uv": [2.125, 3.375, 2.75, 3.25], "texture": "#0"},
				"down": {"uv": [2.125, 5, 2.75, 4.875], "texture": "#0"}
			}
		},
		{
			"from": [6.15, 11.45, 7.325],
			"to": [9.275, 11.825, 7.7],
			"rotation": {"angle": 0, "axis": "y", "origin": [0, -0.5, 0]},
			"faces": {
				"north": {"uv": [4, 8, 0.875, 8.375], "texture": "#0"},
				"east": {"uv": [3.875, 8, 4, 8.375], "texture": "#0"},
				"south": {"uv": [0.875, 8, 4, 8.375], "texture": "#0"},
				"west": {"uv": [0.875, 8, 1, 8.375], "texture": "#0"},
				"up": {"uv": [0.875, 8.125, 4, 8], "texture": "#0"},
				"down": {"uv": [0.875, 8.375, 4, 8.25], "texture": "#0"}
			}
		},
		{
			"from": [7.65, -4.8, 7.3],
			"to": [7.775, -4.55, 7.725],
			"rotation": {"angle": 0, "axis": "y", "origin": [0, -0.5, 0]},
			"faces": {
				"north": {"uv": [10.125, 15.5, 10, 15.75], "texture": "#0"},
				"east": {"uv": [10, 15.5, 10.125, 15.75], "texture": "#0"},
				"south": {"uv": [10, 15.5, 10.125, 15.75], "texture": "#0"},
				"west": {"uv": [10, 15.5, 10.125, 15.75], "texture": "#0"},
				"up": {"uv": [10, 15.625, 10.125, 15.5], "texture": "#0"},
				"down": {"uv": [10, 15.75, 10.125, 15.625], "texture": "#0"}
			}
		},
		{
			"from": [6.9, -4.175, 7.425],
			"to": [7.025, -3.3, 7.6],
			"rotation": {"angle": 0, "axis": "y", "origin": [0, -0.5, 0]},
			"faces": {
				"north": {"uv": [9.375, 14.25, 9.25, 15.125], "texture": "#0"},
				"east": {"uv": [9.25, 14.25, 9.375, 15.125], "texture": "#0"},
				"south": {"uv": [9.25, 14.25, 9.375, 15.125], "texture": "#0"},
				"west": {"uv": [9.25, 14.25, 9.375, 15.125], "texture": "#0"},
				"up": {"uv": [9.25, 14.375, 9.375, 14.25], "texture": "#0"},
				"down": {"uv": [9.25, 15.125, 9.375, 15], "texture": "#0"}
			}
		},
		{
			"from": [8.4, -4.175, 7.425],
			"to": [8.525, -3.3, 7.6],
			"rotation": {"angle": 0, "axis": "y", "origin": [0, -0.5, 0]},
			"faces": {
				"north": {"uv": [10.875, 14.25, 10.75, 15.125], "texture": "#0"},
				"east": {"uv": [10.75, 14.25, 10.875, 15.125], "texture": "#0"},
				"south": {"uv": [10.75, 14.25, 10.875, 15.125], "texture": "#0"},
				"west": {"uv": [10.75, 14.25, 10.875, 15.125], "texture": "#0"},
				"up": {"uv": [10.75, 14.375, 10.875, 14.25], "texture": "#0"},
				"down": {"uv": [10.75, 15.125, 10.875, 15], "texture": "#0"}
			}
		},
		{
			"from": [7.025, -4.425, 7.425],
			"to": [7.15, -3.425, 7.6],
			"rotation": {"angle": 0, "axis": "y", "origin": [0, -0.5, 0]},
			"faces": {
				"north": {"uv": [9.5, 14.375, 9.375, 15.375], "texture": "#0"},
				"east": {"uv": [9.375, 14.375, 9.5, 15.375], "texture": "#0"},
				"south": {"uv": [9.375, 14.375, 9.5, 15.375], "texture": "#0"},
				"west": {"uv": [9.375, 14.375, 9.5, 15.375], "texture": "#0"},
				"up": {"uv": [9.375, 14.5, 9.5, 14.375], "texture": "#0"},
				"down": {"uv": [9.375, 15.375, 9.5, 15.25], "texture": "#0"}
			}
		},
		{
			"from": [8.275, -4.425, 7.425],
			"to": [8.4, -3.425, 7.6],
			"rotation": {"angle": 0, "axis": "y", "origin": [0, -0.5, 0]},
			"faces": {
				"north": {"uv": [10.75, 14.375, 10.625, 15.375], "texture": "#0"},
				"east": {"uv": [10.625, 14.375, 10.75, 15.375], "texture": "#0"},
				"south": {"uv": [10.625, 14.375, 10.75, 15.375], "texture": "#0"},
				"west": {"uv": [10.625, 14.375, 10.75, 15.375], "texture": "#0"},
				"up": {"uv": [10.625, 14.5, 10.75, 14.375], "texture": "#0"},
				"down": {"uv": [10.625, 15.375, 10.75, 15.25], "texture": "#0"}
			}
		},
		{
			"from": [7.15, -4.675, 7.425],
			"to": [7.275, -3.55, 7.6],
			"rotation": {"angle": 0, "axis": "y", "origin": [0, -0.5, 0]},
			"faces": {
				"north": {"uv": [9.625, 14.5, 9.5, 15.625], "texture": "#0"},
				"east": {"uv": [9.5, 14.5, 9.625, 15.625], "texture": "#0"},
				"south": {"uv": [9.5, 14.5, 9.625, 15.625], "texture": "#0"},
				"west": {"uv": [9.5, 14.5, 9.625, 15.625], "texture": "#0"},
				"up": {"uv": [9.5, 14.625, 9.625, 14.5], "texture": "#0"},
				"down": {"uv": [9.5, 15.625, 9.625, 15.5], "texture": "#0"}
			}
		},
		{
			"from": [8.15, -4.675, 7.425],
			"to": [8.275, -3.55, 7.6],
			"rotation": {"angle": 0, "axis": "y", "origin": [0, -0.5, 0]},
			"faces": {
				"north": {"uv": [10.625, 14.5, 10.5, 15.625], "texture": "#0"},
				"east": {"uv": [10.5, 14.5, 10.625, 15.625], "texture": "#0"},
				"south": {"uv": [10.5, 14.5, 10.625, 15.625], "texture": "#0"},
				"west": {"uv": [10.5, 14.5, 10.625, 15.625], "texture": "#0"},
				"up": {"uv": [10.5, 14.625, 10.625, 14.5], "texture": "#0"},
				"down": {"uv": [10.5, 15.625, 10.625, 15.5], "texture": "#0"}
			}
		},
		{
			"from": [7.275, -4.8, 7.425],
			"to": [7.4, -3.675, 7.6],
			"rotation": {"angle": 0, "axis": "y", "origin": [0, -0.5, 0]},
			"faces": {
				"north": {"uv": [9.75, 14.625, 9.625, 15.75], "texture": "#0"},
				"east": {"uv": [9.625, 14.625, 9.75, 15.75], "texture": "#0"},
				"south": {"uv": [9.625, 14.625, 9.75, 15.75], "texture": "#0"},
				"west": {"uv": [9.625, 14.625, 9.75, 15.75], "texture": "#0"},
				"up": {"uv": [9.625, 14.75, 9.75, 14.625], "texture": "#0"},
				"down": {"uv": [9.625, 15.75, 9.75, 15.625], "texture": "#0"}
			}
		},
		{
			"from": [7.4, -4.925, 7.425],
			"to": [7.525, -4.175, 7.6],
			"rotation": {"angle": 0, "axis": "y", "origin": [0, -0.5, 0]},
			"faces": {
				"north": {"uv": [9.875, 15.125, 9.75, 15.875], "texture": "#0"},
				"east": {"uv": [9.75, 15.125, 9.875, 15.875], "texture": "#0"},
				"south": {"uv": [9.75, 15.125, 9.875, 15.875], "texture": "#0"},
				"west": {"uv": [9.75, 15.125, 9.875, 15.875], "texture": "#0"},
				"up": {"uv": [9.75, 15.25, 9.875, 15.125], "texture": "#0"},
				"down": {"uv": [9.75, 15.875, 9.875, 15.75], "texture": "#0"}
			}
		},
		{
			"from": [7.525, -5, 7.425],
			"to": [7.9, -4.5, 7.6],
			"rotation": {"angle": 0, "axis": "y", "origin": [0, -0.5, 0]},
			"faces": {
				"north": {"uv": [10.25, 15.5, 9.875, 16], "texture": "#0"},
				"east": {"uv": [10.125, 15.5, 10.25, 16], "texture": "#0"},
				"south": {"uv": [9.875, 15.5, 10.25, 16], "texture": "#0"},
				"west": {"uv": [9.875, 15.5, 10, 16], "texture": "#0"},
				"up": {"uv": [9.875, 15.625, 10.25, 15.5], "texture": "#0"},
				"down": {"uv": [9.875, 16, 10.25, 15.875], "texture": "#0"}
			}
		},
		{
			"from": [7.9, -4.925, 7.425],
			"to": [8.025, -4.175, 7.6],
			"rotation": {"angle": 0, "axis": "y", "origin": [0, -0.5, 0]},
			"faces": {
				"north": {"uv": [10.375, 15.125, 10.25, 15.875], "texture": "#0"},
				"east": {"uv": [10.25, 15.125, 10.375, 15.875], "texture": "#0"},
				"south": {"uv": [10.25, 15.125, 10.375, 15.875], "texture": "#0"},
				"west": {"uv": [10.25, 15.125, 10.375, 15.875], "texture": "#0"},
				"up": {"uv": [10.25, 15.25, 10.375, 15.125], "texture": "#0"},
				"down": {"uv": [10.25, 15.875, 10.375, 15.75], "texture": "#0"}
			}
		},
		{
			"from": [8.025, -4.8, 7.425],
			"to": [8.15, -3.675, 7.6],
			"rotation": {"angle": 0, "axis": "y", "origin": [0, -0.5, 0]},
			"faces": {
				"north": {"uv": [10.5, 14.625, 10.375, 15.75], "texture": "#0"},
				"east": {"uv": [10.375, 14.625, 10.5, 15.75], "texture": "#0"},
				"south": {"uv": [10.375, 14.625, 10.5, 15.75], "texture": "#0"},
				"west": {"uv": [10.375, 14.625, 10.5, 15.75], "texture": "#0"},
				"up": {"uv": [10.375, 14.75, 10.5, 14.625], "texture": "#0"},
				"down": {"uv": [10.375, 15.75, 10.5, 15.625], "texture": "#0"}
			}
		}
	],
	"gui_light": "front",
	"display": {
		"thirdperson_righthand": {
			"rotation": [0, -90, 0],
			"translation": [-0.75, 2.5, 1.5],
			"scale": [1.4, 1.5, 1.4]
		},
		"thirdperson_lefthand": {
			"rotation": [0, 90, 0],
			"translation": [0.5, 2.5, 1.5],
			"scale": [1.4, 1.5, 1.4]
		},
		"firstperson_righthand": {
			"rotation": [55, -90, 60],
			"translation": [-1.25, 4, 1.5]
		},
		"firstperson_lefthand": {
			"rotation": [-65, 90, 60],
			"translation": [-0.75, 4, 1.5]
		},
		"ground": {
			"rotation": [-45, 90, 0],
			"translation": [0, 1.5, 0],
			"scale": [0.6, 0.6, 0.6]
		},
		"gui": {
			"rotation": [0, 0, -45],
			"translation": [0.5, 0.25, 0]
		},
		"head": {
			"translation": [0, 9.75, 0]
		},
		"fixed": {
			"rotation": [180, 0, 135],
			"translation": [-1.25, 0.5, -0.5],
			"scale": [1.5, 1.5, 1.5]
		}
	}
}