{
	"credit": "Made with Blockbench",
	"textures": {
		"2": "./teutonic_sword2",
		"particle": "./teutonic_sword2"
	},
	"elements": [
		{
			"from": [6.775, 6.05, 7.45],
			"to": [8.65, 6.425, 7.6],
			"rotation": {"angle": 0, "axis": "y", "origin": [0, 0.1, 0]},
			"faces": {
				"north": {"uv": [11.25, 10.5, 9.375, 10.875], "texture": "#2"},
				"east": {"uv": [11.125, 10.5, 11.25, 10.875], "texture": "#2"},
				"south": {"uv": [9.375, 10.5, 11.25, 10.875], "texture": "#2"},
				"west": {"uv": [9.375, 10.5, 9.5, 10.875], "texture": "#2"},
				"up": {"uv": [9.375, 10.625, 11.25, 10.5], "texture": "#2"},
				"down": {"uv": [9.375, 10.875, 11.25, 10.75], "texture": "#2"}
			}
		},
		{
			"from": [8.65, 5.925, 7.45],
			"to": [9.15, 6.55, 7.6],
			"rotation": {"angle": 0, "axis": "y", "origin": [0, 0.1, 0]},
			"faces": {
				"north": {"uv": [11.75, 10.375, 11.25, 11], "texture": "#2"},
				"east": {"uv": [11.625, 10.375, 11.75, 11], "texture": "#2"},
				"south": {"uv": [11.25, 10.375, 11.75, 11], "texture": "#2"},
				"west": {"uv": [11.25, 10.375, 11.375, 11], "texture": "#2"},
				"up": {"uv": [11.25, 10.5, 11.75, 10.375], "texture": "#2"},
				"down": {"uv": [11.25, 11, 11.75, 10.875], "texture": "#2"}
			}
		},
		{
			"from": [9.15, 5.8, 7.45],
			"to": [9.525, 6.675, 7.6],
			"rotation": {"angle": 0, "axis": "y", "origin": [0, 0.1, 0]},
			"faces": {
				"north": {"uv": [12.125, 10.25, 11.75, 11.125], "texture": "#2"},
				"east": {"uv": [12, 10.25, 12.125, 11.125], "texture": "#2"},
				"south": {"uv": [11.75, 10.25, 12.125, 11.125], "texture": "#2"},
				"west": {"uv": [11.75, 10.25, 11.875, 11.125], "texture": "#2"},
				"up": {"uv": [11.75, 10.375, 12.125, 10.25], "texture": "#2"},
				"down": {"uv": [11.75, 11.125, 12.125, 11], "texture": "#2"}
			}
		},
		{
			"from": [5.275, 5.925, 7.45],
			"to": [5.4, 6.55, 7.6],
			"rotation": {"angle": 0, "axis": "y", "origin": [0, 0.1, 0]},
			"faces": {
				"north": {"uv": [8, 10.375, 7.875, 11], "texture": "#2"},
				"east": {"uv": [7.875, 10.375, 8, 11], "texture": "#2"},
				"south": {"uv": [7.875, 10.375, 8, 11], "texture": "#2"},
				"west": {"uv": [7.875, 10.375, 8, 11], "texture": "#2"},
				"up": {"uv": [7.875, 10.5, 8, 10.375], "texture": "#2"},
				"down": {"uv": [7.875, 11, 8, 10.875], "texture": "#2"}
			}
		},
		{
			"from": [5.4, 5.675, 7.45],
			"to": [5.525, 6.8, 7.6],
			"rotation": {"angle": 0, "axis": "y", "origin": [0, 0.1, 0]},
			"faces": {
				"north": {"uv": [8.125, 10.125, 8, 11.25], "texture": "#2"},
				"east": {"uv": [8, 10.125, 8.125, 11.25], "texture": "#2"},
				"south": {"uv": [8, 10.125, 8.125, 11.25], "texture": "#2"},
				"west": {"uv": [8, 10.125, 8.125, 11.25], "texture": "#2"},
				"up": {"uv": [8, 10.25, 8.125, 10.125], "texture": "#2"},
				"down": {"uv": [8, 11.25, 8.125, 11.125], "texture": "#2"}
			}
		},
		{
			"from": [5.525, 5.675, 7.45],
			"to": [5.65, 6.175, 7.6],
			"rotation": {"angle": 0, "axis": "y", "origin": [0, 0.1, 0]},
			"faces": {
				"north": {"uv": [8.25, 10.75, 8.125, 11.25], "texture": "#2"},
				"east": {"uv": [8.125, 10.75, 8.25, 11.25], "texture": "#2"},
				"south": {"uv": [8.125, 10.75, 8.25, 11.25], "texture": "#2"},
				"west": {"uv": [8.125, 10.75, 8.25, 11.25], "texture": "#2"},
				"up": {"uv": [8.125, 10.875, 8.25, 10.75], "texture": "#2"},
				"down": {"uv": [8.125, 11.25, 8.25, 11.125], "texture": "#2"}
			}
		},
		{
			"from": [5.525, 6.3, 7.45],
			"to": [5.65, 6.8, 7.6],
			"rotation": {"angle": 0, "axis": "y", "origin": [0, 0.1, 0]},
			"faces": {
				"north": {"uv": [8.25, 10.125, 8.125, 10.625], "texture": "#2"},
				"east": {"uv": [8.125, 10.125, 8.25, 10.625], "texture": "#2"},
				"south": {"uv": [8.125, 10.125, 8.25, 10.625], "texture": "#2"},
				"west": {"uv": [8.125, 10.125, 8.25, 10.625], "texture": "#2"},
				"up": {"uv": [8.125, 10.25, 8.25, 10.125], "texture": "#2"},
				"down": {"uv": [8.125, 10.625, 8.25, 10.5], "texture": "#2"}
			}
		},
		{
			"from": [5.65, 5.675, 7.45],
			"to": [5.775, 6.05, 7.6],
			"rotation": {"angle": 0, "axis": "y", "origin": [0, 0.1, 0]},
			"faces": {
				"north": {"uv": [8.375, 10.875, 8.25, 11.25], "texture": "#2"},
				"east": {"uv": [8.25, 10.875, 8.375, 11.25], "texture": "#2"},
				"south": {"uv": [8.25, 10.875, 8.375, 11.25], "texture": "#2"},
				"west": {"uv": [8.25, 10.875, 8.375, 11.25], "texture": "#2"},
				"up": {"uv": [8.25, 11, 8.375, 10.875], "texture": "#2"},
				"down": {"uv": [8.25, 11.25, 8.375, 11.125], "texture": "#2"}
			}
		},
		{
			"from": [5.65, 6.425, 7.45],
			"to": [5.775, 6.8, 7.6],
			"rotation": {"angle": 0, "axis": "y", "origin": [0, 0.1, 0]},
			"faces": {
				"north": {"uv": [8.375, 10.125, 8.25, 10.5], "texture": "#2"},
				"east": {"uv": [8.25, 10.125, 8.375, 10.5], "texture": "#2"},
				"south": {"uv": [8.25, 10.125, 8.375, 10.5], "texture": "#2"},
				"west": {"uv": [8.25, 10.125, 8.375, 10.5], "texture": "#2"},
				"up": {"uv": [8.25, 10.25, 8.375, 10.125], "texture": "#2"},
				"down": {"uv": [8.25, 10.5, 8.375, 10.375], "texture": "#2"}
			}
		},
		{
			"from": [5.775, 5.8, 7.45],
			"to": [5.9, 6.175, 7.6],
			"rotation": {"angle": 0, "axis": "y", "origin": [0, 0.1, 0]},
			"faces": {
				"north": {"uv": [8.5, 10.75, 8.375, 11.125], "texture": "#2"},
				"east": {"uv": [8.375, 10.75, 8.5, 11.125], "texture": "#2"},
				"south": {"uv": [8.375, 10.75, 8.5, 11.125], "texture": "#2"},
				"west": {"uv": [8.375, 10.75, 8.5, 11.125], "texture": "#2"},
				"up": {"uv": [8.375, 10.875, 8.5, 10.75], "texture": "#2"},
				"down": {"uv": [8.375, 11.125, 8.5, 11], "texture": "#2"}
			}
		},
		{
			"from": [5.775, 6.3, 7.45],
			"to": [5.9, 6.675, 7.6],
			"rotation": {"angle": 0, "axis": "y", "origin": [0, 0.1, 0]},
			"faces": {
				"north": {"uv": [8.5, 10.25, 8.375, 10.625], "texture": "#2"},
				"east": {"uv": [8.375, 10.25, 8.5, 10.625], "texture": "#2"},
				"south": {"uv": [8.375, 10.25, 8.5, 10.625], "texture": "#2"},
				"west": {"uv": [8.375, 10.25, 8.5, 10.625], "texture": "#2"},
				"up": {"uv": [8.375, 10.375, 8.5, 10.25], "texture": "#2"},
				"down": {"uv": [8.375, 10.625, 8.5, 10.5], "texture": "#2"}
			}
		},
		{
			"from": [6.275, 5.925, 7.45],
			"to": [6.775, 6.55, 7.6],
			"rotation": {"angle": 0, "axis": "y", "origin": [0, 0.1, 0]},
			"faces": {
				"north": {"uv": [9.375, 10.375, 8.875, 11], "texture": "#2"},
				"east": {"uv": [9.25, 10.375, 9.375, 11], "texture": "#2"},
				"south": {"uv": [8.875, 10.375, 9.375, 11], "texture": "#2"},
				"west": {"uv": [8.875, 10.375, 9, 11], "texture": "#2"},
				"up": {"uv": [8.875, 10.5, 9.375, 10.375], "texture": "#2"},
				"down": {"uv": [8.875, 11, 9.375, 10.875], "texture": "#2"}
			}
		},
		{
			"from": [5.9, 5.8, 7.45],
			"to": [6.275, 6.675, 7.6],
			"rotation": {"angle": 0, "axis": "y", "origin": [0, 0.1, 0]},
			"faces": {
				"north": {"uv": [8.875, 10.25, 8.5, 11.125], "texture": "#2"},
				"east": {"uv": [8.75, 10.25, 8.875, 11.125], "texture": "#2"},
				"south": {"uv": [8.5, 10.25, 8.875, 11.125], "texture": "#2"},
				"west": {"uv": [8.5, 10.25, 8.625, 11.125], "texture": "#2"},
				"up": {"uv": [8.5, 10.375, 8.875, 10.25], "texture": "#2"},
				"down": {"uv": [8.5, 11.125, 8.875, 11], "texture": "#2"}
			}
		},
		{
			"from": [9.525, 6.3, 7.45],
			"to": [9.65, 6.675, 7.6],
			"rotation": {"angle": 0, "axis": "y", "origin": [0, 0.1, 0]},
			"faces": {
				"north": {"uv": [12.25, 10.25, 12.125, 10.625], "texture": "#2"},
				"east": {"uv": [12.125, 10.25, 12.25, 10.625], "texture": "#2"},
				"south": {"uv": [12.125, 10.25, 12.25, 10.625], "texture": "#2"},
				"west": {"uv": [12.125, 10.25, 12.25, 10.625], "texture": "#2"},
				"up": {"uv": [12.125, 10.375, 12.25, 10.25], "texture": "#2"},
				"down": {"uv": [12.125, 10.625, 12.25, 10.5], "texture": "#2"}
			}
		},
		{
			"from": [9.65, 6.425, 7.45],
			"to": [9.775, 6.8, 7.6],
			"rotation": {"angle": 0, "axis": "y", "origin": [0, 0.1, 0]},
			"faces": {
				"north": {"uv": [12.375, 10.125, 12.25, 10.5], "texture": "#2"},
				"east": {"uv": [12.25, 10.125, 12.375, 10.5], "texture": "#2"},
				"south": {"uv": [12.25, 10.125, 12.375, 10.5], "texture": "#2"},
				"west": {"uv": [12.25, 10.125, 12.375, 10.5], "texture": "#2"},
				"up": {"uv": [12.25, 10.25, 12.375, 10.125], "texture": "#2"},
				"down": {"uv": [12.25, 10.5, 12.375, 10.375], "texture": "#2"}
			}
		},
		{
			"from": [9.775, 5.675, 7.45],
			"to": [9.9, 6.175, 7.6],
			"rotation": {"angle": 0, "axis": "y", "origin": [0, 0.1, 0]},
			"faces": {
				"north": {"uv": [12.5, 10.75, 12.375, 11.25], "texture": "#2"},
				"east": {"uv": [12.375, 10.75, 12.5, 11.25], "texture": "#2"},
				"south": {"uv": [12.375, 10.75, 12.5, 11.25], "texture": "#2"},
				"west": {"uv": [12.375, 10.75, 12.5, 11.25], "texture": "#2"},
				"up": {"uv": [12.375, 10.875, 12.5, 10.75], "texture": "#2"},
				"down": {"uv": [12.375, 11.25, 12.5, 11.125], "texture": "#2"}
			}
		},
		{
			"from": [9.775, 6.3, 7.45],
			"to": [9.9, 6.8, 7.6],
			"rotation": {"angle": 0, "axis": "y", "origin": [0, 0.1, 0]},
			"faces": {
				"north": {"uv": [12.5, 10.125, 12.375, 10.625], "texture": "#2"},
				"east": {"uv": [12.375, 10.125, 12.5, 10.625], "texture": "#2"},
				"south": {"uv": [12.375, 10.125, 12.5, 10.625], "texture": "#2"},
				"west": {"uv": [12.375, 10.125, 12.5, 10.625], "texture": "#2"},
				"up": {"uv": [12.375, 10.25, 12.5, 10.125], "texture": "#2"},
				"down": {"uv": [12.375, 10.625, 12.5, 10.5], "texture": "#2"}
			}
		},
		{
			"from": [9.9, 5.675, 7.45],
			"to": [10.025, 6.8, 7.6],
			"rotation": {"angle": 0, "axis": "y", "origin": [0, 0.1, 0]},
			"faces": {
				"north": {"uv": [12.625, 10.125, 12.5, 11.25], "texture": "#2"},
				"east": {"uv": [12.5, 10.125, 12.625, 11.25], "texture": "#2"},
				"south": {"uv": [12.5, 10.125, 12.625, 11.25], "texture": "#2"},
				"west": {"uv": [12.5, 10.125, 12.625, 11.25], "texture": "#2"},
				"up": {"uv": [12.5, 10.25, 12.625, 10.125], "texture": "#2"},
				"down": {"uv": [12.5, 11.25, 12.625, 11.125], "texture": "#2"}
			}
		},
		{
			"from": [10.025, 5.925, 7.45],
			"to": [10.15, 6.55, 7.6],
			"rotation": {"angle": 0, "axis": "y", "origin": [0, 0.1, 0]},
			"faces": {
				"north": {"uv": [12.75, 10.375, 12.625, 11], "texture": "#2"},
				"east": {"uv": [12.625, 10.375, 12.75, 11], "texture": "#2"},
				"south": {"uv": [12.625, 10.375, 12.75, 11], "texture": "#2"},
				"west": {"uv": [12.625, 10.375, 12.75, 11], "texture": "#2"},
				"up": {"uv": [12.625, 10.5, 12.75, 10.375], "texture": "#2"},
				"down": {"uv": [12.625, 11, 12.75, 10.875], "texture": "#2"}
			}
		},
		{
			"from": [9.65, 5.675, 7.45],
			"to": [9.775, 6.05, 7.6],
			"rotation": {"angle": 0, "axis": "y", "origin": [0, 0.1, 0]},
			"faces": {
				"north": {"uv": [12.375, 10.875, 12.25, 11.25], "texture": "#2"},
				"east": {"uv": [12.25, 10.875, 12.375, 11.25], "texture": "#2"},
				"south": {"uv": [12.25, 10.875, 12.375, 11.25], "texture": "#2"},
				"west": {"uv": [12.25, 10.875, 12.375, 11.25], "texture": "#2"},
				"up": {"uv": [12.25, 11, 12.375, 10.875], "texture": "#2"},
				"down": {"uv": [12.25, 11.25, 12.375, 11.125], "texture": "#2"}
			}
		},
		{
			"from": [9.525, 5.8, 7.45],
			"to": [9.65, 6.175, 7.6],
			"rotation": {"angle": 0, "axis": "y", "origin": [0, 0.1, 0]},
			"faces": {
				"north": {"uv": [12.25, 10.75, 12.125, 11.125], "texture": "#2"},
				"east": {"uv": [12.125, 10.75, 12.25, 11.125], "texture": "#2"},
				"south": {"uv": [12.125, 10.75, 12.25, 11.125], "texture": "#2"},
				"west": {"uv": [12.125, 10.75, 12.25, 11.125], "texture": "#2"},
				"up": {"uv": [12.125, 10.875, 12.25, 10.75], "texture": "#2"},
				"down": {"uv": [12.125, 11.125, 12.25, 11], "texture": "#2"}
			}
		},
		{
			"from": [7.025, 5.925, 7.4],
			"to": [7.15, 6.55, 7.65],
			"rotation": {"angle": 0, "axis": "y", "origin": [0, 0.1, 0]},
			"faces": {
				"north": {"uv": [9.75, 10.375, 9.625, 11], "texture": "#2"},
				"east": {"uv": [9.625, 10.375, 9.75, 11], "texture": "#2"},
				"south": {"uv": [9.625, 10.375, 9.75, 11], "texture": "#2"},
				"west": {"uv": [9.625, 10.375, 9.75, 11], "texture": "#2"},
				"up": {"uv": [9.625, 10.5, 9.75, 10.375], "texture": "#2"},
				"down": {"uv": [9.625, 11, 9.75, 10.875], "texture": "#2"}
			}
		},
		{
			"from": [8.275, 5.925, 7.4],
			"to": [8.4, 6.55, 7.65],
			"rotation": {"angle": 0, "axis": "y", "origin": [0, 0.1, 0]},
			"faces": {
				"north": {"uv": [11, 10.375, 10.875, 11], "texture": "#2"},
				"east": {"uv": [10.875, 10.375, 11, 11], "texture": "#2"},
				"south": {"uv": [10.875, 10.375, 11, 11], "texture": "#2"},
				"west": {"uv": [10.875, 10.375, 11, 11], "texture": "#2"},
				"up": {"uv": [10.875, 10.5, 11, 10.375], "texture": "#2"},
				"down": {"uv": [10.875, 11, 11, 10.875], "texture": "#2"}
			}
		},
		{
			"from": [7.6, 1.3, 6.95],
			"to": [7.825, 1.425, 7.075],
			"rotation": {"angle": 0, "axis": "y", "origin": [14.7, 0.85, 7.525]},
			"faces": {
				"north": {"uv": [10.75, 15.625, 10.875, 15.75], "texture": "#2"},
				"east": {"uv": [10.75, 15.625, 10.875, 15.75], "texture": "#2"},
				"south": {"uv": [10.75, 15.625, 10.875, 15.75], "texture": "#2"},
				"west": {"uv": [10.875, 15.625, 10.75, 15.75], "texture": "#2"},
				"up": {"uv": [10.75, 15.75, 10.875, 15.625], "rotation": 270, "texture": "#2"},
				"down": {"uv": [10.75, 15.75, 10.875, 15.625], "rotation": 90, "texture": "#2"}
			}
		},
		{
			"from": [7.6, 1.175, 7.325],
			"to": [7.825, 1.3, 7.725],
			"rotation": {"angle": 0, "axis": "y", "origin": [14.7, 0.85, 7.525]},
			"faces": {
				"north": {"uv": [10.375, 15.75, 10.5, 15.875], "texture": "#2"},
				"east": {"uv": [10.125, 15.75, 10.5, 15.875], "texture": "#2"},
				"south": {"uv": [10.125, 15.75, 10.25, 15.875], "texture": "#2"},
				"west": {"uv": [10.5, 15.75, 10.125, 15.875], "texture": "#2"},
				"up": {"uv": [10.125, 15.875, 10.5, 15.75], "rotation": 270, "texture": "#2"},
				"down": {"uv": [10.125, 15.875, 10.5, 15.75], "rotation": 90, "texture": "#2"}
			}
		},
		{
			"from": [7.6, 1.3, 7.2],
			"to": [7.825, 1.425, 7.85],
			"rotation": {"angle": 0, "axis": "y", "origin": [14.7, 0.85, 7.525]},
			"faces": {
				"north": {"uv": [10.5, 15.625, 10.625, 15.75], "texture": "#2"},
				"east": {"uv": [10, 15.625, 10.625, 15.75], "texture": "#2"},
				"south": {"uv": [10, 15.625, 10.125, 15.75], "texture": "#2"},
				"west": {"uv": [10.625, 15.625, 10, 15.75], "texture": "#2"},
				"up": {"uv": [10, 15.75, 10.625, 15.625], "rotation": 270, "texture": "#2"},
				"down": {"uv": [10, 15.75, 10.625, 15.625], "rotation": 90, "texture": "#2"}
			}
		},
		{
			"from": [7.6, 1.3, 7.975],
			"to": [7.825, 1.425, 8.1],
			"rotation": {"angle": 0, "axis": "y", "origin": [14.7, 0.85, 7.525]},
			"faces": {
				"north": {"uv": [9.75, 15.625, 9.875, 15.75], "texture": "#2"},
				"east": {"uv": [9.75, 15.625, 9.875, 15.75], "texture": "#2"},
				"south": {"uv": [9.75, 15.625, 9.875, 15.75], "texture": "#2"},
				"west": {"uv": [9.875, 15.625, 9.75, 15.75], "texture": "#2"},
				"up": {"uv": [9.75, 15.75, 9.875, 15.625], "rotation": 270, "texture": "#2"},
				"down": {"uv": [9.75, 15.75, 9.875, 15.625], "rotation": 90, "texture": "#2"}
			}
		},
		{
			"from": [7.6, 1.55, 6.7],
			"to": [7.825, 1.675, 8.35],
			"rotation": {"angle": 0, "axis": "y", "origin": [14.7, 0.85, 7.525]},
			"faces": {
				"north": {"uv": [11, 15.375, 11.125, 15.5], "texture": "#2"},
				"east": {"uv": [9.5, 15.375, 11.125, 15.5], "texture": "#2"},
				"south": {"uv": [9.5, 15.375, 9.625, 15.5], "texture": "#2"},
				"west": {"uv": [11.125, 15.375, 9.5, 15.5], "texture": "#2"},
				"up": {"uv": [9.5, 15.5, 11.125, 15.375], "rotation": 270, "texture": "#2"},
				"down": {"uv": [9.5, 15.5, 11.125, 15.375], "rotation": 90, "texture": "#2"}
			}
		},
		{
			"from": [7.6, 1.675, 6.825],
			"to": [7.825, 1.8, 8.225],
			"rotation": {"angle": 0, "axis": "y", "origin": [14.7, 0.85, 7.525]},
			"faces": {
				"north": {"uv": [10.875, 15.25, 11, 15.375], "texture": "#2"},
				"east": {"uv": [9.625, 15.25, 11, 15.375], "texture": "#2"},
				"south": {"uv": [9.625, 15.25, 9.75, 15.375], "texture": "#2"},
				"west": {"uv": [11, 15.25, 9.625, 15.375], "texture": "#2"},
				"up": {"uv": [9.625, 15.375, 11, 15.25], "rotation": 270, "texture": "#2"},
				"down": {"uv": [9.625, 15.375, 11, 15.25], "rotation": 90, "texture": "#2"}
			}
		},
		{
			"from": [7.6, 1.425, 6.825],
			"to": [7.825, 1.55, 8.225],
			"rotation": {"angle": 0, "axis": "y", "origin": [14.7, 0.85, 7.525]},
			"faces": {
				"north": {"uv": [10.875, 15.5, 11, 15.625], "texture": "#2"},
				"east": {"uv": [9.625, 15.5, 11, 15.625], "texture": "#2"},
				"south": {"uv": [9.625, 15.5, 9.75, 15.625], "texture": "#2"},
				"west": {"uv": [11, 15.5, 9.625, 15.625], "texture": "#2"},
				"up": {"uv": [9.625, 15.625, 11, 15.5], "rotation": 270, "texture": "#2"},
				"down": {"uv": [9.625, 15.625, 11, 15.5], "rotation": 90, "texture": "#2"}
			}
		},
		{
			"from": [7.6, 1.8, 6.95],
			"to": [7.825, 2.05, 8.1],
			"rotation": {"angle": 0, "axis": "y", "origin": [14.7, 0.85, 7.525]},
			"faces": {
				"north": {"uv": [10.75, 15, 10.875, 15.25], "texture": "#2"},
				"east": {"uv": [9.75, 15, 10.875, 15.25], "texture": "#2"},
				"south": {"uv": [9.75, 15, 9.875, 15.25], "texture": "#2"},
				"west": {"uv": [10.875, 15, 9.75, 15.25], "texture": "#2"},
				"up": {"uv": [9.75, 15.125, 10.875, 15], "rotation": 270, "texture": "#2"},
				"down": {"uv": [9.75, 15.25, 10.875, 15.125], "rotation": 90, "texture": "#2"}
			}
		},
		{
			"from": [7.6, 2.05, 7.075],
			"to": [7.825, 2.425, 7.975],
			"rotation": {"angle": 0, "axis": "y", "origin": [14.7, 0.85, 7.525]},
			"faces": {
				"north": {"uv": [10.625, 14.625, 10.75, 15], "texture": "#2"},
				"east": {"uv": [9.875, 14.625, 10.75, 15], "texture": "#2"},
				"south": {"uv": [9.875, 14.625, 10, 15], "texture": "#2"},
				"west": {"uv": [10.75, 14.625, 9.875, 15], "texture": "#2"},
				"up": {"uv": [9.875, 14.75, 10.75, 14.625], "rotation": 270, "texture": "#2"},
				"down": {"uv": [9.875, 15, 10.75, 14.875], "rotation": 90, "texture": "#2"}
			}
		},
		{
			"from": [7.6, 2.425, 7.2],
			"to": [7.825, 2.675, 7.85],
			"rotation": {"angle": 0, "axis": "y", "origin": [14.7, 0.85, 7.525]},
			"faces": {
				"north": {"uv": [10.5, 14.375, 10.625, 14.625], "texture": "#2"},
				"east": {"uv": [10, 14.375, 10.625, 14.625], "texture": "#2"},
				"south": {"uv": [10, 14.375, 10.125, 14.625], "texture": "#2"},
				"west": {"uv": [10.625, 14.375, 10, 14.625], "texture": "#2"},
				"up": {"uv": [10, 14.5, 10.625, 14.375], "rotation": 270, "texture": "#2"},
				"down": {"uv": [10, 14.625, 10.625, 14.5], "rotation": 90, "texture": "#2"}
			}
		},
		{
			"from": [7.525, 1.175, 7.425],
			"to": [7.9, 1.3, 7.625],
			"rotation": {"angle": 0, "axis": "y", "origin": [0, 0.1, 0]},
			"faces": {
				"north": {"uv": [10.5, 15.75, 10.125, 15.875], "texture": "#2"},
				"east": {"uv": [10.375, 15.75, 10.5, 15.875], "texture": "#2"},
				"south": {"uv": [10.125, 15.75, 10.5, 15.875], "texture": "#2"},
				"west": {"uv": [10.125, 15.75, 10.25, 15.875], "texture": "#2"},
				"up": {"uv": [10.125, 15.875, 10.5, 15.75], "texture": "#2"},
				"down": {"uv": [10.125, 15.875, 10.5, 15.75], "texture": "#2"}
			}
		},
		{
			"from": [7.4, 1.3, 7.425],
			"to": [8.025, 1.425, 7.625],
			"rotation": {"angle": 0, "axis": "y", "origin": [0, 0.1, 0]},
			"faces": {
				"north": {"uv": [10.625, 15.625, 10, 15.75], "texture": "#2"},
				"east": {"uv": [10.5, 15.625, 10.625, 15.75], "texture": "#2"},
				"south": {"uv": [10, 15.625, 10.625, 15.75], "texture": "#2"},
				"west": {"uv": [10, 15.625, 10.125, 15.75], "texture": "#2"},
				"up": {"uv": [10, 15.75, 10.625, 15.625], "texture": "#2"},
				"down": {"uv": [10, 15.75, 10.625, 15.625], "texture": "#2"}
			}
		},
		{
			"from": [6.9, 1.55, 7.425],
			"to": [8.525, 1.675, 7.625],
			"rotation": {"angle": 0, "axis": "y", "origin": [0, 0.1, 0]},
			"faces": {
				"north": {"uv": [11.125, 15.375, 9.5, 15.5], "texture": "#2"},
				"east": {"uv": [11, 15.375, 11.125, 15.5], "texture": "#2"},
				"south": {"uv": [9.5, 15.375, 11.125, 15.5], "texture": "#2"},
				"west": {"uv": [9.5, 15.375, 9.625, 15.5], "texture": "#2"},
				"up": {"uv": [9.5, 15.5, 11.125, 15.375], "texture": "#2"},
				"down": {"uv": [9.5, 15.5, 11.125, 15.375], "texture": "#2"}
			}
		},
		{
			"from": [7.15, 1.3, 7.425],
			"to": [7.275, 1.425, 7.625],
			"rotation": {"angle": 0, "axis": "y", "origin": [0, 0.1, 0]},
			"faces": {
				"north": {"uv": [9.875, 15.625, 9.75, 15.75], "texture": "#2"},
				"east": {"uv": [9.75, 15.625, 9.875, 15.75], "texture": "#2"},
				"south": {"uv": [9.75, 15.625, 9.875, 15.75], "texture": "#2"},
				"west": {"uv": [9.75, 15.625, 9.875, 15.75], "texture": "#2"},
				"up": {"uv": [9.75, 15.75, 9.875, 15.625], "texture": "#2"},
				"down": {"uv": [9.75, 15.75, 9.875, 15.625], "texture": "#2"}
			}
		},
		{
			"from": [8.15, 1.3, 7.425],
			"to": [8.275, 1.425, 7.625],
			"rotation": {"angle": 0, "axis": "y", "origin": [0, 0.1, 0]},
			"faces": {
				"north": {"uv": [10.875, 15.625, 10.75, 15.75], "texture": "#2"},
				"east": {"uv": [10.75, 15.625, 10.875, 15.75], "texture": "#2"},
				"south": {"uv": [10.75, 15.625, 10.875, 15.75], "texture": "#2"},
				"west": {"uv": [10.75, 15.625, 10.875, 15.75], "texture": "#2"},
				"up": {"uv": [10.75, 15.75, 10.875, 15.625], "texture": "#2"},
				"down": {"uv": [10.75, 15.75, 10.875, 15.625], "texture": "#2"}
			}
		},
		{
			"from": [7.6, 1.05, 7.425],
			"to": [7.825, 1.175, 7.625],
			"rotation": {"angle": 0, "axis": "y", "origin": [0, 0.1, 0]},
			"faces": {
				"north": {"uv": [10.375, 15.875, 10.25, 16], "texture": "#2"},
				"east": {"uv": [10.25, 15.875, 10.375, 16], "texture": "#2"},
				"south": {"uv": [10.25, 15.875, 10.375, 16], "texture": "#2"},
				"west": {"uv": [10.25, 15.875, 10.375, 16], "texture": "#2"},
				"up": {"uv": [10.25, 16, 10.375, 15.875], "texture": "#2"},
				"down": {"uv": [10.25, 16, 10.375, 15.875], "texture": "#2"}
			}
		},
		{
			"from": [7.025, 1.675, 7.425],
			"to": [8.4, 1.8, 7.625],
			"rotation": {"angle": 0, "axis": "y", "origin": [0, 0.1, 0]},
			"faces": {
				"north": {"uv": [11, 15.25, 9.625, 15.375], "texture": "#2"},
				"east": {"uv": [10.875, 15.25, 11, 15.375], "texture": "#2"},
				"south": {"uv": [9.625, 15.25, 11, 15.375], "texture": "#2"},
				"west": {"uv": [9.625, 15.25, 9.75, 15.375], "texture": "#2"},
				"up": {"uv": [9.625, 15.375, 11, 15.25], "texture": "#2"},
				"down": {"uv": [9.625, 15.375, 11, 15.25], "texture": "#2"}
			}
		},
		{
			"from": [7.025, 1.425, 7.425],
			"to": [8.4, 1.55, 7.625],
			"rotation": {"angle": 0, "axis": "y", "origin": [0, 0.1, 0]},
			"faces": {
				"north": {"uv": [11, 15.5, 9.625, 15.625], "texture": "#2"},
				"east": {"uv": [10.875, 15.5, 11, 15.625], "texture": "#2"},
				"south": {"uv": [9.625, 15.5, 11, 15.625], "texture": "#2"},
				"west": {"uv": [9.625, 15.5, 9.75, 15.625], "texture": "#2"},
				"up": {"uv": [9.625, 15.625, 11, 15.5], "texture": "#2"},
				"down": {"uv": [9.625, 15.625, 11, 15.5], "texture": "#2"}
			}
		},
		{
			"from": [7.15, 1.8, 7.425],
			"to": [8.275, 2.05, 7.625],
			"rotation": {"angle": 0, "axis": "y", "origin": [0, 0.1, 0]},
			"faces": {
				"north": {"uv": [10.875, 15, 9.75, 15.25], "texture": "#2"},
				"east": {"uv": [10.75, 15, 10.875, 15.25], "texture": "#2"},
				"south": {"uv": [9.75, 15, 10.875, 15.25], "texture": "#2"},
				"west": {"uv": [9.75, 15, 9.875, 15.25], "texture": "#2"},
				"up": {"uv": [9.75, 15.125, 10.875, 15], "texture": "#2"},
				"down": {"uv": [9.75, 15.25, 10.875, 15.125], "texture": "#2"}
			}
		},
		{
			"from": [7.275, 2.05, 7.425],
			"to": [8.15, 2.425, 7.625],
			"rotation": {"angle": 0, "axis": "y", "origin": [0, 0.1, 0]},
			"faces": {
				"north": {"uv": [10.75, 14.625, 9.875, 15], "texture": "#2"},
				"east": {"uv": [10.625, 14.625, 10.75, 15], "texture": "#2"},
				"south": {"uv": [9.875, 14.625, 10.75, 15], "texture": "#2"},
				"west": {"uv": [9.875, 14.625, 10, 15], "texture": "#2"},
				"up": {"uv": [9.875, 14.75, 10.75, 14.625], "texture": "#2"},
				"down": {"uv": [9.875, 15, 10.75, 14.875], "texture": "#2"}
			}
		},
		{
			"from": [7.4, 2.425, 7.425],
			"to": [8.025, 2.675, 7.625],
			"rotation": {"angle": 0, "axis": "y", "origin": [0, 0.1, 0]},
			"faces": {
				"north": {"uv": [10.625, 14.375, 10, 14.625], "texture": "#2"},
				"east": {"uv": [10.5, 14.375, 10.625, 14.625], "texture": "#2"},
				"south": {"uv": [10, 14.375, 10.625, 14.625], "texture": "#2"},
				"west": {"uv": [10, 14.375, 10.125, 14.625], "texture": "#2"},
				"up": {"uv": [10, 14.5, 10.625, 14.375], "texture": "#2"},
				"down": {"uv": [10, 14.625, 10.625, 14.5], "texture": "#2"}
			}
		},
		{
			"from": [8.025, 5.925, 7.3],
			"to": [8.275, 6.55, 7.75],
			"rotation": {"angle": 0, "axis": "y", "origin": [0, 0.1, 0]},
			"faces": {
				"north": {"uv": [10.875, 10.375, 10.625, 11], "texture": "#2"},
				"east": {"uv": [10.75, 10.375, 10.875, 11], "texture": "#2"},
				"south": {"uv": [10.625, 10.375, 10.875, 11], "texture": "#2"},
				"west": {"uv": [10.625, 10.375, 10.75, 11], "texture": "#2"},
				"up": {"uv": [10.625, 10.5, 10.875, 10.375], "texture": "#2"},
				"down": {"uv": [10.625, 11, 10.875, 10.875], "texture": "#2"}
			}
		},
		{
			"from": [7.4, 5.925, 7.2],
			"to": [8.025, 6.55, 7.85],
			"rotation": {"angle": 0, "axis": "y", "origin": [0, 0.1, 0]},
			"faces": {
				"north": {"uv": [10.625, 10.375, 10, 11], "texture": "#2"},
				"east": {"uv": [10.5, 10.375, 10.625, 11], "texture": "#2"},
				"south": {"uv": [10, 10.375, 10.625, 11], "texture": "#2"},
				"west": {"uv": [10, 10.375, 10.125, 11], "texture": "#2"},
				"up": {"uv": [10, 10.5, 10.625, 10.375], "texture": "#2"},
				"down": {"uv": [10, 11, 10.625, 10.875], "texture": "#2"}
			}
		},
		{
			"from": [7.15, 5.925, 7.3],
			"to": [7.4, 6.55, 7.75],
			"rotation": {"angle": 0, "axis": "y", "origin": [0, 0.1, 0]},
			"faces": {
				"north": {"uv": [10, 10.375, 9.75, 11], "texture": "#2"},
				"east": {"uv": [9.875, 10.375, 10, 11], "texture": "#2"},
				"south": {"uv": [9.75, 10.375, 10, 11], "texture": "#2"},
				"west": {"uv": [9.75, 10.375, 9.875, 11], "texture": "#2"},
				"up": {"uv": [9.75, 10.5, 10, 10.375], "texture": "#2"},
				"down": {"uv": [9.75, 11, 10, 10.875], "texture": "#2"}
			}
		},
		{
			"from": [7.6, 2.675, 7.325],
			"to": [7.825, 4.175, 7.725],
			"rotation": {"angle": 0, "axis": "y", "origin": [0, 0.1, 0]},
			"faces": {
				"north": {"uv": [10.5, 12.875, 10.125, 14.375], "texture": "#2"},
				"east": {"uv": [11.125, 12.875, 11.75, 14.375], "texture": "#2"},
				"south": {"uv": [10.125, 12.875, 10.5, 14.375], "texture": "#2"},
				"west": {"uv": [8.875, 12.875, 9.5, 14.375], "texture": "#2"},
				"up": {"uv": [10, 13, 10.625, 12.875], "texture": "#2"},
				"down": {"uv": [10, 14.375, 10.625, 14.25], "texture": "#2"}
			}
		},
		{
			"from": [7.525, 4.175, 7.275],
			"to": [7.9, 5.425, 7.775],
			"rotation": {"angle": 0, "axis": "y", "origin": [0, 0.1, 0]},
			"faces": {
				"north": {"uv": [10.625, 11.625, 10, 12.875], "texture": "#2"},
				"east": {"uv": [11, 11.625, 11.875, 12.875], "texture": "#2"},
				"south": {"uv": [10, 11.625, 10.625, 12.875], "texture": "#2"},
				"west": {"uv": [8.75, 11.625, 9.625, 12.875], "texture": "#2"},
				"up": {"uv": [9.875, 11.75, 10.75, 11.625], "texture": "#2"},
				"down": {"uv": [9.875, 12.875, 10.75, 12.75], "texture": "#2"}
			}
		},
		{
			"from": [7.45, 5.425, 7.225],
			"to": [7.975, 5.925, 7.825],
			"rotation": {"angle": 0, "axis": "y", "origin": [0, 0.1, 0]},
			"faces": {
				"north": {"uv": [10.75, 11.125, 9.875, 11.625], "texture": "#2"},
				"east": {"uv": [10.875, 11.125, 12, 11.625], "texture": "#2"},
				"south": {"uv": [9.875, 11.125, 10.75, 11.625], "texture": "#2"},
				"west": {"uv": [8.625, 11.125, 9.75, 11.625], "texture": "#2"},
				"up": {"uv": [9.75, 11.25, 10.875, 11.125], "texture": "#2"},
				"down": {"uv": [9.75, 11.625, 10.875, 11.5], "texture": "#2"}
			}
		},
		{
			"from": [7.45, 2.675, 7.425],
			"to": [7.975, 4.175, 7.625],
			"rotation": {"angle": 0, "axis": "y", "origin": [0, 0.1, 0]},
			"faces": {
				"north": {"uv": [10.625, 12.875, 10, 14.375], "texture": "#2"},
				"east": {"uv": [11.25, 12.875, 11.625, 14.375], "texture": "#2"},
				"south": {"uv": [10, 12.875, 10.625, 14.375], "texture": "#2"},
				"west": {"uv": [9, 12.875, 9.375, 14.375], "texture": "#2"},
				"up": {"uv": [10, 13, 10.625, 12.875], "texture": "#2"},
				"down": {"uv": [10, 14.375, 10.625, 14.25], "texture": "#2"}
			}
		},
		{
			"from": [7.375, 4.175, 7.375],
			"to": [8.05, 5.425, 7.675],
			"rotation": {"angle": 0, "axis": "y", "origin": [0, 0.1, 0]},
			"faces": {
				"north": {"uv": [10.75, 11.625, 9.875, 12.875], "texture": "#2"},
				"east": {"uv": [11.125, 11.625, 11.75, 12.875], "texture": "#2"},
				"south": {"uv": [9.875, 11.625, 10.75, 12.875], "texture": "#2"},
				"west": {"uv": [8.875, 11.625, 9.5, 12.875], "texture": "#2"},
				"up": {"uv": [9.875, 11.75, 10.75, 11.625], "texture": "#2"},
				"down": {"uv": [9.875, 12.875, 10.75, 12.75], "texture": "#2"}
			}
		},
		{
			"from": [7.3, 5.425, 7.325],
			"to": [8.125, 5.925, 7.725],
			"rotation": {"angle": 0, "axis": "y", "origin": [0, 0.1, 0]},
			"faces": {
				"north": {"uv": [10.875, 11.125, 9.75, 11.625], "texture": "#2"},
				"east": {"uv": [11, 11.125, 11.875, 11.625], "texture": "#2"},
				"south": {"uv": [9.75, 11.125, 10.875, 11.625], "texture": "#2"},
				"west": {"uv": [8.75, 11.125, 9.625, 11.625], "texture": "#2"},
				"up": {"uv": [9.75, 11.25, 10.875, 11.125], "texture": "#2"},
				"down": {"uv": [9.75, 11.625, 10.875, 11.5], "texture": "#2"}
			}
		},
		{
			"from": [7.15, 8.175, 7.475],
			"to": [8.275, 17.675, 7.575],
			"rotation": {"angle": 0, "axis": "y", "origin": [0, 0.1, 0]},
			"faces": {
				"north": {"uv": [7.625, 4.875, 6.5, 14.375], "texture": "#2"},
				"east": {"uv": [7.5, 4.875, 7.625, 14.375], "texture": "#2"},
				"south": {"uv": [6.5, 4.875, 7.625, 14.375], "texture": "#2"},
				"west": {"uv": [6.5, 4.875, 6.625, 14.375], "texture": "#2"},
				"up": {"uv": [6.5, 5, 7.625, 4.875], "texture": "#2"},
				"down": {"uv": [6.5, 14.375, 7.625, 14.25], "texture": "#2"}
			}
		},
		{
			"from": [7.275, 7.05, 7.475],
			"to": [8.15, 8.175, 7.575],
			"rotation": {"angle": 0, "axis": "y", "origin": [0, 0.1, 0]},
			"faces": {
				"north": {"uv": [7.5, 14.375, 6.625, 15.5], "texture": "#2"},
				"east": {"uv": [7.375, 14.375, 7.5, 15.5], "texture": "#2"},
				"south": {"uv": [6.625, 14.375, 7.5, 15.5], "texture": "#2"},
				"west": {"uv": [6.625, 14.375, 6.75, 15.5], "texture": "#2"},
				"up": {"uv": [6.625, 14.5, 7.5, 14.375], "texture": "#2"},
				"down": {"uv": [6.625, 15.5, 7.5, 15.375], "texture": "#2"}
			}
		},
		{
			"from": [7.15, 6.55, 7.45],
			"to": [8.275, 7.05, 7.6],
			"rotation": {"angle": 0, "axis": "y", "origin": [0, 0.1, 0]},
			"faces": {
				"north": {"uv": [7.625, 15.5, 6.5, 16], "texture": "#2"},
				"east": {"uv": [7.5, 15.5, 7.625, 16], "texture": "#2"},
				"south": {"uv": [6.5, 15.5, 7.625, 16], "texture": "#2"},
				"west": {"uv": [6.5, 15.5, 6.625, 16], "texture": "#2"},
				"up": {"uv": [6.5, 15.625, 7.625, 15.5], "texture": "#2"},
				"down": {"uv": [6.5, 16, 7.625, 15.875], "texture": "#2"}
			}
		},
		{
			"from": [7.65, 18.8, 7.375],
			"to": [7.775, 19.425, 7.675],
			"rotation": {"angle": 0, "axis": "y", "origin": [0, 0.1, 0]},
			"faces": {
				"north": {"uv": [7.125, 3.125, 7, 3.75], "texture": "#2"},
				"east": {"uv": [7, 3.125, 7.125, 3.75], "texture": "#2"},
				"south": {"uv": [7, 3.125, 7.125, 3.75], "texture": "#2"},
				"west": {"uv": [7, 3.125, 7.125, 3.75], "texture": "#2"},
				"up": {"uv": [7, 3.25, 7.125, 3.125], "texture": "#2"},
				"down": {"uv": [7, 3.75, 7.125, 3.625], "texture": "#2"}
			}
		},
		{
			"from": [7.525, 17.675, 7.375],
			"to": [7.9, 18.8, 7.675],
			"rotation": {"angle": 0, "axis": "y", "origin": [0, 0.1, 0]},
			"faces": {
				"north": {"uv": [7.25, 3.75, 6.875, 4.875], "texture": "#2"},
				"east": {"uv": [7.125, 3.75, 7.25, 4.875], "texture": "#2"},
				"south": {"uv": [6.875, 3.75, 7.25, 4.875], "texture": "#2"},
				"west": {"uv": [6.875, 3.75, 7, 4.875], "texture": "#2"},
				"up": {"uv": [6.875, 3.875, 7.25, 3.75], "texture": "#2"},
				"down": {"uv": [6.875, 4.875, 7.25, 4.75], "texture": "#2"}
			}
		},
		{
			"from": [7.4, 8.175, 7.375],
			"to": [8.025, 17.675, 7.675],
			"rotation": {"angle": 0, "axis": "y", "origin": [0, 0.1, 0]},
			"faces": {
				"north": {"uv": [7.375, 4.875, 6.75, 14.375], "texture": "#2"},
				"east": {"uv": [7.25, 4.875, 7.375, 14.375], "texture": "#2"},
				"south": {"uv": [6.75, 4.875, 7.375, 14.375], "texture": "#2"},
				"west": {"uv": [6.75, 4.875, 6.875, 14.375], "texture": "#2"},
				"up": {"uv": [6.75, 5, 7.375, 4.875], "texture": "#2"},
				"down": {"uv": [6.75, 14.375, 7.375, 14.25], "texture": "#2"}
			}
		},
		{
			"from": [7.525, 7.05, 7.375],
			"to": [7.9, 8.175, 7.675],
			"rotation": {"angle": 0, "axis": "y", "origin": [0, 0.1, 0]},
			"faces": {
				"north": {"uv": [7.25, 14.375, 6.875, 15.5], "texture": "#2"},
				"east": {"uv": [7.125, 14.375, 7.25, 15.5], "texture": "#2"},
				"south": {"uv": [6.875, 14.375, 7.25, 15.5], "texture": "#2"},
				"west": {"uv": [6.875, 14.375, 7, 15.5], "texture": "#2"},
				"up": {"uv": [6.875, 14.5, 7.25, 14.375], "texture": "#2"},
				"down": {"uv": [6.875, 15.5, 7.25, 15.375], "texture": "#2"}
			}
		},
		{
			"from": [7.4, 6.55, 7.35],
			"to": [8.025, 7.05, 7.7],
			"rotation": {"angle": 0, "axis": "y", "origin": [0, 0.1, 0]},
			"faces": {
				"north": {"uv": [7.375, 15.5, 6.75, 16], "texture": "#2"},
				"east": {"uv": [7.25, 15.5, 7.375, 16], "texture": "#2"},
				"south": {"uv": [6.75, 15.5, 7.375, 16], "texture": "#2"},
				"west": {"uv": [6.75, 15.5, 6.875, 16], "texture": "#2"},
				"up": {"uv": [6.75, 15.625, 7.375, 15.5], "texture": "#2"},
				"down": {"uv": [6.75, 16, 7.375, 15.875], "texture": "#2"}
			}
		},
		{
			"from": [7.275, 17.675, 7.475],
			"to": [8.15, 18.8, 7.575],
			"rotation": {"angle": 0, "axis": "y", "origin": [0, 0.1, 0]},
			"faces": {
				"north": {"uv": [7.5, 3.75, 6.625, 4.875], "texture": "#2"},
				"east": {"uv": [7.375, 3.75, 7.5, 4.875], "texture": "#2"},
				"south": {"uv": [6.625, 3.75, 7.5, 4.875], "texture": "#2"},
				"west": {"uv": [6.625, 3.75, 6.75, 4.875], "texture": "#2"},
				"up": {"uv": [6.625, 3.875, 7.5, 3.75], "texture": "#2"},
				"down": {"uv": [6.625, 4.875, 7.5, 4.75], "texture": "#2"}
			}
		},
		{
			"from": [7.4, 18.8, 7.475],
			"to": [8.025, 19.425, 7.575],
			"rotation": {"angle": 0, "axis": "y", "origin": [0, 0.1, 0]},
			"faces": {
				"north": {"uv": [7.375, 3.125, 6.75, 3.75], "texture": "#2"},
				"east": {"uv": [7.25, 3.125, 7.375, 3.75], "texture": "#2"},
				"south": {"uv": [6.75, 3.125, 7.375, 3.75], "texture": "#2"},
				"west": {"uv": [6.75, 3.125, 6.875, 3.75], "texture": "#2"},
				"up": {"uv": [6.75, 3.25, 7.375, 3.125], "texture": "#2"},
				"down": {"uv": [6.75, 3.75, 7.375, 3.625], "texture": "#2"}
			}
		},
		{
			"from": [7.525, 19.425, 7.475],
			"to": [7.9, 19.8, 7.575],
			"rotation": {"angle": 0, "axis": "y", "origin": [0, 0.1, 0]},
			"faces": {
				"north": {"uv": [7.25, 2.75, 6.875, 3.125], "texture": "#2"},
				"east": {"uv": [7.125, 2.75, 7.25, 3.125], "texture": "#2"},
				"south": {"uv": [6.875, 2.75, 7.25, 3.125], "texture": "#2"},
				"west": {"uv": [6.875, 2.75, 7, 3.125], "texture": "#2"},
				"up": {"uv": [6.875, 2.875, 7.25, 2.75], "texture": "#2"},
				"down": {"uv": [6.875, 3.125, 7.25, 3], "texture": "#2"}
			}
		},
		{
			"from": [7.65, 19.8, 7.475],
			"to": [7.775, 20.05, 7.575],
			"rotation": {"angle": 0, "axis": "y", "origin": [0, 0.1, 0]},
			"faces": {
				"north": {"uv": [7.125, 2.5, 7, 2.75], "texture": "#2"},
				"east": {"uv": [7, 2.5, 7.125, 2.75], "texture": "#2"},
				"south": {"uv": [7, 2.5, 7.125, 2.75], "texture": "#2"},
				"west": {"uv": [7, 2.5, 7.125, 2.75], "texture": "#2"},
				"up": {"uv": [7, 2.625, 7.125, 2.5], "texture": "#2"},
				"down": {"uv": [7, 2.75, 7.125, 2.625], "texture": "#2"}
			}
		}
	],
	"gui_light": "front",
	"display": {
		"thirdperson_righthand": {
			"rotation": [0, -90, 0],
			"translation": [-1, 2.75, 1.5],
			"scale": [1.3, 1.3, 1.3]
		},
		"thirdperson_lefthand": {
			"rotation": [0, 90, 0],
			"translation": [0.25, 2.75, 1.5],
			"scale": [1.3, 1.3, 1.3]
		},
		"firstperson_righthand": {
			"rotation": [55, -90, 60],
			"translation": [-1.25, 4.25, 2],
			"scale": [0.9, 0.9, 0.9]
		},
		"firstperson_lefthand": {
			"rotation": [-65, 90, 60],
			"translation": [-0.75, 4.25, 2],
			"scale": [0.9, 0.9, 0.9]
		},
		"ground": {
			"rotation": [45, 90, 0],
			"translation": [0, 1, 0],
			"scale": [0.6, 0.6, 0.6]
		},
		"gui": {
			"rotation": [0, 0, -45],
			"translation": [-1.75, -2.25, 0],
			"scale": [1.1, 1.1, 1.1]
		},
		"head": {
			"translation": [0, 9.75, 0]
		},
		"fixed": {
			"rotation": [180, 0, 135],
			"translation": [2.25, -2.75, -0.5],
			"scale": [1.4, 1.4, 1.4]
		}
	}
}