{
	"credit": "Made with Blockbench",
	"textures": {
		"0": "./teutonic_shield_back",
		"1": "./teutonic_shield",
		"particle": "./teutonic_shield"
	},
	"elements": [
		{
			"from": [7.65, 6.5, 4.9],
			"to": [8.4, 10.25, 5.5],
			"rotation": {"angle": 0, "axis": "y", "origin": [8.025, 7.875, 7.4]},
			"faces": {
				"north": {"uv": [14.25, 4, 15, 7.75], "texture": "#0"},
				"east": {"uv": [14.75, 4, 15, 7.75], "texture": "#0"},
				"south": {"uv": [15, 4, 14.25, 7.75], "texture": "#0"},
				"west": {"uv": [14.25, 4, 14.5, 7.75], "texture": "#0"},
				"up": {"uv": [15, 4, 14.25, 4.25], "texture": "#0"},
				"down": {"uv": [15, 7.5, 14.25, 7.75], "texture": "#0"}
			}
		},
		{
			"from": [7.65, 10.25, 5.25],
			"to": [8.4, 10.75, 7.1],
			"rotation": {"angle": 0, "axis": "y", "origin": [8.025, 7.875, 7.4]},
			"faces": {
				"north": {"uv": [14.25, 3.75, 15, 4], "texture": "#0"},
				"east": {"uv": [14.75, 3.5, 15, 4], "texture": "#0"},
				"south": {"uv": [15, 3.5, 14.25, 3.75], "texture": "#0"},
				"west": {"uv": [14.25, 3.5, 14.5, 4], "texture": "#0"},
				"up": {"uv": [15, 3.5, 14.25, 4], "texture": "#0"},
				"down": {"uv": [15, 3.5, 14.25, 4], "texture": "#0"}
			}
		},
		{
			"from": [7.65, 6, 5.25],
			"to": [8.4, 6.5, 7.1],
			"rotation": {"angle": 0, "axis": "y", "origin": [8.025, 7.875, 7.4]},
			"faces": {
				"north": {"uv": [14.25, 8, 15, 8.25], "texture": "#0"},
				"east": {"uv": [14.75, 7.75, 15, 8.25], "texture": "#0"},
				"south": {"uv": [15, 7.75, 14.25, 8], "texture": "#0"},
				"west": {"uv": [14.25, 7.75, 14.5, 8.25], "texture": "#0"},
				"up": {"uv": [15, 7.75, 14.25, 8.25], "texture": "#0"},
				"down": {"uv": [15, 7.75, 14.25, 8.25], "texture": "#0"}
			}
		},
		{
			"from": [6.4, 13.75, 6.975],
			"to": [9.65, 14.25, 7.525],
			"rotation": {"angle": 0, "axis": "y", "origin": [8.025, 7.875, 7.425]},
			"faces": {
				"north": {"uv": [9.5, 0, 6.25, 0.5], "texture": "#0"},
				"east": {"uv": [9.25, 0, 9.5, 0.5], "texture": "#1"},
				"south": {"uv": [6.25, 0, 9.5, 0.5], "texture": "#1"},
				"west": {"uv": [6.25, 0, 6.5, 0.5], "texture": "#1"},
				"up": {"uv": [6.25, 0, 9.5, 0.25], "texture": "#1"},
				"down": {"uv": [6.25, 0.25, 9.5, 0.5], "texture": "#1"}
			}
		},
		{
			"from": [4.775, 13.5, 7.6],
			"to": [6.275, 14, 8.15],
			"rotation": {"angle": -22.5, "axis": "y", "origin": [7.9, 7.875, 8.05]},
			"faces": {
				"north": {"uv": [6.25, 0.25, 4.75, 0.75], "texture": "#0"},
				"east": {"uv": [6, 0.25, 6.25, 0.75], "texture": "#1"},
				"south": {"uv": [4.75, 0.25, 6.25, 0.75], "texture": "#1"},
				"west": {"uv": [4.75, 0.25, 5, 0.75], "texture": "#1"},
				"up": {"uv": [6.25, 0.25, 4.75, 0.5], "texture": "#1"},
				"down": {"uv": [6.25, 0.5, 4.75, 0.75], "texture": "#1"}
			}
		},
		{
			"from": [3.775, 13.25, 7.6],
			"to": [4.775, 13.75, 8.15],
			"rotation": {"angle": -22.5, "axis": "y", "origin": [7.9, 7.875, 8.05]},
			"faces": {
				"north": {"uv": [4.75, 0.5, 3.75, 1], "texture": "#0"},
				"east": {"uv": [4.5, 0.5, 4.75, 1], "texture": "#1"},
				"south": {"uv": [3.75, 0.5, 4.75, 1], "texture": "#1"},
				"west": {"uv": [3.75, 0.5, 4, 1], "texture": "#1"},
				"up": {"uv": [4.75, 0.5, 3.75, 0.75], "texture": "#1"},
				"down": {"uv": [4.75, 0.75, 3.75, 1], "texture": "#1"}
			}
		},
		{
			"from": [2.775, 13, 7.6],
			"to": [3.775, 13.5, 8.15],
			"rotation": {"angle": -22.5, "axis": "y", "origin": [7.9, 7.875, 8.05]},
			"faces": {
				"north": {"uv": [3.75, 0.75, 2.75, 1.25], "texture": "#0"},
				"east": {"uv": [3.5, 0.75, 3.75, 1.25], "texture": "#1"},
				"south": {"uv": [2.75, 0.75, 3.75, 1.25], "texture": "#1"},
				"west": {"uv": [2.75, 0.75, 3, 1.25], "texture": "#1"},
				"up": {"uv": [3.75, 0.75, 2.75, 1], "texture": "#1"},
				"down": {"uv": [3.75, 1, 2.75, 1.25], "texture": "#1"}
			}
		},
		{
			"from": [9.775, 13.5, 7.6],
			"to": [11.275, 14, 8.15],
			"rotation": {"angle": 22.5, "axis": "y", "origin": [8.15, 7.875, 8.05]},
			"faces": {
				"north": {"uv": [11, 0.25, 9.5, 0.75], "texture": "#0"},
				"east": {"uv": [10.75, 0.25, 11, 0.75], "texture": "#1"},
				"south": {"uv": [9.5, 0.25, 11, 0.75], "texture": "#1"},
				"west": {"uv": [9.5, 0.25, 9.75, 0.75], "texture": "#1"},
				"up": {"uv": [9.5, 0.25, 11, 0.5], "texture": "#1"},
				"down": {"uv": [9.5, 0.5, 11, 0.75], "texture": "#1"}
			}
		},
		{
			"from": [11.275, 13.25, 7.6],
			"to": [12.275, 13.75, 8.15],
			"rotation": {"angle": 22.5, "axis": "y", "origin": [8.15, 7.875, 8.05]},
			"faces": {
				"north": {"uv": [12, 0.5, 11, 1], "texture": "#0"},
				"east": {"uv": [11.75, 0.5, 12, 1], "texture": "#1"},
				"south": {"uv": [11, 0.5, 12, 1], "texture": "#1"},
				"west": {"uv": [11, 0.5, 11.25, 1], "texture": "#1"},
				"up": {"uv": [11, 0.5, 12, 0.75], "texture": "#1"},
				"down": {"uv": [11, 0.75, 12, 1], "texture": "#1"}
			}
		},
		{
			"from": [12.275, 13, 7.6],
			"to": [13.275, 13.5, 8.15],
			"rotation": {"angle": 22.5, "axis": "y", "origin": [8.15, 7.875, 8.05]},
			"faces": {
				"north": {"uv": [13, 0.75, 12, 1.25], "texture": "#0"},
				"east": {"uv": [12.75, 0.75, 13, 1.25], "texture": "#1"},
				"south": {"uv": [12, 0.75, 13, 1.25], "texture": "#1"},
				"west": {"uv": [12, 0.75, 12.25, 1.25], "texture": "#1"},
				"up": {"uv": [12, 0.75, 13, 1], "texture": "#1"},
				"down": {"uv": [12, 1, 13, 1.25], "texture": "#1"}
			}
		},
		{
			"from": [2.275, 5.75, 7.6],
			"to": [2.775, 13.25, 8.15],
			"rotation": {"angle": -22.5, "axis": "y", "origin": [7.9, 7.875, 8.05]},
			"faces": {
				"north": {"uv": [2.75, 1, 2.25, 8.5], "texture": "#0"},
				"east": {"uv": [2.5, 1, 2.75, 8.5], "texture": "#1"},
				"south": {"uv": [2.25, 1, 2.75, 8.5], "texture": "#1"},
				"west": {"uv": [2.25, 1, 2.5, 8.5], "texture": "#1"},
				"up": {"uv": [2.25, 1, 2.75, 1.25], "texture": "#1"},
				"down": {"uv": [2.25, 8.25, 2.75, 8.5], "texture": "#1"}
			}
		},
		{
			"from": [13.275, 5.75, 7.6],
			"to": [13.775, 13.25, 8.15],
			"rotation": {"angle": 22.5, "axis": "y", "origin": [8.15, 7.875, 8.05]},
			"faces": {
				"north": {"uv": [13.5, 1, 13, 8.5], "texture": "#0"},
				"east": {"uv": [13.25, 1, 13.5, 8.5], "texture": "#1"},
				"south": {"uv": [13, 1, 13.5, 8.5], "texture": "#1"},
				"west": {"uv": [13, 1, 13.25, 8.5], "texture": "#1"},
				"up": {"uv": [13, 1, 13.5, 1.25], "texture": "#1"},
				"down": {"uv": [13, 8.25, 13.5, 8.5], "texture": "#1"}
			}
		},
		{
			"from": [2.525, 4.75, 7.6],
			"to": [3.025, 5.75, 8.15],
			"rotation": {"angle": -22.5, "axis": "y", "origin": [7.9, 7.875, 8.05]},
			"faces": {
				"north": {"uv": [3, 8.5, 2.5, 9.5], "texture": "#0"},
				"east": {"uv": [2.75, 8.5, 3, 9.5], "texture": "#1"},
				"south": {"uv": [2.5, 8.5, 3, 9.5], "texture": "#1"},
				"west": {"uv": [2.5, 8.5, 2.75, 9.5], "texture": "#1"},
				"up": {"uv": [2.5, 8.5, 3, 8.75], "texture": "#1"},
				"down": {"uv": [2.5, 9.25, 3, 9.5], "texture": "#1"}
			}
		},
		{
			"from": [2.775, 4, 7.6],
			"to": [3.275, 4.75, 8.15],
			"rotation": {"angle": -22.5, "axis": "y", "origin": [7.9, 7.875, 8.05]},
			"faces": {
				"north": {"uv": [3.25, 9.5, 2.75, 10.25], "texture": "#0"},
				"east": {"uv": [3, 9.5, 3.25, 10.25], "texture": "#1"},
				"south": {"uv": [2.75, 9.5, 3.25, 10.25], "texture": "#1"},
				"west": {"uv": [2.75, 9.5, 3, 10.25], "texture": "#1"},
				"up": {"uv": [2.75, 9.5, 3.25, 9.75], "texture": "#1"},
				"down": {"uv": [2.75, 10, 3.25, 10.25], "texture": "#1"}
			}
		},
		{
			"from": [3.025, 3.5, 7.6],
			"to": [3.525, 4, 8.15],
			"rotation": {"angle": -22.5, "axis": "y", "origin": [7.9, 7.875, 8.05]},
			"faces": {
				"north": {"uv": [3.5, 10.25, 3, 10.75], "texture": "#0"},
				"east": {"uv": [3.25, 10.25, 3.5, 10.75], "texture": "#1"},
				"south": {"uv": [3, 10.25, 3.5, 10.75], "texture": "#1"},
				"west": {"uv": [3, 10.25, 3.25, 10.75], "texture": "#1"},
				"up": {"uv": [3, 10.25, 3.5, 10.5], "texture": "#1"},
				"down": {"uv": [3, 10.5, 3.5, 10.75], "texture": "#1"}
			}
		},
		{
			"from": [3.275, 3, 7.6],
			"to": [3.775, 3.5, 8.15],
			"rotation": {"angle": -22.5, "axis": "y", "origin": [7.9, 7.875, 8.05]},
			"faces": {
				"north": {"uv": [3.75, 10.75, 3.25, 11.25], "texture": "#0"},
				"east": {"uv": [3.5, 10.75, 3.75, 11.25], "texture": "#1"},
				"south": {"uv": [3.25, 10.75, 3.75, 11.25], "texture": "#1"},
				"west": {"uv": [3.25, 10.75, 3.5, 11.25], "texture": "#1"},
				"up": {"uv": [3.25, 10.75, 3.75, 11], "texture": "#1"},
				"down": {"uv": [3.25, 11, 3.75, 11.25], "texture": "#1"}
			}
		},
		{
			"from": [3.525, 2.5, 7.6],
			"to": [4.025, 3, 8.15],
			"rotation": {"angle": -22.5, "axis": "y", "origin": [7.9, 7.875, 8.05]},
			"faces": {
				"north": {"uv": [4, 11.25, 3.5, 11.75], "texture": "#0"},
				"east": {"uv": [3.75, 11.25, 4, 11.75], "texture": "#1"},
				"south": {"uv": [3.5, 11.25, 4, 11.75], "texture": "#1"},
				"west": {"uv": [3.5, 11.25, 3.75, 11.75], "texture": "#1"},
				"up": {"uv": [3.5, 11.25, 4, 11.5], "texture": "#1"},
				"down": {"uv": [3.5, 11.5, 4, 11.75], "texture": "#1"}
			}
		},
		{
			"from": [3.775, 2, 7.6],
			"to": [4.275, 2.5, 8.15],
			"rotation": {"angle": -22.5, "axis": "y", "origin": [7.9, 7.875, 8.05]},
			"faces": {
				"north": {"uv": [4.25, 11.75, 3.75, 12.25], "texture": "#0"},
				"east": {"uv": [4, 11.75, 4.25, 12.25], "texture": "#1"},
				"south": {"uv": [3.75, 11.75, 4.25, 12.25], "texture": "#1"},
				"west": {"uv": [3.75, 11.75, 4, 12.25], "texture": "#1"},
				"up": {"uv": [3.75, 11.75, 4.25, 12], "texture": "#1"},
				"down": {"uv": [3.75, 12, 4.25, 12.25], "texture": "#1"}
			}
		},
		{
			"from": [13.025, 4.75, 7.6],
			"to": [13.525, 5.75, 8.15],
			"rotation": {"angle": 22.5, "axis": "y", "origin": [8.15, 7.875, 8.05]},
			"faces": {
				"north": {"uv": [13.25, 8.5, 12.75, 9.5], "texture": "#0"},
				"east": {"uv": [13, 8.5, 13.25, 9.5], "texture": "#1"},
				"south": {"uv": [12.75, 8.5, 13.25, 9.5], "texture": "#1"},
				"west": {"uv": [12.75, 8.5, 13, 9.5], "texture": "#1"},
				"up": {"uv": [12.75, 8.5, 13.25, 8.75], "texture": "#1"},
				"down": {"uv": [12.75, 9.25, 13.25, 9.5], "texture": "#1"}
			}
		},
		{
			"from": [12.775, 4, 7.6],
			"to": [13.275, 4.75, 8.15],
			"rotation": {"angle": 22.5, "axis": "y", "origin": [8.15, 7.875, 8.05]},
			"faces": {
				"north": {"uv": [13, 9.5, 12.5, 10.25], "texture": "#0"},
				"east": {"uv": [12.75, 9.5, 13, 10.25], "texture": "#1"},
				"south": {"uv": [12.5, 9.5, 13, 10.25], "texture": "#1"},
				"west": {"uv": [12.5, 9.5, 12.75, 10.25], "texture": "#1"},
				"up": {"uv": [12.5, 9.5, 13, 9.75], "texture": "#1"},
				"down": {"uv": [12.5, 10, 13, 10.25], "texture": "#1"}
			}
		},
		{
			"from": [12.525, 3.5, 7.6],
			"to": [13.025, 4, 8.15],
			"rotation": {"angle": 22.5, "axis": "y", "origin": [8.15, 7.875, 8.05]},
			"faces": {
				"north": {"uv": [12.75, 10.25, 12.25, 10.75], "texture": "#0"},
				"east": {"uv": [12.5, 10.25, 12.75, 10.75], "texture": "#1"},
				"south": {"uv": [12.25, 10.25, 12.75, 10.75], "texture": "#1"},
				"west": {"uv": [12.25, 10.25, 12.5, 10.75], "texture": "#1"},
				"up": {"uv": [12.25, 10.25, 12.75, 10.5], "texture": "#1"},
				"down": {"uv": [12.25, 10.5, 12.75, 10.75], "texture": "#1"}
			}
		},
		{
			"from": [12.275, 3, 7.6],
			"to": [12.775, 3.5, 8.15],
			"rotation": {"angle": 22.5, "axis": "y", "origin": [8.15, 7.875, 8.05]},
			"faces": {
				"north": {"uv": [12.5, 10.75, 12, 11.25], "texture": "#0"},
				"east": {"uv": [12.25, 10.75, 12.5, 11.25], "texture": "#1"},
				"south": {"uv": [12, 10.75, 12.5, 11.25], "texture": "#1"},
				"west": {"uv": [12, 10.75, 12.25, 11.25], "texture": "#1"},
				"up": {"uv": [12, 10.75, 12.5, 11], "texture": "#1"},
				"down": {"uv": [12, 11, 12.5, 11.25], "texture": "#1"}
			}
		},
		{
			"from": [12.025, 2.5, 7.6],
			"to": [12.525, 3, 8.15],
			"rotation": {"angle": 22.5, "axis": "y", "origin": [8.15, 7.875, 8.05]},
			"faces": {
				"north": {"uv": [12.25, 11.25, 11.75, 11.75], "texture": "#0"},
				"east": {"uv": [12, 11.25, 12.25, 11.75], "texture": "#1"},
				"south": {"uv": [11.75, 11.25, 12.25, 11.75], "texture": "#1"},
				"west": {"uv": [11.75, 11.25, 12, 11.75], "texture": "#1"},
				"up": {"uv": [11.75, 11.25, 12.25, 11.5], "texture": "#1"},
				"down": {"uv": [11.75, 11.5, 12.25, 11.75], "texture": "#1"}
			}
		},
		{
			"from": [11.775, 2, 7.6],
			"to": [12.275, 2.5, 8.15],
			"rotation": {"angle": 22.5, "axis": "y", "origin": [8.15, 7.875, 8.05]},
			"faces": {
				"north": {"uv": [12, 11.75, 11.5, 12.25], "texture": "#0"},
				"east": {"uv": [11.75, 11.75, 12, 12.25], "texture": "#1"},
				"south": {"uv": [11.5, 11.75, 12, 12.25], "texture": "#1"},
				"west": {"uv": [11.5, 11.75, 11.75, 12.25], "texture": "#1"},
				"up": {"uv": [11.5, 11.75, 12, 12], "texture": "#1"},
				"down": {"uv": [11.5, 12, 12, 12.25], "texture": "#1"}
			}
		},
		{
			"from": [4.025, 1.75, 7.6],
			"to": [4.275, 2, 8.15],
			"rotation": {"angle": -22.5, "axis": "y", "origin": [7.9, 7.875, 8.05]},
			"faces": {
				"north": {"uv": [4.25, 12.25, 4, 12.5], "texture": "#0"},
				"east": {"uv": [4, 12.25, 4.25, 12.5], "texture": "#1"},
				"south": {"uv": [4, 12.25, 4.25, 12.5], "texture": "#1"},
				"west": {"uv": [4, 12.25, 4.25, 12.5], "texture": "#1"},
				"up": {"uv": [4, 12.25, 4.25, 12.5], "texture": "#1"},
				"down": {"uv": [4, 12.25, 4.25, 12.5], "texture": "#1"}
			}
		},
		{
			"from": [9.4, -0.5, 6.975],
			"to": [9.65, 0, 7.525],
			"rotation": {"angle": 0, "axis": "y", "origin": [8.025, 7.875, 7.425]},
			"faces": {
				"north": {"uv": [9.5, 14.25, 9.25, 14.75], "texture": "#0"},
				"east": {"uv": [9.25, 14.25, 9.5, 14.75], "texture": "#1"},
				"south": {"uv": [9.25, 14.25, 9.5, 14.75], "texture": "#1"},
				"west": {"uv": [9.25, 14.25, 9.5, 14.75], "texture": "#1"},
				"up": {"uv": [9.25, 14.25, 9.5, 14.5], "texture": "#1"},
				"down": {"uv": [9.25, 14.5, 9.5, 14.75], "texture": "#1"}
			}
		},
		{
			"from": [9.15, -0.75, 6.975],
			"to": [9.4, -0.25, 7.525],
			"rotation": {"angle": 0, "axis": "y", "origin": [8.025, 7.875, 7.425]},
			"faces": {
				"north": {"uv": [9.25, 14.5, 9, 15], "texture": "#0"},
				"east": {"uv": [9, 14.5, 9.25, 15], "texture": "#1"},
				"south": {"uv": [9, 14.5, 9.25, 15], "texture": "#1"},
				"west": {"uv": [9, 14.5, 9.25, 15], "texture": "#1"},
				"up": {"uv": [9, 14.5, 9.25, 14.75], "texture": "#1"},
				"down": {"uv": [9, 14.75, 9.25, 15], "texture": "#1"}
			}
		},
		{
			"from": [8.9, -1, 6.975],
			"to": [9.15, -0.5, 7.525],
			"rotation": {"angle": 0, "axis": "y", "origin": [8.025, 7.875, 7.425]},
			"faces": {
				"north": {"uv": [9, 14.75, 8.75, 15.25], "texture": "#0"},
				"east": {"uv": [8.75, 14.75, 9, 15.25], "texture": "#1"},
				"south": {"uv": [8.75, 14.75, 9, 15.25], "texture": "#1"},
				"west": {"uv": [8.75, 14.75, 9, 15.25], "texture": "#1"},
				"up": {"uv": [8.75, 14.75, 9, 15], "texture": "#1"},
				"down": {"uv": [8.75, 15, 9, 15.25], "texture": "#1"}
			}
		},
		{
			"from": [8.65, -1.25, 6.975],
			"to": [8.9, -0.75, 7.525],
			"rotation": {"angle": 0, "axis": "y", "origin": [8.025, 7.875, 7.425]},
			"faces": {
				"north": {"uv": [8.75, 15, 8.5, 15.5], "texture": "#0"},
				"east": {"uv": [8.5, 15, 8.75, 15.5], "texture": "#1"},
				"south": {"uv": [8.5, 15, 8.75, 15.5], "texture": "#1"},
				"west": {"uv": [8.5, 15, 8.75, 15.5], "texture": "#1"},
				"up": {"uv": [8.5, 15, 8.75, 15.25], "texture": "#1"},
				"down": {"uv": [8.5, 15.25, 8.75, 15.5], "texture": "#1"}
			}
		},
		{
			"from": [8.4, -1.5, 6.975],
			"to": [8.65, -1, 7.525],
			"rotation": {"angle": 0, "axis": "y", "origin": [8.025, 7.875, 7.425]},
			"faces": {
				"north": {"uv": [8.5, 15.25, 8.25, 15.75], "texture": "#0"},
				"east": {"uv": [8.25, 15.25, 8.5, 15.75], "texture": "#1"},
				"south": {"uv": [8.25, 15.25, 8.5, 15.75], "texture": "#1"},
				"west": {"uv": [8.25, 15.25, 8.5, 15.75], "texture": "#1"},
				"up": {"uv": [8.25, 15.25, 8.5, 15.5], "texture": "#1"},
				"down": {"uv": [8.25, 15.5, 8.5, 15.75], "texture": "#1"}
			}
		},
		{
			"from": [10.525, 0.5, 7.6],
			"to": [10.775, 1, 8.15],
			"rotation": {"angle": 22.5, "axis": "y", "origin": [8.15, 7.875, 8.05]},
			"faces": {
				"north": {"uv": [10.5, 13.25, 10.25, 13.75], "texture": "#0"},
				"east": {"uv": [10.25, 13.25, 10.5, 13.75], "texture": "#1"},
				"south": {"uv": [10.25, 13.25, 10.5, 13.75], "texture": "#1"},
				"west": {"uv": [10.25, 13.25, 10.5, 13.75], "texture": "#1"},
				"up": {"uv": [10.25, 13.25, 10.5, 13.5], "texture": "#1"},
				"down": {"uv": [10.25, 13.5, 10.5, 13.75], "texture": "#1"}
			}
		},
		{
			"from": [10.025, 0, 7.6],
			"to": [10.275, 0.5, 8.15],
			"rotation": {"angle": 22.5, "axis": "y", "origin": [8.15, 7.875, 8.05]},
			"faces": {
				"north": {"uv": [10, 13.75, 9.75, 14.25], "texture": "#0"},
				"east": {"uv": [9.75, 13.75, 10, 14.25], "texture": "#1"},
				"south": {"uv": [9.75, 13.75, 10, 14.25], "texture": "#1"},
				"west": {"uv": [9.75, 13.75, 10, 14.25], "texture": "#1"},
				"up": {"uv": [9.75, 13.75, 10, 14], "texture": "#1"},
				"down": {"uv": [9.75, 14, 10, 14.25], "texture": "#1"}
			}
		},
		{
			"from": [10.275, 0.25, 7.6],
			"to": [10.525, 0.75, 8.15],
			"rotation": {"angle": 22.5, "axis": "y", "origin": [8.15, 7.875, 8.05]},
			"faces": {
				"north": {"uv": [10.25, 13.5, 10, 14], "texture": "#0"},
				"east": {"uv": [10, 13.5, 10.25, 14], "texture": "#1"},
				"south": {"uv": [10, 13.5, 10.25, 14], "texture": "#1"},
				"west": {"uv": [10, 13.5, 10.25, 14], "texture": "#1"},
				"up": {"uv": [10, 13.5, 10.25, 13.75], "texture": "#1"},
				"down": {"uv": [10, 13.75, 10.25, 14], "texture": "#1"}
			}
		},
		{
			"from": [9.775, -0.25, 7.6],
			"to": [10.025, 0.25, 8.15],
			"rotation": {"angle": 22.5, "axis": "y", "origin": [8.15, 7.875, 8.05]},
			"faces": {
				"north": {"uv": [9.75, 14, 9.5, 14.5], "texture": "#0"},
				"east": {"uv": [9.5, 14, 9.75, 14.5], "texture": "#1"},
				"south": {"uv": [9.5, 14, 9.75, 14.5], "texture": "#1"},
				"west": {"uv": [9.5, 14, 9.75, 14.5], "texture": "#1"},
				"up": {"uv": [9.5, 14, 9.75, 14.25], "texture": "#1"},
				"down": {"uv": [9.5, 14.25, 9.75, 14.5], "texture": "#1"}
			}
		},
		{
			"from": [11.025, 1, 7.6],
			"to": [11.275, 1.5, 8.15],
			"rotation": {"angle": 22.5, "axis": "y", "origin": [8.15, 7.875, 8.05]},
			"faces": {
				"north": {"uv": [11, 12.75, 10.75, 13.25], "texture": "#0"},
				"east": {"uv": [10.75, 12.75, 11, 13.25], "texture": "#1"},
				"south": {"uv": [10.75, 12.75, 11, 13.25], "texture": "#1"},
				"west": {"uv": [10.75, 12.75, 11, 13.25], "texture": "#1"},
				"up": {"uv": [10.75, 12.75, 11, 13], "texture": "#1"},
				"down": {"uv": [10.75, 13, 11, 13.25], "texture": "#1"}
			}
		},
		{
			"from": [10.775, 0.75, 7.6],
			"to": [11.025, 1.25, 8.15],
			"rotation": {"angle": 22.5, "axis": "y", "origin": [8.15, 7.875, 8.05]},
			"faces": {
				"north": {"uv": [10.75, 13, 10.5, 13.5], "texture": "#0"},
				"east": {"uv": [10.5, 13, 10.75, 13.5], "texture": "#1"},
				"south": {"uv": [10.5, 13, 10.75, 13.5], "texture": "#1"},
				"west": {"uv": [10.5, 13, 10.75, 13.5], "texture": "#1"},
				"up": {"uv": [10.5, 13, 10.75, 13.25], "texture": "#1"},
				"down": {"uv": [10.5, 13.25, 10.75, 13.5], "texture": "#1"}
			}
		},
		{
			"from": [11.275, 1.25, 7.6],
			"to": [11.525, 1.75, 8.15],
			"rotation": {"angle": 22.5, "axis": "y", "origin": [8.15, 7.875, 8.05]},
			"faces": {
				"north": {"uv": [11.25, 12.5, 11, 13], "texture": "#0"},
				"east": {"uv": [11, 12.5, 11.25, 13], "texture": "#1"},
				"south": {"uv": [11, 12.5, 11.25, 13], "texture": "#1"},
				"west": {"uv": [11, 12.5, 11.25, 13], "texture": "#1"},
				"up": {"uv": [11, 12.5, 11.25, 12.75], "texture": "#1"},
				"down": {"uv": [11, 12.75, 11.25, 13], "texture": "#1"}
			}
		},
		{
			"from": [11.525, 1.5, 7.6],
			"to": [11.775, 2, 8.15],
			"rotation": {"angle": 22.5, "axis": "y", "origin": [8.15, 7.875, 8.05]},
			"faces": {
				"north": {"uv": [11.5, 12.25, 11.25, 12.75], "texture": "#0"},
				"east": {"uv": [11.25, 12.25, 11.5, 12.75], "texture": "#1"},
				"south": {"uv": [11.25, 12.25, 11.5, 12.75], "texture": "#1"},
				"west": {"uv": [11.25, 12.25, 11.5, 12.75], "texture": "#1"},
				"up": {"uv": [11.25, 12.25, 11.5, 12.5], "texture": "#1"},
				"down": {"uv": [11.25, 12.5, 11.5, 12.75], "texture": "#1"}
			}
		},
		{
			"from": [11.775, 1.75, 7.6],
			"to": [12.025, 2, 8.15],
			"rotation": {"angle": 22.5, "axis": "y", "origin": [8.15, 7.875, 8.05]},
			"faces": {
				"north": {"uv": [11.75, 12.25, 11.5, 12.5], "texture": "#0"},
				"east": {"uv": [11.5, 12.25, 11.75, 12.5], "texture": "#1"},
				"south": {"uv": [11.5, 12.25, 11.75, 12.5], "texture": "#1"},
				"west": {"uv": [11.5, 12.25, 11.75, 12.5], "texture": "#1"},
				"up": {"uv": [11.5, 12.25, 11.75, 12.5], "texture": "#1"},
				"down": {"uv": [11.5, 12.25, 11.75, 12.5], "texture": "#1"}
			}
		},
		{
			"from": [4.275, 1.5, 7.6],
			"to": [4.525, 2, 8.15],
			"rotation": {"angle": -22.5, "axis": "y", "origin": [7.9, 7.875, 8.05]},
			"faces": {
				"north": {"uv": [4.5, 12.25, 4.25, 12.75], "texture": "#0"},
				"east": {"uv": [4.25, 12.25, 4.5, 12.75], "texture": "#1"},
				"south": {"uv": [4.25, 12.25, 4.5, 12.75], "texture": "#1"},
				"west": {"uv": [4.25, 12.25, 4.5, 12.75], "texture": "#1"},
				"up": {"uv": [4.25, 12.25, 4.5, 12.5], "texture": "#1"},
				"down": {"uv": [4.25, 12.5, 4.5, 12.75], "texture": "#1"}
			}
		},
		{
			"from": [7.65, -1.25, 7.075],
			"to": [8.4, 13.75, 7.425],
			"rotation": {"angle": 0, "axis": "y", "origin": [8.025, 7.875, 7.425]},
			"faces": {
				"north": {"uv": [8.25, 0.5, 7.5, 15.5], "texture": "#0"},
				"east": {"uv": [8, 0.5, 8.25, 15.5], "texture": "#1"},
				"south": {"uv": [7.5, 0.5, 8.25, 15.5], "texture": "#1"},
				"west": {"uv": [7.5, 0.5, 7.75, 15.5], "texture": "#1"},
				"up": {"uv": [0, 0, 0, 0], "texture": "#1"},
				"down": {"uv": [0, 0, 0, 0], "texture": "#1"}
			}
		},
		{
			"from": [9.4, 0, 7.075],
			"to": [9.65, 13.75, 7.425],
			"rotation": {"angle": 0, "axis": "y", "origin": [8.025, 7.875, 7.425]},
			"faces": {
				"north": {"uv": [9.5, 0.5, 9.25, 14.25], "texture": "#0"},
				"east": {"uv": [9.25, 0.5, 9.5, 14.25], "texture": "#1"},
				"south": {"uv": [9.25, 0.5, 9.5, 14.25], "texture": "#1"},
				"west": {"uv": [9.25, 0.5, 9.5, 14.25], "texture": "#1"},
				"up": {"uv": [0, 0, 0, 0], "texture": "#1"},
				"down": {"uv": [0, 0, 0, 0], "texture": "#1"}
			}
		},
		{
			"from": [9.15, -0.25, 7.075],
			"to": [9.4, 13.75, 7.425],
			"rotation": {"angle": 0, "axis": "y", "origin": [8.025, 7.875, 7.425]},
			"faces": {
				"north": {"uv": [9.25, 0.5, 9, 14.5], "texture": "#0"},
				"east": {"uv": [9, 0.5, 9.25, 14.5], "texture": "#1"},
				"south": {"uv": [9, 0.5, 9.25, 14.5], "texture": "#1"},
				"west": {"uv": [9, 0.5, 9.25, 14.5], "texture": "#1"},
				"up": {"uv": [0, 0, 0, 0], "texture": "#1"},
				"down": {"uv": [0, 0, 0, 0], "texture": "#1"}
			}
		},
		{
			"from": [8.9, -0.5, 7.075],
			"to": [9.15, 13.75, 7.425],
			"rotation": {"angle": 0, "axis": "y", "origin": [8.025, 7.875, 7.425]},
			"faces": {
				"north": {"uv": [9, 0.5, 8.75, 14.75], "texture": "#0"},
				"east": {"uv": [8.75, 0.5, 9, 14.75], "texture": "#1"},
				"south": {"uv": [8.75, 0.5, 9, 14.75], "texture": "#1"},
				"west": {"uv": [8.75, 0.5, 9, 14.75], "texture": "#1"},
				"up": {"uv": [0, 0, 0, 0], "texture": "#1"},
				"down": {"uv": [0, 0, 0, 0], "texture": "#1"}
			}
		},
		{
			"from": [8.65, -0.75, 7.075],
			"to": [8.9, 13.75, 7.425],
			"rotation": {"angle": 0, "axis": "y", "origin": [8.025, 7.875, 7.425]},
			"faces": {
				"north": {"uv": [8.75, 0.5, 8.5, 15], "texture": "#0"},
				"east": {"uv": [8.5, 0.5, 8.75, 15], "texture": "#1"},
				"south": {"uv": [8.5, 0.5, 8.75, 15], "texture": "#1"},
				"west": {"uv": [8.5, 0.5, 8.75, 15], "texture": "#1"},
				"up": {"uv": [0, 0, 0, 0], "texture": "#1"},
				"down": {"uv": [0, 0, 0, 0], "texture": "#1"}
			}
		},
		{
			"from": [8.4, -1, 7.075],
			"to": [8.65, 13.75, 7.425],
			"rotation": {"angle": 0, "axis": "y", "origin": [8.025, 7.875, 7.425]},
			"faces": {
				"north": {"uv": [8.5, 0.5, 8.25, 15.25], "texture": "#0"},
				"east": {"uv": [8.25, 0.5, 8.5, 15.25], "texture": "#1"},
				"south": {"uv": [8.25, 0.5, 8.5, 15.25], "texture": "#1"},
				"west": {"uv": [8.25, 0.5, 8.5, 15.25], "texture": "#1"},
				"up": {"uv": [0, 0, 0, 0], "texture": "#1"},
				"down": {"uv": [0, 0, 0, 0], "texture": "#1"}
			}
		},
		{
			"from": [10.525, 1, 7.7],
			"to": [10.775, 13.5, 8.05],
			"rotation": {"angle": 22.5, "axis": "y", "origin": [8.15, 7.875, 8.05]},
			"faces": {
				"north": {"uv": [10.5, 0.75, 10.25, 13.25], "texture": "#0"},
				"east": {"uv": [10.25, 0.75, 10.5, 13.25], "texture": "#1"},
				"south": {"uv": [10.25, 0.75, 10.5, 13.25], "texture": "#1"},
				"west": {"uv": [10.25, 0.75, 10.5, 13.25], "texture": "#1"},
				"up": {"uv": [0, 0, 0, 0], "texture": "#1"},
				"down": {"uv": [0, 0, 0, 0], "texture": "#1"}
			}
		},
		{
			"from": [10.025, 0.5, 7.7],
			"to": [10.275, 13.5, 8.05],
			"rotation": {"angle": 22.5, "axis": "y", "origin": [8.15, 7.875, 8.05]},
			"faces": {
				"north": {"uv": [10, 0.75, 9.75, 13.75], "texture": "#0"},
				"east": {"uv": [9.75, 0.75, 10, 13.75], "texture": "#1"},
				"south": {"uv": [9.75, 0.75, 10, 13.75], "texture": "#1"},
				"west": {"uv": [9.75, 0.75, 10, 13.75], "texture": "#1"},
				"up": {"uv": [0, 0, 0, 0], "texture": "#1"},
				"down": {"uv": [0, 0, 0, 0], "texture": "#1"}
			}
		},
		{
			"from": [10.275, 0.75, 7.7],
			"to": [10.525, 13.5, 8.05],
			"rotation": {"angle": 22.5, "axis": "y", "origin": [8.15, 7.875, 8.05]},
			"faces": {
				"north": {"uv": [10.25, 0.75, 10, 13.5], "texture": "#0"},
				"east": {"uv": [10, 0.75, 10.25, 13.5], "texture": "#1"},
				"south": {"uv": [10, 0.75, 10.25, 13.5], "texture": "#1"},
				"west": {"uv": [10, 0.75, 10.25, 13.5], "texture": "#1"},
				"up": {"uv": [0, 0, 0, 0], "texture": "#1"},
				"down": {"uv": [0, 0, 0, 0], "texture": "#1"}
			}
		},
		{
			"from": [9.775, 0.25, 7.7],
			"to": [10.025, 13.5, 8.05],
			"rotation": {"angle": 22.5, "axis": "y", "origin": [8.15, 7.875, 8.05]},
			"faces": {
				"north": {"uv": [9.75, 0.75, 9.5, 14], "texture": "#0"},
				"east": {"uv": [9.5, 0.75, 9.75, 14], "texture": "#1"},
				"south": {"uv": [9.5, 0.75, 9.75, 14], "texture": "#1"},
				"west": {"uv": [9.5, 0.75, 9.75, 14], "texture": "#1"},
				"up": {"uv": [0, 0, 0, 0], "texture": "#1"},
				"down": {"uv": [0, 0, 0, 0], "texture": "#1"}
			}
		},
		{
			"from": [11.025, 1.5, 7.7],
			"to": [11.275, 13.5, 8.05],
			"rotation": {"angle": 22.5, "axis": "y", "origin": [8.15, 7.875, 8.05]},
			"faces": {
				"north": {"uv": [11, 0.75, 10.75, 12.75], "texture": "#0"},
				"east": {"uv": [10.75, 0.75, 11, 12.75], "texture": "#1"},
				"south": {"uv": [10.75, 0.75, 11, 12.75], "texture": "#1"},
				"west": {"uv": [10.75, 0.75, 11, 12.75], "texture": "#1"},
				"up": {"uv": [0, 0, 0, 0], "texture": "#1"},
				"down": {"uv": [0, 0, 0, 0], "texture": "#1"}
			}
		},
		{
			"from": [10.775, 1.25, 7.7],
			"to": [11.025, 13.5, 8.05],
			"rotation": {"angle": 22.5, "axis": "y", "origin": [8.15, 7.875, 8.05]},
			"faces": {
				"north": {"uv": [10.75, 0.75, 10.5, 13], "texture": "#0"},
				"east": {"uv": [10.5, 0.75, 10.75, 13], "texture": "#1"},
				"south": {"uv": [10.5, 0.75, 10.75, 13], "texture": "#1"},
				"west": {"uv": [10.5, 0.75, 10.75, 13], "texture": "#1"},
				"up": {"uv": [0, 0, 0, 0], "texture": "#1"},
				"down": {"uv": [0, 0, 0, 0], "texture": "#1"}
			}
		},
		{
			"from": [11.275, 1.75, 7.7],
			"to": [11.525, 13.25, 8.05],
			"rotation": {"angle": 22.5, "axis": "y", "origin": [8.15, 7.875, 8.05]},
			"faces": {
				"north": {"uv": [11.25, 1, 11, 12.5], "texture": "#0"},
				"east": {"uv": [11, 1, 11.25, 12.5], "texture": "#1"},
				"south": {"uv": [11, 1, 11.25, 12.5], "texture": "#1"},
				"west": {"uv": [11, 1, 11.25, 12.5], "texture": "#1"},
				"up": {"uv": [0, 0, 0, 0], "texture": "#1"},
				"down": {"uv": [0, 0, 0, 0], "texture": "#1"}
			}
		},
		{
			"from": [11.525, 2, 7.7],
			"to": [11.775, 13.25, 8.05],
			"rotation": {"angle": 22.5, "axis": "y", "origin": [8.15, 7.875, 8.05]},
			"faces": {
				"north": {"uv": [11.5, 1, 11.25, 12.25], "texture": "#0"},
				"east": {"uv": [11.25, 1, 11.5, 12.25], "texture": "#1"},
				"south": {"uv": [11.25, 1, 11.5, 12.25], "texture": "#1"},
				"west": {"uv": [11.25, 1, 11.5, 12.25], "texture": "#1"},
				"up": {"uv": [0, 0, 0, 0], "texture": "#1"},
				"down": {"uv": [0, 0, 0, 0], "texture": "#1"}
			}
		},
		{
			"from": [6.4, 0, 7.075],
			"to": [6.65, 13.75, 7.425],
			"rotation": {"angle": 0, "axis": "y", "origin": [8.025, 7.875, 7.425]},
			"faces": {
				"north": {"uv": [6.5, 0.5, 6.25, 14.25], "texture": "#0"},
				"east": {"uv": [6.25, 0.5, 6.5, 14.25], "texture": "#1"},
				"south": {"uv": [6.25, 0.5, 6.5, 14.25], "texture": "#1"},
				"west": {"uv": [6.25, 0.5, 6.5, 14.25], "texture": "#1"},
				"up": {"uv": [0, 0, 0, 0], "texture": "#1"},
				"down": {"uv": [0, 0, 0, 0], "texture": "#1"}
			}
		},
		{
			"from": [6.65, -0.25, 7.075],
			"to": [6.9, 13.75, 7.425],
			"rotation": {"angle": 0, "axis": "y", "origin": [8.025, 7.875, 7.425]},
			"faces": {
				"north": {"uv": [6.75, 0.5, 6.5, 14.5], "texture": "#0"},
				"east": {"uv": [6.5, 0.5, 6.75, 14.5], "texture": "#1"},
				"south": {"uv": [6.5, 0.5, 6.75, 14.5], "texture": "#1"},
				"west": {"uv": [6.5, 0.5, 6.75, 14.5], "texture": "#1"},
				"up": {"uv": [0, 0, 0, 0], "texture": "#1"},
				"down": {"uv": [0, 0, 0, 0], "texture": "#1"}
			}
		},
		{
			"from": [6.9, -0.5, 7.075],
			"to": [7.15, 13.75, 7.425],
			"rotation": {"angle": 0, "axis": "y", "origin": [8.025, 7.875, 7.425]},
			"faces": {
				"north": {"uv": [7, 0.5, 6.75, 14.75], "texture": "#0"},
				"east": {"uv": [6.75, 0.5, 7, 14.75], "texture": "#1"},
				"south": {"uv": [6.75, 0.5, 7, 14.75], "texture": "#1"},
				"west": {"uv": [6.75, 0.5, 7, 14.75], "texture": "#1"},
				"up": {"uv": [0, 0, 0, 0], "texture": "#1"},
				"down": {"uv": [0, 0, 0, 0], "texture": "#1"}
			}
		},
		{
			"from": [7.15, -0.75, 7.075],
			"to": [7.4, 13.75, 7.425],
			"rotation": {"angle": 0, "axis": "y", "origin": [8.025, 7.875, 7.425]},
			"faces": {
				"north": {"uv": [7.25, 0.5, 7, 15], "texture": "#0"},
				"east": {"uv": [7, 0.5, 7.25, 15], "texture": "#1"},
				"south": {"uv": [7, 0.5, 7.25, 15], "texture": "#1"},
				"west": {"uv": [7, 0.5, 7.25, 15], "texture": "#1"},
				"up": {"uv": [0, 0, 0, 0], "texture": "#1"},
				"down": {"uv": [0, 0, 0, 0], "texture": "#1"}
			}
		},
		{
			"from": [7.4, -1, 7.075],
			"to": [7.65, 13.75, 7.425],
			"rotation": {"angle": 0, "axis": "y", "origin": [8.025, 7.875, 7.425]},
			"faces": {
				"north": {"uv": [7.5, 0.5, 7.25, 15.25], "texture": "#0"},
				"east": {"uv": [7.25, 0.5, 7.5, 15.25], "texture": "#1"},
				"south": {"uv": [7.25, 0.5, 7.5, 15.25], "texture": "#1"},
				"west": {"uv": [7.25, 0.5, 7.5, 15.25], "texture": "#1"},
				"up": {"uv": [0, 0, 0, 0], "texture": "#1"},
				"down": {"uv": [0, 0, 0, 0], "texture": "#1"}
			}
		},
		{
			"from": [5.275, 1, 7.7],
			"to": [5.525, 13.5, 8.05],
			"rotation": {"angle": -22.5, "axis": "y", "origin": [7.9, 7.875, 8.05]},
			"faces": {
				"north": {"uv": [5.5, 0.75, 5.25, 13.25], "texture": "#0"},
				"east": {"uv": [5.25, 0.75, 5.5, 13.25], "texture": "#1"},
				"south": {"uv": [5.25, 0.75, 5.5, 13.25], "texture": "#1"},
				"west": {"uv": [5.25, 0.75, 5.5, 13.25], "texture": "#1"},
				"up": {"uv": [0, 0, 0, 0], "texture": "#1"},
				"down": {"uv": [0, 0, 0, 0], "texture": "#1"}
			}
		},
		{
			"from": [5.775, 0.5, 7.7],
			"to": [6.025, 13.5, 8.05],
			"rotation": {"angle": -22.5, "axis": "y", "origin": [7.9, 7.875, 8.05]},
			"faces": {
				"north": {"uv": [6, 0.75, 5.75, 13.75], "texture": "#0"},
				"east": {"uv": [5.75, 0.75, 6, 13.75], "texture": "#1"},
				"south": {"uv": [5.75, 0.75, 6, 13.75], "texture": "#1"},
				"west": {"uv": [5.75, 0.75, 6, 13.75], "texture": "#1"},
				"up": {"uv": [0, 0, 0, 0], "texture": "#1"},
				"down": {"uv": [0, 0, 0, 0], "texture": "#1"}
			}
		},
		{
			"from": [5.525, 0.75, 7.7],
			"to": [5.775, 13.5, 8.05],
			"rotation": {"angle": -22.5, "axis": "y", "origin": [7.9, 7.875, 8.05]},
			"faces": {
				"north": {"uv": [5.75, 0.75, 5.5, 13.5], "texture": "#0"},
				"east": {"uv": [5.5, 0.75, 5.75, 13.5], "texture": "#1"},
				"south": {"uv": [5.5, 0.75, 5.75, 13.5], "texture": "#1"},
				"west": {"uv": [5.5, 0.75, 5.75, 13.5], "texture": "#1"},
				"up": {"uv": [0, 0, 0, 0], "texture": "#1"},
				"down": {"uv": [0, 0, 0, 0], "texture": "#1"}
			}
		},
		{
			"from": [6.025, 0.25, 7.7],
			"to": [6.275, 13.5, 8.05],
			"rotation": {"angle": -22.5, "axis": "y", "origin": [7.9, 7.875, 8.05]},
			"faces": {
				"north": {"uv": [6.25, 0.75, 6, 14], "texture": "#0"},
				"east": {"uv": [6, 0.75, 6.25, 14], "texture": "#1"},
				"south": {"uv": [6, 0.75, 6.25, 14], "texture": "#1"},
				"west": {"uv": [6, 0.75, 6.25, 14], "texture": "#1"},
				"up": {"uv": [0, 0, 0, 0], "texture": "#1"},
				"down": {"uv": [0, 0, 0, 0], "texture": "#1"}
			}
		},
		{
			"from": [4.775, 1.5, 7.7],
			"to": [5.025, 13.5, 8.05],
			"rotation": {"angle": -22.5, "axis": "y", "origin": [7.9, 7.875, 8.05]},
			"faces": {
				"north": {"uv": [5, 0.75, 4.75, 12.75], "texture": "#0"},
				"east": {"uv": [4.75, 0.75, 5, 12.75], "texture": "#1"},
				"south": {"uv": [4.75, 0.75, 5, 12.75], "texture": "#1"},
				"west": {"uv": [4.75, 0.75, 5, 12.75], "texture": "#1"},
				"up": {"uv": [0, 0, 0, 0], "texture": "#1"},
				"down": {"uv": [0, 0, 0, 0], "texture": "#1"}
			}
		},
		{
			"from": [5.025, 1.25, 7.7],
			"to": [5.275, 13.5, 8.05],
			"rotation": {"angle": -22.5, "axis": "y", "origin": [7.9, 7.875, 8.05]},
			"faces": {
				"north": {"uv": [5.25, 0.75, 5, 13], "texture": "#0"},
				"east": {"uv": [5, 0.75, 5.25, 13], "texture": "#1"},
				"south": {"uv": [5, 0.75, 5.25, 13], "texture": "#1"},
				"west": {"uv": [5, 0.75, 5.25, 13], "texture": "#1"},
				"up": {"uv": [0, 0, 0, 0], "texture": "#1"},
				"down": {"uv": [0, 0, 0, 0], "texture": "#1"}
			}
		},
		{
			"from": [4.525, 1.75, 7.7],
			"to": [4.775, 13.25, 8.05],
			"rotation": {"angle": -22.5, "axis": "y", "origin": [7.9, 7.875, 8.05]},
			"faces": {
				"north": {"uv": [4.75, 1, 4.5, 12.5], "texture": "#0"},
				"east": {"uv": [4.5, 1, 4.75, 12.5], "texture": "#1"},
				"south": {"uv": [4.5, 1, 4.75, 12.5], "texture": "#1"},
				"west": {"uv": [4.5, 1, 4.75, 12.5], "texture": "#1"},
				"up": {"uv": [0, 0, 0, 0], "texture": "#1"},
				"down": {"uv": [0, 0, 0, 0], "texture": "#1"}
			}
		},
		{
			"from": [4.275, 2, 7.7],
			"to": [4.525, 13.25, 8.05],
			"rotation": {"angle": -22.5, "axis": "y", "origin": [7.9, 7.875, 8.05]},
			"faces": {
				"north": {"uv": [4.5, 1, 4.25, 12.25], "texture": "#0"},
				"east": {"uv": [4.25, 1, 4.5, 12.25], "texture": "#1"},
				"south": {"uv": [4.25, 1, 4.5, 12.25], "texture": "#1"},
				"west": {"uv": [4.25, 1, 4.5, 12.25], "texture": "#1"},
				"up": {"uv": [0, 0, 0, 0], "texture": "#1"},
				"down": {"uv": [0, 0, 0, 0], "texture": "#1"}
			}
		},
		{
			"from": [4.025, 2.5, 7.7],
			"to": [4.275, 13.25, 8.05],
			"rotation": {"angle": -22.5, "axis": "y", "origin": [7.9, 7.875, 8.05]},
			"faces": {
				"north": {"uv": [4.25, 1, 4, 11.75], "texture": "#0"},
				"east": {"uv": [4, 1, 4.25, 11.75], "texture": "#1"},
				"south": {"uv": [4, 1, 4.25, 11.75], "texture": "#1"},
				"west": {"uv": [4, 1, 4.25, 11.75], "texture": "#1"},
				"up": {"uv": [0, 0, 0, 0], "texture": "#1"},
				"down": {"uv": [0, 0, 0, 0], "texture": "#1"}
			}
		},
		{
			"from": [13.025, 5.75, 7.7],
			"to": [13.275, 13, 8.05],
			"rotation": {"angle": 22.5, "axis": "y", "origin": [8.15, 7.875, 8.05]},
			"faces": {
				"north": {"uv": [13, 1.25, 12.75, 8.5], "texture": "#0"},
				"east": {"uv": [12.75, 1.25, 13, 8.5], "texture": "#1"},
				"south": {"uv": [12.75, 1.25, 13, 8.5], "texture": "#1"},
				"west": {"uv": [12.75, 1.25, 13, 8.5], "texture": "#1"},
				"up": {"uv": [0, 0, 0, 0], "texture": "#1"},
				"down": {"uv": [0, 0, 0, 0], "texture": "#1"}
			}
		},
		{
			"from": [12.775, 4.75, 7.7],
			"to": [13.025, 13, 8.05],
			"rotation": {"angle": 22.5, "axis": "y", "origin": [8.15, 7.875, 8.05]},
			"faces": {
				"north": {"uv": [12.75, 1.25, 12.5, 9.5], "texture": "#0"},
				"east": {"uv": [12.5, 1.25, 12.75, 9.5], "texture": "#1"},
				"south": {"uv": [12.5, 1.25, 12.75, 9.5], "texture": "#1"},
				"west": {"uv": [12.5, 1.25, 12.75, 9.5], "texture": "#1"},
				"up": {"uv": [0, 0, 0, 0], "texture": "#1"},
				"down": {"uv": [0, 0, 0, 0], "texture": "#1"}
			}
		},
		{
			"from": [12.525, 4, 7.7],
			"to": [12.775, 13, 8.05],
			"rotation": {"angle": 22.5, "axis": "y", "origin": [8.15, 7.875, 8.05]},
			"faces": {
				"north": {"uv": [12.5, 1.25, 12.25, 10.25], "texture": "#0"},
				"east": {"uv": [12.25, 1.25, 12.5, 10.25], "texture": "#1"},
				"south": {"uv": [12.25, 1.25, 12.5, 10.25], "texture": "#1"},
				"west": {"uv": [12.25, 1.25, 12.5, 10.25], "texture": "#1"},
				"up": {"uv": [0, 0, 0, 0], "texture": "#1"},
				"down": {"uv": [0, 0, 0, 0], "texture": "#1"}
			}
		},
		{
			"from": [12.275, 3.5, 7.7],
			"to": [12.525, 13, 8.05],
			"rotation": {"angle": 22.5, "axis": "y", "origin": [8.15, 7.875, 8.05]},
			"faces": {
				"north": {"uv": [12.25, 1.25, 12, 10.75], "texture": "#0"},
				"east": {"uv": [12, 1.25, 12.25, 10.75], "texture": "#1"},
				"south": {"uv": [12, 1.25, 12.25, 10.75], "texture": "#1"},
				"west": {"uv": [12, 1.25, 12.25, 10.75], "texture": "#1"},
				"up": {"uv": [0, 0, 0, 0], "texture": "#1"},
				"down": {"uv": [0, 0, 0, 0], "texture": "#1"}
			}
		},
		{
			"from": [12.025, 3, 7.7],
			"to": [12.275, 13.25, 8.05],
			"rotation": {"angle": 22.5, "axis": "y", "origin": [8.15, 7.875, 8.05]},
			"faces": {
				"north": {"uv": [12, 1, 11.75, 11.25], "texture": "#0"},
				"east": {"uv": [11.75, 1, 12, 11.25], "texture": "#1"},
				"south": {"uv": [11.75, 1, 12, 11.25], "texture": "#1"},
				"west": {"uv": [11.75, 1, 12, 11.25], "texture": "#1"},
				"up": {"uv": [0, 0, 0, 0], "texture": "#1"},
				"down": {"uv": [0, 0, 0, 0], "texture": "#1"}
			}
		},
		{
			"from": [11.775, 2.5, 7.7],
			"to": [12.025, 13.25, 8.05],
			"rotation": {"angle": 22.5, "axis": "y", "origin": [8.15, 7.875, 8.05]},
			"faces": {
				"north": {"uv": [11.75, 1, 11.5, 11.75], "texture": "#0"},
				"east": {"uv": [11.5, 1, 11.75, 11.75], "texture": "#1"},
				"south": {"uv": [11.5, 1, 11.75, 11.75], "texture": "#1"},
				"west": {"uv": [11.5, 1, 11.75, 11.75], "texture": "#1"},
				"up": {"uv": [0, 0, 0, 0], "texture": "#1"},
				"down": {"uv": [0, 0, 0, 0], "texture": "#1"}
			}
		},
		{
			"from": [3.775, 3, 7.7],
			"to": [4.025, 13.25, 8.05],
			"rotation": {"angle": -22.5, "axis": "y", "origin": [7.9, 7.875, 8.05]},
			"faces": {
				"north": {"uv": [4, 1, 3.75, 11.25], "texture": "#0"},
				"east": {"uv": [3.75, 1, 4, 11.25], "texture": "#1"},
				"south": {"uv": [3.75, 1, 4, 11.25], "texture": "#1"},
				"west": {"uv": [3.75, 1, 4, 11.25], "texture": "#1"},
				"up": {"uv": [0, 0, 0, 0], "texture": "#1"},
				"down": {"uv": [0, 0, 0, 0], "texture": "#1"}
			}
		},
		{
			"from": [3.525, 3.5, 7.7],
			"to": [3.775, 13, 8.05],
			"rotation": {"angle": -22.5, "axis": "y", "origin": [7.9, 7.875, 8.05]},
			"faces": {
				"north": {"uv": [3.75, 1.25, 3.5, 10.75], "texture": "#0"},
				"east": {"uv": [3.5, 1.25, 3.75, 10.75], "texture": "#1"},
				"south": {"uv": [3.5, 1.25, 3.75, 10.75], "texture": "#1"},
				"west": {"uv": [3.5, 1.25, 3.75, 10.75], "texture": "#1"},
				"up": {"uv": [0, 0, 0, 0], "texture": "#1"},
				"down": {"uv": [0, 0, 0, 0], "texture": "#1"}
			}
		},
		{
			"from": [3.275, 4, 7.7],
			"to": [3.525, 13, 8.05],
			"rotation": {"angle": -22.5, "axis": "y", "origin": [7.9, 7.875, 8.05]},
			"faces": {
				"north": {"uv": [3.5, 1.25, 3.25, 10.25], "texture": "#0"},
				"east": {"uv": [3.25, 1.25, 3.5, 10.25], "texture": "#1"},
				"south": {"uv": [3.25, 1.25, 3.5, 10.25], "texture": "#1"},
				"west": {"uv": [3.25, 1.25, 3.5, 10.25], "texture": "#1"},
				"up": {"uv": [0, 0, 0, 0], "texture": "#1"},
				"down": {"uv": [0, 0, 0, 0], "texture": "#1"}
			}
		},
		{
			"from": [3.025, 4.75, 7.7],
			"to": [3.275, 13, 8.05],
			"rotation": {"angle": -22.5, "axis": "y", "origin": [7.9, 7.875, 8.05]},
			"faces": {
				"north": {"uv": [3.25, 1.25, 3, 9.5], "texture": "#0"},
				"east": {"uv": [3, 1.25, 3.25, 9.5], "texture": "#1"},
				"south": {"uv": [3, 1.25, 3.25, 9.5], "texture": "#1"},
				"west": {"uv": [3, 1.25, 3.25, 9.5], "texture": "#1"},
				"up": {"uv": [0, 0, 0, 0], "texture": "#1"},
				"down": {"uv": [0, 0, 0, 0], "texture": "#1"}
			}
		},
		{
			"from": [2.775, 5.75, 7.7],
			"to": [3.025, 13, 8.05],
			"rotation": {"angle": -22.5, "axis": "y", "origin": [7.9, 7.875, 8.05]},
			"faces": {
				"north": {"uv": [3, 1.25, 2.75, 8.5], "texture": "#0"},
				"east": {"uv": [2.75, 1.25, 3, 8.5], "texture": "#1"},
				"south": {"uv": [2.75, 1.25, 3, 8.5], "texture": "#1"},
				"west": {"uv": [2.75, 1.25, 3, 8.5], "texture": "#1"},
				"up": {"uv": [0, 0, 0, 0], "texture": "#1"},
				"down": {"uv": [0, 0, 0, 0], "texture": "#1"}
			}
		},
		{
			"from": [4.525, 1.25, 7.6],
			"to": [4.775, 1.75, 8.15],
			"rotation": {"angle": -22.5, "axis": "y", "origin": [7.9, 7.875, 8.05]},
			"faces": {
				"north": {"uv": [4.75, 12.5, 4.5, 13], "texture": "#0"},
				"east": {"uv": [4.5, 12.5, 4.75, 13], "texture": "#1"},
				"south": {"uv": [4.5, 12.5, 4.75, 13], "texture": "#1"},
				"west": {"uv": [4.5, 12.5, 4.75, 13], "texture": "#1"},
				"up": {"uv": [4.5, 12.5, 4.75, 12.75], "texture": "#1"},
				"down": {"uv": [4.5, 12.75, 4.75, 13], "texture": "#1"}
			}
		},
		{
			"from": [4.775, 1, 7.6],
			"to": [5.025, 1.5, 8.15],
			"rotation": {"angle": -22.5, "axis": "y", "origin": [7.9, 7.875, 8.05]},
			"faces": {
				"north": {"uv": [5, 12.75, 4.75, 13.25], "texture": "#0"},
				"east": {"uv": [4.75, 12.75, 5, 13.25], "texture": "#1"},
				"south": {"uv": [4.75, 12.75, 5, 13.25], "texture": "#1"},
				"west": {"uv": [4.75, 12.75, 5, 13.25], "texture": "#1"},
				"up": {"uv": [4.75, 12.75, 5, 13], "texture": "#1"},
				"down": {"uv": [4.75, 13, 5, 13.25], "texture": "#1"}
			}
		},
		{
			"from": [5.025, 0.75, 7.6],
			"to": [5.275, 1.25, 8.15],
			"rotation": {"angle": -22.5, "axis": "y", "origin": [7.9, 7.875, 8.05]},
			"faces": {
				"north": {"uv": [5.25, 13, 5, 13.5], "texture": "#0"},
				"east": {"uv": [5, 13, 5.25, 13.5], "texture": "#1"},
				"south": {"uv": [5, 13, 5.25, 13.5], "texture": "#1"},
				"west": {"uv": [5, 13, 5.25, 13.5], "texture": "#1"},
				"up": {"uv": [5, 13, 5.25, 13.25], "texture": "#1"},
				"down": {"uv": [5, 13.25, 5.25, 13.5], "texture": "#1"}
			}
		},
		{
			"from": [5.275, 0.5, 7.6],
			"to": [5.525, 1, 8.15],
			"rotation": {"angle": -22.5, "axis": "y", "origin": [7.9, 7.875, 8.05]},
			"faces": {
				"north": {"uv": [5.5, 13.25, 5.25, 13.75], "texture": "#0"},
				"east": {"uv": [5.25, 13.25, 5.5, 13.75], "texture": "#1"},
				"south": {"uv": [5.25, 13.25, 5.5, 13.75], "texture": "#1"},
				"west": {"uv": [5.25, 13.25, 5.5, 13.75], "texture": "#1"},
				"up": {"uv": [5.25, 13.25, 5.5, 13.5], "texture": "#1"},
				"down": {"uv": [5.25, 13.5, 5.5, 13.75], "texture": "#1"}
			}
		},
		{
			"from": [5.775, 0, 7.6],
			"to": [6.025, 0.5, 8.15],
			"rotation": {"angle": -22.5, "axis": "y", "origin": [7.9, 7.875, 8.05]},
			"faces": {
				"north": {"uv": [6, 13.75, 5.75, 14.25], "texture": "#0"},
				"east": {"uv": [5.75, 13.75, 6, 14.25], "texture": "#1"},
				"south": {"uv": [5.75, 13.75, 6, 14.25], "texture": "#1"},
				"west": {"uv": [5.75, 13.75, 6, 14.25], "texture": "#1"},
				"up": {"uv": [5.75, 13.75, 6, 14], "texture": "#1"},
				"down": {"uv": [5.75, 14, 6, 14.25], "texture": "#1"}
			}
		},
		{
			"from": [5.525, 0.25, 7.6],
			"to": [5.775, 0.75, 8.15],
			"rotation": {"angle": -22.5, "axis": "y", "origin": [7.9, 7.875, 8.05]},
			"faces": {
				"north": {"uv": [5.75, 13.5, 5.5, 14], "texture": "#0"},
				"east": {"uv": [5.5, 13.5, 5.75, 14], "texture": "#1"},
				"south": {"uv": [5.5, 13.5, 5.75, 14], "texture": "#1"},
				"west": {"uv": [5.5, 13.5, 5.75, 14], "texture": "#1"},
				"up": {"uv": [5.5, 13.5, 5.75, 13.75], "texture": "#1"},
				"down": {"uv": [5.5, 13.75, 5.75, 14], "texture": "#1"}
			}
		},
		{
			"from": [6.025, -0.25, 7.6],
			"to": [6.275, 0.25, 8.15],
			"rotation": {"angle": -22.5, "axis": "y", "origin": [7.9, 7.875, 8.05]},
			"faces": {
				"north": {"uv": [6.25, 14, 6, 14.5], "texture": "#0"},
				"east": {"uv": [6, 14, 6.25, 14.5], "texture": "#1"},
				"south": {"uv": [6, 14, 6.25, 14.5], "texture": "#1"},
				"west": {"uv": [6, 14, 6.25, 14.5], "texture": "#1"},
				"up": {"uv": [6, 14, 6.25, 14.25], "texture": "#1"},
				"down": {"uv": [6, 14.25, 6.25, 14.5], "texture": "#1"}
			}
		},
		{
			"from": [6.4, -0.5, 6.975],
			"to": [6.65, 0, 7.525],
			"rotation": {"angle": 0, "axis": "y", "origin": [8.025, 7.875, 7.425]},
			"faces": {
				"north": {"uv": [6.5, 14.25, 6.25, 14.75], "texture": "#0"},
				"east": {"uv": [6.25, 14.25, 6.5, 14.75], "texture": "#1"},
				"south": {"uv": [6.25, 14.25, 6.5, 14.75], "texture": "#1"},
				"west": {"uv": [6.25, 14.25, 6.5, 14.75], "texture": "#1"},
				"up": {"uv": [6.25, 14.25, 6.5, 14.5], "texture": "#1"},
				"down": {"uv": [6.25, 14.5, 6.5, 14.75], "texture": "#1"}
			}
		},
		{
			"from": [6.65, -0.75, 6.975],
			"to": [6.9, -0.25, 7.525],
			"rotation": {"angle": 0, "axis": "y", "origin": [8.025, 7.875, 7.425]},
			"faces": {
				"north": {"uv": [6.75, 14.5, 6.5, 15], "texture": "#0"},
				"east": {"uv": [6.5, 14.5, 6.75, 15], "texture": "#1"},
				"south": {"uv": [6.5, 14.5, 6.75, 15], "texture": "#1"},
				"west": {"uv": [6.5, 14.5, 6.75, 15], "texture": "#1"},
				"up": {"uv": [6.5, 14.5, 6.75, 14.75], "texture": "#1"},
				"down": {"uv": [6.5, 14.75, 6.75, 15], "texture": "#1"}
			}
		},
		{
			"from": [6.9, -1, 6.975],
			"to": [7.15, -0.5, 7.525],
			"rotation": {"angle": 0, "axis": "y", "origin": [8.025, 7.875, 7.425]},
			"faces": {
				"north": {"uv": [7, 14.75, 6.75, 15.25], "texture": "#0"},
				"east": {"uv": [6.75, 14.75, 7, 15.25], "texture": "#1"},
				"south": {"uv": [6.75, 14.75, 7, 15.25], "texture": "#1"},
				"west": {"uv": [6.75, 14.75, 7, 15.25], "texture": "#1"},
				"up": {"uv": [6.75, 14.75, 7, 15], "texture": "#1"},
				"down": {"uv": [6.75, 15, 7, 15.25], "texture": "#1"}
			}
		},
		{
			"from": [7.15, -1.25, 6.975],
			"to": [7.4, -0.75, 7.525],
			"rotation": {"angle": 0, "axis": "y", "origin": [8.025, 7.875, 7.425]},
			"faces": {
				"north": {"uv": [7.25, 15, 7, 15.5], "texture": "#0"},
				"east": {"uv": [7, 15, 7.25, 15.5], "texture": "#1"},
				"south": {"uv": [7, 15, 7.25, 15.5], "texture": "#1"},
				"west": {"uv": [7, 15, 7.25, 15.5], "texture": "#1"},
				"up": {"uv": [7, 15, 7.25, 15.25], "texture": "#1"},
				"down": {"uv": [7, 15.25, 7.25, 15.5], "texture": "#1"}
			}
		},
		{
			"from": [7.4, -1.5, 6.975],
			"to": [7.65, -1, 7.525],
			"rotation": {"angle": 0, "axis": "y", "origin": [8.025, 7.875, 7.425]},
			"faces": {
				"north": {"uv": [7.5, 15.25, 7.25, 15.75], "texture": "#0"},
				"east": {"uv": [7.25, 15.25, 7.5, 15.75], "texture": "#1"},
				"south": {"uv": [7.25, 15.25, 7.5, 15.75], "texture": "#1"},
				"west": {"uv": [7.25, 15.25, 7.5, 15.75], "texture": "#1"},
				"up": {"uv": [7.25, 15.25, 7.5, 15.5], "texture": "#1"},
				"down": {"uv": [7.25, 15.5, 7.5, 15.75], "texture": "#1"}
			}
		},
		{
			"from": [7.65, -1.75, 6.975],
			"to": [8.4, -1.25, 7.525],
			"rotation": {"angle": 0, "axis": "y", "origin": [8.025, 7.875, 7.425]},
			"faces": {
				"north": {"uv": [8.25, 15.5, 7.5, 16], "texture": "#0"},
				"east": {"uv": [8, 15.5, 8.25, 16], "texture": "#1"},
				"south": {"uv": [7.5, 15.5, 8.25, 16], "texture": "#1"},
				"west": {"uv": [7.5, 15.5, 7.75, 16], "texture": "#1"},
				"up": {"uv": [7.5, 15.5, 8.25, 15.75], "texture": "#1"},
				"down": {"uv": [7.5, 15.75, 8.25, 16], "texture": "#1"}
			}
		}
	],
	"gui_light": "front",
	"overrides": [
		{"predicate": {"blocking": 1}, "model": "item/shield_blocking"}
	],
	"display": {
		"thirdperson_righthand": {
			"rotation": [0, 105, 0],
			"translation": [3.75, -2.5, 1],
			"scale": [1.35, 1.35, 1.2]
		},
		"thirdperson_lefthand": {
			"rotation": [0, 105, 0],
			"translation": [3.75, -2.5, 1],
			"scale": [1.35, 1.35, 1.2]
		},
		"firstperson_righthand": {
			"rotation": [0, 95, 0],
			"translation": [3.5, -2.5, -1],
			"scale": [1.25, 1.2, 1.2]
		},
		"firstperson_lefthand": {
			"rotation": [0, 95, 0],
			"translation": [3.5, -2.5, -1],
			"scale": [1.25, 1.2, 1.2]
		},
		"ground": {
			"translation": [0, 1, 0],
			"scale": [0.55, 0.55, 0.55]
		},
		"gui": {
			"rotation": [0, -20, -10],
			"translation": [-0.5, 1.5, 0]
		},
		"fixed": {
			"rotation": [0, -180, 0],
			"translation": [0, 2.25, -4.5],
			"scale": [2, 2, 2]
		}
	}
}