{
	"credit": "Made with Blockbench",
	"textures": {
		"2": "./tophelm",
		"3": "./tophelm_side",
		"particle": "./tophelm"
	},
	"elements": [
		{
			"from": [3.875, 7.975, 11.05],
			"to": [10.625, 10.475, 11.3],
			"faces": {
				"north": {"uv": [6.75, 11, 0, 13.5], "texture": "#2"},
				"east": {"uv": [6.75, 11, 6.5, 13.5], "texture": "#2"},
				"south": {"uv": [0, 11, 6.75, 13.5], "texture": "#2"},
				"west": {"uv": [0, 11, 0.25, 13.5], "texture": "#2"},
				"up": {"uv": [0, 11, 6.75, 11.25], "texture": "#2"},
				"down": {"uv": [0, 13.25, 6.75, 13.5], "texture": "#2"}
			}
		},
		{
			"from": [4.125, 10.475, 10.8],
			"to": [10.375, 11.975, 11.05],
			"faces": {
				"north": {"uv": [6.5, 9.5, 0.25, 11], "texture": "#2"},
				"east": {"uv": [6.5, 9.5, 6.25, 11], "texture": "#2"},
				"south": {"uv": [0.25, 9.5, 6.5, 11], "texture": "#2"},
				"west": {"uv": [0.25, 9.5, 0.5, 11], "texture": "#2"},
				"up": {"uv": [0.25, 9.5, 6.5, 9.75], "texture": "#2"},
				"down": {"uv": [0.25, 10.75, 6.5, 11], "texture": "#2"}
			}
		},
		{
			"from": [4.375, 11.975, 10.55],
			"to": [10.125, 13.225, 10.8],
			"faces": {
				"north": {"uv": [6.25, 8.25, 0.5, 9.5], "texture": "#2"},
				"east": {"uv": [6.25, 8.25, 6, 9.5], "texture": "#2"},
				"south": {"uv": [0.5, 8.25, 6.25, 9.5], "texture": "#2"},
				"west": {"uv": [0.5, 8.25, 0.75, 9.5], "texture": "#2"},
				"up": {"uv": [0.5, 8.25, 6.25, 8.5], "texture": "#2"},
				"down": {"uv": [0.5, 9.25, 6.25, 9.5], "texture": "#2"}
			}
		},
		{
			"from": [3.875, 7.975, 4.55],
			"to": [10.625, 10.475, 4.8],
			"faces": {
				"north": {"uv": [13.75, 11, 7, 13.5], "texture": "#2"},
				"east": {"uv": [13.75, 11, 13.5, 13.5], "texture": "#2"},
				"south": {"uv": [7, 11, 13.75, 13.5], "texture": "#2"},
				"west": {"uv": [7, 11, 7.25, 13.5], "texture": "#2"},
				"up": {"uv": [7, 11, 13.75, 11.25], "texture": "#2"},
				"down": {"uv": [7, 13.25, 13.75, 13.5], "texture": "#2"}
			}
		},
		{
			"from": [9.875, 11.975, 5.3],
			"to": [10.125, 13.225, 10.55],
			"faces": {
				"north": {"uv": [8.75, 4.5, 9, 5.75], "texture": "#3"},
				"east": {"uv": [14, 4.5, 8.75, 5.75], "texture": "#3"},
				"south": {"uv": [14, 4.5, 13.75, 5.75], "texture": "#3"},
				"west": {"uv": [8.75, 4.5, 14, 5.75], "texture": "#3"},
				"up": {"uv": [8.75, 4.5, 14, 4.75], "rotation": 90, "texture": "#3"},
				"down": {"uv": [8.75, 5.5, 14, 5.75], "rotation": 270, "texture": "#3"}
			}
		},
		{
			"from": [10.125, 10.475, 5.05],
			"to": [10.375, 11.975, 10.8],
			"faces": {
				"north": {"uv": [8.5, 5.75, 8.75, 7.25], "texture": "#3"},
				"east": {"uv": [14.25, 5.75, 8.5, 7.25], "texture": "#3"},
				"south": {"uv": [14.25, 5.75, 14, 7.25], "texture": "#3"},
				"west": {"uv": [8.5, 5.75, 14.25, 7.25], "texture": "#3"},
				"up": {"uv": [8.5, 5.75, 14.25, 6], "rotation": 90, "texture": "#3"},
				"down": {"uv": [8.5, 7, 14.25, 7.25], "rotation": 270, "texture": "#3"}
			}
		},
		{
			"from": [10.125, 5.475, 4.8],
			"to": [10.375, 7.975, 11.05],
			"faces": {
				"north": {"uv": [8.5, 9.75, 8.75, 12.25], "texture": "#3"},
				"east": {"uv": [14.25, 9.75, 8.5, 12.25], "texture": "#3"},
				"south": {"uv": [14.25, 9.75, 14, 12.25], "texture": "#3"},
				"west": {"uv": [8.5, 9.75, 14.25, 12.25], "texture": "#3"},
				"up": {"uv": [8.5, 9.75, 14.25, 10], "rotation": 90, "texture": "#3"},
				"down": {"uv": [8.5, 12, 14.25, 12.25], "rotation": 270, "texture": "#3"}
			}
		},
		{
			"from": [4.375, 11.975, 5.3],
			"to": [4.625, 13.225, 10.55],
			"faces": {
				"north": {"uv": [2.25, 4.5, 2.5, 5.75], "texture": "#3"},
				"east": {"uv": [7.5, 4.5, 2.25, 5.75], "texture": "#3"},
				"south": {"uv": [7.5, 4.5, 7.25, 5.75], "texture": "#3"},
				"west": {"uv": [2.25, 4.5, 7.5, 5.75], "texture": "#3"},
				"up": {"uv": [2.25, 4.5, 7.5, 4.75], "rotation": 90, "texture": "#3"},
				"down": {"uv": [2.25, 5.5, 7.5, 5.75], "rotation": 270, "texture": "#3"}
			}
		},
		{
			"from": [4.625, 12.975, 5.3],
			"to": [9.875, 13.225, 10.55],
			"faces": {
				"up": {"uv": [0.75, 2.75, 6, 8], "rotation": 90, "texture": "#2"},
				"down": {"uv": [0.75, 2.75, 6, 8], "rotation": 270, "texture": "#2"}
			}
		},
		{
			"from": [4.125, 10.475, 5.05],
			"to": [4.375, 11.975, 10.8],
			"faces": {
				"north": {"uv": [2, 5.75, 2.25, 7.25], "texture": "#3"},
				"east": {"uv": [7.75, 5.75, 2, 7.25], "texture": "#3"},
				"south": {"uv": [7.75, 5.75, 7.5, 7.25], "texture": "#3"},
				"west": {"uv": [2, 5.75, 7.75, 7.25], "texture": "#3"},
				"up": {"uv": [2, 5.75, 7.75, 6], "rotation": 90, "texture": "#3"},
				"down": {"uv": [2, 7, 7.75, 7.25], "rotation": 270, "texture": "#3"}
			}
		},
		{
			"from": [3.875, 7.975, 4.8],
			"to": [4.125, 10.475, 11.05],
			"faces": {
				"north": {"uv": [1.75, 7.25, 2, 9.75], "texture": "#3"},
				"east": {"uv": [8, 7.25, 1.75, 9.75], "texture": "#3"},
				"south": {"uv": [8, 7.25, 7.75, 9.75], "texture": "#3"},
				"west": {"uv": [1.75, 7.25, 8, 9.75], "texture": "#3"},
				"up": {"uv": [1.75, 7.25, 8, 7.5], "rotation": 90, "texture": "#3"},
				"down": {"uv": [1.75, 9.5, 8, 9.75], "rotation": 270, "texture": "#3"}
			}
		},
		{
			"from": [4.125, 5.475, 4.8],
			"to": [4.375, 7.975, 11.05],
			"faces": {
				"north": {"uv": [2, 9.75, 2.25, 12.25], "texture": "#3"},
				"east": {"uv": [7.75, 9.75, 2, 12.25], "texture": "#3"},
				"south": {"uv": [7.75, 9.75, 7.5, 12.25], "texture": "#3"},
				"west": {"uv": [2, 9.75, 7.75, 12.25], "texture": "#3"},
				"up": {"uv": [2, 9.75, 7.75, 10], "rotation": 90, "texture": "#3"},
				"down": {"uv": [2, 12, 7.75, 12.25], "rotation": 270, "texture": "#3"}
			}
		},
		{
			"from": [10.375, 7.975, 4.8],
			"to": [10.625, 10.475, 11.05],
			"faces": {
				"north": {"uv": [8.25, 7.25, 8.5, 9.75], "texture": "#3"},
				"east": {"uv": [14.5, 7.25, 8.25, 9.75], "texture": "#3"},
				"south": {"uv": [14.5, 7.25, 14.25, 9.75], "texture": "#3"},
				"west": {"uv": [8.25, 7.25, 14.5, 9.75], "texture": "#3"},
				"up": {"uv": [8.25, 7.25, 14.5, 7.5], "rotation": 90, "texture": "#3"},
				"down": {"uv": [8.25, 9.5, 14.5, 9.75], "rotation": 270, "texture": "#3"}
			}
		},
		{
			"from": [4.125, 10.475, 4.8],
			"to": [10.375, 11.975, 5.05],
			"faces": {
				"north": {"uv": [13.5, 9.5, 7.25, 11], "texture": "#2"},
				"east": {"uv": [13.5, 9.5, 13.25, 11], "texture": "#2"},
				"south": {"uv": [7.25, 9.5, 13.5, 11], "texture": "#2"},
				"west": {"uv": [7.25, 9.5, 7.5, 11], "texture": "#2"},
				"up": {"uv": [7.25, 9.5, 13.5, 9.75], "texture": "#2"},
				"down": {"uv": [7.25, 10.75, 13.5, 11], "texture": "#2"}
			}
		},
		{
			"from": [4.125, 5.475, 4.55],
			"to": [10.375, 7.975, 4.8],
			"faces": {
				"north": {"uv": [13.5, 13.5, 7.25, 16], "texture": "#2"},
				"east": {"uv": [13.5, 13.5, 13.25, 16], "texture": "#2"},
				"south": {"uv": [7.25, 13.5, 13.5, 16], "texture": "#2"},
				"west": {"uv": [7.25, 13.5, 7.5, 16], "texture": "#2"},
				"up": {"uv": [7.25, 13.5, 13.5, 13.75], "texture": "#2"},
				"down": {"uv": [7.25, 15.75, 13.5, 16], "texture": "#2"}
			}
		},
		{
			"from": [4.375, 11.975, 5.05],
			"to": [10.125, 13.225, 5.3],
			"faces": {
				"north": {"uv": [13.25, 8.25, 7.5, 9.5], "texture": "#2"},
				"east": {"uv": [13.25, 8.25, 13, 9.5], "texture": "#2"},
				"south": {"uv": [7.5, 8.25, 13.25, 9.5], "texture": "#2"},
				"west": {"uv": [7.5, 8.25, 7.75, 9.5], "texture": "#2"},
				"up": {"uv": [7.5, 8.25, 13.25, 8.5], "texture": "#2"},
				"down": {"uv": [7.5, 9.25, 13.25, 9.5], "texture": "#2"}
			}
		},
		{
			"from": [4.125, 5.475, 11.05],
			"to": [10.375, 7.975, 11.3],
			"faces": {
				"north": {"uv": [6.5, 13.5, 0.25, 16], "texture": "#2"},
				"east": {"uv": [6.5, 13.5, 6.25, 16], "texture": "#2"},
				"south": {"uv": [0.25, 13.5, 6.5, 16], "texture": "#2"},
				"west": {"uv": [0.25, 13.5, 0.5, 16], "texture": "#2"},
				"up": {"uv": [0.25, 13.5, 6.5, 13.75], "texture": "#2"},
				"down": {"uv": [0.25, 15.75, 6.5, 16], "texture": "#2"}
			}
		}
	],
	"gui_light": "front",
	"display": {
		"thirdperson_righthand": {
			"rotation": [0, -90, 0],
			"translation": [-0.25, 0.25, 0.25]
		},
		"thirdperson_lefthand": {
			"rotation": [0, -90, 0],
			"translation": [0, 0.25, -1.25]
		},
		"firstperson_righthand": {
			"rotation": [55, -90, 60],
			"translation": [-1.25, 3.25, 2.5],
			"scale": [0.6, 0.6, 0.6]
		},
		"firstperson_lefthand": {
			"rotation": [180, -90, 180],
			"translation": [-0.75, 3.25, 1.5],
			"scale": [0.6, 0.6, 0.6]
		},
		"ground": {
			"rotation": [0, 90, 0],
			"translation": [0, 1, 0],
			"scale": [0.55, 0.55, 0.55]
		},
		"gui": {
			"rotation": [0, -24.75, 0],
			"translation": [1, -4, 0],
			"scale": [1.4, 1.4, 1.4]
		},
		"head": {
			"rotation": [0, -180, 0],
			"translation": [-1.5, -1.5, -0.25],
			"scale": [2.1, 2.1, 2.1]
		},
		"fixed": {
			"rotation": [-180, 0, -180],
			"translation": [-1.75, -3, -6],
			"scale": [2, 2, 2]
		}
	}
}