{
	"credit": "Made with Blockbench",
	"textures": {
		"2": "./gladius",
		"particle": "./gladius"
	},
	"elements": [
		{
			"from": [6.625, 5.65, 7.4],
			"to": [8.875, 16.65, 7.6],
			"faces": {
				"north": {"uv": [7, 5, 4.75, 16], "texture": "#2"},
				"east": {"uv": [6.75, 5, 7, 16], "texture": "#2"},
				"south": {"uv": [4.75, 5, 7, 16], "texture": "#2"},
				"west": {"uv": [4.75, 5, 5, 16], "texture": "#2"},
				"up": {"uv": [4.75, 5, 7, 5.25], "texture": "#2"}
			}
		},
		{
			"from": [7.625, 17.4, 7.15],
			"to": [7.875, 18.15, 7.85],
			"faces": {
				"north": {"uv": [6, 3.5, 5.75, 4.25], "texture": "#2"},
				"east": {"uv": [5.75, 3.5, 6, 4.25], "texture": "#2"},
				"south": {"uv": [5.75, 3.5, 6, 4.25], "texture": "#2"},
				"west": {"uv": [5.75, 3.5, 6, 4.25], "texture": "#2"},
				"up": {"uv": [5.75, 3.5, 6, 3.75], "texture": "#2"}
			}
		},
		{
			"from": [7.375, 16.65, 7.15],
			"to": [8.125, 17.4, 7.85],
			"faces": {
				"north": {"uv": [6.25, 4.25, 5.5, 5], "texture": "#2"},
				"east": {"uv": [6, 4.25, 6.25, 5], "texture": "#2"},
				"south": {"uv": [5.5, 4.25, 6.25, 5], "texture": "#2"},
				"west": {"uv": [5.5, 4.25, 5.75, 5], "texture": "#2"},
				"up": {"uv": [5.5, 4.25, 6.25, 4.5], "texture": "#2"}
			}
		},
		{
			"from": [7.125, 5.65, 7.15],
			"to": [8.375, 16.65, 7.85],
			"faces": {
				"north": {"uv": [6.5, 5, 5.25, 16], "texture": "#2"},
				"east": {"uv": [6.25, 5, 6.5, 16], "texture": "#2"},
				"south": {"uv": [5.25, 5, 6.5, 16], "texture": "#2"},
				"west": {"uv": [5.25, 5, 5.5, 16], "texture": "#2"},
				"up": {"uv": [5.25, 5, 6.5, 5.25], "texture": "#2"}
			}
		},
		{
			"from": [6.875, 16.65, 7.4],
			"to": [8.625, 17.4, 7.6],
			"faces": {
				"north": {"uv": [6.75, 4.25, 5, 5], "texture": "#2"},
				"east": {"uv": [6.5, 4.25, 6.75, 5], "texture": "#2"},
				"south": {"uv": [5, 4.25, 6.75, 5], "texture": "#2"},
				"west": {"uv": [5, 4.25, 5.25, 5], "texture": "#2"},
				"up": {"uv": [5, 4.25, 6.75, 4.5], "texture": "#2"}
			}
		},
		{
			"from": [7.625, 18.9, 7.4],
			"to": [7.875, 19.65, 7.6],
			"faces": {
				"north": {"uv": [6, 2, 5.75, 2.75], "texture": "#2"},
				"east": {"uv": [6, 2, 5.75, 2.75], "texture": "#2"},
				"south": {"uv": [5.75, 2, 6, 2.75], "texture": "#2"},
				"west": {"uv": [5.75, 2, 6, 2.75], "texture": "#2"},
				"up": {"uv": [5.75, 2, 6, 2.25], "texture": "#2"}
			}
		},
		{
			"from": [7.125, 17.4, 7.4],
			"to": [8.375, 18.15, 7.6],
			"faces": {
				"north": {"uv": [6.5, 3.5, 5.25, 4.25], "texture": "#2"},
				"east": {"uv": [6.25, 3.5, 6.5, 4.25], "texture": "#2"},
				"south": {"uv": [5.25, 3.5, 6.5, 4.25], "texture": "#2"},
				"west": {"uv": [5.25, 3.5, 5.5, 4.25], "texture": "#2"},
				"up": {"uv": [5.25, 3.5, 6.5, 3.75], "texture": "#2"}
			}
		},
		{
			"from": [7.375, 18.15, 7.4],
			"to": [8.125, 18.9, 7.6],
			"faces": {
				"north": {"uv": [6.25, 2.75, 5.5, 3.5], "texture": "#2"},
				"east": {"uv": [6, 2.75, 6.25, 3.5], "texture": "#2"},
				"south": {"uv": [5.5, 2.75, 6.25, 3.5], "texture": "#2"},
				"west": {"uv": [5.5, 2.75, 5.75, 3.5], "texture": "#2"},
				"up": {"uv": [5.5, 2.75, 6.25, 3], "texture": "#2"}
			}
		},
		{
			"from": [6.1, 5.25, 6.675],
			"to": [9.35, 5.75, 8.3],
			"faces": {
				"north": {"uv": [11.5, 9, 8.25, 9.5], "texture": "#2"},
				"east": {"uv": [11.25, 9, 11.5, 9.5], "texture": "#2"},
				"south": {"uv": [8.25, 9, 11.5, 9.5], "texture": "#2"},
				"west": {"uv": [8.25, 9, 8.5, 9.5], "texture": "#2"},
				"up": {"uv": [8.25, 9, 11.5, 9.25], "texture": "#2"},
				"down": {"uv": [11.5, 9.25, 8.25, 9.5], "rotation": 180, "texture": "#2"}
			}
		},
		{
			"from": [6.6, -0.7, 6.775],
			"to": [8.85, -0.2, 8.225],
			"faces": {
				"north": {"uv": [11, 14.75, 8.75, 15.25], "texture": "#2"},
				"east": {"uv": [10.75, 14.75, 11, 15.25], "texture": "#2"},
				"south": {"uv": [8.75, 14.75, 11, 15.25], "texture": "#2"},
				"west": {"uv": [8.75, 14.75, 9, 15.25], "texture": "#2"},
				"up": {"uv": [8.75, 14.75, 11, 15], "texture": "#2"},
				"down": {"uv": [11, 15, 8.75, 15.25], "rotation": 180, "texture": "#2"}
			}
		},
		{
			"from": [6.85, -1.2, 6.875],
			"to": [8.6, 0.3, 8.125],
			"faces": {
				"north": {"uv": [10.75, 14.25, 9, 15.75], "texture": "#2"},
				"east": {"uv": [10.5, 14.25, 10.75, 15.75], "texture": "#2"},
				"south": {"uv": [9, 14.25, 10.75, 15.75], "texture": "#2"},
				"west": {"uv": [9, 14.25, 9.25, 15.75], "texture": "#2"},
				"up": {"uv": [9, 14.25, 10.75, 14.5], "texture": "#2"},
				"down": {"uv": [10.75, 15.5, 9, 15.75], "rotation": 180, "texture": "#2"}
			}
		},
		{
			"from": [7.35, -1.45, 6.95],
			"to": [8.1, 0.55, 8.05],
			"faces": {
				"north": {"uv": [10.25, 14, 9.5, 16], "texture": "#2"},
				"east": {"uv": [10, 14, 10.25, 16], "texture": "#2"},
				"south": {"uv": [9.5, 14, 10.25, 16], "texture": "#2"},
				"west": {"uv": [9.5, 14, 9.75, 16], "texture": "#2"},
				"up": {"uv": [9.5, 14, 10.25, 14.25], "texture": "#2"},
				"down": {"uv": [10.25, 15.75, 9.5, 16], "rotation": 180, "texture": "#2"}
			}
		},
		{
			"from": [6.35, 4.75, 6.725],
			"to": [9.1, 5.25, 8.25],
			"faces": {
				"north": {"uv": [11.25, 9.5, 8.5, 10], "texture": "#2"},
				"east": {"uv": [11, 9.5, 11.25, 10], "texture": "#2"},
				"south": {"uv": [8.5, 9.5, 11.25, 10], "texture": "#2"},
				"west": {"uv": [8.5, 9.5, 8.75, 10], "texture": "#2"},
				"up": {"uv": [8.5, 9.5, 11.25, 9.75], "texture": "#2"},
				"down": {"uv": [11.25, 9.75, 8.5, 10], "rotation": 180, "texture": "#2"}
			}
		},
		{
			"from": [6.85, 4.5, 6.8],
			"to": [8.6, 4.75, 8.2],
			"faces": {
				"north": {"uv": [10.75, 10, 9, 10.25], "texture": "#2"},
				"east": {"uv": [10.5, 10, 10.75, 10.25], "texture": "#2"},
				"south": {"uv": [9, 10, 10.75, 10.25], "texture": "#2"},
				"west": {"uv": [9, 10, 9.25, 10.25], "texture": "#2"},
				"up": {"uv": [9, 10, 10.75, 10.25], "texture": "#2"},
				"down": {"uv": [10.75, 10, 9, 10.25], "rotation": 180, "texture": "#2"}
			}
		},
		{
			"from": [7.025, 3.925, 6.925],
			"to": [8.425, 4.225, 8.1],
			"faces": {
				"north": {"uv": [10.75, 10.5, 9, 10.75], "texture": "#2"},
				"east": {"uv": [10.75, 10.5, 12.5, 10.75], "texture": "#2"},
				"south": {"uv": [9, 10.5, 10.75, 10.75], "texture": "#2"},
				"west": {"uv": [7.25, 10.5, 9, 10.75], "texture": "#2"},
				"up": {"uv": [12.75, 10.75, 14.5, 12.5], "texture": "#2"},
				"down": {"uv": [14.5, 10.75, 12.75, 12.5], "rotation": 180, "texture": "#2"}
			}
		},
		{
			"from": [7.025, 1.4, 6.925],
			"to": [8.425, 1.7, 8.1],
			"faces": {
				"north": {"uv": [10.75, 12.75, 9, 13], "texture": "#2"},
				"east": {"uv": [10.75, 12.75, 12.5, 13], "texture": "#2"},
				"south": {"uv": [9, 12.75, 10.75, 13], "texture": "#2"},
				"west": {"uv": [7.25, 12.75, 9, 13], "texture": "#2"},
				"up": {"uv": [12.75, 10.75, 14.5, 12.5], "texture": "#2"},
				"down": {"uv": [14.5, 10.75, 12.75, 12.5], "rotation": 180, "texture": "#2"}
			}
		},
		{
			"from": [7.025, 0.575, 6.925],
			"to": [8.425, 0.875, 8.1],
			"faces": {
				"north": {"uv": [10.75, 13.5, 9, 13.75], "texture": "#2"},
				"east": {"uv": [10.75, 13.5, 12.5, 13.75], "texture": "#2"},
				"south": {"uv": [9, 13.5, 10.75, 13.75], "texture": "#2"},
				"west": {"uv": [7.25, 13.5, 9, 13.75], "texture": "#2"},
				"up": {"uv": [12.75, 10.75, 14.5, 12.5], "texture": "#2"},
				"down": {"uv": [14.5, 10.75, 12.75, 12.5], "rotation": 180, "texture": "#2"}
			}
		},
		{
			"from": [7.025, 2.25, 6.925],
			"to": [8.425, 2.55, 8.1],
			"faces": {
				"north": {"uv": [10.75, 12, 9, 12.25], "texture": "#2"},
				"east": {"uv": [10.75, 12, 12.5, 12.25], "texture": "#2"},
				"south": {"uv": [9, 12, 10.75, 12.25], "texture": "#2"},
				"west": {"uv": [7.25, 12, 9, 12.25], "texture": "#2"},
				"up": {"uv": [12.75, 10.75, 14.5, 12.5], "texture": "#2"},
				"down": {"uv": [14.5, 10.75, 12.75, 12.5], "rotation": 180, "texture": "#2"}
			}
		},
		{
			"from": [7.025, 3.075, 6.925],
			"to": [8.425, 3.375, 8.1],
			"faces": {
				"north": {"uv": [10.75, 11.25, 9, 11.5], "texture": "#2"},
				"east": {"uv": [10.75, 11.25, 12.5, 11.5], "texture": "#2"},
				"south": {"uv": [9, 11.25, 10.75, 11.5], "texture": "#2"},
				"west": {"uv": [7.25, 11.25, 9, 11.5], "texture": "#2"},
				"up": {"uv": [12.75, 10.75, 14.5, 12.5], "texture": "#2"},
				"down": {"uv": [14.5, 10.75, 12.75, 12.5], "rotation": 180, "texture": "#2"}
			}
		},
		{
			"from": [7.1, 0.3, 7],
			"to": [8.35, 4.5, 8],
			"faces": {
				"north": {"uv": [10.5, 10.25, 9.25, 14], "texture": "#2"},
				"east": {"uv": [11, 10.25, 12.25, 14], "texture": "#2"},
				"south": {"uv": [9.25, 10.25, 10.5, 14], "texture": "#2"},
				"west": {"uv": [7.5, 10.25, 8.75, 14], "texture": "#2"}
			}
		}
	],
	"gui_light": "front",
	"display": {
		"thirdperson_righthand": {
			"rotation": [0, -90, 0],
			"translation": [-1, 3.5, 1.5]
		},
		"thirdperson_lefthand": {
			"rotation": [0, 90, 0],
			"translation": [0, 3.5, 1.5]
		},
		"firstperson_righthand": {
			"rotation": [55, -90, 60],
			"translation": [-1.25, 4.25, 1.5],
			"scale": [0.75, 0.75, 0.75]
		},
		"firstperson_lefthand": {
			"rotation": [-65, 90, 60],
			"translation": [-0.75, 4.25, 1.5],
			"scale": [0.75, 0.75, 0.75]
		},
		"ground": {
			"rotation": [-45, 90, 0],
			"translation": [0, 1, 0],
			"scale": [0.5, 0.5, 0.5]
		},
		"gui": {
			"rotation": [0, 0, -45],
			"translation": [-0.25, -0.75, 0]
		},
		"head": {
			"translation": [0, 9.75, 0]
		},
		"fixed": {
			"rotation": [180, 0, 135],
			"translation": [0.25, -0.25, -0.5],
			"scale": [1.2, 1.2, 1.2]
		}
	}
}