{
	"credit": "Made with Blockbench",
	"textures": {
		"1": "./composite_sword",
		"particle": "./composite_sword"
	},
	"elements": [
		{
			"from": [7.9, 8.85, 7.1],
			"to": [8.15, 8.975, 7.9],
			"faces": {
				"north": {"uv": [5.75, 9.375, 5.5, 9.5], "texture": "#1"},
				"east": {"uv": [5.625, 9.375, 5.75, 9.5], "texture": "#1"},
				"south": {"uv": [5.5, 9.375, 5.75, 9.5], "texture": "#1"},
				"west": {"uv": [5.5, 9.375, 5.625, 9.5], "texture": "#1"},
				"up": {"uv": [5.5, 9.375, 5.75, 9.5], "texture": "#1"}
			}
		},
		{
			"from": [7.775, 8.725, 7.1],
			"to": [8.275, 8.85, 7.9],
			"faces": {
				"north": {"uv": [5.875, 9.5, 5.375, 9.625], "texture": "#1"},
				"east": {"uv": [5.75, 9.5, 5.875, 9.625], "texture": "#1"},
				"south": {"uv": [5.375, 9.5, 5.875, 9.625], "texture": "#1"},
				"west": {"uv": [5.375, 9.5, 5.5, 9.625], "texture": "#1"},
				"up": {"uv": [5.375, 9.5, 5.875, 9.625], "texture": "#1"}
			}
		},
		{
			"from": [7.65, 8.6, 7.1],
			"to": [8.4, 8.725, 7.9],
			"faces": {
				"north": {"uv": [6, 9.625, 5.25, 9.75], "texture": "#1"},
				"east": {"uv": [5.875, 9.625, 6, 9.75], "texture": "#1"},
				"south": {"uv": [5.25, 9.625, 6, 9.75], "texture": "#1"},
				"west": {"uv": [5.25, 9.625, 5.375, 9.75], "texture": "#1"},
				"up": {"uv": [5.25, 9.625, 6, 9.75], "texture": "#1"}
			}
		},
		{
			"from": [7.525, 8.475, 7.1],
			"to": [8.525, 8.6, 7.9],
			"faces": {
				"north": {"uv": [6.125, 9.75, 5.125, 9.875], "texture": "#1"},
				"east": {"uv": [6, 9.75, 6.125, 9.875], "texture": "#1"},
				"south": {"uv": [5.125, 9.75, 6.125, 9.875], "texture": "#1"},
				"west": {"uv": [5.125, 9.75, 5.25, 9.875], "texture": "#1"},
				"up": {"uv": [5.125, 9.75, 6.125, 9.875], "texture": "#1"}
			}
		},
		{
			"from": [7.4, 8.35, 7.1],
			"to": [8.65, 8.475, 7.9],
			"faces": {
				"north": {"uv": [6.25, 9.875, 5, 10], "texture": "#1"},
				"east": {"uv": [6.125, 9.875, 6.25, 10], "texture": "#1"},
				"south": {"uv": [5, 9.875, 6.25, 10], "texture": "#1"},
				"west": {"uv": [5, 9.875, 5.125, 10], "texture": "#1"},
				"up": {"uv": [5, 9.875, 6.25, 10], "texture": "#1"}
			}
		},
		{
			"from": [6.525, 7.975, 7.25],
			"to": [6.65, 8.1, 7.75],
			"faces": {
				"north": {"uv": [4.25, 10.25, 4.125, 10.375], "texture": "#1"},
				"east": {"uv": [4.125, 10.25, 4.25, 10.375], "texture": "#1"},
				"south": {"uv": [4.125, 10.25, 4.25, 10.375], "texture": "#1"},
				"west": {"uv": [4.125, 10.25, 4.25, 10.375], "texture": "#1"},
				"up": {"uv": [4.125, 10.25, 4.25, 10.375], "texture": "#1"},
				"down": {"uv": [4.125, 10.25, 4.25, 10.375], "texture": "#1"}
			}
		},
		{
			"from": [7.15, 1.725, 7.075],
			"to": [8.4, 1.85, 7.925],
			"faces": {
				"north": {"uv": [6, 15, 4.75, 15.125], "texture": "#1"},
				"east": {"uv": [5.875, 15, 6, 15.125], "texture": "#1"},
				"south": {"uv": [4.75, 15, 6, 15.125], "texture": "#1"},
				"west": {"uv": [4.75, 15, 4.875, 15.125], "texture": "#1"},
				"up": {"uv": [4.75, 15, 6, 15.125], "texture": "#1"},
				"down": {"uv": [4.75, 15, 6, 15.125], "texture": "#1"}
			}
		},
		{
			"from": [7.025, 1.475, 7.075],
			"to": [8.4, 1.725, 7.925],
			"faces": {
				"north": {"uv": [6, 15.125, 4.625, 15.375], "texture": "#1"},
				"east": {"uv": [5.875, 15.125, 6, 15.375], "texture": "#1"},
				"south": {"uv": [4.625, 15.125, 6, 15.375], "texture": "#1"},
				"west": {"uv": [4.625, 15.125, 4.75, 15.375], "texture": "#1"},
				"up": {"uv": [4.625, 15.125, 6, 15.25], "texture": "#1"},
				"down": {"uv": [4.625, 15.25, 6, 15.375], "texture": "#1"}
			}
		},
		{
			"from": [7.15, 1.35, 7.075],
			"to": [8.275, 1.475, 7.925],
			"faces": {
				"north": {"uv": [5.875, 15.375, 4.75, 15.5], "texture": "#1"},
				"east": {"uv": [5.75, 15.375, 5.875, 15.5], "texture": "#1"},
				"south": {"uv": [4.75, 15.375, 5.875, 15.5], "texture": "#1"},
				"west": {"uv": [4.75, 15.375, 4.875, 15.5], "texture": "#1"},
				"up": {"uv": [4.75, 15.375, 5.875, 15.5], "texture": "#1"},
				"down": {"uv": [4.75, 15.375, 5.875, 15.5], "texture": "#1"}
			}
		},
		{
			"from": [7.275, 1.85, 7.075],
			"to": [8.275, 1.975, 7.925],
			"faces": {
				"north": {"uv": [5.875, 14.875, 4.875, 15], "texture": "#1"},
				"east": {"uv": [5.75, 14.875, 5.875, 15], "texture": "#1"},
				"south": {"uv": [4.875, 14.875, 5.875, 15], "texture": "#1"},
				"west": {"uv": [4.875, 14.875, 5, 15], "texture": "#1"},
				"up": {"uv": [4.875, 14.875, 5.875, 15], "texture": "#1"},
				"down": {"uv": [4.875, 14.875, 5.875, 15], "texture": "#1"}
			}
		},
		{
			"from": [7.275, 1.225, 7.075],
			"to": [8.15, 1.35, 7.925],
			"faces": {
				"north": {"uv": [5.75, 15.5, 4.875, 15.625], "texture": "#1"},
				"east": {"uv": [5.625, 15.5, 5.75, 15.625], "texture": "#1"},
				"south": {"uv": [4.875, 15.5, 5.75, 15.625], "texture": "#1"},
				"west": {"uv": [4.875, 15.5, 5, 15.625], "texture": "#1"},
				"up": {"uv": [4.875, 15.5, 5.75, 15.625], "texture": "#1"},
				"down": {"uv": [4.875, 15.5, 5.75, 15.625], "texture": "#1"}
			}
		},
		{
			"from": [7.4, 1.1, 7.075],
			"to": [8.025, 1.225, 7.925],
			"faces": {
				"north": {"uv": [5.625, 15.625, 5, 15.75], "texture": "#1"},
				"east": {"uv": [5.5, 15.625, 5.625, 15.75], "texture": "#1"},
				"south": {"uv": [5, 15.625, 5.625, 15.75], "texture": "#1"},
				"west": {"uv": [5, 15.625, 5.125, 15.75], "texture": "#1"},
				"up": {"uv": [5, 15.625, 5.625, 15.75], "texture": "#1"},
				"down": {"uv": [5, 15.625, 5.625, 15.75], "texture": "#1"}
			}
		},
		{
			"from": [7.525, 0.975, 7.075],
			"to": [7.9, 1.1, 7.925],
			"faces": {
				"north": {"uv": [5.5, 15.75, 5.125, 15.875], "texture": "#1"},
				"east": {"uv": [5.375, 15.75, 5.5, 15.875], "texture": "#1"},
				"south": {"uv": [5.125, 15.75, 5.5, 15.875], "texture": "#1"},
				"west": {"uv": [5.125, 15.75, 5.25, 15.875], "texture": "#1"},
				"up": {"uv": [5.125, 15.75, 5.5, 15.875], "texture": "#1"},
				"down": {"uv": [5.125, 15.75, 5.5, 15.875], "texture": "#1"}
			}
		},
		{
			"from": [7.15, 8.85, 7.25],
			"to": [8.525, 8.975, 7.75],
			"faces": {
				"north": {"uv": [6.125, 9.375, 4.75, 9.5], "texture": "#1"},
				"east": {"uv": [6, 9.375, 6.125, 9.5], "texture": "#1"},
				"south": {"uv": [4.75, 9.375, 6.125, 9.5], "texture": "#1"},
				"west": {"uv": [4.75, 9.375, 4.875, 9.5], "texture": "#1"},
				"up": {"uv": [4.75, 9.375, 6.125, 9.5], "texture": "#1"},
				"down": {"uv": [4.75, 9.375, 6.125, 9.5], "texture": "#1"}
			}
		},
		{
			"from": [7.275, 8.975, 7.25],
			"to": [8.65, 9.1, 7.75],
			"faces": {
				"north": {"uv": [6.25, 9.25, 4.875, 9.375], "texture": "#1"},
				"east": {"uv": [6.125, 9.25, 6.25, 9.375], "texture": "#1"},
				"south": {"uv": [4.875, 9.25, 6.25, 9.375], "texture": "#1"},
				"west": {"uv": [4.875, 9.25, 5, 9.375], "texture": "#1"},
				"up": {"uv": [4.875, 9.25, 6.25, 9.375], "texture": "#1"},
				"down": {"uv": [4.875, 9.25, 6.25, 9.375], "texture": "#1"}
			}
		},
		{
			"from": [7.4, 9.1, 7.25],
			"to": [8.65, 9.225, 7.75],
			"faces": {
				"north": {"uv": [6.25, 9.125, 5, 9.25], "texture": "#1"},
				"east": {"uv": [6.125, 9.125, 6.25, 9.25], "texture": "#1"},
				"south": {"uv": [5, 9.125, 6.25, 9.25], "texture": "#1"},
				"west": {"uv": [5, 9.125, 5.125, 9.25], "texture": "#1"},
				"up": {"uv": [5, 9.125, 6.25, 9.25], "texture": "#1"},
				"down": {"uv": [5, 9.125, 6.25, 9.25], "texture": "#1"}
			}
		},
		{
			"from": [7.525, 9.225, 7.25],
			"to": [8.775, 9.35, 7.75],
			"faces": {
				"north": {"uv": [6.375, 9, 5.125, 9.125], "texture": "#1"},
				"east": {"uv": [6.25, 9, 6.375, 9.125], "texture": "#1"},
				"south": {"uv": [5.125, 9, 6.375, 9.125], "texture": "#1"},
				"west": {"uv": [5.125, 9, 5.25, 9.125], "texture": "#1"},
				"up": {"uv": [5.125, 9, 6.375, 9.125], "texture": "#1"},
				"down": {"uv": [5.125, 9, 6.375, 9.125], "texture": "#1"}
			}
		},
		{
			"from": [7.65, 9.35, 7.25],
			"to": [8.775, 9.475, 7.75],
			"faces": {
				"north": {"uv": [6.375, 8.875, 5.25, 9], "texture": "#1"},
				"east": {"uv": [6.25, 8.875, 6.375, 9], "texture": "#1"},
				"south": {"uv": [5.25, 8.875, 6.375, 9], "texture": "#1"},
				"west": {"uv": [5.25, 8.875, 5.375, 9], "texture": "#1"},
				"up": {"uv": [5.25, 8.875, 6.375, 9], "texture": "#1"},
				"down": {"uv": [5.25, 8.875, 6.375, 9], "texture": "#1"}
			}
		},
		{
			"from": [7.775, 9.475, 7.25],
			"to": [8.775, 9.6, 7.75],
			"faces": {
				"north": {"uv": [6.375, 8.75, 5.375, 8.875], "texture": "#1"},
				"east": {"uv": [6.25, 8.75, 6.375, 8.875], "texture": "#1"},
				"south": {"uv": [5.375, 8.75, 6.375, 8.875], "texture": "#1"},
				"west": {"uv": [5.375, 8.75, 5.5, 8.875], "texture": "#1"},
				"up": {"uv": [5.375, 8.75, 6.375, 8.875], "texture": "#1"},
				"down": {"uv": [5.375, 8.75, 6.375, 8.875], "texture": "#1"}
			}
		},
		{
			"from": [7.9, 9.6, 7.25],
			"to": [8.775, 9.725, 7.75],
			"faces": {
				"north": {"uv": [6.375, 8.625, 5.5, 8.75], "texture": "#1"},
				"east": {"uv": [6.25, 8.625, 6.375, 8.75], "texture": "#1"},
				"south": {"uv": [5.5, 8.625, 6.375, 8.75], "texture": "#1"},
				"west": {"uv": [5.5, 8.625, 5.625, 8.75], "texture": "#1"},
				"up": {"uv": [5.5, 8.625, 6.375, 8.75], "texture": "#1"},
				"down": {"uv": [5.5, 8.625, 6.375, 8.75], "texture": "#1"}
			}
		},
		{
			"from": [8.025, 9.725, 7.25],
			"to": [8.775, 9.85, 7.75],
			"faces": {
				"north": {"uv": [6.375, 8.5, 5.625, 8.625], "texture": "#1"},
				"east": {"uv": [6.25, 8.5, 6.375, 8.625], "texture": "#1"},
				"south": {"uv": [5.625, 8.5, 6.375, 8.625], "texture": "#1"},
				"west": {"uv": [5.625, 8.5, 5.75, 8.625], "texture": "#1"},
				"up": {"uv": [5.625, 8.5, 6.375, 8.625], "texture": "#1"},
				"down": {"uv": [5.625, 8.5, 6.375, 8.625], "texture": "#1"}
			}
		},
		{
			"from": [7.025, 8.725, 7.25],
			"to": [8.525, 8.85, 7.75],
			"faces": {
				"north": {"uv": [6.125, 9.5, 4.625, 9.625], "texture": "#1"},
				"east": {"uv": [6, 9.5, 6.125, 9.625], "texture": "#1"},
				"south": {"uv": [4.625, 9.5, 6.125, 9.625], "texture": "#1"},
				"west": {"uv": [4.625, 9.5, 4.75, 9.625], "texture": "#1"},
				"up": {"uv": [4.625, 9.5, 6.125, 9.625], "texture": "#1"},
				"down": {"uv": [4.625, 9.5, 6.125, 9.625], "texture": "#1"}
			}
		},
		{
			"from": [7.025, 8.6, 7.25],
			"to": [7.65, 8.725, 7.75],
			"faces": {
				"north": {"uv": [5.25, 9.625, 4.625, 9.75], "texture": "#1"},
				"east": {"uv": [5.125, 9.625, 5.25, 9.75], "texture": "#1"},
				"south": {"uv": [4.625, 9.625, 5.25, 9.75], "texture": "#1"},
				"west": {"uv": [4.625, 9.625, 4.75, 9.75], "texture": "#1"},
				"up": {"uv": [4.625, 9.625, 5.25, 9.75], "texture": "#1"},
				"down": {"uv": [4.625, 9.625, 5.25, 9.75], "texture": "#1"}
			}
		},
		{
			"from": [6.775, 8.225, 7.25],
			"to": [7.4, 8.35, 7.75],
			"faces": {
				"north": {"uv": [5, 10, 4.375, 10.125], "texture": "#1"},
				"east": {"uv": [4.875, 10, 5, 10.125], "texture": "#1"},
				"south": {"uv": [4.375, 10, 5, 10.125], "texture": "#1"},
				"west": {"uv": [4.375, 10, 4.5, 10.125], "texture": "#1"},
				"up": {"uv": [4.375, 10, 5, 10.125], "texture": "#1"},
				"down": {"uv": [4.375, 10, 5, 10.125], "texture": "#1"}
			}
		},
		{
			"from": [6.65, 7.85, 7.25],
			"to": [7.275, 8.225, 7.75],
			"faces": {
				"north": {"uv": [4.875, 10.125, 4.25, 10.5], "texture": "#1"},
				"east": {"uv": [4.75, 10.125, 4.875, 10.5], "texture": "#1"},
				"south": {"uv": [4.25, 10.125, 4.875, 10.5], "texture": "#1"},
				"west": {"uv": [4.25, 10.125, 4.375, 10.5], "texture": "#1"},
				"up": {"uv": [4.25, 10.125, 4.875, 10.25], "texture": "#1"},
				"down": {"uv": [4.25, 10.375, 4.875, 10.5], "texture": "#1"}
			}
		},
		{
			"from": [6.9, 8.35, 7.25],
			"to": [7.525, 8.6, 7.75],
			"faces": {
				"north": {"uv": [5.125, 9.75, 4.5, 10], "texture": "#1"},
				"east": {"uv": [5, 9.75, 5.125, 10], "texture": "#1"},
				"south": {"uv": [4.5, 9.75, 5.125, 10], "texture": "#1"},
				"west": {"uv": [4.5, 9.75, 4.625, 10], "texture": "#1"},
				"up": {"uv": [4.5, 9.75, 5.125, 9.875], "texture": "#1"},
				"down": {"uv": [4.5, 9.875, 5.125, 10], "texture": "#1"}
			}
		},
		{
			"from": [6.775, 7.6, 7.25],
			"to": [7.15, 7.85, 7.75],
			"faces": {
				"north": {"uv": [4.75, 10.5, 4.375, 10.75], "texture": "#1"},
				"east": {"uv": [4.625, 10.5, 4.75, 10.75], "texture": "#1"},
				"south": {"uv": [4.375, 10.5, 4.75, 10.75], "texture": "#1"},
				"west": {"uv": [4.375, 10.5, 4.5, 10.75], "texture": "#1"},
				"up": {"uv": [4.375, 10.5, 4.75, 10.625], "texture": "#1"},
				"down": {"uv": [4.375, 10.625, 4.75, 10.75], "texture": "#1"}
			}
		},
		{
			"from": [7.275, 7.725, 7.1],
			"to": [8.775, 8.35, 7.9],
			"faces": {
				"north": {"uv": [6.375, 10, 4.875, 10.625], "texture": "#1"},
				"east": {"uv": [6.25, 10, 6.375, 10.625], "texture": "#1"},
				"south": {"uv": [4.875, 10, 6.375, 10.625], "texture": "#1"},
				"west": {"uv": [4.875, 10, 5, 10.625], "texture": "#1"},
				"up": {"uv": [4.875, 10, 6.375, 10.125], "texture": "#1"},
				"down": {"uv": [4.875, 10.5, 6.375, 10.625], "texture": "#1"}
			}
		},
		{
			"from": [7.15, 7.725, 7.1],
			"to": [7.275, 8.1, 7.9],
			"faces": {
				"north": {"uv": [4.875, 10.25, 4.75, 10.625], "texture": "#1"},
				"east": {"uv": [4.75, 10.25, 4.875, 10.625], "texture": "#1"},
				"south": {"uv": [4.75, 10.25, 4.875, 10.625], "texture": "#1"},
				"west": {"uv": [4.75, 10.25, 4.875, 10.625], "texture": "#1"},
				"up": {"uv": [4.75, 10.25, 4.875, 10.375], "texture": "#1"},
				"down": {"uv": [4.75, 10.5, 4.875, 10.625], "texture": "#1"}
			}
		},
		{
			"from": [7.025, 7.6, 7.1],
			"to": [8.775, 7.725, 7.9],
			"faces": {
				"north": {"uv": [6.375, 10.625, 4.625, 10.75], "texture": "#1"},
				"east": {"uv": [6.25, 10.625, 6.375, 10.75], "texture": "#1"},
				"south": {"uv": [4.625, 10.625, 6.375, 10.75], "texture": "#1"},
				"west": {"uv": [4.625, 10.625, 4.75, 10.75], "texture": "#1"},
				"up": {"uv": [4.625, 10.625, 6.375, 10.75], "texture": "#1"},
				"down": {"uv": [4.625, 10.625, 6.375, 10.75], "texture": "#1"}
			}
		},
		{
			"from": [6.9, 6.975, 7.1],
			"to": [8.65, 7.1, 7.9],
			"faces": {
				"north": {"uv": [6.25, 11.25, 4.5, 11.375], "texture": "#1"},
				"east": {"uv": [6.125, 11.25, 6.25, 11.375], "texture": "#1"},
				"south": {"uv": [4.5, 11.25, 6.25, 11.375], "texture": "#1"},
				"west": {"uv": [4.5, 11.25, 4.625, 11.375], "texture": "#1"},
				"up": {"uv": [4.5, 11.25, 6.25, 11.375], "texture": "#1"},
				"down": {"uv": [4.5, 11.25, 6.25, 11.375], "texture": "#1"}
			}
		},
		{
			"from": [7.025, 6.85, 7.1],
			"to": [8.525, 6.975, 7.9],
			"faces": {
				"north": {"uv": [6.125, 11.375, 4.625, 11.5], "texture": "#1"},
				"east": {"uv": [6, 11.375, 6.125, 11.5], "texture": "#1"},
				"south": {"uv": [4.625, 11.375, 6.125, 11.5], "texture": "#1"},
				"west": {"uv": [4.625, 11.375, 4.75, 11.5], "texture": "#1"},
				"up": {"uv": [4.625, 11.375, 6.125, 11.5], "texture": "#1"},
				"down": {"uv": [4.625, 11.375, 6.125, 11.5], "texture": "#1"}
			}
		},
		{
			"from": [7.15, 6.725, 7.1],
			"to": [8.4, 6.85, 7.9],
			"faces": {
				"north": {"uv": [6, 11.5, 4.75, 11.625], "texture": "#1"},
				"east": {"uv": [5.875, 11.5, 6, 11.625], "texture": "#1"},
				"south": {"uv": [4.75, 11.5, 6, 11.625], "texture": "#1"},
				"west": {"uv": [4.75, 11.5, 4.875, 11.625], "texture": "#1"},
				"up": {"uv": [4.75, 11.5, 6, 11.625], "texture": "#1"},
				"down": {"uv": [4.75, 11.5, 6, 11.625], "texture": "#1"}
			}
		},
		{
			"from": [7.275, 6.6, 7.1],
			"to": [8.275, 6.725, 7.9],
			"faces": {
				"north": {"uv": [5.875, 11.625, 4.875, 11.75], "texture": "#1"},
				"east": {"uv": [5.75, 11.625, 5.875, 11.75], "texture": "#1"},
				"south": {"uv": [4.875, 11.625, 5.875, 11.75], "texture": "#1"},
				"west": {"uv": [4.875, 11.625, 5, 11.75], "texture": "#1"},
				"up": {"uv": [4.875, 11.625, 5.875, 11.75], "texture": "#1"},
				"down": {"uv": [4.875, 11.625, 5.875, 11.75], "texture": "#1"}
			}
		},
		{
			"from": [6.775, 7.1, 7.1],
			"to": [8.65, 7.225, 7.9],
			"faces": {
				"north": {"uv": [6.25, 11.125, 4.375, 11.25], "texture": "#1"},
				"east": {"uv": [6.125, 11.125, 6.25, 11.25], "texture": "#1"},
				"south": {"uv": [4.375, 11.125, 6.25, 11.25], "texture": "#1"},
				"west": {"uv": [4.375, 11.125, 4.5, 11.25], "texture": "#1"},
				"up": {"uv": [4.375, 11.125, 6.25, 11.25], "texture": "#1"},
				"down": {"uv": [4.375, 11.125, 6.25, 11.25], "texture": "#1"}
			}
		},
		{
			"from": [6.9, 7.475, 7.1],
			"to": [8.775, 7.6, 7.9],
			"faces": {
				"north": {"uv": [6.375, 10.75, 4.5, 10.875], "texture": "#1"},
				"east": {"uv": [6.25, 10.75, 6.375, 10.875], "texture": "#1"},
				"south": {"uv": [4.5, 10.75, 6.375, 10.875], "texture": "#1"},
				"west": {"uv": [4.5, 10.75, 4.625, 10.875], "texture": "#1"},
				"up": {"uv": [4.5, 10.75, 6.375, 10.875], "texture": "#1"},
				"down": {"uv": [4.5, 10.75, 6.375, 10.875], "texture": "#1"}
			}
		},
		{
			"from": [6.775, 7.35, 7.1],
			"to": [8.775, 7.475, 7.9],
			"faces": {
				"north": {"uv": [6.375, 10.875, 4.375, 11], "texture": "#1"},
				"east": {"uv": [6.25, 10.875, 6.375, 11], "texture": "#1"},
				"south": {"uv": [4.375, 10.875, 6.375, 11], "texture": "#1"},
				"west": {"uv": [4.375, 10.875, 4.5, 11], "texture": "#1"},
				"up": {"uv": [4.375, 10.875, 6.375, 11], "texture": "#1"},
				"down": {"uv": [4.375, 10.875, 6.375, 11], "texture": "#1"}
			}
		},
		{
			"from": [6.65, 7.225, 7.1],
			"to": [8.65, 7.35, 7.9],
			"faces": {
				"north": {"uv": [6.25, 11, 4.25, 11.125], "texture": "#1"},
				"east": {"uv": [6.125, 11, 6.25, 11.125], "texture": "#1"},
				"south": {"uv": [4.25, 11, 6.25, 11.125], "texture": "#1"},
				"west": {"uv": [4.25, 11, 4.375, 11.125], "texture": "#1"},
				"up": {"uv": [4.25, 11, 6.25, 11.125], "texture": "#1"},
				"down": {"uv": [4.25, 11, 6.25, 11.125], "texture": "#1"}
			}
		},
		{
			"from": [7.4, 1.975, 7.125],
			"to": [8.15, 6.6, 7.875],
			"faces": {
				"north": {"uv": [5.75, 11.75, 5, 14.875], "texture": "#1"},
				"east": {"uv": [5, 11.75, 5.75, 14.875], "texture": "#1"},
				"south": {"uv": [5, 11.75, 5.75, 14.875], "texture": "#1"},
				"west": {"uv": [5, 11.75, 5.75, 14.875], "texture": "#1"}
			}
		},
		{
			"from": [7.15, 13.6, 7.4],
			"to": [7.525, 15.975, 7.6],
			"faces": {
				"north": {"uv": [1.5, 8.75, 1.125, 11.125], "texture": "#1"},
				"east": {"uv": [1.375, 8.75, 1.5, 11.125], "texture": "#1"},
				"south": {"uv": [1.125, 8.75, 1.5, 11.125], "texture": "#1"},
				"west": {"uv": [1.125, 8.75, 1.25, 11.125], "texture": "#1"},
				"up": {"uv": [1.125, 8.75, 1.5, 8.875], "texture": "#1"},
				"down": {"uv": [1.125, 11, 1.5, 11.125], "texture": "#1"}
			}
		},
		{
			"from": [7.025, 8.85, 7.4],
			"to": [7.4, 13.6, 7.6],
			"faces": {
				"north": {"uv": [1.375, 11.125, 1, 15.875], "texture": "#1"},
				"east": {"uv": [1.25, 11.125, 1.375, 15.875], "texture": "#1"},
				"south": {"uv": [1, 11.125, 1.375, 15.875], "texture": "#1"},
				"west": {"uv": [1, 11.125, 1.125, 15.875], "texture": "#1"},
				"up": {"uv": [1, 11.125, 1.375, 11.25], "texture": "#1"},
				"down": {"uv": [1, 15.75, 1.375, 15.875], "texture": "#1"}
			}
		},
		{
			"from": [7.275, 15.975, 7.4],
			"to": [7.65, 17.6, 7.6],
			"faces": {
				"north": {"uv": [1.625, 7.125, 1.25, 8.75], "texture": "#1"},
				"east": {"uv": [1.5, 7.125, 1.625, 8.75], "texture": "#1"},
				"south": {"uv": [1.25, 7.125, 1.625, 8.75], "texture": "#1"},
				"west": {"uv": [1.25, 7.125, 1.375, 8.75], "texture": "#1"},
				"up": {"uv": [1.25, 7.125, 1.625, 7.25], "texture": "#1"},
				"down": {"uv": [1.25, 8.625, 1.625, 8.75], "texture": "#1"}
			}
		},
		{
			"from": [7.4, 17.6, 7.4],
			"to": [7.775, 18.725, 7.6],
			"faces": {
				"north": {"uv": [1.75, 6, 1.375, 7.125], "texture": "#1"},
				"east": {"uv": [1.625, 6, 1.75, 7.125], "texture": "#1"},
				"south": {"uv": [1.375, 6, 1.75, 7.125], "texture": "#1"},
				"west": {"uv": [1.375, 6, 1.5, 7.125], "texture": "#1"},
				"up": {"uv": [1.375, 6, 1.75, 6.125], "texture": "#1"},
				"down": {"uv": [1.375, 7, 1.75, 7.125], "texture": "#1"}
			}
		},
		{
			"from": [7.525, 18.725, 7.4],
			"to": [7.9, 19.475, 7.6],
			"faces": {
				"north": {"uv": [1.875, 5.25, 1.5, 6], "texture": "#1"},
				"east": {"uv": [1.75, 5.25, 1.875, 6], "texture": "#1"},
				"south": {"uv": [1.5, 5.25, 1.875, 6], "texture": "#1"},
				"west": {"uv": [1.5, 5.25, 1.625, 6], "texture": "#1"},
				"up": {"uv": [1.5, 5.25, 1.875, 5.375], "texture": "#1"},
				"down": {"uv": [1.5, 5.875, 1.875, 6], "texture": "#1"}
			}
		},
		{
			"from": [7.65, 19.475, 7.4],
			"to": [8.025, 20.225, 7.6],
			"faces": {
				"north": {"uv": [2, 4.5, 1.625, 5.25], "texture": "#1"},
				"east": {"uv": [1.875, 4.5, 2, 5.25], "texture": "#1"},
				"south": {"uv": [1.625, 4.5, 2, 5.25], "texture": "#1"},
				"west": {"uv": [1.625, 4.5, 1.75, 5.25], "texture": "#1"},
				"up": {"uv": [1.625, 4.5, 2, 4.625], "texture": "#1"},
				"down": {"uv": [1.625, 5.125, 2, 5.25], "texture": "#1"}
			}
		},
		{
			"from": [7.775, 20.225, 7.4],
			"to": [8.15, 20.975, 7.6],
			"faces": {
				"north": {"uv": [2.125, 3.75, 1.75, 4.5], "texture": "#1"},
				"east": {"uv": [2, 3.75, 2.125, 4.5], "texture": "#1"},
				"south": {"uv": [1.75, 3.75, 2.125, 4.5], "texture": "#1"},
				"west": {"uv": [1.75, 3.75, 1.875, 4.5], "texture": "#1"},
				"up": {"uv": [1.75, 3.75, 2.125, 3.875], "texture": "#1"},
				"down": {"uv": [1.75, 4.375, 2.125, 4.5], "texture": "#1"}
			}
		},
		{
			"from": [7.9, 20.975, 7.4],
			"to": [8.275, 21.475, 7.6],
			"faces": {
				"north": {"uv": [2.25, 3.25, 1.875, 3.75], "texture": "#1"},
				"east": {"uv": [2.125, 3.25, 2.25, 3.75], "texture": "#1"},
				"south": {"uv": [1.875, 3.25, 2.25, 3.75], "texture": "#1"},
				"west": {"uv": [1.875, 3.25, 2, 3.75], "texture": "#1"},
				"up": {"uv": [1.875, 3.25, 2.25, 3.375], "texture": "#1"},
				"down": {"uv": [1.875, 3.625, 2.25, 3.75], "texture": "#1"}
			}
		},
		{
			"from": [8.025, 21.475, 7.4],
			"to": [8.4, 21.975, 7.6],
			"faces": {
				"north": {"uv": [2.375, 2.75, 2, 3.25], "texture": "#1"},
				"east": {"uv": [2.25, 2.75, 2.375, 3.25], "texture": "#1"},
				"south": {"uv": [2, 2.75, 2.375, 3.25], "texture": "#1"},
				"west": {"uv": [2, 2.75, 2.125, 3.25], "texture": "#1"},
				"up": {"uv": [2, 2.75, 2.375, 2.875], "texture": "#1"},
				"down": {"uv": [2, 3.125, 2.375, 3.25], "texture": "#1"}
			}
		},
		{
			"from": [8.15, 21.975, 7.4],
			"to": [8.525, 22.35, 7.6],
			"faces": {
				"north": {"uv": [2.5, 2.375, 2.125, 2.75], "texture": "#1"},
				"east": {"uv": [2.375, 2.375, 2.5, 2.75], "texture": "#1"},
				"south": {"uv": [2.125, 2.375, 2.5, 2.75], "texture": "#1"},
				"west": {"uv": [2.125, 2.375, 2.25, 2.75], "texture": "#1"},
				"up": {"uv": [2.125, 2.375, 2.5, 2.5], "texture": "#1"},
				"down": {"uv": [2.125, 2.625, 2.5, 2.75], "texture": "#1"}
			}
		},
		{
			"from": [8.275, 22.35, 7.4],
			"to": [8.65, 22.725, 7.6],
			"faces": {
				"north": {"uv": [2.625, 2, 2.25, 2.375], "texture": "#1"},
				"east": {"uv": [2.5, 2, 2.625, 2.375], "texture": "#1"},
				"south": {"uv": [2.25, 2, 2.625, 2.375], "texture": "#1"},
				"west": {"uv": [2.25, 2, 2.375, 2.375], "texture": "#1"},
				"up": {"uv": [2.25, 2, 2.625, 2.125], "texture": "#1"},
				"down": {"uv": [2.25, 2.25, 2.625, 2.375], "texture": "#1"}
			}
		},
		{
			"from": [8.4, 22.725, 7.4],
			"to": [8.775, 22.975, 7.6],
			"faces": {
				"north": {"uv": [2.75, 1.75, 2.375, 2], "texture": "#1"},
				"east": {"uv": [2.625, 1.75, 2.75, 2], "texture": "#1"},
				"south": {"uv": [2.375, 1.75, 2.75, 2], "texture": "#1"},
				"west": {"uv": [2.375, 1.75, 2.5, 2], "texture": "#1"},
				"up": {"uv": [2.375, 1.75, 2.75, 1.875], "texture": "#1"},
				"down": {"uv": [2.375, 1.875, 2.75, 2], "texture": "#1"}
			}
		},
		{
			"from": [8.775, 23.475, 7.4],
			"to": [9.275, 23.725, 7.6],
			"faces": {
				"north": {"uv": [3.25, 1, 2.75, 1.25], "texture": "#1"},
				"east": {"uv": [3.125, 1, 3.25, 1.25], "texture": "#1"},
				"south": {"uv": [2.75, 1, 3.25, 1.25], "texture": "#1"},
				"west": {"uv": [2.75, 1, 2.875, 1.25], "texture": "#1"},
				"up": {"uv": [2.75, 1, 3.25, 1.125], "texture": "#1"},
				"down": {"uv": [2.75, 1.125, 3.25, 1.25], "texture": "#1"}
			}
		},
		{
			"from": [8.65, 23.225, 7.4],
			"to": [9.025, 23.475, 7.6],
			"faces": {
				"north": {"uv": [3, 1.25, 2.625, 1.5], "texture": "#1"},
				"east": {"uv": [2.875, 1.25, 3, 1.5], "texture": "#1"},
				"south": {"uv": [2.625, 1.25, 3, 1.5], "texture": "#1"},
				"west": {"uv": [2.625, 1.25, 2.75, 1.5], "texture": "#1"},
				"up": {"uv": [2.625, 1.25, 3, 1.375], "texture": "#1"},
				"down": {"uv": [2.625, 1.375, 3, 1.5], "texture": "#1"}
			}
		},
		{
			"from": [8.525, 22.975, 7.4],
			"to": [8.9, 23.225, 7.6],
			"faces": {
				"north": {"uv": [2.875, 1.5, 2.5, 1.75], "texture": "#1"},
				"east": {"uv": [2.75, 1.5, 2.875, 1.75], "texture": "#1"},
				"south": {"uv": [2.5, 1.5, 2.875, 1.75], "texture": "#1"},
				"west": {"uv": [2.5, 1.5, 2.625, 1.75], "texture": "#1"},
				"up": {"uv": [2.5, 1.5, 2.875, 1.625], "texture": "#1"},
				"down": {"uv": [2.5, 1.625, 2.875, 1.75], "texture": "#1"}
			}
		},
		{
			"from": [7.4, 8.975, 7.325],
			"to": [7.525, 13.6, 7.675],
			"faces": {
				"north": {"uv": [1.5, 11.125, 1.375, 15.75], "texture": "#1"},
				"east": {"uv": [1.375, 11.125, 1.5, 15.75], "texture": "#1"},
				"south": {"uv": [1.375, 11.125, 1.5, 15.75], "texture": "#1"},
				"west": {"uv": [1.375, 11.125, 1.5, 15.75], "texture": "#1"},
				"up": {"uv": [1.375, 11.125, 1.5, 11.25], "texture": "#1"},
				"down": {"uv": [1.375, 15.625, 1.5, 15.75], "texture": "#1"}
			}
		},
		{
			"from": [7.525, 9.1, 7.325],
			"to": [7.65, 15.975, 7.675],
			"faces": {
				"north": {"uv": [1.625, 8.75, 1.5, 15.625], "texture": "#1"},
				"east": {"uv": [1.5, 8.75, 1.625, 15.625], "texture": "#1"},
				"south": {"uv": [1.5, 8.75, 1.625, 15.625], "texture": "#1"},
				"west": {"uv": [1.5, 8.75, 1.625, 15.625], "texture": "#1"},
				"up": {"uv": [1.5, 8.75, 1.625, 8.875], "texture": "#1"},
				"down": {"uv": [1.5, 15.5, 1.625, 15.625], "texture": "#1"}
			}
		},
		{
			"from": [8.15, 9.725, 7.325],
			"to": [8.275, 20.975, 7.675],
			"faces": {
				"north": {"uv": [2.25, 3.75, 2.125, 15], "texture": "#1"},
				"east": {"uv": [2.125, 3.75, 2.25, 15], "texture": "#1"},
				"south": {"uv": [2.125, 3.75, 2.25, 15], "texture": "#1"},
				"west": {"uv": [2.125, 3.75, 2.25, 15], "texture": "#1"},
				"up": {"uv": [2.125, 3.75, 2.25, 3.875], "texture": "#1"},
				"down": {"uv": [2.125, 14.875, 2.25, 15], "rotation": 180, "texture": "#1"}
			}
		},
		{
			"from": [8.275, 9.85, 7.325],
			"to": [8.4, 21.475, 7.675],
			"faces": {
				"north": {"uv": [2.375, 3.25, 2.25, 14.875], "texture": "#1"},
				"east": {"uv": [2.25, 3.25, 2.375, 14.875], "texture": "#1"},
				"south": {"uv": [2.25, 3.25, 2.375, 14.875], "texture": "#1"},
				"west": {"uv": [2.25, 3.25, 2.375, 14.875], "texture": "#1"},
				"up": {"uv": [2.25, 3.25, 2.375, 3.375], "texture": "#1"},
				"down": {"uv": [2.25, 14.75, 2.375, 14.875], "rotation": 180, "texture": "#1"}
			}
		},
		{
			"from": [8.4, 12.6, 7.325],
			"to": [8.525, 21.975, 7.675],
			"faces": {
				"north": {"uv": [2.5, 2.75, 2.375, 12.125], "texture": "#1"},
				"east": {"uv": [2.375, 2.75, 2.5, 12.125], "texture": "#1"},
				"south": {"uv": [2.375, 2.75, 2.5, 12.125], "texture": "#1"},
				"west": {"uv": [2.375, 2.75, 2.5, 12.125], "texture": "#1"},
				"up": {"uv": [2.375, 2.75, 2.5, 2.875], "texture": "#1"},
				"down": {"uv": [2.375, 12, 2.5, 12.125], "rotation": 180, "texture": "#1"}
			}
		},
		{
			"from": [8.525, 14.35, 7.325],
			"to": [8.65, 22.35, 7.675],
			"faces": {
				"north": {"uv": [2.625, 2.375, 2.5, 10.375], "texture": "#1"},
				"east": {"uv": [2.5, 2.375, 2.625, 10.375], "texture": "#1"},
				"south": {"uv": [2.5, 2.375, 2.625, 10.375], "texture": "#1"},
				"west": {"uv": [2.5, 2.375, 2.625, 10.375], "texture": "#1"},
				"up": {"uv": [2.5, 2.375, 2.625, 2.5], "texture": "#1"},
				"down": {"uv": [2.5, 10.25, 2.625, 10.375], "rotation": 180, "texture": "#1"}
			}
		},
		{
			"from": [8.65, 16.1, 7.325],
			"to": [8.775, 22.725, 7.675],
			"faces": {
				"north": {"uv": [2.75, 2, 2.625, 8.625], "texture": "#1"},
				"east": {"uv": [2.625, 2, 2.75, 8.625], "texture": "#1"},
				"south": {"uv": [2.625, 2, 2.75, 8.625], "texture": "#1"},
				"west": {"uv": [2.625, 2, 2.75, 8.625], "texture": "#1"},
				"up": {"uv": [2.625, 2, 2.75, 2.125], "texture": "#1"},
				"down": {"uv": [2.625, 8.5, 2.75, 8.625], "rotation": 180, "texture": "#1"}
			}
		},
		{
			"from": [8.775, 16.35, 7.325],
			"to": [8.9, 22.975, 7.675],
			"faces": {
				"north": {"uv": [2.875, 1.75, 2.75, 8.375], "texture": "#1"},
				"east": {"uv": [2.75, 1.75, 2.875, 8.375], "texture": "#1"},
				"south": {"uv": [2.75, 1.75, 2.875, 8.375], "texture": "#1"},
				"west": {"uv": [2.75, 1.75, 2.875, 8.375], "texture": "#1"},
				"up": {"uv": [2.75, 1.75, 2.875, 1.875], "texture": "#1"},
				"down": {"uv": [2.75, 8.25, 2.875, 8.375], "rotation": 180, "texture": "#1"}
			}
		},
		{
			"from": [8.9, 16.6, 7.325],
			"to": [9.025, 23.225, 7.675],
			"faces": {
				"north": {"uv": [3, 1.5, 2.875, 8.125], "texture": "#1"},
				"east": {"uv": [2.875, 1.5, 3, 8.125], "texture": "#1"},
				"south": {"uv": [2.875, 1.5, 3, 8.125], "texture": "#1"},
				"west": {"uv": [2.875, 1.5, 3, 8.125], "texture": "#1"},
				"up": {"uv": [2.875, 1.5, 3, 1.625], "texture": "#1"},
				"down": {"uv": [2.875, 8, 3, 8.125], "rotation": 180, "texture": "#1"}
			}
		},
		{
			"from": [9.025, 16.725, 7.325],
			"to": [9.15, 23.475, 7.675],
			"faces": {
				"north": {"uv": [3.125, 1.25, 3, 8], "texture": "#1"},
				"east": {"uv": [3, 1.25, 3.125, 8], "texture": "#1"},
				"south": {"uv": [3, 1.25, 3.125, 8], "texture": "#1"},
				"west": {"uv": [3, 1.25, 3.125, 8], "texture": "#1"},
				"up": {"uv": [3, 1.25, 3.125, 1.375], "texture": "#1"},
				"down": {"uv": [3, 7.875, 3.125, 8], "rotation": 180, "texture": "#1"}
			}
		},
		{
			"from": [9.15, 17.975, 7.325],
			"to": [9.275, 23.6, 7.675],
			"faces": {
				"north": {"uv": [3.25, 1.125, 3.125, 6.75], "texture": "#1"},
				"east": {"uv": [3.125, 1.125, 3.25, 6.75], "texture": "#1"},
				"south": {"uv": [3.125, 1.125, 3.25, 6.75], "texture": "#1"},
				"west": {"uv": [3.125, 1.125, 3.25, 6.75], "texture": "#1"},
				"up": {"uv": [3.125, 1.125, 3.25, 1.25], "texture": "#1"},
				"down": {"uv": [3.125, 6.625, 3.25, 6.75], "rotation": 180, "texture": "#1"}
			}
		},
		{
			"from": [9.775, 20.35, 7.325],
			"to": [9.9, 23.725, 7.675],
			"faces": {
				"north": {"uv": [3.875, 1, 3.75, 4.375], "texture": "#1"},
				"east": {"uv": [3.75, 1, 3.875, 4.375], "texture": "#1"},
				"south": {"uv": [3.75, 1, 3.875, 4.375], "texture": "#1"},
				"west": {"uv": [3.75, 1, 3.875, 4.375], "texture": "#1"},
				"up": {"uv": [3.75, 1, 3.875, 1.125], "texture": "#1"},
				"down": {"uv": [3.75, 4.25, 3.875, 4.375], "rotation": 180, "texture": "#1"}
			}
		},
		{
			"from": [9.9, 20.6, 7.325],
			"to": [10.025, 23.725, 7.675],
			"faces": {
				"north": {"uv": [4, 1, 3.875, 4.125], "texture": "#1"},
				"east": {"uv": [3.875, 1, 4, 4.125], "texture": "#1"},
				"south": {"uv": [3.875, 1, 4, 4.125], "texture": "#1"},
				"west": {"uv": [3.875, 1, 4, 4.125], "texture": "#1"},
				"up": {"uv": [3.875, 1, 4, 1.125], "texture": "#1"},
				"down": {"uv": [3.875, 4, 4, 4.125], "rotation": 180, "texture": "#1"}
			}
		},
		{
			"from": [10.025, 20.725, 7.325],
			"to": [10.15, 23.725, 7.675],
			"faces": {
				"north": {"uv": [4.125, 1, 4, 4], "texture": "#1"},
				"east": {"uv": [4, 1, 4.125, 4], "texture": "#1"},
				"south": {"uv": [4, 1, 4.125, 4], "texture": "#1"},
				"west": {"uv": [4, 1, 4.125, 4], "texture": "#1"},
				"up": {"uv": [4, 1, 4.125, 1.125], "texture": "#1"},
				"down": {"uv": [4, 3.875, 4.125, 4], "rotation": 180, "texture": "#1"}
			}
		},
		{
			"from": [10.15, 20.85, 7.325],
			"to": [10.275, 23.725, 7.675],
			"faces": {
				"north": {"uv": [4.25, 1, 4.125, 3.875], "texture": "#1"},
				"east": {"uv": [4.125, 1, 4.25, 3.875], "texture": "#1"},
				"south": {"uv": [4.125, 1, 4.25, 3.875], "texture": "#1"},
				"west": {"uv": [4.125, 1, 4.25, 3.875], "texture": "#1"},
				"up": {"uv": [4.125, 1, 4.25, 1.125], "texture": "#1"},
				"down": {"uv": [4.125, 3.75, 4.25, 3.875], "rotation": 180, "texture": "#1"}
			}
		},
		{
			"from": [10.275, 21.975, 7.325],
			"to": [10.4, 23.725, 7.675],
			"faces": {
				"north": {"uv": [4.375, 1, 4.25, 2.75], "texture": "#1"},
				"east": {"uv": [4.25, 1, 4.375, 2.75], "texture": "#1"},
				"south": {"uv": [4.25, 1, 4.375, 2.75], "texture": "#1"},
				"west": {"uv": [4.25, 1, 4.375, 2.75], "texture": "#1"},
				"up": {"uv": [4.25, 1, 4.375, 1.125], "texture": "#1"},
				"down": {"uv": [4.25, 2.625, 4.375, 2.75], "rotation": 180, "texture": "#1"}
			}
		},
		{
			"from": [10.4, 22.35, 7.325],
			"to": [10.525, 23.725, 7.675],
			"faces": {
				"north": {"uv": [4.5, 1, 4.375, 2.375], "texture": "#1"},
				"east": {"uv": [4.375, 1, 4.5, 2.375], "texture": "#1"},
				"south": {"uv": [4.375, 1, 4.5, 2.375], "texture": "#1"},
				"west": {"uv": [4.375, 1, 4.5, 2.375], "texture": "#1"},
				"up": {"uv": [4.375, 1, 4.5, 1.125], "texture": "#1"},
				"down": {"uv": [4.375, 2.25, 4.5, 2.375], "rotation": 180, "texture": "#1"}
			}
		},
		{
			"from": [10.525, 22.6, 7.325],
			"to": [10.65, 23.725, 7.675],
			"faces": {
				"north": {"uv": [4.625, 1, 4.5, 2.125], "texture": "#1"},
				"east": {"uv": [4.5, 1, 4.625, 2.125], "texture": "#1"},
				"south": {"uv": [4.5, 1, 4.625, 2.125], "texture": "#1"},
				"west": {"uv": [4.5, 1, 4.625, 2.125], "texture": "#1"},
				"up": {"uv": [4.5, 1, 4.625, 1.125], "texture": "#1"},
				"down": {"uv": [4.5, 2, 4.625, 2.125], "rotation": 180, "texture": "#1"}
			}
		},
		{
			"from": [10.65, 22.725, 7.325],
			"to": [10.775, 23.725, 7.675],
			"faces": {
				"north": {"uv": [4.75, 1, 4.625, 2], "texture": "#1"},
				"east": {"uv": [4.625, 1, 4.75, 2], "texture": "#1"},
				"south": {"uv": [4.625, 1, 4.75, 2], "texture": "#1"},
				"west": {"uv": [4.625, 1, 4.75, 2], "texture": "#1"},
				"up": {"uv": [4.625, 1, 4.75, 1.125], "texture": "#1"},
				"down": {"uv": [4.625, 1.875, 4.75, 2], "rotation": 180, "texture": "#1"}
			}
		},
		{
			"from": [10.775, 22.85, 7.325],
			"to": [11.025, 23.725, 7.675],
			"faces": {
				"north": {"uv": [5, 1, 4.75, 1.875], "texture": "#1"},
				"east": {"uv": [4.875, 1, 5, 1.875], "texture": "#1"},
				"south": {"uv": [4.75, 1, 5, 1.875], "texture": "#1"},
				"west": {"uv": [4.75, 1, 4.875, 1.875], "texture": "#1"},
				"up": {"uv": [4.75, 1, 5, 1.125], "texture": "#1"},
				"down": {"uv": [4.75, 1.75, 5, 1.875], "rotation": 180, "texture": "#1"}
			}
		},
		{
			"from": [11.025, 22.975, 7.325],
			"to": [11.275, 23.725, 7.675],
			"faces": {
				"north": {"uv": [5.25, 1, 5, 1.75], "texture": "#1"},
				"east": {"uv": [5.125, 1, 5.25, 1.75], "texture": "#1"},
				"south": {"uv": [5, 1, 5.25, 1.75], "texture": "#1"},
				"west": {"uv": [5, 1, 5.125, 1.75], "texture": "#1"},
				"up": {"uv": [5, 1, 5.25, 1.125], "texture": "#1"},
				"down": {"uv": [5, 1.625, 5.25, 1.75], "rotation": 180, "texture": "#1"}
			}
		},
		{
			"from": [11.275, 23.1, 7.325],
			"to": [11.525, 23.725, 7.675],
			"faces": {
				"north": {"uv": [5.5, 1, 5.25, 1.625], "texture": "#1"},
				"east": {"uv": [5.375, 1, 5.5, 1.625], "texture": "#1"},
				"south": {"uv": [5.25, 1, 5.5, 1.625], "texture": "#1"},
				"west": {"uv": [5.25, 1, 5.375, 1.625], "texture": "#1"},
				"up": {"uv": [5.25, 1, 5.5, 1.125], "texture": "#1"},
				"down": {"uv": [5.25, 1.5, 5.5, 1.625], "rotation": 180, "texture": "#1"}
			}
		},
		{
			"from": [9.65, 20.1, 7.325],
			"to": [9.775, 23.725, 7.675],
			"faces": {
				"north": {"uv": [3.75, 1, 3.625, 4.625], "texture": "#1"},
				"east": {"uv": [3.625, 1, 3.75, 4.625], "texture": "#1"},
				"south": {"uv": [3.625, 1, 3.75, 4.625], "texture": "#1"},
				"west": {"uv": [3.625, 1, 3.75, 4.625], "texture": "#1"},
				"up": {"uv": [3.625, 1, 3.75, 1.125], "texture": "#1"},
				"down": {"uv": [3.625, 4.5, 3.75, 4.625], "rotation": 180, "texture": "#1"}
			}
		},
		{
			"from": [9.525, 19.85, 7.325],
			"to": [9.65, 23.725, 7.675],
			"faces": {
				"north": {"uv": [3.625, 1, 3.5, 4.875], "texture": "#1"},
				"east": {"uv": [3.5, 1, 3.625, 4.875], "texture": "#1"},
				"south": {"uv": [3.5, 1, 3.625, 4.875], "texture": "#1"},
				"west": {"uv": [3.5, 1, 3.625, 4.875], "texture": "#1"},
				"up": {"uv": [3.5, 1, 3.625, 1.125], "texture": "#1"},
				"down": {"uv": [3.5, 4.75, 3.625, 4.875], "rotation": 180, "texture": "#1"}
			}
		},
		{
			"from": [9.275, 18.225, 7.325],
			"to": [9.4, 23.725, 7.675],
			"faces": {
				"north": {"uv": [3.375, 1, 3.25, 6.5], "texture": "#1"},
				"east": {"uv": [3.25, 1, 3.375, 6.5], "texture": "#1"},
				"south": {"uv": [3.25, 1, 3.375, 6.5], "texture": "#1"},
				"west": {"uv": [3.25, 1, 3.375, 6.5], "texture": "#1"},
				"up": {"uv": [3.25, 1, 3.375, 1.125], "texture": "#1"},
				"down": {"uv": [3.25, 6.375, 3.375, 6.5], "rotation": 180, "texture": "#1"}
			}
		},
		{
			"from": [9.4, 18.475, 7.325],
			"to": [9.525, 23.725, 7.675],
			"faces": {
				"north": {"uv": [3.5, 1, 3.375, 6.25], "texture": "#1"},
				"east": {"uv": [3.375, 1, 3.5, 6.25], "texture": "#1"},
				"south": {"uv": [3.375, 1, 3.5, 6.25], "texture": "#1"},
				"west": {"uv": [3.375, 1, 3.5, 6.25], "texture": "#1"},
				"up": {"uv": [3.375, 1, 3.5, 1.125], "texture": "#1"},
				"down": {"uv": [3.375, 6.125, 3.5, 6.25], "rotation": 180, "texture": "#1"}
			}
		},
		{
			"from": [8.775, 10.475, 7.325],
			"to": [8.9, 10.6, 7.675],
			"faces": {
				"north": {"uv": [2.875, 14.125, 2.75, 14.25], "texture": "#1"},
				"east": {"uv": [2.75, 14.125, 2.875, 14.25], "texture": "#1"},
				"south": {"uv": [2.75, 14.125, 2.875, 14.25], "texture": "#1"},
				"west": {"uv": [2.75, 14.125, 2.875, 14.25], "texture": "#1"},
				"up": {"uv": [2.75, 14.125, 2.875, 14.25], "texture": "#1"},
				"down": {"uv": [2.75, 14.125, 2.875, 14.25], "texture": "#1"}
			}
		},
		{
			"from": [8.525, 10.35, 7.325],
			"to": [8.65, 10.85, 7.675],
			"faces": {
				"north": {"uv": [2.625, 13.875, 2.5, 14.375], "texture": "#1"},
				"east": {"uv": [2.5, 13.875, 2.625, 14.375], "texture": "#1"},
				"south": {"uv": [2.5, 13.875, 2.625, 14.375], "texture": "#1"},
				"west": {"uv": [2.5, 13.875, 2.625, 14.375], "texture": "#1"},
				"up": {"uv": [2.5, 13.875, 2.625, 14], "texture": "#1"},
				"down": {"uv": [2.5, 14.25, 2.625, 14.375], "texture": "#1"}
			}
		},
		{
			"from": [8.4, 10.1, 7.325],
			"to": [8.525, 10.85, 7.675],
			"faces": {
				"north": {"uv": [2.5, 13.875, 2.375, 14.625], "texture": "#1"},
				"east": {"uv": [2.375, 13.875, 2.5, 14.625], "texture": "#1"},
				"south": {"uv": [2.375, 13.875, 2.5, 14.625], "texture": "#1"},
				"west": {"uv": [2.375, 13.875, 2.5, 14.625], "texture": "#1"},
				"up": {"uv": [2.375, 13.875, 2.5, 14], "texture": "#1"},
				"down": {"uv": [2.375, 14.5, 2.5, 14.625], "texture": "#1"}
			}
		},
		{
			"from": [8.9, 11.725, 7.325],
			"to": [9.025, 11.85, 7.675],
			"faces": {
				"north": {"uv": [3, 12.875, 2.875, 13], "texture": "#1"},
				"east": {"uv": [2.875, 12.875, 3, 13], "texture": "#1"},
				"south": {"uv": [2.875, 12.875, 3, 13], "texture": "#1"},
				"west": {"uv": [2.875, 12.875, 3, 13], "texture": "#1"},
				"up": {"uv": [2.875, 12.875, 3, 13], "texture": "#1"},
				"down": {"uv": [2.875, 12.875, 3, 13], "texture": "#1"}
			}
		},
		{
			"from": [8.775, 11.725, 7.325],
			"to": [8.9, 11.975, 7.675],
			"faces": {
				"north": {"uv": [2.875, 12.75, 2.75, 13], "texture": "#1"},
				"east": {"uv": [2.75, 12.75, 2.875, 13], "texture": "#1"},
				"south": {"uv": [2.75, 12.75, 2.875, 13], "texture": "#1"},
				"west": {"uv": [2.75, 12.75, 2.875, 13], "texture": "#1"},
				"up": {"uv": [2.75, 12.75, 2.875, 12.875], "texture": "#1"},
				"down": {"uv": [2.75, 12.875, 2.875, 13], "texture": "#1"}
			}
		},
		{
			"from": [8.65, 11.6, 7.325],
			"to": [8.775, 12.1, 7.675],
			"faces": {
				"north": {"uv": [2.75, 12.625, 2.625, 13.125], "texture": "#1"},
				"east": {"uv": [2.625, 12.625, 2.75, 13.125], "texture": "#1"},
				"south": {"uv": [2.625, 12.625, 2.75, 13.125], "texture": "#1"},
				"west": {"uv": [2.625, 12.625, 2.75, 13.125], "texture": "#1"},
				"up": {"uv": [2.625, 12.625, 2.75, 12.75], "texture": "#1"},
				"down": {"uv": [2.625, 13, 2.75, 13.125], "texture": "#1"}
			}
		},
		{
			"from": [8.525, 11.475, 7.325],
			"to": [8.65, 12.225, 7.675],
			"faces": {
				"north": {"uv": [2.625, 12.5, 2.5, 13.25], "texture": "#1"},
				"east": {"uv": [2.5, 12.5, 2.625, 13.25], "texture": "#1"},
				"south": {"uv": [2.5, 12.5, 2.625, 13.25], "texture": "#1"},
				"west": {"uv": [2.5, 12.5, 2.625, 13.25], "texture": "#1"},
				"up": {"uv": [2.5, 12.5, 2.625, 12.625], "texture": "#1"},
				"down": {"uv": [2.5, 13.125, 2.625, 13.25], "texture": "#1"}
			}
		},
		{
			"from": [8.4, 11.225, 7.325],
			"to": [8.525, 12.225, 7.675],
			"faces": {
				"north": {"uv": [2.5, 12.5, 2.375, 13.5], "texture": "#1"},
				"east": {"uv": [2.375, 12.5, 2.5, 13.5], "texture": "#1"},
				"south": {"uv": [2.375, 12.5, 2.5, 13.5], "texture": "#1"},
				"west": {"uv": [2.375, 12.5, 2.5, 13.5], "texture": "#1"},
				"up": {"uv": [2.375, 12.5, 2.5, 12.625], "texture": "#1"},
				"down": {"uv": [2.375, 13.375, 2.5, 13.5], "texture": "#1"}
			}
		},
		{
			"from": [9.025, 13.475, 7.325],
			"to": [9.15, 13.6, 7.675],
			"faces": {
				"north": {"uv": [3.125, 11.125, 3, 11.25], "texture": "#1"},
				"east": {"uv": [3, 11.125, 3.125, 11.25], "texture": "#1"},
				"south": {"uv": [3, 11.125, 3.125, 11.25], "texture": "#1"},
				"west": {"uv": [3, 11.125, 3.125, 11.25], "texture": "#1"},
				"up": {"uv": [3, 11.125, 3.125, 11.25], "texture": "#1"},
				"down": {"uv": [3, 11.125, 3.125, 11.25], "texture": "#1"}
			}
		},
		{
			"from": [8.9, 13.475, 7.325],
			"to": [9.025, 13.725, 7.675],
			"faces": {
				"north": {"uv": [3, 11, 2.875, 11.25], "texture": "#1"},
				"east": {"uv": [2.875, 11, 3, 11.25], "texture": "#1"},
				"south": {"uv": [2.875, 11, 3, 11.25], "texture": "#1"},
				"west": {"uv": [2.875, 11, 3, 11.25], "texture": "#1"},
				"up": {"uv": [2.875, 11, 3, 11.125], "texture": "#1"},
				"down": {"uv": [2.875, 11.125, 3, 11.25], "texture": "#1"}
			}
		},
		{
			"from": [8.775, 13.35, 7.325],
			"to": [8.9, 13.85, 7.675],
			"faces": {
				"north": {"uv": [2.875, 10.875, 2.75, 11.375], "texture": "#1"},
				"east": {"uv": [2.75, 10.875, 2.875, 11.375], "texture": "#1"},
				"south": {"uv": [2.75, 10.875, 2.875, 11.375], "texture": "#1"},
				"west": {"uv": [2.75, 10.875, 2.875, 11.375], "texture": "#1"},
				"up": {"uv": [2.75, 10.875, 2.875, 11], "texture": "#1"},
				"down": {"uv": [2.75, 11.25, 2.875, 11.375], "texture": "#1"}
			}
		},
		{
			"from": [8.65, 13.1, 7.325],
			"to": [8.775, 13.975, 7.675],
			"faces": {
				"north": {"uv": [2.75, 10.75, 2.625, 11.625], "texture": "#1"},
				"east": {"uv": [2.625, 10.75, 2.75, 11.625], "texture": "#1"},
				"south": {"uv": [2.625, 10.75, 2.75, 11.625], "texture": "#1"},
				"west": {"uv": [2.625, 10.75, 2.75, 11.625], "texture": "#1"},
				"up": {"uv": [2.625, 10.75, 2.75, 10.875], "texture": "#1"},
				"down": {"uv": [2.625, 11.5, 2.75, 11.625], "texture": "#1"}
			}
		},
		{
			"from": [9.15, 15.225, 7.325],
			"to": [9.275, 15.35, 7.675],
			"faces": {
				"north": {"uv": [3.25, 9.375, 3.125, 9.5], "texture": "#1"},
				"east": {"uv": [3.125, 9.375, 3.25, 9.5], "texture": "#1"},
				"south": {"uv": [3.125, 9.375, 3.25, 9.5], "texture": "#1"},
				"west": {"uv": [3.125, 9.375, 3.25, 9.5], "texture": "#1"},
				"up": {"uv": [3.125, 9.375, 3.25, 9.5], "texture": "#1"},
				"down": {"uv": [3.125, 9.375, 3.25, 9.5], "texture": "#1"}
			}
		},
		{
			"from": [9.025, 15.225, 7.325],
			"to": [9.15, 15.475, 7.675],
			"faces": {
				"north": {"uv": [3.125, 9.25, 3, 9.5], "texture": "#1"},
				"east": {"uv": [3, 9.25, 3.125, 9.5], "texture": "#1"},
				"south": {"uv": [3, 9.25, 3.125, 9.5], "texture": "#1"},
				"west": {"uv": [3, 9.25, 3.125, 9.5], "texture": "#1"},
				"up": {"uv": [3, 9.25, 3.125, 9.375], "texture": "#1"},
				"down": {"uv": [3, 9.375, 3.125, 9.5], "texture": "#1"}
			}
		},
		{
			"from": [8.9, 15.1, 7.325],
			"to": [9.025, 15.6, 7.675],
			"faces": {
				"north": {"uv": [3, 9.125, 2.875, 9.625], "texture": "#1"},
				"east": {"uv": [2.875, 9.125, 3, 9.625], "texture": "#1"},
				"south": {"uv": [2.875, 9.125, 3, 9.625], "texture": "#1"},
				"west": {"uv": [2.875, 9.125, 3, 9.625], "texture": "#1"},
				"up": {"uv": [2.875, 9.125, 3, 9.25], "texture": "#1"},
				"down": {"uv": [2.875, 9.5, 3, 9.625], "texture": "#1"}
			}
		},
		{
			"from": [9.65, 16.975, 7.325],
			"to": [9.775, 17.1, 7.675],
			"faces": {
				"north": {"uv": [3.75, 7.5, 3.625, 7.625], "texture": "#1"},
				"east": {"uv": [3.625, 7.5, 3.75, 7.625], "texture": "#1"},
				"south": {"uv": [3.625, 7.5, 3.75, 7.625], "texture": "#1"},
				"west": {"uv": [3.625, 7.5, 3.75, 7.625], "texture": "#1"},
				"up": {"uv": [3.625, 7.5, 3.75, 7.625], "texture": "#1"},
				"down": {"uv": [3.625, 7.5, 3.75, 7.625], "texture": "#1"}
			}
		},
		{
			"from": [9.525, 16.975, 7.325],
			"to": [9.65, 17.225, 7.675],
			"faces": {
				"north": {"uv": [3.625, 7.375, 3.5, 7.625], "texture": "#1"},
				"east": {"uv": [3.5, 7.375, 3.625, 7.625], "texture": "#1"},
				"south": {"uv": [3.5, 7.375, 3.625, 7.625], "texture": "#1"},
				"west": {"uv": [3.5, 7.375, 3.625, 7.625], "texture": "#1"},
				"up": {"uv": [3.5, 7.375, 3.625, 7.5], "texture": "#1"},
				"down": {"uv": [3.5, 7.5, 3.625, 7.625], "texture": "#1"}
			}
		},
		{
			"from": [9.4, 16.85, 7.325],
			"to": [9.525, 17.35, 7.675],
			"faces": {
				"north": {"uv": [3.5, 7.25, 3.375, 7.75], "texture": "#1"},
				"east": {"uv": [3.375, 7.25, 3.5, 7.75], "texture": "#1"},
				"south": {"uv": [3.375, 7.25, 3.5, 7.75], "texture": "#1"},
				"west": {"uv": [3.375, 7.25, 3.5, 7.75], "texture": "#1"},
				"up": {"uv": [3.375, 7.25, 3.5, 7.375], "texture": "#1"},
				"down": {"uv": [3.375, 7.625, 3.5, 7.75], "texture": "#1"}
			}
		},
		{
			"from": [9.275, 16.85, 7.325],
			"to": [9.4, 17.475, 7.675],
			"faces": {
				"north": {"uv": [3.375, 7.125, 3.25, 7.75], "texture": "#1"},
				"east": {"uv": [3.25, 7.125, 3.375, 7.75], "texture": "#1"},
				"south": {"uv": [3.25, 7.125, 3.375, 7.75], "texture": "#1"},
				"west": {"uv": [3.25, 7.125, 3.375, 7.75], "texture": "#1"},
				"up": {"uv": [3.25, 7.125, 3.375, 7.25], "texture": "#1"},
				"down": {"uv": [3.25, 7.625, 3.375, 7.75], "texture": "#1"}
			}
		},
		{
			"from": [9.9, 18.975, 7.325],
			"to": [10.025, 19.225, 7.675],
			"faces": {
				"north": {"uv": [4, 5.5, 3.875, 5.75], "texture": "#1"},
				"east": {"uv": [3.875, 5.5, 4, 5.75], "texture": "#1"},
				"south": {"uv": [3.875, 5.5, 4, 5.75], "texture": "#1"},
				"west": {"uv": [3.875, 5.5, 4, 5.75], "texture": "#1"},
				"up": {"uv": [3.875, 5.5, 4, 5.625], "texture": "#1"},
				"down": {"uv": [3.875, 5.625, 4, 5.75], "texture": "#1"}
			}
		},
		{
			"from": [10.025, 18.975, 7.325],
			"to": [10.15, 19.1, 7.675],
			"faces": {
				"north": {"uv": [4.125, 5.625, 4, 5.75], "texture": "#1"},
				"east": {"uv": [4, 5.625, 4.125, 5.75], "texture": "#1"},
				"south": {"uv": [4, 5.625, 4.125, 5.75], "texture": "#1"},
				"west": {"uv": [4, 5.625, 4.125, 5.75], "texture": "#1"},
				"up": {"uv": [4, 5.625, 4.125, 5.75], "texture": "#1"},
				"down": {"uv": [4, 5.625, 4.125, 5.75], "texture": "#1"}
			}
		},
		{
			"from": [9.775, 18.85, 7.325],
			"to": [9.9, 19.35, 7.675],
			"faces": {
				"north": {"uv": [3.875, 5.375, 3.75, 5.875], "texture": "#1"},
				"east": {"uv": [3.75, 5.375, 3.875, 5.875], "texture": "#1"},
				"south": {"uv": [3.75, 5.375, 3.875, 5.875], "texture": "#1"},
				"west": {"uv": [3.75, 5.375, 3.875, 5.875], "texture": "#1"},
				"up": {"uv": [3.75, 5.375, 3.875, 5.5], "texture": "#1"},
				"down": {"uv": [3.75, 5.75, 3.875, 5.875], "texture": "#1"}
			}
		},
		{
			"from": [9.525, 18.725, 7.325],
			"to": [9.65, 19.475, 7.675],
			"faces": {
				"north": {"uv": [3.625, 5.25, 3.5, 6], "texture": "#1"},
				"east": {"uv": [3.5, 5.25, 3.625, 6], "texture": "#1"},
				"south": {"uv": [3.5, 5.25, 3.625, 6], "texture": "#1"},
				"west": {"uv": [3.5, 5.25, 3.625, 6], "texture": "#1"},
				"up": {"uv": [3.5, 5.25, 3.625, 5.375], "texture": "#1"},
				"down": {"uv": [3.5, 5.875, 3.625, 6], "texture": "#1"}
			}
		},
		{
			"from": [10.4, 20.975, 7.325],
			"to": [10.525, 21.6, 7.675],
			"faces": {
				"north": {"uv": [4.5, 3.125, 4.375, 3.75], "texture": "#1"},
				"east": {"uv": [4.375, 3.125, 4.5, 3.75], "texture": "#1"},
				"south": {"uv": [4.375, 3.125, 4.5, 3.75], "texture": "#1"},
				"west": {"uv": [4.375, 3.125, 4.5, 3.75], "texture": "#1"},
				"up": {"uv": [4.375, 3.125, 4.5, 3.25], "texture": "#1"},
				"down": {"uv": [4.375, 3.625, 4.5, 3.75], "texture": "#1"}
			}
		},
		{
			"from": [10.525, 20.975, 7.325],
			"to": [10.65, 21.475, 7.675],
			"faces": {
				"north": {"uv": [4.625, 3.25, 4.5, 3.75], "texture": "#1"},
				"east": {"uv": [4.5, 3.25, 4.625, 3.75], "texture": "#1"},
				"south": {"uv": [4.5, 3.25, 4.625, 3.75], "texture": "#1"},
				"west": {"uv": [4.5, 3.25, 4.625, 3.75], "texture": "#1"},
				"up": {"uv": [4.5, 3.25, 4.625, 3.375], "texture": "#1"},
				"down": {"uv": [4.5, 3.625, 4.625, 3.75], "texture": "#1"}
			}
		},
		{
			"from": [10.775, 21.1, 7.325],
			"to": [10.9, 21.225, 7.675],
			"faces": {
				"north": {"uv": [4.875, 3.5, 4.75, 3.625], "texture": "#1"},
				"east": {"uv": [4.75, 3.5, 4.875, 3.625], "texture": "#1"},
				"south": {"uv": [4.75, 3.5, 4.875, 3.625], "texture": "#1"},
				"west": {"uv": [4.75, 3.5, 4.875, 3.625], "texture": "#1"},
				"up": {"uv": [4.75, 3.5, 4.875, 3.625], "texture": "#1"},
				"down": {"uv": [4.75, 3.5, 4.875, 3.625], "texture": "#1"}
			}
		},
		{
			"from": [11.525, 23.225, 7.325],
			"to": [11.65, 23.725, 7.675],
			"faces": {
				"north": {"uv": [5.625, 1, 5.5, 1.5], "texture": "#1"},
				"east": {"uv": [5.5, 1, 5.625, 1.5], "texture": "#1"},
				"south": {"uv": [5.5, 1, 5.625, 1.5], "texture": "#1"},
				"west": {"uv": [5.5, 1, 5.625, 1.5], "texture": "#1"},
				"up": {"uv": [5.5, 1, 5.625, 1.125], "texture": "#1"},
				"down": {"uv": [5.5, 1.375, 5.625, 1.5], "texture": "#1"}
			}
		},
		{
			"from": [11.65, 23.225, 7.325],
			"to": [11.775, 23.6, 7.675],
			"faces": {
				"north": {"uv": [5.75, 1.125, 5.625, 1.5], "texture": "#1"},
				"east": {"uv": [5.625, 1.125, 5.75, 1.5], "texture": "#1"},
				"south": {"uv": [5.625, 1.125, 5.75, 1.5], "texture": "#1"},
				"west": {"uv": [5.625, 1.125, 5.75, 1.5], "texture": "#1"},
				"up": {"uv": [5.625, 1.125, 5.75, 1.25], "texture": "#1"},
				"down": {"uv": [5.625, 1.375, 5.75, 1.5], "texture": "#1"}
			}
		},
		{
			"from": [11.775, 23.35, 7.325],
			"to": [11.9, 23.475, 7.675],
			"faces": {
				"north": {"uv": [5.875, 1.25, 5.75, 1.375], "texture": "#1"},
				"east": {"uv": [5.75, 1.25, 5.875, 1.375], "texture": "#1"},
				"south": {"uv": [5.75, 1.25, 5.875, 1.375], "texture": "#1"},
				"west": {"uv": [5.75, 1.25, 5.875, 1.375], "texture": "#1"},
				"up": {"uv": [5.75, 1.25, 5.875, 1.375], "texture": "#1"},
				"down": {"uv": [5.75, 1.25, 5.875, 1.375], "texture": "#1"}
			}
		},
		{
			"from": [10.65, 21.1, 7.325],
			"to": [10.775, 21.35, 7.675],
			"faces": {
				"north": {"uv": [4.75, 3.375, 4.625, 3.625], "texture": "#1"},
				"east": {"uv": [4.625, 3.375, 4.75, 3.625], "texture": "#1"},
				"south": {"uv": [4.625, 3.375, 4.75, 3.625], "texture": "#1"},
				"west": {"uv": [4.625, 3.375, 4.75, 3.625], "texture": "#1"},
				"up": {"uv": [4.625, 3.375, 4.75, 3.5], "texture": "#1"},
				"down": {"uv": [4.625, 3.5, 4.75, 3.625], "texture": "#1"}
			}
		},
		{
			"from": [10.275, 20.85, 7.325],
			"to": [10.4, 21.6, 7.675],
			"faces": {
				"north": {"uv": [4.375, 3.125, 4.25, 3.875], "texture": "#1"},
				"east": {"uv": [4.25, 3.125, 4.375, 3.875], "texture": "#1"},
				"south": {"uv": [4.25, 3.125, 4.375, 3.875], "texture": "#1"},
				"west": {"uv": [4.25, 3.125, 4.375, 3.875], "texture": "#1"},
				"up": {"uv": [4.25, 3.125, 4.375, 3.25], "texture": "#1"},
				"down": {"uv": [4.25, 3.75, 4.375, 3.875], "texture": "#1"}
			}
		},
		{
			"from": [9.65, 18.85, 7.325],
			"to": [9.775, 19.475, 7.675],
			"faces": {
				"north": {"uv": [3.75, 5.25, 3.625, 5.875], "texture": "#1"},
				"east": {"uv": [3.625, 5.25, 3.75, 5.875], "texture": "#1"},
				"south": {"uv": [3.625, 5.25, 3.75, 5.875], "texture": "#1"},
				"west": {"uv": [3.625, 5.25, 3.75, 5.875], "texture": "#1"},
				"up": {"uv": [3.625, 5.25, 3.75, 5.375], "texture": "#1"},
				"down": {"uv": [3.625, 5.75, 3.75, 5.875], "texture": "#1"}
			}
		},
		{
			"from": [9.15, 16.725, 7.325],
			"to": [9.275, 17.475, 7.675],
			"faces": {
				"north": {"uv": [3.25, 7.125, 3.125, 7.875], "texture": "#1"},
				"east": {"uv": [3.125, 7.125, 3.25, 7.875], "texture": "#1"},
				"south": {"uv": [3.125, 7.125, 3.25, 7.875], "texture": "#1"},
				"west": {"uv": [3.125, 7.125, 3.25, 7.875], "texture": "#1"},
				"up": {"uv": [3.125, 7.125, 3.25, 7.25], "texture": "#1"},
				"down": {"uv": [3.125, 7.75, 3.25, 7.875], "texture": "#1"}
			}
		},
		{
			"from": [8.65, 14.6, 7.325],
			"to": [8.775, 15.725, 7.675],
			"faces": {
				"north": {"uv": [2.75, 9, 2.625, 10.125], "texture": "#1"},
				"east": {"uv": [2.625, 9, 2.75, 10.125], "texture": "#1"},
				"south": {"uv": [2.625, 9, 2.75, 10.125], "texture": "#1"},
				"west": {"uv": [2.625, 9, 2.75, 10.125], "texture": "#1"},
				"up": {"uv": [2.625, 9, 2.75, 9.125], "texture": "#1"},
				"down": {"uv": [2.625, 10, 2.75, 10.125], "texture": "#1"}
			}
		},
		{
			"from": [8.775, 14.85, 7.325],
			"to": [8.9, 15.725, 7.675],
			"faces": {
				"north": {"uv": [2.875, 9, 2.75, 9.875], "texture": "#1"},
				"east": {"uv": [2.75, 9, 2.875, 9.875], "texture": "#1"},
				"south": {"uv": [2.75, 9, 2.875, 9.875], "texture": "#1"},
				"west": {"uv": [2.75, 9, 2.875, 9.875], "texture": "#1"},
				"up": {"uv": [2.75, 9, 2.875, 9.125], "texture": "#1"},
				"down": {"uv": [2.75, 9.75, 2.875, 9.875], "texture": "#1"}
			}
		},
		{
			"from": [8.525, 12.85, 7.325],
			"to": [8.65, 13.975, 7.675],
			"faces": {
				"north": {"uv": [2.625, 10.75, 2.5, 11.875], "texture": "#1"},
				"east": {"uv": [2.5, 10.75, 2.625, 11.875], "texture": "#1"},
				"south": {"uv": [2.5, 10.75, 2.625, 11.875], "texture": "#1"},
				"west": {"uv": [2.5, 10.75, 2.625, 11.875], "texture": "#1"},
				"up": {"uv": [2.5, 10.75, 2.625, 10.875], "texture": "#1"},
				"down": {"uv": [2.5, 11.75, 2.625, 11.875], "texture": "#1"}
			}
		},
		{
			"from": [8.65, 10.475, 7.325],
			"to": [8.775, 10.725, 7.675],
			"faces": {
				"north": {"uv": [2.75, 14, 2.625, 14.25], "texture": "#1"},
				"east": {"uv": [2.625, 14, 2.75, 14.25], "texture": "#1"},
				"south": {"uv": [2.625, 14, 2.75, 14.25], "texture": "#1"},
				"west": {"uv": [2.625, 14, 2.75, 14.25], "texture": "#1"},
				"up": {"uv": [2.625, 14, 2.75, 14.125], "texture": "#1"},
				"down": {"uv": [2.625, 14.125, 2.75, 14.25], "texture": "#1"}
			}
		},
		{
			"from": [8.025, 9.6, 7.325],
			"to": [8.15, 20.225, 7.675],
			"faces": {
				"north": {"uv": [2.125, 4.5, 2, 15.125], "texture": "#1"},
				"east": {"uv": [2, 4.5, 2.125, 15.125], "texture": "#1"},
				"south": {"uv": [2, 4.5, 2.125, 15.125], "texture": "#1"},
				"west": {"uv": [2, 4.5, 2.125, 15.125], "texture": "#1"},
				"up": {"uv": [2, 4.5, 2.125, 4.625], "texture": "#1"},
				"down": {"uv": [2, 15, 2.125, 15.125], "texture": "#1"}
			}
		},
		{
			"from": [7.9, 9.475, 7.325],
			"to": [8.025, 19.475, 7.675],
			"faces": {
				"north": {"uv": [2, 5.25, 1.875, 15.25], "texture": "#1"},
				"east": {"uv": [1.875, 5.25, 2, 15.25], "texture": "#1"},
				"south": {"uv": [1.875, 5.25, 2, 15.25], "texture": "#1"},
				"west": {"uv": [1.875, 5.25, 2, 15.25], "texture": "#1"},
				"up": {"uv": [1.875, 5.25, 2, 5.375], "texture": "#1"},
				"down": {"uv": [1.875, 15.125, 2, 15.25], "texture": "#1"}
			}
		},
		{
			"from": [7.65, 9.225, 7.325],
			"to": [7.775, 17.6, 7.675],
			"faces": {
				"north": {"uv": [1.75, 7.125, 1.625, 15.5], "texture": "#1"},
				"east": {"uv": [1.625, 7.125, 1.75, 15.5], "texture": "#1"},
				"south": {"uv": [1.625, 7.125, 1.75, 15.5], "texture": "#1"},
				"west": {"uv": [1.625, 7.125, 1.75, 15.5], "texture": "#1"},
				"up": {"uv": [1.625, 7.125, 1.75, 7.25], "texture": "#1"},
				"down": {"uv": [1.625, 15.375, 1.75, 15.5], "texture": "#1"}
			}
		},
		{
			"from": [7.775, 9.35, 7.325],
			"to": [7.9, 18.725, 7.675],
			"faces": {
				"north": {"uv": [1.875, 6, 1.75, 15.375], "texture": "#1"},
				"east": {"uv": [1.75, 6, 1.875, 15.375], "texture": "#1"},
				"south": {"uv": [1.75, 6, 1.875, 15.375], "texture": "#1"},
				"west": {"uv": [1.75, 6, 1.875, 15.375], "texture": "#1"},
				"up": {"uv": [1.75, 6, 1.875, 6.125], "texture": "#1"},
				"down": {"uv": [1.75, 15.25, 1.875, 15.375], "rotation": 180, "texture": "#1"}
			}
		}
	],
	"gui_light": "front",
	"display": {
		"thirdperson_righthand": {
			"rotation": [0, -90, 0],
			"translation": [-1, 1.75, 1.5],
			"scale": [1.4, 1.2, 1.2]
		},
		"thirdperson_lefthand": {
			"rotation": [0, 90, 0],
			"translation": [0.3, 1.75, 1.5],
			"scale": [1.4, 1.2, 1.2]
		},
		"firstperson_righthand": {
			"rotation": [55, -90, 60],
			"translation": [-1.25, 1.75, 1.5],
			"scale": [1, 0.8, 0.8]
		},
		"firstperson_lefthand": {
			"rotation": [-65, 90, 60],
			"translation": [-0.75, 1.75, 1.5],
			"scale": [1, 0.8, 0.8]
		},
		"ground": {
			"rotation": [-45, -90, 0],
			"translation": [0, 1, 0],
			"scale": [0.5, 0.5, 0.5]
		},
		"gui": {
			"rotation": [0, -180, 45],
			"translation": [-3.75, -4.75, 0],
			"scale": [1.1, 1.1, 1.1]
		},
		"head": {
			"translation": [0, 9.75, 0]
		},
		"fixed": {
			"rotation": [-180, 180, -135],
			"translation": [3.75, -5.5, 0],
			"scale": [1.2, 1.2, 1.2]
		}
	},
	"groups": [
		0,
		1,
		2,
		3,
		4,
		5,
		6,
		7,
		8,
		9,
		10,
		11,
		12,
		13,
		14,
		15,
		16,
		17,
		18,
		19,
		20,
		21,
		22,
		23,
		24,
		25,
		26,
		27,
		28,
		29,
		30,
		31,
		32,
		33,
		34,
		35,
		36,
		37,
		38,
		{
			"name": "group",
			"origin": [0, 0, 0],
			"color": 0,
			"children": [
				39,
				40,
				41,
				42,
				43,
				44,
				45,
				46,
				47,
				48,
				49,
				50,
				51,
				52,
				53,
				54,
				55,
				56,
				57,
				58,
				59,
				60,
				61,
				62,
				63,
				64,
				65,
				66,
				67,
				68,
				69,
				70,
				71,
				72,
				73,
				74,
				75,
				76,
				77,
				78,
				79,
				80,
				81,
				82,
				83,
				84,
				85,
				86,
				87,
				88,
				89,
				90,
				91,
				92,
				93,
				94,
				95,
				96,
				97,
				98,
				99,
				100,
				101,
				102,
				103,
				104,
				105,
				106,
				107,
				108,
				109,
				110,
				111,
				112,
				113,
				114,
				115,
				116,
				117,
				118,
				119,
				120
			]
		}
	]
}