{
	"credit": "Made with Blockbench",
	"textures": {
		"2": "./glaive",
		"particle": "./glaive"
	},
	"elements": [
		{
			"from": [7.525, 13.325, 7.375],
			"to": [7.9, 14.45, 7.65],
			"faces": {
				"north": {"uv": [1.375, 8.75, 1, 9.875], "texture": "#2"},
				"east": {"uv": [1.25, 8.75, 1.375, 9.875], "texture": "#2"},
				"south": {"uv": [1, 8.75, 1.375, 9.875], "texture": "#2"},
				"west": {"uv": [1, 8.75, 1.125, 9.875], "texture": "#2"},
				"up": {"uv": [1, 8.875, 1.375, 8.75], "texture": "#2"},
				"down": {"uv": [1, 9.875, 1.375, 9.75], "texture": "#2"}
			}
		},
		{
			"from": [7.65, 15.45, 7.375],
			"to": [8.15, 15.825, 7.65],
			"faces": {
				"north": {"uv": [1.625, 7.375, 1.125, 7.75], "texture": "#2"},
				"east": {"uv": [1.5, 7.375, 1.625, 7.75], "texture": "#2"},
				"south": {"uv": [1.125, 7.375, 1.625, 7.75], "texture": "#2"},
				"west": {"uv": [1.125, 7.375, 1.25, 7.75], "texture": "#2"},
				"up": {"uv": [1.125, 7.5, 1.625, 7.375], "texture": "#2"},
				"down": {"uv": [1.125, 7.75, 1.625, 7.625], "texture": "#2"}
			}
		},
		{
			"from": [7.775, 15.825, 7.375],
			"to": [8.15, 15.95, 7.65],
			"faces": {
				"north": {"uv": [1.625, 7.25, 1.25, 7.375], "texture": "#2"},
				"east": {"uv": [1.5, 7.25, 1.625, 7.375], "texture": "#2"},
				"south": {"uv": [1.25, 7.25, 1.625, 7.375], "texture": "#2"},
				"west": {"uv": [1.25, 7.25, 1.375, 7.375], "texture": "#2"},
				"up": {"uv": [1.25, 7.375, 1.625, 7.25], "texture": "#2"},
				"down": {"uv": [1.25, 7.375, 1.625, 7.25], "texture": "#2"}
			}
		},
		{
			"from": [7.775, 15.95, 7.375],
			"to": [8.275, 16.325, 7.65],
			"faces": {
				"north": {"uv": [1.75, 6.875, 1.25, 7.25], "texture": "#2"},
				"east": {"uv": [1.625, 6.875, 1.75, 7.25], "texture": "#2"},
				"south": {"uv": [1.25, 6.875, 1.75, 7.25], "texture": "#2"},
				"west": {"uv": [1.25, 6.875, 1.375, 7.25], "texture": "#2"},
				"up": {"uv": [1.25, 7, 1.75, 6.875], "texture": "#2"},
				"down": {"uv": [1.25, 7.25, 1.75, 7.125], "texture": "#2"}
			}
		},
		{
			"from": [7.775, 16.325, 7.375],
			"to": [8.4, 16.45, 7.65],
			"faces": {
				"north": {"uv": [1.875, 6.75, 1.25, 6.875], "texture": "#2"},
				"east": {"uv": [1.75, 6.75, 1.875, 6.875], "texture": "#2"},
				"south": {"uv": [1.25, 6.75, 1.875, 6.875], "texture": "#2"},
				"west": {"uv": [1.25, 6.75, 1.375, 6.875], "texture": "#2"},
				"up": {"uv": [1.25, 6.875, 1.875, 6.75], "texture": "#2"},
				"down": {"uv": [1.25, 6.875, 1.875, 6.75], "texture": "#2"}
			}
		},
		{
			"from": [7.9, 16.7, 7.375],
			"to": [8.525, 16.95, 7.65],
			"faces": {
				"north": {"uv": [2, 6.25, 1.375, 6.5], "texture": "#2"},
				"east": {"uv": [1.875, 6.25, 2, 6.5], "texture": "#2"},
				"south": {"uv": [1.375, 6.25, 2, 6.5], "texture": "#2"},
				"west": {"uv": [1.375, 6.25, 1.5, 6.5], "texture": "#2"},
				"up": {"uv": [1.375, 6.375, 2, 6.25], "texture": "#2"},
				"down": {"uv": [1.375, 6.5, 2, 6.375], "texture": "#2"}
			}
		},
		{
			"from": [8.15, 17.325, 7.375],
			"to": [8.525, 17.575, 7.65],
			"faces": {
				"north": {"uv": [2, 5.625, 1.625, 5.875], "texture": "#2"},
				"east": {"uv": [1.875, 5.625, 2, 5.875], "texture": "#2"},
				"south": {"uv": [1.625, 5.625, 2, 5.875], "texture": "#2"},
				"west": {"uv": [1.625, 5.625, 1.75, 5.875], "texture": "#2"},
				"up": {"uv": [1.625, 5.75, 2, 5.625], "texture": "#2"},
				"down": {"uv": [1.625, 5.875, 2, 5.75], "texture": "#2"}
			}
		},
		{
			"from": [8.275, 17.575, 7.375],
			"to": [8.525, 17.825, 7.65],
			"faces": {
				"north": {"uv": [2, 5.375, 1.75, 5.625], "texture": "#2"},
				"east": {"uv": [1.875, 5.375, 2, 5.625], "texture": "#2"},
				"south": {"uv": [1.75, 5.375, 2, 5.625], "texture": "#2"},
				"west": {"uv": [1.75, 5.375, 1.875, 5.625], "texture": "#2"},
				"up": {"uv": [1.75, 5.5, 2, 5.375], "texture": "#2"},
				"down": {"uv": [1.75, 5.625, 2, 5.5], "texture": "#2"}
			}
		},
		{
			"from": [8.4, 17.825, 7.375],
			"to": [8.65, 18.075, 7.65],
			"faces": {
				"north": {"uv": [2.125, 5.125, 1.875, 5.375], "texture": "#2"},
				"east": {"uv": [2, 5.125, 2.125, 5.375], "texture": "#2"},
				"south": {"uv": [1.875, 5.125, 2.125, 5.375], "texture": "#2"},
				"west": {"uv": [1.875, 5.125, 2, 5.375], "texture": "#2"},
				"up": {"uv": [1.875, 5.25, 2.125, 5.125], "texture": "#2"},
				"down": {"uv": [1.875, 5.375, 2.125, 5.25], "texture": "#2"}
			}
		},
		{
			"from": [8.525, 18.075, 7.375],
			"to": [8.65, 18.2, 7.65],
			"faces": {
				"north": {"uv": [2.125, 5, 2, 5.125], "texture": "#2"},
				"east": {"uv": [2, 5, 2.125, 5.125], "texture": "#2"},
				"south": {"uv": [2, 5, 2.125, 5.125], "texture": "#2"},
				"west": {"uv": [2, 5, 2.125, 5.125], "texture": "#2"},
				"up": {"uv": [2, 5.125, 2.125, 5], "texture": "#2"},
				"down": {"uv": [2, 5.125, 2.125, 5], "texture": "#2"}
			}
		},
		{
			"from": [8.025, 16.95, 7.375],
			"to": [8.65, 17.325, 7.65],
			"faces": {
				"north": {"uv": [2.125, 5.875, 1.5, 6.25], "texture": "#2"},
				"east": {"uv": [2, 5.875, 2.125, 6.25], "texture": "#2"},
				"south": {"uv": [1.5, 5.875, 2.125, 6.25], "texture": "#2"},
				"west": {"uv": [1.5, 5.875, 1.625, 6.25], "texture": "#2"},
				"up": {"uv": [1.5, 6, 2.125, 5.875], "texture": "#2"},
				"down": {"uv": [1.5, 6.25, 2.125, 6.125], "texture": "#2"}
			}
		},
		{
			"from": [7.9, 16.45, 7.375],
			"to": [8.4, 16.7, 7.65],
			"faces": {
				"north": {"uv": [1.875, 6.5, 1.375, 6.75], "texture": "#2"},
				"east": {"uv": [1.75, 6.5, 1.875, 6.75], "texture": "#2"},
				"south": {"uv": [1.375, 6.5, 1.875, 6.75], "texture": "#2"},
				"west": {"uv": [1.375, 6.5, 1.5, 6.75], "texture": "#2"},
				"up": {"uv": [1.375, 6.625, 1.875, 6.5], "texture": "#2"},
				"down": {"uv": [1.375, 6.75, 1.875, 6.625], "texture": "#2"}
			}
		},
		{
			"from": [7.65, 14.95, 7.375],
			"to": [8.025, 15.45, 7.65],
			"faces": {
				"north": {"uv": [1.5, 7.75, 1.125, 8.25], "texture": "#2"},
				"east": {"uv": [1.375, 7.75, 1.5, 8.25], "texture": "#2"},
				"south": {"uv": [1.125, 7.75, 1.5, 8.25], "texture": "#2"},
				"west": {"uv": [1.125, 7.75, 1.25, 8.25], "texture": "#2"},
				"up": {"uv": [1.125, 7.875, 1.5, 7.75], "texture": "#2"},
				"down": {"uv": [1.125, 8.25, 1.5, 8.125], "texture": "#2"}
			}
		},
		{
			"from": [7.525, 14.45, 7.375],
			"to": [8.025, 14.95, 7.65],
			"faces": {
				"north": {"uv": [1.5, 8.25, 1, 8.75], "texture": "#2"},
				"east": {"uv": [1.375, 8.25, 1.5, 8.75], "texture": "#2"},
				"south": {"uv": [1, 8.25, 1.5, 8.75], "texture": "#2"},
				"west": {"uv": [1, 8.25, 1.125, 8.75], "texture": "#2"},
				"up": {"uv": [1, 8.375, 1.5, 8.25], "texture": "#2"},
				"down": {"uv": [1, 8.75, 1.5, 8.625], "texture": "#2"}
			}
		},
		{
			"from": [7.4, 13.2, 7.375],
			"to": [8.025, 13.325, 7.65],
			"faces": {
				"north": {"uv": [1.5, 9.875, 0.875, 10], "texture": "#2"},
				"east": {"uv": [1.375, 9.875, 1.5, 10], "texture": "#2"},
				"south": {"uv": [0.875, 9.875, 1.5, 10], "texture": "#2"},
				"west": {"uv": [0.875, 9.875, 1, 10], "texture": "#2"},
				"up": {"uv": [0.875, 10, 1.5, 9.875], "texture": "#2"},
				"down": {"uv": [0.875, 10, 1.5, 9.875], "texture": "#2"}
			}
		},
		{
			"from": [7.4, 12.95, 7.375],
			"to": [8.025, 13.075, 7.65],
			"faces": {
				"north": {"uv": [1.5, 10.125, 0.875, 10.25], "texture": "#2"},
				"east": {"uv": [1.375, 10.125, 1.5, 10.25], "texture": "#2"},
				"south": {"uv": [0.875, 10.125, 1.5, 10.25], "texture": "#2"},
				"west": {"uv": [0.875, 10.125, 1, 10.25], "texture": "#2"},
				"up": {"uv": [0.875, 10.25, 1.5, 10.125], "texture": "#2"},
				"down": {"uv": [0.875, 10.25, 1.5, 10.125], "texture": "#2"}
			}
		},
		{
			"from": [7.15, 13.075, 7.375],
			"to": [8.275, 13.2, 7.65],
			"faces": {
				"north": {"uv": [1.75, 10, 0.625, 10.125], "texture": "#2"},
				"east": {"uv": [1.625, 10, 1.75, 10.125], "texture": "#2"},
				"south": {"uv": [0.625, 10, 1.75, 10.125], "texture": "#2"},
				"west": {"uv": [0.625, 10, 0.75, 10.125], "texture": "#2"},
				"up": {"uv": [0.625, 10.125, 1.75, 10], "texture": "#2"},
				"down": {"uv": [0.625, 10.125, 1.75, 10], "texture": "#2"}
			}
		},
		{
			"from": [7.4, 13.325, 7.475],
			"to": [8.025, 13.7, 7.55],
			"faces": {
				"north": {"uv": [1.5, 9.5, 0.875, 9.875], "texture": "#2"},
				"east": {"uv": [1.375, 9.5, 1.5, 9.875], "texture": "#2"},
				"south": {"uv": [0.875, 9.5, 1.5, 9.875], "texture": "#2"},
				"west": {"uv": [0.875, 9.5, 1, 9.875], "texture": "#2"},
				"up": {"uv": [0.875, 9.625, 1.5, 9.5], "texture": "#2"},
				"down": {"uv": [0.875, 9.875, 1.5, 9.75], "texture": "#2"}
			}
		},
		{
			"from": [7.275, 13.825, 7.475],
			"to": [8.15, 14.2, 7.55],
			"faces": {
				"north": {"uv": [1.625, 9, 0.75, 9.375], "texture": "#2"},
				"east": {"uv": [1.5, 9, 1.625, 9.375], "texture": "#2"},
				"south": {"uv": [0.75, 9, 1.625, 9.375], "texture": "#2"},
				"west": {"uv": [0.75, 9, 0.875, 9.375], "texture": "#2"},
				"up": {"uv": [0.75, 9.125, 1.625, 9], "texture": "#2"},
				"down": {"uv": [0.75, 9.375, 1.625, 9.25], "texture": "#2"}
			}
		},
		{
			"from": [7.4, 14.95, 7.475],
			"to": [8.275, 15.45, 7.55],
			"faces": {
				"north": {"uv": [1.75, 7.75, 0.875, 8.25], "texture": "#2"},
				"east": {"uv": [1.625, 7.75, 1.75, 8.25], "texture": "#2"},
				"south": {"uv": [0.875, 7.75, 1.75, 8.25], "texture": "#2"},
				"west": {"uv": [0.875, 7.75, 1, 8.25], "texture": "#2"},
				"up": {"uv": [0.875, 7.875, 1.75, 7.75], "texture": "#2"},
				"down": {"uv": [0.875, 8.25, 1.75, 8.125], "texture": "#2"}
			}
		},
		{
			"from": [7.4, 15.45, 7.475],
			"to": [8.4, 15.825, 7.55],
			"faces": {
				"north": {"uv": [1.875, 7.375, 0.875, 7.75], "texture": "#2"},
				"east": {"uv": [1.75, 7.375, 1.875, 7.75], "texture": "#2"},
				"south": {"uv": [0.875, 7.375, 1.875, 7.75], "texture": "#2"},
				"west": {"uv": [0.875, 7.375, 1, 7.75], "texture": "#2"},
				"up": {"uv": [0.875, 7.5, 1.875, 7.375], "texture": "#2"},
				"down": {"uv": [0.875, 7.75, 1.875, 7.625], "texture": "#2"}
			}
		},
		{
			"from": [7.525, 15.95, 7.475],
			"to": [8.525, 16.325, 7.55],
			"faces": {
				"north": {"uv": [2, 6.875, 1, 7.25], "texture": "#2"},
				"east": {"uv": [1.875, 6.875, 2, 7.25], "texture": "#2"},
				"south": {"uv": [1, 6.875, 2, 7.25], "texture": "#2"},
				"west": {"uv": [1, 6.875, 1.125, 7.25], "texture": "#2"},
				"up": {"uv": [1, 7, 2, 6.875], "texture": "#2"},
				"down": {"uv": [1, 7.25, 2, 7.125], "texture": "#2"}
			}
		},
		{
			"from": [7.65, 16.45, 7.475],
			"to": [8.65, 16.7, 7.55],
			"faces": {
				"north": {"uv": [2.125, 6.5, 1.125, 6.75], "texture": "#2"},
				"east": {"uv": [2, 6.5, 2.125, 6.75], "texture": "#2"},
				"south": {"uv": [1.125, 6.5, 2.125, 6.75], "texture": "#2"},
				"west": {"uv": [1.125, 6.5, 1.25, 6.75], "texture": "#2"},
				"up": {"uv": [1.125, 6.625, 2.125, 6.5], "texture": "#2"},
				"down": {"uv": [1.125, 6.75, 2.125, 6.625], "texture": "#2"}
			}
		},
		{
			"from": [7.65, 16.7, 7.475],
			"to": [8.775, 16.95, 7.55],
			"faces": {
				"north": {"uv": [2.25, 6.25, 1.125, 6.5], "texture": "#2"},
				"east": {"uv": [2.125, 6.25, 2.25, 6.5], "texture": "#2"},
				"south": {"uv": [1.125, 6.25, 2.25, 6.5], "texture": "#2"},
				"west": {"uv": [1.125, 6.25, 1.25, 6.5], "texture": "#2"},
				"up": {"uv": [1.125, 6.375, 2.25, 6.25], "texture": "#2"},
				"down": {"uv": [1.125, 6.5, 2.25, 6.375], "texture": "#2"}
			}
		},
		{
			"from": [7.9, 17.325, 7.475],
			"to": [8.775, 17.575, 7.55],
			"faces": {
				"north": {"uv": [2.25, 5.625, 1.375, 5.875], "texture": "#2"},
				"east": {"uv": [2.125, 5.625, 2.25, 5.875], "texture": "#2"},
				"south": {"uv": [1.375, 5.625, 2.25, 5.875], "texture": "#2"},
				"west": {"uv": [1.375, 5.625, 1.5, 5.875], "texture": "#2"},
				"up": {"uv": [1.375, 5.75, 2.25, 5.625], "texture": "#2"},
				"down": {"uv": [1.375, 5.875, 2.25, 5.75], "texture": "#2"}
			}
		},
		{
			"from": [8.025, 17.575, 7.475],
			"to": [8.775, 17.825, 7.55],
			"faces": {
				"north": {"uv": [2.25, 5.375, 1.5, 5.625], "texture": "#2"},
				"east": {"uv": [2.125, 5.375, 2.25, 5.625], "texture": "#2"},
				"south": {"uv": [1.5, 5.375, 2.25, 5.625], "texture": "#2"},
				"west": {"uv": [1.5, 5.375, 1.625, 5.625], "texture": "#2"},
				"up": {"uv": [1.5, 5.5, 2.25, 5.375], "texture": "#2"},
				"down": {"uv": [1.5, 5.625, 2.25, 5.5], "texture": "#2"}
			}
		},
		{
			"from": [8.15, 17.825, 7.475],
			"to": [8.9, 18.075, 7.55],
			"faces": {
				"north": {"uv": [2.375, 5.125, 1.625, 5.375], "texture": "#2"},
				"east": {"uv": [2.25, 5.125, 2.375, 5.375], "texture": "#2"},
				"south": {"uv": [1.625, 5.125, 2.375, 5.375], "texture": "#2"},
				"west": {"uv": [1.625, 5.125, 1.75, 5.375], "texture": "#2"},
				"up": {"uv": [1.625, 5.25, 2.375, 5.125], "texture": "#2"},
				"down": {"uv": [1.625, 5.375, 2.375, 5.25], "texture": "#2"}
			}
		},
		{
			"from": [8.275, 18.075, 7.475],
			"to": [8.9, 18.2, 7.55],
			"faces": {
				"north": {"uv": [2.375, 5, 1.75, 5.125], "texture": "#2"},
				"east": {"uv": [2.25, 5, 2.375, 5.125], "texture": "#2"},
				"south": {"uv": [1.75, 5, 2.375, 5.125], "texture": "#2"},
				"west": {"uv": [1.75, 5, 1.875, 5.125], "texture": "#2"},
				"up": {"uv": [1.75, 5.125, 2.375, 5], "texture": "#2"},
				"down": {"uv": [1.75, 5.125, 2.375, 5], "texture": "#2"}
			}
		},
		{
			"from": [8.4, 18.2, 7.475],
			"to": [8.9, 18.325, 7.55],
			"faces": {
				"north": {"uv": [2.375, 4.875, 1.875, 5], "texture": "#2"},
				"east": {"uv": [2.25, 4.875, 2.375, 5], "texture": "#2"},
				"south": {"uv": [1.875, 4.875, 2.375, 5], "texture": "#2"},
				"west": {"uv": [1.875, 4.875, 2, 5], "texture": "#2"},
				"up": {"uv": [1.875, 5, 2.375, 4.875], "texture": "#2"},
				"down": {"uv": [1.875, 5, 2.375, 4.875], "texture": "#2"}
			}
		},
		{
			"from": [8.525, 18.325, 7.475],
			"to": [9.025, 18.45, 7.55],
			"faces": {
				"north": {"uv": [2.5, 4.75, 2, 4.875], "texture": "#2"},
				"east": {"uv": [2.375, 4.75, 2.5, 4.875], "texture": "#2"},
				"south": {"uv": [2, 4.75, 2.5, 4.875], "texture": "#2"},
				"west": {"uv": [2, 4.75, 2.125, 4.875], "texture": "#2"},
				"up": {"uv": [2, 4.875, 2.5, 4.75], "texture": "#2"},
				"down": {"uv": [2, 4.875, 2.5, 4.75], "texture": "#2"}
			}
		},
		{
			"from": [8.775, 18.575, 7.475],
			"to": [9.15, 18.7, 7.55],
			"faces": {
				"north": {"uv": [2.625, 4.5, 2.25, 4.625], "texture": "#2"},
				"east": {"uv": [2.5, 4.5, 2.625, 4.625], "texture": "#2"},
				"south": {"uv": [2.25, 4.5, 2.625, 4.625], "texture": "#2"},
				"west": {"uv": [2.25, 4.5, 2.375, 4.625], "texture": "#2"},
				"up": {"uv": [2.25, 4.625, 2.625, 4.5], "texture": "#2"},
				"down": {"uv": [2.25, 4.625, 2.625, 4.5], "texture": "#2"}
			}
		},
		{
			"from": [8.9, 18.7, 7.475],
			"to": [9.15, 18.825, 7.55],
			"faces": {
				"north": {"uv": [2.625, 4.375, 2.375, 4.5], "texture": "#2"},
				"east": {"uv": [2.5, 4.375, 2.625, 4.5], "texture": "#2"},
				"south": {"uv": [2.375, 4.375, 2.625, 4.5], "texture": "#2"},
				"west": {"uv": [2.375, 4.375, 2.5, 4.5], "texture": "#2"},
				"up": {"uv": [2.375, 4.5, 2.625, 4.375], "texture": "#2"},
				"down": {"uv": [2.375, 4.5, 2.625, 4.375], "texture": "#2"}
			}
		},
		{
			"from": [9.15, 18.95, 7.475],
			"to": [9.275, 19.075, 7.55],
			"faces": {
				"north": {"uv": [2.75, 4.125, 2.625, 4.25], "texture": "#2"},
				"east": {"uv": [2.625, 4.125, 2.75, 4.25], "texture": "#2"},
				"south": {"uv": [2.625, 4.125, 2.75, 4.25], "texture": "#2"},
				"west": {"uv": [2.625, 4.125, 2.75, 4.25], "texture": "#2"},
				"up": {"uv": [2.625, 4.25, 2.75, 4.125], "texture": "#2"},
				"down": {"uv": [2.625, 4.25, 2.75, 4.125], "texture": "#2"}
			}
		},
		{
			"from": [9.025, 18.825, 7.475],
			"to": [9.275, 18.95, 7.55],
			"faces": {
				"north": {"uv": [2.75, 4.25, 2.5, 4.375], "texture": "#2"},
				"east": {"uv": [2.625, 4.25, 2.75, 4.375], "texture": "#2"},
				"south": {"uv": [2.5, 4.25, 2.75, 4.375], "texture": "#2"},
				"west": {"uv": [2.5, 4.25, 2.625, 4.375], "texture": "#2"},
				"up": {"uv": [2.5, 4.375, 2.75, 4.25], "texture": "#2"},
				"down": {"uv": [2.5, 4.375, 2.75, 4.25], "texture": "#2"}
			}
		},
		{
			"from": [8.525, 15.075, 7.475],
			"to": [8.65, 15.2, 7.55],
			"faces": {
				"north": {"uv": [2.125, 8, 2, 8.125], "texture": "#2"},
				"east": {"uv": [2, 8, 2.125, 8.125], "texture": "#2"},
				"south": {"uv": [2, 8, 2.125, 8.125], "texture": "#2"},
				"west": {"uv": [2, 8, 2.125, 8.125], "texture": "#2"},
				"up": {"uv": [2, 8.125, 2.125, 8], "texture": "#2"},
				"down": {"uv": [2, 8.125, 2.125, 8], "texture": "#2"}
			}
		},
		{
			"from": [8.4, 14.95, 7.475],
			"to": [8.525, 15.075, 7.55],
			"faces": {
				"north": {"uv": [2, 8.125, 1.875, 8.25], "texture": "#2"},
				"east": {"uv": [1.875, 8.125, 2, 8.25], "texture": "#2"},
				"south": {"uv": [1.875, 8.125, 2, 8.25], "texture": "#2"},
				"west": {"uv": [1.875, 8.125, 2, 8.25], "texture": "#2"},
				"up": {"uv": [1.875, 8.25, 2, 8.125], "texture": "#2"},
				"down": {"uv": [1.875, 8.25, 2, 8.125], "texture": "#2"}
			}
		},
		{
			"from": [8.525, 13.825, 7.475],
			"to": [8.65, 13.95, 7.55],
			"faces": {
				"north": {"uv": [2.125, 9.25, 2, 9.375], "texture": "#2"},
				"east": {"uv": [2, 9.25, 2.125, 9.375], "texture": "#2"},
				"south": {"uv": [2, 9.25, 2.125, 9.375], "texture": "#2"},
				"west": {"uv": [2, 9.25, 2.125, 9.375], "texture": "#2"},
				"up": {"uv": [2, 9.375, 2.125, 9.25], "texture": "#2"},
				"down": {"uv": [2, 9.375, 2.125, 9.25], "texture": "#2"}
			}
		},
		{
			"from": [8.275, 14.075, 7.475],
			"to": [8.4, 14.2, 7.55],
			"faces": {
				"north": {"uv": [1.875, 9, 1.75, 9.125], "texture": "#2"},
				"east": {"uv": [1.75, 9, 1.875, 9.125], "texture": "#2"},
				"south": {"uv": [1.75, 9, 1.875, 9.125], "texture": "#2"},
				"west": {"uv": [1.75, 9, 1.875, 9.125], "texture": "#2"},
				"up": {"uv": [1.75, 9.125, 1.875, 9], "texture": "#2"},
				"down": {"uv": [1.75, 9.125, 1.875, 9], "texture": "#2"}
			}
		},
		{
			"from": [8.4, 13.95, 7.475],
			"to": [8.525, 14.2, 7.55],
			"faces": {
				"north": {"uv": [2, 9, 1.875, 9.25], "texture": "#2"},
				"east": {"uv": [1.875, 9, 2, 9.25], "texture": "#2"},
				"south": {"uv": [1.875, 9, 2, 9.25], "texture": "#2"},
				"west": {"uv": [1.875, 9, 2, 9.25], "texture": "#2"},
				"up": {"uv": [1.875, 9.125, 2, 9], "texture": "#2"},
				"down": {"uv": [1.875, 9.25, 2, 9.125], "texture": "#2"}
			}
		},
		{
			"from": [8.65, 18.45, 7.475],
			"to": [9.025, 18.575, 7.55],
			"faces": {
				"north": {"uv": [2.5, 4.625, 2.125, 4.75], "texture": "#2"},
				"east": {"uv": [2.375, 4.625, 2.5, 4.75], "texture": "#2"},
				"south": {"uv": [2.125, 4.625, 2.5, 4.75], "texture": "#2"},
				"west": {"uv": [2.125, 4.625, 2.25, 4.75], "texture": "#2"},
				"up": {"uv": [2.125, 4.75, 2.5, 4.625], "texture": "#2"},
				"down": {"uv": [2.125, 4.75, 2.5, 4.625], "texture": "#2"}
			}
		},
		{
			"from": [7.775, 16.95, 7.475],
			"to": [8.9, 17.325, 7.55],
			"faces": {
				"north": {"uv": [2.375, 5.875, 1.25, 6.25], "texture": "#2"},
				"east": {"uv": [2.25, 5.875, 2.375, 6.25], "texture": "#2"},
				"south": {"uv": [1.25, 5.875, 2.375, 6.25], "texture": "#2"},
				"west": {"uv": [1.25, 5.875, 1.375, 6.25], "texture": "#2"},
				"up": {"uv": [1.25, 6, 2.375, 5.875], "texture": "#2"},
				"down": {"uv": [1.25, 6.25, 2.375, 6.125], "texture": "#2"}
			}
		},
		{
			"from": [7.525, 15.825, 7.475],
			"to": [8.4, 15.95, 7.55],
			"faces": {
				"north": {"uv": [1.875, 7.25, 1, 7.375], "texture": "#2"},
				"east": {"uv": [1.75, 7.25, 1.875, 7.375], "texture": "#2"},
				"south": {"uv": [1, 7.25, 1.875, 7.375], "texture": "#2"},
				"west": {"uv": [1, 7.25, 1.125, 7.375], "texture": "#2"},
				"up": {"uv": [1, 7.375, 1.875, 7.25], "texture": "#2"},
				"down": {"uv": [1, 7.375, 1.875, 7.25], "texture": "#2"}
			}
		},
		{
			"from": [7.525, 16.325, 7.475],
			"to": [8.65, 16.45, 7.55],
			"faces": {
				"north": {"uv": [2.125, 6.75, 1, 6.875], "texture": "#2"},
				"east": {"uv": [2, 6.75, 2.125, 6.875], "texture": "#2"},
				"south": {"uv": [1, 6.75, 2.125, 6.875], "texture": "#2"},
				"west": {"uv": [1, 6.75, 1.125, 6.875], "texture": "#2"},
				"up": {"uv": [1, 6.875, 2.125, 6.75], "texture": "#2"},
				"down": {"uv": [1, 6.875, 2.125, 6.75], "texture": "#2"}
			}
		},
		{
			"from": [7.275, 14.825, 7.475],
			"to": [8.525, 14.95, 7.55],
			"faces": {
				"north": {"uv": [2, 8.25, 0.75, 8.375], "texture": "#2"},
				"east": {"uv": [1.875, 8.25, 2, 8.375], "texture": "#2"},
				"south": {"uv": [0.75, 8.25, 2, 8.375], "texture": "#2"},
				"west": {"uv": [0.75, 8.25, 0.875, 8.375], "texture": "#2"},
				"up": {"uv": [0.75, 8.375, 2, 8.25], "texture": "#2"},
				"down": {"uv": [0.75, 8.375, 2, 8.25], "texture": "#2"}
			}
		},
		{
			"from": [7.275, 14.2, 7.475],
			"to": [8.4, 14.825, 7.55],
			"faces": {
				"north": {"uv": [1.875, 8.375, 0.75, 9], "texture": "#2"},
				"east": {"uv": [1.75, 8.375, 1.875, 9], "texture": "#2"},
				"south": {"uv": [0.75, 8.375, 1.875, 9], "texture": "#2"},
				"west": {"uv": [0.75, 8.375, 0.875, 9], "texture": "#2"},
				"up": {"uv": [0.75, 8.5, 1.875, 8.375], "texture": "#2"},
				"down": {"uv": [0.75, 9, 1.875, 8.875], "texture": "#2"}
			}
		},
		{
			"from": [7.4, 13.7, 7.475],
			"to": [8.15, 13.825, 7.55],
			"faces": {
				"north": {"uv": [1.625, 9.375, 0.875, 9.5], "texture": "#2"},
				"east": {"uv": [1.5, 9.375, 1.625, 9.5], "texture": "#2"},
				"south": {"uv": [0.875, 9.375, 1.625, 9.5], "texture": "#2"},
				"west": {"uv": [0.875, 9.375, 1, 9.5], "texture": "#2"},
				"up": {"uv": [0.875, 9.5, 1.625, 9.375], "texture": "#2"},
				"down": {"uv": [0.875, 9.5, 1.625, 9.375], "texture": "#2"}
			}
		},
		{
			"from": [7.15, 13.2, 7.475],
			"to": [8.275, 13.325, 7.55],
			"faces": {
				"north": {"uv": [1.75, 9.875, 0.625, 10], "texture": "#2"},
				"east": {"uv": [1.625, 9.875, 1.75, 10], "texture": "#2"},
				"south": {"uv": [0.625, 9.875, 1.75, 10], "texture": "#2"},
				"west": {"uv": [0.625, 9.875, 0.75, 10], "texture": "#2"},
				"up": {"uv": [0.625, 10, 1.75, 9.875], "texture": "#2"},
				"down": {"uv": [0.625, 10, 1.75, 9.875], "texture": "#2"}
			}
		},
		{
			"from": [7.15, 12.95, 7.475],
			"to": [8.275, 13.075, 7.55],
			"faces": {
				"north": {"uv": [1.75, 10.125, 0.625, 10.25], "texture": "#2"},
				"east": {"uv": [1.625, 10.125, 1.75, 10.25], "texture": "#2"},
				"south": {"uv": [0.625, 10.125, 1.75, 10.25], "texture": "#2"},
				"west": {"uv": [0.625, 10.125, 0.75, 10.25], "texture": "#2"},
				"up": {"uv": [0.625, 10.25, 1.75, 10.125], "texture": "#2"},
				"down": {"uv": [0.625, 10.25, 1.75, 10.125], "texture": "#2"}
			}
		},
		{
			"from": [6.9, 13.075, 7.475],
			"to": [8.525, 13.2, 7.55],
			"faces": {
				"north": {"uv": [2, 10, 0.375, 10.125], "texture": "#2"},
				"east": {"uv": [1.875, 10, 2, 10.125], "texture": "#2"},
				"south": {"uv": [0.375, 10, 2, 10.125], "texture": "#2"},
				"west": {"uv": [0.375, 10, 0.5, 10.125], "texture": "#2"},
				"up": {"uv": [0.375, 10.125, 2, 10], "texture": "#2"},
				"down": {"uv": [0.375, 10.125, 2, 10], "texture": "#2"}
			}
		},
		{
			"from": [7.65, 13.325, 7.3],
			"to": [7.775, 13.7, 7.725],
			"rotation": {"angle": 0, "axis": "y", "origin": [-0.1, 0.75, -6.5]},
			"faces": {
				"north": {"uv": [10.625, 2.625, 10.5, 3], "texture": "#2"},
				"east": {"uv": [11.375, 2.625, 11.5, 3], "texture": "#2"},
				"south": {"uv": [10.5, 2.625, 10.625, 3], "texture": "#2"},
				"west": {"uv": [9.625, 2.625, 9.75, 3], "texture": "#2"},
				"up": {"uv": [10.5, 2.625, 10.625, 2.75], "texture": "#2"},
				"down": {"uv": [10.625, 2.875, 10.5, 3], "rotation": 180, "texture": "#2"}
			}
		},
		{
			"from": [7.525, 12.95, 7.275],
			"to": [7.9, 13.325, 7.75],
			"rotation": {"angle": 0, "axis": "y", "origin": [-0.1, 0.75, -6.5]},
			"faces": {
				"north": {"uv": [10.75, 3, 10.375, 3.375], "texture": "#2"},
				"east": {"uv": [11.25, 3, 11.625, 3.375], "texture": "#2"},
				"south": {"uv": [10.375, 3, 10.75, 3.375], "texture": "#2"},
				"west": {"uv": [9.5, 3, 9.875, 3.375], "texture": "#2"},
				"up": {"uv": [10.375, 3, 10.75, 3.125], "texture": "#2"},
				"down": {"uv": [10.75, 3.25, 10.375, 3.375], "rotation": 180, "texture": "#2"}
			}
		},
		{
			"from": [7.425, 1.075, 7.35],
			"to": [8, 12.95, 7.675],
			"rotation": {"angle": 0, "axis": "y", "origin": [-0.1, 0.75, -6.5]},
			"faces": {
				"north": {"uv": [10.875, 3.375, 10.25, 15.25], "texture": "#2"},
				"east": {"uv": [11.25, 3.375, 11.625, 15.25], "texture": "#2"},
				"south": {"uv": [10.25, 3.375, 10.875, 15.25], "texture": "#2"},
				"west": {"uv": [9.5, 3.375, 9.875, 15.25], "texture": "#2"},
				"up": {"uv": [10.25, 3.375, 10.875, 3.5], "texture": "#2"},
				"down": {"uv": [10.875, 15.25, 10.25, 15.125], "rotation": 180, "texture": "#2"}
			}
		},
		{
			"from": [7.55, 1.075, 7.225],
			"to": [7.875, 12.95, 7.8],
			"rotation": {"angle": 0, "axis": "y", "origin": [-0.1, 0.75, -6.5]},
			"faces": {
				"north": {"uv": [10.75, 3.375, 10.375, 15.25], "texture": "#2"},
				"east": {"uv": [11.125, 3.375, 11.75, 15.25], "texture": "#2"},
				"south": {"uv": [10.375, 3.375, 10.75, 15.25], "texture": "#2"},
				"west": {"uv": [9.375, 3.375, 10, 15.25], "texture": "#2"},
				"up": {"uv": [10.375, 3.375, 10.75, 3.5], "texture": "#2"},
				"down": {"uv": [10.75, 15.25, 10.375, 15.125], "rotation": 180, "texture": "#2"}
			}
		},
		{
			"from": [7.5, 0.7, 7.4],
			"to": [7.925, 1.075, 7.625],
			"rotation": {"angle": 0, "axis": "y", "origin": [-0.1, 0.75, -6.5]},
			"faces": {
				"north": {"uv": [10.75, 15.25, 10.375, 15.625], "texture": "#2"},
				"east": {"uv": [11.375, 15.25, 11.5, 15.625], "texture": "#2"},
				"south": {"uv": [10.375, 15.25, 10.75, 15.625], "texture": "#2"},
				"west": {"uv": [9.625, 15.25, 9.75, 15.625], "texture": "#2"},
				"up": {"uv": [10.375, 15.25, 10.75, 15.375], "texture": "#2"},
				"down": {"uv": [10.75, 15.5, 10.375, 15.625], "rotation": 180, "texture": "#2"}
			}
		},
		{
			"from": [7.625, 0.7, 7.3],
			"to": [7.8, 1.075, 7.725],
			"rotation": {"angle": 0, "axis": "y", "origin": [-0.1, 0.75, -6.5]},
			"faces": {
				"north": {"uv": [10.625, 15.25, 10.5, 15.625], "texture": "#2"},
				"east": {"uv": [11.25, 15.25, 11.625, 15.625], "texture": "#2"},
				"south": {"uv": [10.5, 15.25, 10.625, 15.625], "texture": "#2"},
				"west": {"uv": [9.5, 15.25, 9.875, 15.625], "texture": "#2"},
				"up": {"uv": [10.5, 15.25, 10.625, 15.375], "texture": "#2"},
				"down": {"uv": [10.625, 15.5, 10.5, 15.625], "rotation": 180, "texture": "#2"}
			}
		},
		{
			"from": [7.65, 0.325, 7.45],
			"to": [7.775, 0.7, 7.575],
			"rotation": {"angle": 0, "axis": "y", "origin": [-0.1, 0.75, -6.5]},
			"faces": {
				"north": {"uv": [10.625, 15.625, 10.5, 16], "texture": "#2"},
				"east": {"uv": [11.375, 15.625, 11.5, 16], "texture": "#2"},
				"south": {"uv": [10.5, 15.625, 10.625, 16], "texture": "#2"},
				"west": {"uv": [9.625, 15.625, 9.75, 16], "texture": "#2"},
				"up": {"uv": [10.5, 15.625, 10.625, 15.75], "texture": "#2"},
				"down": {"uv": [10.625, 15.875, 10.5, 16], "rotation": 180, "texture": "#2"}
			}
		}
	],
	"gui_light": "front",
	"display": {
		"thirdperson_righthand": {
			"rotation": [0, -90, 0],
			"translation": [-1.5, 2.5, 1.5],
			"scale": [2.1, 2.1, 2.1]
		},
		"thirdperson_lefthand": {
			"rotation": [0, 90, 0],
			"translation": [0.5, 2.5, 1.5],
			"scale": [2.1, 2.1, 2.1]
		},
		"firstperson_righthand": {
			"rotation": [55, -90, 60],
			"translation": [-1.25, 2.5, 1.5],
			"scale": [1.4, 1.4, 1.4]
		},
		"firstperson_lefthand": {
			"rotation": [-65, 90, 60],
			"translation": [-0.75, 2.5, 1.5],
			"scale": [1.4, 1.4, 1.4]
		},
		"ground": {
			"rotation": [-45, 90, 0],
			"translation": [0, 1.5, 0],
			"scale": [0.7, 0.7, 0.7]
		},
		"gui": {
			"rotation": [0, 0, -45],
			"translation": [-1.25, -1.5, 0],
			"scale": [1.2, 1.2, 1.2]
		},
		"head": {
			"translation": [0, 9.75, 0]
		},
		"fixed": {
			"rotation": [180, 0, 135],
			"translation": [0, -0.75, -1.5],
			"scale": [2.3, 2.3, 2.3]
		}
	}
}