{
	"credit": "Made with Blockbench",
	"textures": {
		"0": "./juggerknight_toxiclaw_shield",
		"1": "./juggerknight_toxiclaw_shield_back",
		"particle": "./juggerknight_toxiclaw_shield"
	},
	"elements": [
		{
			"from": [7.9, -1, 7.1005],
			"to": [8.15, 13.25, 7.7005],
			"rotation": {"angle": 0, "axis": "y", "origin": [8.025, 7.625, 7.4]},
			"faces": {
				"north": {"uv": [7.5, 1.75, 7.75, 16], "texture": "#1"},
				"east": {"uv": [7.5, 1.75, 7.75, 16], "texture": "#0"},
				"south": {"uv": [7.75, 1.75, 7.5, 16], "texture": "#0"},
				"west": {"uv": [7.5, 1.75, 7.75, 16], "texture": "#0"},
				"up": {"uv": [7.75, 1.75, 7.5, 2], "texture": "#0"},
				"down": {"uv": [7.75, 15.75, 7.5, 16], "texture": "#0"}
			}
		},
		{
			"from": [7.65, -0.75, 7.1005],
			"to": [7.9, 12.75, 7.7005],
			"rotation": {"angle": 0, "axis": "y", "origin": [8.025, 7.625, 7.4]},
			"faces": {
				"north": {"uv": [7.25, 2.25, 7.5, 15.75], "texture": "#1"},
				"east": {"uv": [7.25, 2.25, 7.5, 15.75], "texture": "#0"},
				"south": {"uv": [7.5, 2.25, 7.25, 15.75], "texture": "#0"},
				"west": {"uv": [7.25, 2.25, 7.5, 15.75], "texture": "#0"},
				"up": {"uv": [7.5, 2.25, 7.25, 2.5], "texture": "#0"},
				"down": {"uv": [7.5, 15.5, 7.25, 15.75], "texture": "#0"}
			}
		},
		{
			"from": [7.4, -0.5, 7.1005],
			"to": [7.65, 12.5, 7.7005],
			"rotation": {"angle": 0, "axis": "y", "origin": [8.025, 7.625, 7.4]},
			"faces": {
				"north": {"uv": [7, 2.5, 7.25, 15.5], "texture": "#1"},
				"east": {"uv": [7, 2.5, 7.25, 15.5], "texture": "#0"},
				"south": {"uv": [7.25, 2.5, 7, 15.5], "texture": "#0"},
				"west": {"uv": [7, 2.5, 7.25, 15.5], "texture": "#0"},
				"up": {"uv": [7.25, 2.5, 7, 2.75], "texture": "#0"},
				"down": {"uv": [7.25, 15.25, 7, 15.5], "texture": "#0"}
			}
		},
		{
			"from": [7.15, -0.25, 7.1005],
			"to": [7.4, 12.5, 7.7005],
			"rotation": {"angle": 0, "axis": "y", "origin": [8.025, 7.625, 7.4]},
			"faces": {
				"north": {"uv": [6.75, 2.5, 7, 15.25], "texture": "#1"},
				"east": {"uv": [6.75, 2.5, 7, 15.25], "texture": "#0"},
				"south": {"uv": [7, 2.5, 6.75, 15.25], "texture": "#0"},
				"west": {"uv": [6.75, 2.5, 7, 15.25], "texture": "#0"},
				"up": {"uv": [7, 2.5, 6.75, 2.75], "texture": "#0"},
				"down": {"uv": [7, 15, 6.75, 15.25], "texture": "#0"}
			}
		},
		{
			"from": [6.95, 0, 7.4505],
			"to": [7.2, 12.25, 8.0505],
			"rotation": {"angle": -22.5, "axis": "y", "origin": [8.075, 7.625, 7.75]},
			"faces": {
				"north": {"uv": [6.5, 2.75, 6.75, 15], "texture": "#1"},
				"east": {"uv": [6.5, 2.75, 6.75, 15], "texture": "#0"},
				"south": {"uv": [6.75, 2.75, 6.5, 15], "texture": "#0"},
				"west": {"uv": [6.5, 2.75, 6.75, 15], "texture": "#0"},
				"up": {"uv": [6.75, 2.75, 6.5, 3], "texture": "#0"},
				"down": {"uv": [6.75, 14.75, 6.5, 15], "texture": "#0"}
			}
		},
		{
			"from": [6.7, 0.25, 7.4505],
			"to": [6.95, 12.25, 8.0505],
			"rotation": {"angle": -22.5, "axis": "y", "origin": [8.075, 7.625, 7.75]},
			"faces": {
				"north": {"uv": [6.25, 2.75, 6.5, 14.75], "texture": "#1"},
				"east": {"uv": [6.25, 2.75, 6.5, 14.75], "texture": "#0"},
				"south": {"uv": [6.5, 2.75, 6.25, 14.75], "texture": "#0"},
				"west": {"uv": [6.25, 2.75, 6.5, 14.75], "texture": "#0"},
				"up": {"uv": [6.5, 2.75, 6.25, 3], "texture": "#0"},
				"down": {"uv": [6.5, 14.5, 6.25, 14.75], "texture": "#0"}
			}
		},
		{
			"from": [6.45, 0.5, 7.4505],
			"to": [6.7, 12.25, 8.0505],
			"rotation": {"angle": -22.5, "axis": "y", "origin": [8.075, 7.625, 7.75]},
			"faces": {
				"north": {"uv": [6, 2.75, 6.25, 14.5], "texture": "#1"},
				"east": {"uv": [6, 2.75, 6.25, 14.5], "texture": "#0"},
				"south": {"uv": [6.25, 2.75, 6, 14.5], "texture": "#0"},
				"west": {"uv": [6, 2.75, 6.25, 14.5], "texture": "#0"},
				"up": {"uv": [6.25, 2.75, 6, 3], "texture": "#0"},
				"down": {"uv": [6.25, 14.25, 6, 14.5], "texture": "#0"}
			}
		},
		{
			"from": [6.2, 0.75, 7.4505],
			"to": [6.45, 12.5, 8.0505],
			"rotation": {"angle": -22.5, "axis": "y", "origin": [8.075, 7.625, 7.75]},
			"faces": {
				"north": {"uv": [5.75, 2.5, 6, 14.25], "texture": "#1"},
				"east": {"uv": [5.75, 2.5, 6, 14.25], "texture": "#0"},
				"south": {"uv": [6, 2.5, 5.75, 14.25], "texture": "#0"},
				"west": {"uv": [5.75, 2.5, 6, 14.25], "texture": "#0"},
				"up": {"uv": [6, 2.5, 5.75, 2.75], "texture": "#0"},
				"down": {"uv": [6, 14, 5.75, 14.25], "texture": "#0"}
			}
		},
		{
			"from": [11.1, 4.5, 7.4505],
			"to": [11.35, 12.5, 8.0505],
			"rotation": {"angle": 22.5, "axis": "y", "origin": [7.975, 7.625, 7.75]},
			"faces": {
				"north": {"uv": [10.75, 2.5, 11, 10.5], "texture": "#1"},
				"east": {"uv": [10.75, 2.5, 11, 10.5], "texture": "#0"},
				"south": {"uv": [11, 2.5, 10.75, 10.5], "texture": "#0"},
				"west": {"uv": [10.75, 2.5, 11, 10.5], "texture": "#0"},
				"up": {"uv": [11, 2.5, 10.75, 2.75], "texture": "#0"},
				"down": {"uv": [11, 10.25, 10.75, 10.5], "texture": "#0"}
			}
		},
		{
			"from": [10.85, 3.25, 7.4505],
			"to": [11.1, 12.5, 8.0505],
			"rotation": {"angle": 22.5, "axis": "y", "origin": [7.975, 7.625, 7.75]},
			"faces": {
				"north": {"uv": [10.5, 2.5, 10.75, 11.75], "texture": "#1"},
				"east": {"uv": [10.5, 2.5, 10.75, 11.75], "texture": "#0"},
				"south": {"uv": [10.75, 2.5, 10.5, 11.75], "texture": "#0"},
				"west": {"uv": [10.5, 2.5, 10.75, 11.75], "texture": "#0"},
				"up": {"uv": [10.75, 2.5, 10.5, 2.75], "texture": "#0"},
				"down": {"uv": [10.75, 11.5, 10.5, 11.75], "texture": "#0"}
			}
		},
		{
			"from": [10.35, 2, 7.4505],
			"to": [10.6, 13.5, 8.0505],
			"rotation": {"angle": 22.5, "axis": "y", "origin": [7.975, 7.625, 7.75]},
			"faces": {
				"north": {"uv": [10, 1.5, 10.25, 13], "texture": "#1"},
				"east": {"uv": [10, 1.5, 10.25, 13], "texture": "#0"},
				"south": {"uv": [10.25, 1.5, 10, 13], "texture": "#0"},
				"west": {"uv": [10, 1.5, 10.25, 13], "texture": "#0"},
				"up": {"uv": [10.25, 1.5, 10, 1.75], "texture": "#0"},
				"down": {"uv": [10.25, 12.75, 10, 13], "texture": "#0"}
			}
		},
		{
			"from": [10.6, 2.5, 7.4505],
			"to": [10.85, 13, 8.0505],
			"rotation": {"angle": 22.5, "axis": "y", "origin": [7.975, 7.625, 7.75]},
			"faces": {
				"north": {"uv": [10.25, 2, 10.5, 12.5], "texture": "#1"},
				"east": {"uv": [10.25, 2, 10.5, 12.5], "texture": "#0"},
				"south": {"uv": [10.5, 2, 10.25, 12.5], "texture": "#0"},
				"west": {"uv": [10.25, 2, 10.5, 12.5], "texture": "#0"},
				"up": {"uv": [10.5, 2, 10.25, 2.25], "texture": "#0"},
				"down": {"uv": [10.5, 12.25, 10.25, 12.5], "texture": "#0"}
			}
		},
		{
			"from": [10.1, 1.5, 7.4505],
			"to": [10.35, 13.75, 8.0505],
			"rotation": {"angle": 22.5, "axis": "y", "origin": [7.975, 7.625, 7.75]},
			"faces": {
				"north": {"uv": [9.75, 1.25, 10, 13.5], "texture": "#1"},
				"east": {"uv": [9.75, 1.25, 10, 13.5], "texture": "#0"},
				"south": {"uv": [10, 1.25, 9.75, 13.5], "texture": "#0"},
				"west": {"uv": [9.75, 1.25, 10, 13.5], "texture": "#0"},
				"up": {"uv": [10, 1.25, 9.75, 1.5], "texture": "#0"},
				"down": {"uv": [10, 13.25, 9.75, 13.5], "texture": "#0"}
			}
		},
		{
			"from": [9.85, 1, 7.4505],
			"to": [10.1, 13.75, 8.0505],
			"rotation": {"angle": 22.5, "axis": "y", "origin": [7.975, 7.625, 7.75]},
			"faces": {
				"north": {"uv": [9.5, 1.25, 9.75, 14], "texture": "#1"},
				"east": {"uv": [9.5, 1.25, 9.75, 14], "texture": "#0"},
				"south": {"uv": [9.75, 1.25, 9.5, 14], "texture": "#0"},
				"west": {"uv": [9.5, 1.25, 9.75, 14], "texture": "#0"},
				"up": {"uv": [9.75, 1.25, 9.5, 1.5], "texture": "#0"},
				"down": {"uv": [9.75, 13.75, 9.5, 14], "texture": "#0"}
			}
		},
		{
			"from": [9.35, 0.5, 7.4505],
			"to": [9.6, 12.25, 8.0505],
			"rotation": {"angle": 22.5, "axis": "y", "origin": [7.975, 7.625, 7.75]},
			"faces": {
				"north": {"uv": [9, 2.75, 9.25, 14.5], "texture": "#1"},
				"east": {"uv": [9, 2.75, 9.25, 14.5], "texture": "#0"},
				"south": {"uv": [9.25, 2.75, 9, 14.5], "texture": "#0"},
				"west": {"uv": [9, 2.75, 9.25, 14.5], "texture": "#0"},
				"up": {"uv": [9.25, 2.75, 9, 3], "texture": "#0"},
				"down": {"uv": [9.25, 14.25, 9, 14.5], "texture": "#0"}
			}
		},
		{
			"from": [9.6, 0.75, 7.4505],
			"to": [9.85, 12.5, 8.0505],
			"rotation": {"angle": 22.5, "axis": "y", "origin": [7.975, 7.625, 7.75]},
			"faces": {
				"north": {"uv": [9.25, 2.5, 9.5, 14.25], "texture": "#1"},
				"east": {"uv": [9.25, 2.5, 9.5, 14.25], "texture": "#0"},
				"south": {"uv": [9.5, 2.5, 9.25, 14.25], "texture": "#0"},
				"west": {"uv": [9.25, 2.5, 9.5, 14.25], "texture": "#0"},
				"up": {"uv": [9.5, 2.5, 9.25, 2.75], "texture": "#0"},
				"down": {"uv": [9.5, 14, 9.25, 14.25], "texture": "#0"}
			}
		},
		{
			"from": [5.95, 1, 7.4505],
			"to": [6.2, 13.75, 8.0505],
			"rotation": {"angle": -22.5, "axis": "y", "origin": [8.075, 7.625, 7.75]},
			"faces": {
				"north": {"uv": [5.5, 1.25, 5.75, 14], "texture": "#1"},
				"east": {"uv": [5.5, 1.25, 5.75, 14], "texture": "#0"},
				"south": {"uv": [5.75, 1.25, 5.5, 14], "texture": "#0"},
				"west": {"uv": [5.5, 1.25, 5.75, 14], "texture": "#0"},
				"up": {"uv": [5.75, 1.25, 5.5, 1.5], "texture": "#0"},
				"down": {"uv": [5.75, 13.75, 5.5, 14], "texture": "#0"}
			}
		},
		{
			"from": [5.7, 1.5, 7.4505],
			"to": [5.95, 13.75, 8.0505],
			"rotation": {"angle": -22.5, "axis": "y", "origin": [8.075, 7.625, 7.75]},
			"faces": {
				"north": {"uv": [5.25, 1.25, 5.5, 13.5], "texture": "#1"},
				"east": {"uv": [5.25, 1.25, 5.5, 13.5], "texture": "#0"},
				"south": {"uv": [5.5, 1.25, 5.25, 13.5], "texture": "#0"},
				"west": {"uv": [5.25, 1.25, 5.5, 13.5], "texture": "#0"},
				"up": {"uv": [5.5, 1.25, 5.25, 1.5], "texture": "#0"},
				"down": {"uv": [5.5, 13.25, 5.25, 13.5], "texture": "#0"}
			}
		},
		{
			"from": [5.45, 2, 7.4505],
			"to": [5.7, 13.5, 8.0505],
			"rotation": {"angle": -22.5, "axis": "y", "origin": [8.075, 7.625, 7.75]},
			"faces": {
				"north": {"uv": [5, 1.5, 5.25, 13], "texture": "#1"},
				"east": {"uv": [5, 1.5, 5.25, 13], "texture": "#0"},
				"south": {"uv": [5.25, 1.5, 5, 13], "texture": "#0"},
				"west": {"uv": [5, 1.5, 5.25, 13], "texture": "#0"},
				"up": {"uv": [5.25, 1.5, 5, 1.75], "texture": "#0"},
				"down": {"uv": [5.25, 12.75, 5, 13], "texture": "#0"}
			}
		},
		{
			"from": [5.2, 2.5, 7.4505],
			"to": [5.45, 13, 8.0505],
			"rotation": {"angle": -22.5, "axis": "y", "origin": [8.075, 7.625, 7.75]},
			"faces": {
				"north": {"uv": [4.75, 2, 5, 12.5], "texture": "#1"},
				"east": {"uv": [4.75, 2, 5, 12.5], "texture": "#0"},
				"south": {"uv": [5, 2, 4.75, 12.5], "texture": "#0"},
				"west": {"uv": [4.75, 2, 5, 12.5], "texture": "#0"},
				"up": {"uv": [5, 2, 4.75, 2.25], "texture": "#0"},
				"down": {"uv": [5, 12.25, 4.75, 12.5], "texture": "#0"}
			}
		},
		{
			"from": [4.95, 3.25, 7.4505],
			"to": [5.2, 12.5, 8.0505],
			"rotation": {"angle": -22.5, "axis": "y", "origin": [8.075, 7.625, 7.75]},
			"faces": {
				"north": {"uv": [4.5, 2.5, 4.75, 11.75], "texture": "#1"},
				"east": {"uv": [4.5, 2.5, 4.75, 11.75], "texture": "#0"},
				"south": {"uv": [4.75, 2.5, 4.5, 11.75], "texture": "#0"},
				"west": {"uv": [4.5, 2.5, 4.75, 11.75], "texture": "#0"},
				"up": {"uv": [4.75, 2.5, 4.5, 2.75], "texture": "#0"},
				"down": {"uv": [4.75, 11.5, 4.5, 11.75], "texture": "#0"}
			}
		},
		{
			"from": [4.7, 4.5, 7.4505],
			"to": [4.95, 12.5, 8.0505],
			"rotation": {"angle": -22.5, "axis": "y", "origin": [8.075, 7.625, 7.75]},
			"faces": {
				"north": {"uv": [4.25, 2.5, 4.5, 10.5], "texture": "#1"},
				"east": {"uv": [4.25, 2.5, 4.5, 10.5], "texture": "#0"},
				"south": {"uv": [4.5, 2.5, 4.25, 10.5], "texture": "#0"},
				"west": {"uv": [4.25, 2.5, 4.5, 10.5], "texture": "#0"},
				"up": {"uv": [4.5, 2.5, 4.25, 2.75], "texture": "#0"},
				"down": {"uv": [4.5, 10.25, 4.25, 10.5], "texture": "#0"}
			}
		},
		{
			"from": [4.45, 5.75, 7.4505],
			"to": [4.7, 7.5, 8.0505],
			"rotation": {"angle": -22.5, "axis": "y", "origin": [8.075, 7.625, 7.75]},
			"faces": {
				"north": {"uv": [4, 7.5, 4.25, 9.25], "texture": "#1"},
				"east": {"uv": [4, 7.5, 4.25, 9.25], "texture": "#0"},
				"south": {"uv": [4.25, 7.5, 4, 9.25], "texture": "#0"},
				"west": {"uv": [4, 7.5, 4.25, 9.25], "texture": "#0"},
				"up": {"uv": [4.25, 7.5, 4, 7.75], "texture": "#0"},
				"down": {"uv": [4.25, 9, 4, 9.25], "texture": "#0"}
			}
		},
		{
			"from": [12.4, 6.75, 7.4505],
			"to": [12.65, 7.5, 8.0505],
			"rotation": {"angle": 22.5, "axis": "y", "origin": [8.025, 7.625, 7.75]},
			"faces": {
				"north": {"uv": [12, 7.5, 12.25, 8.25], "texture": "#1"},
				"east": {"uv": [12, 7.5, 12.25, 8.25], "texture": "#0"},
				"south": {"uv": [12.25, 7.5, 12, 8.25], "texture": "#0"},
				"west": {"uv": [12, 7.5, 12.25, 8.25], "texture": "#0"},
				"up": {"uv": [12.25, 7.5, 12, 7.75], "texture": "#0"},
				"down": {"uv": [12.25, 8, 12, 8.25], "texture": "#0"}
			}
		},
		{
			"from": [13.35, 8.75, 7.4505],
			"to": [13.6, 10.75, 8.0505],
			"rotation": {"angle": 22.5, "axis": "y", "origin": [7.975, 7.625, 7.75]},
			"faces": {
				"north": {"uv": [13, 4.25, 13.25, 6.25], "texture": "#1"},
				"east": {"uv": [13, 4.25, 13.25, 6.25], "texture": "#0"},
				"south": {"uv": [13.25, 4.25, 13, 6.25], "texture": "#0"},
				"west": {"uv": [13, 4.25, 13.25, 6.25], "texture": "#0"},
				"up": {"uv": [13.25, 4.25, 13, 4.5], "texture": "#0"},
				"down": {"uv": [13.25, 6, 13, 6.25], "texture": "#0"}
			}
		},
		{
			"from": [13.1, 8, 7.4505],
			"to": [13.35, 11.75, 8.0505],
			"rotation": {"angle": 22.5, "axis": "y", "origin": [7.975, 7.625, 7.75]},
			"faces": {
				"north": {"uv": [12.75, 3.25, 13, 7], "texture": "#1"},
				"east": {"uv": [12.75, 3.25, 13, 7], "texture": "#0"},
				"south": {"uv": [13, 3.25, 12.75, 7], "texture": "#0"},
				"west": {"uv": [12.75, 3.25, 13, 7], "texture": "#0"},
				"up": {"uv": [13, 3.25, 12.75, 3.5], "texture": "#0"},
				"down": {"uv": [13, 6.75, 12.75, 7], "texture": "#0"}
			}
		},
		{
			"from": [12.85, 7.5, 7.4505],
			"to": [13.1, 12.5, 8.0505],
			"rotation": {"angle": 22.5, "axis": "y", "origin": [7.975, 7.625, 7.75]},
			"faces": {
				"north": {"uv": [12.5, 2.5, 12.75, 7.5], "texture": "#1"},
				"east": {"uv": [12.5, 2.5, 12.75, 7.5], "texture": "#0"},
				"south": {"uv": [12.75, 2.5, 12.5, 7.5], "texture": "#0"},
				"west": {"uv": [12.5, 2.5, 12.75, 7.5], "texture": "#0"},
				"up": {"uv": [12.75, 2.5, 12.5, 2.75], "texture": "#0"},
				"down": {"uv": [12.75, 7.25, 12.5, 7.5], "texture": "#0"}
			}
		},
		{
			"from": [12.6, 7, 7.4505],
			"to": [12.85, 13, 8.0505],
			"rotation": {"angle": 22.5, "axis": "y", "origin": [7.975, 7.625, 7.75]},
			"faces": {
				"north": {"uv": [12.25, 2, 12.5, 8], "texture": "#1"},
				"east": {"uv": [12.25, 2, 12.5, 8], "texture": "#0"},
				"south": {"uv": [12.5, 2, 12.25, 8], "texture": "#0"},
				"west": {"uv": [12.25, 2, 12.5, 8], "texture": "#0"},
				"up": {"uv": [12.5, 2, 12.25, 2.25], "texture": "#0"},
				"down": {"uv": [12.5, 7.75, 12.25, 8], "texture": "#0"}
			}
		},
		{
			"from": [12.35, 8.5, 7.4505],
			"to": [12.6, 13.5, 8.0505],
			"rotation": {"angle": 22.5, "axis": "y", "origin": [7.975, 7.625, 7.75]},
			"faces": {
				"north": {"uv": [12, 1.5, 12.25, 6.5], "texture": "#1"},
				"east": {"uv": [12, 1.5, 12.25, 6.5], "texture": "#0"},
				"south": {"uv": [12.25, 1.5, 12, 6.5], "texture": "#0"},
				"west": {"uv": [12, 1.5, 12.25, 6.5], "texture": "#0"},
				"up": {"uv": [12.25, 1.5, 12, 1.75], "texture": "#0"},
				"down": {"uv": [12.25, 6.25, 12, 6.5], "texture": "#0"}
			}
		},
		{
			"from": [12.1, 8.75, 7.4505],
			"to": [12.35, 14, 8.0505],
			"rotation": {"angle": 22.5, "axis": "y", "origin": [7.975, 7.625, 7.75]},
			"faces": {
				"north": {"uv": [11.75, 1, 12, 6.25], "texture": "#1"},
				"east": {"uv": [11.75, 1, 12, 6.25], "texture": "#0"},
				"south": {"uv": [12, 1, 11.75, 6.25], "texture": "#0"},
				"west": {"uv": [11.75, 1, 12, 6.25], "texture": "#0"},
				"up": {"uv": [12, 1, 11.75, 1.25], "texture": "#0"},
				"down": {"uv": [12, 6, 11.75, 6.25], "texture": "#0"}
			}
		},
		{
			"from": [11.85, 8.75, 7.4505],
			"to": [12.1, 14.25, 8.0505],
			"rotation": {"angle": 22.5, "axis": "y", "origin": [7.975, 7.625, 7.75]},
			"faces": {
				"north": {"uv": [11.5, 0.75, 11.75, 6.25], "texture": "#1"},
				"east": {"uv": [11.5, 0.75, 11.75, 6.25], "texture": "#0"},
				"south": {"uv": [11.75, 0.75, 11.5, 6.25], "texture": "#0"},
				"west": {"uv": [11.5, 0.75, 11.75, 6.25], "texture": "#0"},
				"up": {"uv": [11.75, 0.75, 11.5, 1], "texture": "#0"},
				"down": {"uv": [11.75, 6, 11.5, 6.25], "texture": "#0"}
			}
		},
		{
			"from": [11.35, 8.5, 7.4505],
			"to": [11.6, 12.75, 8.0505],
			"rotation": {"angle": 22.5, "axis": "y", "origin": [7.975, 7.625, 7.75]},
			"faces": {
				"north": {"uv": [11, 2.25, 11.25, 6.5], "texture": "#1"},
				"east": {"uv": [11, 2.25, 11.25, 6.5], "texture": "#0"},
				"south": {"uv": [11.25, 2.25, 11, 6.5], "texture": "#0"},
				"west": {"uv": [11, 2.25, 11.25, 6.5], "texture": "#0"},
				"up": {"uv": [11.25, 2.25, 11, 2.5], "texture": "#0"},
				"down": {"uv": [11.25, 6.25, 11, 6.5], "texture": "#0"}
			}
		},
		{
			"from": [11.6, 8.75, 7.4505],
			"to": [11.85, 14.5, 8.0505],
			"rotation": {"angle": 22.5, "axis": "y", "origin": [7.975, 7.625, 7.75]},
			"faces": {
				"north": {"uv": [11.25, 0.5, 11.5, 6.25], "texture": "#1"},
				"east": {"uv": [11.25, 0.5, 11.5, 6.25], "texture": "#0"},
				"south": {"uv": [11.5, 0.5, 11.25, 6.25], "texture": "#0"},
				"west": {"uv": [11.25, 0.5, 11.5, 6.25], "texture": "#0"},
				"up": {"uv": [11.5, 0.5, 11.25, 0.75], "texture": "#0"},
				"down": {"uv": [11.5, 6, 11.25, 6.25], "texture": "#0"}
			}
		},
		{
			"from": [11.35, 5.75, 7.4505],
			"to": [11.6, 7.5, 8.0505],
			"rotation": {"angle": 22.5, "axis": "y", "origin": [7.975, 7.625, 7.75]},
			"faces": {
				"north": {"uv": [11, 7.5, 11.25, 9.25], "texture": "#1"},
				"east": {"uv": [11, 7.5, 11.25, 9.25], "texture": "#0"},
				"south": {"uv": [11.25, 7.5, 11, 9.25], "texture": "#0"},
				"west": {"uv": [11, 7.5, 11.25, 9.25], "texture": "#0"},
				"up": {"uv": [11.25, 7.5, 11, 7.75], "texture": "#0"},
				"down": {"uv": [11.25, 9, 11, 9.25], "texture": "#0"}
			}
		},
		{
			"from": [3.45, 6.75, 7.4505],
			"to": [3.7, 7.5, 8.0505],
			"rotation": {"angle": -22.5, "axis": "y", "origin": [8.075, 7.625, 7.75]},
			"faces": {
				"north": {"uv": [3, 7.5, 3.25, 8.25], "texture": "#1"},
				"east": {"uv": [3, 7.5, 3.25, 8.25], "texture": "#0"},
				"south": {"uv": [3.25, 7.5, 3, 8.25], "texture": "#0"},
				"west": {"uv": [3, 7.5, 3.25, 8.25], "texture": "#0"},
				"up": {"uv": [3.25, 7.5, 3, 7.75], "texture": "#0"},
				"down": {"uv": [3.25, 8, 3, 8.25], "texture": "#0"}
			}
		},
		{
			"from": [4.45, 13.5, 7.4505],
			"to": [4.7, 14.75, 8.0505],
			"rotation": {"angle": -22.5, "axis": "y", "origin": [8.075, 7.625, 7.75]},
			"faces": {
				"north": {"uv": [4, 0.25, 4.25, 1.5], "texture": "#1"},
				"east": {"uv": [4, 0.25, 4.25, 1.5], "texture": "#0"},
				"south": {"uv": [4.25, 0.25, 4, 1.5], "texture": "#0"},
				"west": {"uv": [4, 0.25, 4.25, 1.5], "texture": "#0"},
				"up": {"uv": [4.25, 0.25, 4, 0.5], "texture": "#0"},
				"down": {"uv": [4.25, 1.25, 4, 1.5], "texture": "#0"}
			}
		},
		{
			"from": [9.35, 13.75, 7.4505],
			"to": [9.6, 14, 8.0505],
			"rotation": {"angle": 22.5, "axis": "y", "origin": [7.975, 7.625, 7.75]},
			"faces": {
				"north": {"uv": [9, 1, 9.25, 1.25], "texture": "#1"},
				"east": {"uv": [9, 1, 9.25, 1.25], "texture": "#0"},
				"south": {"uv": [9.25, 1, 9, 1.25], "texture": "#0"},
				"west": {"uv": [9, 1, 9.25, 1.25], "texture": "#0"},
				"up": {"uv": [9.25, 1, 9, 1.25], "texture": "#0"},
				"down": {"uv": [9.25, 1, 9, 1.25], "texture": "#0"}
			}
		},
		{
			"from": [9.6, 13.25, 7.4505],
			"to": [9.85, 14, 8.0505],
			"rotation": {"angle": 22.5, "axis": "y", "origin": [7.975, 7.625, 7.75]},
			"faces": {
				"north": {"uv": [9.25, 1, 9.5, 1.75], "texture": "#1"},
				"east": {"uv": [9.25, 1, 9.5, 1.75], "texture": "#0"},
				"south": {"uv": [9.5, 1, 9.25, 1.75], "texture": "#0"},
				"west": {"uv": [9.25, 1, 9.5, 1.75], "texture": "#0"},
				"up": {"uv": [9.5, 1, 9.25, 1.25], "texture": "#0"},
				"down": {"uv": [9.5, 1.5, 9.25, 1.75], "texture": "#0"}
			}
		},
		{
			"from": [10.6, 14.75, 7.4505],
			"to": [10.85, 15, 8.0505],
			"rotation": {"angle": 22.5, "axis": "y", "origin": [7.975, 7.625, 7.75]},
			"faces": {
				"north": {"uv": [10.25, 0, 10.5, 0.25], "texture": "#1"},
				"east": {"uv": [10.25, 0, 10.5, 0.25], "texture": "#0"},
				"south": {"uv": [10.5, 0, 10.25, 0.25], "texture": "#0"},
				"west": {"uv": [10.25, 0, 10.5, 0.25], "texture": "#0"},
				"up": {"uv": [10.5, 0, 10.25, 0.25], "texture": "#0"},
				"down": {"uv": [10.5, 0, 10.25, 0.25], "texture": "#0"}
			}
		},
		{
			"from": [10.85, 14.5, 7.4505],
			"to": [11.1, 15, 8.0505],
			"rotation": {"angle": 22.5, "axis": "y", "origin": [7.975, 7.625, 7.75]},
			"faces": {
				"north": {"uv": [10.5, 0, 10.75, 0.5], "texture": "#1"},
				"east": {"uv": [10.5, 0, 10.75, 0.5], "texture": "#0"},
				"south": {"uv": [10.75, 0, 10.5, 0.5], "texture": "#0"},
				"west": {"uv": [10.5, 0, 10.75, 0.5], "texture": "#0"},
				"up": {"uv": [10.75, 0, 10.5, 0.25], "texture": "#0"},
				"down": {"uv": [10.75, 0.25, 10.5, 0.5], "texture": "#0"}
			}
		},
		{
			"from": [11.1, 14, 7.4505],
			"to": [11.35, 14.75, 8.0505],
			"rotation": {"angle": 22.5, "axis": "y", "origin": [7.975, 7.625, 7.75]},
			"faces": {
				"north": {"uv": [10.75, 0.25, 11, 1], "texture": "#1"},
				"east": {"uv": [10.75, 0.25, 11, 1], "texture": "#0"},
				"south": {"uv": [11, 0.25, 10.75, 1], "texture": "#0"},
				"west": {"uv": [10.75, 0.25, 11, 1], "texture": "#0"},
				"up": {"uv": [11, 0.25, 10.75, 0.5], "texture": "#0"},
				"down": {"uv": [11, 0.75, 10.75, 1], "texture": "#0"}
			}
		},
		{
			"from": [11.35, 13.5, 7.4505],
			"to": [11.6, 14.75, 8.0505],
			"rotation": {"angle": 22.5, "axis": "y", "origin": [7.975, 7.625, 7.75]},
			"faces": {
				"north": {"uv": [11, 0.25, 11.25, 1.5], "texture": "#1"},
				"east": {"uv": [11, 0.25, 11.25, 1.5], "texture": "#0"},
				"south": {"uv": [11.25, 0.25, 11, 1.5], "texture": "#0"},
				"west": {"uv": [11, 0.25, 11.25, 1.5], "texture": "#0"},
				"up": {"uv": [11.25, 0.25, 11, 0.5], "texture": "#0"},
				"down": {"uv": [11.25, 1.25, 11, 1.5], "texture": "#0"}
			}
		},
		{
			"from": [4.7, 14, 7.4505],
			"to": [4.95, 14.75, 8.0505],
			"rotation": {"angle": -22.5, "axis": "y", "origin": [8.075, 7.625, 7.75]},
			"faces": {
				"north": {"uv": [4.25, 0.25, 4.5, 1], "texture": "#1"},
				"east": {"uv": [4.25, 0.25, 4.5, 1], "texture": "#0"},
				"south": {"uv": [4.5, 0.25, 4.25, 1], "texture": "#0"},
				"west": {"uv": [4.25, 0.25, 4.5, 1], "texture": "#0"},
				"up": {"uv": [4.5, 0.25, 4.25, 0.5], "texture": "#0"},
				"down": {"uv": [4.5, 0.75, 4.25, 1], "texture": "#0"}
			}
		},
		{
			"from": [4.95, 14.5, 7.4505],
			"to": [5.2, 15, 8.0505],
			"rotation": {"angle": -22.5, "axis": "y", "origin": [8.075, 7.625, 7.75]},
			"faces": {
				"north": {"uv": [4.5, 0, 4.75, 0.5], "texture": "#1"},
				"east": {"uv": [4.5, 0, 4.75, 0.5], "texture": "#0"},
				"south": {"uv": [4.75, 0, 4.5, 0.5], "texture": "#0"},
				"west": {"uv": [4.5, 0, 4.75, 0.5], "texture": "#0"},
				"up": {"uv": [4.75, 0, 4.5, 0.25], "texture": "#0"},
				"down": {"uv": [4.75, 0.25, 4.5, 0.5], "texture": "#0"}
			}
		},
		{
			"from": [6.45, 13.75, 7.4505],
			"to": [6.7, 14, 8.0505],
			"rotation": {"angle": -22.5, "axis": "y", "origin": [8.075, 7.625, 7.75]},
			"faces": {
				"north": {"uv": [6, 1, 6.25, 1.25], "texture": "#1"},
				"east": {"uv": [6, 1, 6.25, 1.25], "texture": "#0"},
				"south": {"uv": [6.25, 1, 6, 1.25], "texture": "#0"},
				"west": {"uv": [6, 1, 6.25, 1.25], "texture": "#0"},
				"up": {"uv": [6.25, 1, 6, 1.25], "texture": "#0"},
				"down": {"uv": [6.25, 1, 6, 1.25], "texture": "#0"}
			}
		},
		{
			"from": [6.2, 13.25, 7.4505],
			"to": [6.45, 14, 8.0505],
			"rotation": {"angle": -22.5, "axis": "y", "origin": [8.075, 7.625, 7.75]},
			"faces": {
				"north": {"uv": [5.75, 1, 6, 1.75], "texture": "#1"},
				"east": {"uv": [5.75, 1, 6, 1.75], "texture": "#0"},
				"south": {"uv": [6, 1, 5.75, 1.75], "texture": "#0"},
				"west": {"uv": [5.75, 1, 6, 1.75], "texture": "#0"},
				"up": {"uv": [6, 1, 5.75, 1.25], "texture": "#0"},
				"down": {"uv": [6, 1.5, 5.75, 1.75], "texture": "#0"}
			}
		},
		{
			"from": [5.2, 14.75, 7.4505],
			"to": [5.45, 15, 8.0505],
			"rotation": {"angle": -22.5, "axis": "y", "origin": [8.075, 7.625, 7.75]},
			"faces": {
				"north": {"uv": [4.75, 0, 5, 0.25], "texture": "#1"},
				"east": {"uv": [4.75, 0, 5, 0.25], "texture": "#0"},
				"south": {"uv": [5, 0, 4.75, 0.25], "texture": "#0"},
				"west": {"uv": [4.75, 0, 5, 0.25], "texture": "#0"},
				"up": {"uv": [5, 0, 4.75, 0.25], "texture": "#0"},
				"down": {"uv": [5, 0, 4.75, 0.25], "texture": "#0"}
			}
		},
		{
			"from": [4.2, 8.75, 7.4505],
			"to": [4.45, 14.5, 8.0505],
			"rotation": {"angle": -22.5, "axis": "y", "origin": [8.075, 7.625, 7.75]},
			"faces": {
				"north": {"uv": [3.75, 0.5, 4, 6.25], "texture": "#1"},
				"east": {"uv": [3.75, 0.5, 4, 6.25], "texture": "#0"},
				"south": {"uv": [4, 0.5, 3.75, 6.25], "texture": "#0"},
				"west": {"uv": [3.75, 0.5, 4, 6.25], "texture": "#0"},
				"up": {"uv": [4, 0.5, 3.75, 0.75], "texture": "#0"},
				"down": {"uv": [4, 6, 3.75, 6.25], "texture": "#0"}
			}
		},
		{
			"from": [3.95, 8.75, 7.4505],
			"to": [4.2, 14.25, 8.0505],
			"rotation": {"angle": -22.5, "axis": "y", "origin": [8.075, 7.625, 7.75]},
			"faces": {
				"north": {"uv": [3.5, 0.75, 3.75, 6.25], "texture": "#1"},
				"east": {"uv": [3.5, 0.75, 3.75, 6.25], "texture": "#0"},
				"south": {"uv": [3.75, 0.75, 3.5, 6.25], "texture": "#0"},
				"west": {"uv": [3.5, 0.75, 3.75, 6.25], "texture": "#0"},
				"up": {"uv": [3.75, 0.75, 3.5, 1], "texture": "#0"},
				"down": {"uv": [3.75, 6, 3.5, 6.25], "texture": "#0"}
			}
		},
		{
			"from": [3.7, 8.75, 7.4505],
			"to": [3.95, 14, 8.0505],
			"rotation": {"angle": -22.5, "axis": "y", "origin": [8.075, 7.625, 7.75]},
			"faces": {
				"north": {"uv": [3.25, 1, 3.5, 6.25], "texture": "#1"},
				"east": {"uv": [3.25, 1, 3.5, 6.25], "texture": "#0"},
				"south": {"uv": [3.5, 1, 3.25, 6.25], "texture": "#0"},
				"west": {"uv": [3.25, 1, 3.5, 6.25], "texture": "#0"},
				"up": {"uv": [3.5, 1, 3.25, 1.25], "texture": "#0"},
				"down": {"uv": [3.5, 6, 3.25, 6.25], "texture": "#0"}
			}
		},
		{
			"from": [3.45, 8.5, 7.4505],
			"to": [3.7, 13.5, 8.0505],
			"rotation": {"angle": -22.5, "axis": "y", "origin": [8.075, 7.625, 7.75]},
			"faces": {
				"north": {"uv": [3, 1.5, 3.25, 6.5], "texture": "#1"},
				"east": {"uv": [3, 1.5, 3.25, 6.5], "texture": "#0"},
				"south": {"uv": [3.25, 1.5, 3, 6.5], "texture": "#0"},
				"west": {"uv": [3, 1.5, 3.25, 6.5], "texture": "#0"},
				"up": {"uv": [3.25, 1.5, 3, 1.75], "texture": "#0"},
				"down": {"uv": [3.25, 6.25, 3, 6.5], "texture": "#0"}
			}
		},
		{
			"from": [3.2, 7, 7.4505],
			"to": [3.45, 13, 8.0505],
			"rotation": {"angle": -22.5, "axis": "y", "origin": [8.075, 7.625, 7.75]},
			"faces": {
				"north": {"uv": [2.75, 2, 3, 8], "texture": "#1"},
				"east": {"uv": [2.75, 2, 3, 8], "texture": "#0"},
				"south": {"uv": [3, 2, 2.75, 8], "texture": "#0"},
				"west": {"uv": [2.75, 2, 3, 8], "texture": "#0"},
				"up": {"uv": [3, 2, 2.75, 2.25], "texture": "#0"},
				"down": {"uv": [3, 7.75, 2.75, 8], "texture": "#0"}
			}
		},
		{
			"from": [2.95, 7.5, 7.4505],
			"to": [3.2, 12.5, 8.0505],
			"rotation": {"angle": -22.5, "axis": "y", "origin": [8.075, 7.625, 7.75]},
			"faces": {
				"north": {"uv": [2.5, 2.5, 2.75, 7.5], "texture": "#1"},
				"east": {"uv": [2.5, 2.5, 2.75, 7.5], "texture": "#0"},
				"south": {"uv": [2.75, 2.5, 2.5, 7.5], "texture": "#0"},
				"west": {"uv": [2.5, 2.5, 2.75, 7.5], "texture": "#0"},
				"up": {"uv": [2.75, 2.5, 2.5, 2.75], "texture": "#0"},
				"down": {"uv": [2.75, 7.25, 2.5, 7.5], "texture": "#0"}
			}
		},
		{
			"from": [2.7, 8, 7.4505],
			"to": [2.95, 11.75, 8.0505],
			"rotation": {"angle": -22.5, "axis": "y", "origin": [8.075, 7.625, 7.75]},
			"faces": {
				"north": {"uv": [2.25, 3.25, 2.5, 7], "texture": "#1"},
				"east": {"uv": [2.25, 3.25, 2.5, 7], "texture": "#0"},
				"south": {"uv": [2.5, 3.25, 2.25, 7], "texture": "#0"},
				"west": {"uv": [2.25, 3.25, 2.5, 7], "texture": "#0"},
				"up": {"uv": [2.5, 3.25, 2.25, 3.5], "texture": "#0"},
				"down": {"uv": [2.5, 6.75, 2.25, 7], "texture": "#0"}
			}
		},
		{
			"from": [2.45, 8.75, 7.4505],
			"to": [2.7, 10.75, 8.0505],
			"rotation": {"angle": -22.5, "axis": "y", "origin": [8.075, 7.625, 7.75]},
			"faces": {
				"north": {"uv": [2, 4.25, 2.25, 6.25], "texture": "#1"},
				"east": {"uv": [2, 4.25, 2.25, 6.25], "texture": "#0"},
				"south": {"uv": [2.25, 4.25, 2, 6.25], "texture": "#0"},
				"west": {"uv": [2, 4.25, 2.25, 6.25], "texture": "#0"},
				"up": {"uv": [2.25, 4.25, 2, 4.5], "texture": "#0"},
				"down": {"uv": [2.25, 6, 2, 6.25], "texture": "#0"}
			}
		},
		{
			"from": [4.45, 8.5, 7.4505],
			"to": [4.7, 12.75, 8.0505],
			"rotation": {"angle": -22.5, "axis": "y", "origin": [8.075, 7.625, 7.75]},
			"faces": {
				"north": {"uv": [4, 2.25, 4.25, 6.5], "texture": "#1"},
				"east": {"uv": [4, 2.25, 4.25, 6.5], "texture": "#0"},
				"south": {"uv": [4.25, 2.25, 4, 6.5], "texture": "#0"},
				"west": {"uv": [4, 2.25, 4.25, 6.5], "texture": "#0"},
				"up": {"uv": [4.25, 2.25, 4, 2.5], "texture": "#0"},
				"down": {"uv": [4.25, 6.25, 4, 6.5], "texture": "#0"}
			}
		},
		{
			"from": [9.1, 0.25, 7.4505],
			"to": [9.35, 12.25, 8.0505],
			"rotation": {"angle": 22.5, "axis": "y", "origin": [7.975, 7.625, 7.75]},
			"faces": {
				"north": {"uv": [8.75, 2.75, 9, 14.75], "texture": "#1"},
				"east": {"uv": [8.75, 2.75, 9, 14.75], "texture": "#0"},
				"south": {"uv": [9, 2.75, 8.75, 14.75], "texture": "#0"},
				"west": {"uv": [8.75, 2.75, 9, 14.75], "texture": "#0"},
				"up": {"uv": [9, 2.75, 8.75, 3], "texture": "#0"},
				"down": {"uv": [9, 14.5, 8.75, 14.75], "texture": "#0"}
			}
		},
		{
			"from": [8.85, 0, 7.4505],
			"to": [9.1, 12.25, 8.0505],
			"rotation": {"angle": 22.5, "axis": "y", "origin": [7.975, 7.625, 7.75]},
			"faces": {
				"north": {"uv": [8.5, 2.75, 8.75, 15], "texture": "#1"},
				"east": {"uv": [8.5, 2.75, 8.75, 15], "texture": "#0"},
				"south": {"uv": [8.75, 2.75, 8.5, 15], "texture": "#0"},
				"west": {"uv": [8.5, 2.75, 8.75, 15], "texture": "#0"},
				"up": {"uv": [8.75, 2.75, 8.5, 3], "texture": "#0"},
				"down": {"uv": [8.75, 14.75, 8.5, 15], "texture": "#0"}
			}
		},
		{
			"from": [8.65, -0.25, 7.1005],
			"to": [8.9, 12.5, 7.7005],
			"rotation": {"angle": 0, "axis": "y", "origin": [8.025, 7.625, 7.4]},
			"faces": {
				"north": {"uv": [8.25, 2.5, 8.5, 15.25], "texture": "#1"},
				"east": {"uv": [8.25, 2.5, 8.5, 15.25], "texture": "#0"},
				"south": {"uv": [8.5, 2.5, 8.25, 15.25], "texture": "#0"},
				"west": {"uv": [8.25, 2.5, 8.5, 15.25], "texture": "#0"},
				"up": {"uv": [8.5, 2.5, 8.25, 2.75], "texture": "#0"},
				"down": {"uv": [8.5, 15, 8.25, 15.25], "texture": "#0"}
			}
		},
		{
			"from": [8.4, -0.5, 7.1005],
			"to": [8.65, 12.5, 7.7005],
			"rotation": {"angle": 0, "axis": "y", "origin": [8.025, 7.625, 7.4]},
			"faces": {
				"north": {"uv": [8, 2.5, 8.25, 15.5], "texture": "#1"},
				"east": {"uv": [8, 2.5, 8.25, 15.5], "texture": "#0"},
				"south": {"uv": [8.25, 2.5, 8, 15.5], "texture": "#0"},
				"west": {"uv": [8, 2.5, 8.25, 15.5], "texture": "#0"},
				"up": {"uv": [8.25, 2.5, 8, 2.75], "texture": "#0"},
				"down": {"uv": [8.25, 15.25, 8, 15.5], "texture": "#0"}
			}
		},
		{
			"from": [8.15, -0.75, 7.1005],
			"to": [8.4, 12.75, 7.7005],
			"rotation": {"angle": 0, "axis": "y", "origin": [8.025, 7.625, 7.4]},
			"faces": {
				"north": {"uv": [7.75, 2.25, 8, 15.75], "texture": "#1"},
				"east": {"uv": [7.75, 2.25, 8, 15.75], "texture": "#0"},
				"south": {"uv": [8, 2.25, 7.75, 15.75], "texture": "#0"},
				"west": {"uv": [7.75, 2.25, 8, 15.75], "texture": "#0"},
				"up": {"uv": [8, 2.25, 7.75, 2.5], "texture": "#0"},
				"down": {"uv": [8, 15.5, 7.75, 15.75], "texture": "#0"}
			}
		},
		{
			"from": [7.65, 5.5, 5.25],
			"to": [8.4, 6, 7.1],
			"rotation": {"angle": 0, "axis": "y", "origin": [8.025, 6.125, 7.4]},
			"faces": {
				"north": {"uv": [14.25, 9.25, 15, 9.5], "texture": "#1"},
				"east": {"uv": [14.75, 9, 15, 9.5], "texture": "#1"},
				"south": {"uv": [15, 9, 14.25, 9.25], "texture": "#1"},
				"west": {"uv": [14.25, 9, 14.5, 9.5], "texture": "#1"},
				"up": {"uv": [15, 9, 14.25, 9.5], "texture": "#1"},
				"down": {"uv": [15, 9, 14.25, 9.5], "texture": "#1"}
			}
		},
		{
			"from": [7.65, 6, 4.9],
			"to": [8.4, 9.75, 5.5],
			"rotation": {"angle": 0, "axis": "y", "origin": [8.025, 6.125, 7.4]},
			"faces": {
				"north": {"uv": [14.25, 5.25, 15, 9], "texture": "#1"},
				"east": {"uv": [14.75, 5.25, 15, 9], "texture": "#1"},
				"south": {"uv": [15, 5.25, 14.25, 9], "texture": "#1"},
				"west": {"uv": [14.25, 5.25, 14.5, 9], "texture": "#1"},
				"up": {"uv": [15, 5.25, 14.25, 5.5], "texture": "#1"},
				"down": {"uv": [15, 8.75, 14.25, 9], "texture": "#1"}
			}
		},
		{
			"from": [7.65, 9.75, 5.25],
			"to": [8.4, 10.25, 7.1],
			"rotation": {"angle": 0, "axis": "y", "origin": [8.025, 6.125, 7.4]},
			"faces": {
				"north": {"uv": [14.25, 5, 15, 5.25], "texture": "#1"},
				"east": {"uv": [14.75, 4.75, 15, 5.25], "texture": "#1"},
				"south": {"uv": [15, 4.75, 14.25, 5], "texture": "#1"},
				"west": {"uv": [14.25, 4.75, 14.5, 5.25], "texture": "#1"},
				"up": {"uv": [15, 4.75, 14.25, 5.25], "texture": "#1"},
				"down": {"uv": [15, 4.75, 14.25, 5.25], "texture": "#1"}
			}
		}
	],
	"gui_light": "front",
	"display": {
		"thirdperson_righthand": {
			"rotation": [29, 135, 0],
			"translation": [2.5, -1.25, -1.5],
			"scale": [1.6, 1.5, 1.3]
		},
		"thirdperson_lefthand": {
			"rotation": [29, 135, 0],
			"translation": [2.5, -1.25, -1.5],
			"scale": [1.6, 1.5, 1.3]
		},
		"firstperson_righthand": {
			"rotation": [0, 170, -5],
			"translation": [-3.5, -0.25, 0],
			"scale": [1.2, 1.2, 1.2]
		},
		"firstperson_lefthand": {
			"rotation": [0, 170, -5],
			"translation": [-3.5, -0.5, 0],
			"scale": [1.2, 1.2, 1.2]
		},
		"ground": {
			"translation": [0, 1, 0],
			"scale": [0.6, 0.6, 0.6]
		},
		"gui": {
			"translation": [0, 1, 0],
			"scale": [1.1, 1, 1]
		},
		"fixed": {
			"rotation": [0, -180, 0],
			"translation": [0, 3, -4.25],
			"scale": [2.1, 2, 2]
		}
	}
}