{
	"credit": "Made with Blockbench",
	"textures": {
		"1": "./bow",
		"2": "./bow2",
		"particle": "./bow2"
	},
	"elements": [
		{
			"from": [6.625, 6.075, 6.95],
			"to": [8.125, 7.325, 7.9],
			"rotation": {"angle": 0, "axis": "y", "origin": [-1, 0, 0]},
			"faces": {
				"north": {"uv": [6.75, 12, 5.25, 13.25], "texture": "#2"},
				"east": {"uv": [9.25, 12, 10.5, 13.25], "texture": "#2"},
				"south": {"uv": [5.25, 12, 6.75, 13.25], "texture": "#2"},
				"west": {"uv": [1.75, 12, 3, 13.25], "texture": "#2"},
				"up": {"uv": [1.75, 12, 3, 12.25], "rotation": 90, "texture": "#2"},
				"down": {"uv": [9.25, 13, 10.5, 13.25], "rotation": 90, "texture": "#2"}
			}
		},
		{
			"from": [13.125, -11.425, 7.125],
			"to": [13.375, -10.925, 7.725],
			"rotation": {"angle": 0, "axis": "x", "origin": [-1, 0, 0]},
			"faces": {
				"north": {"uv": [11.75, 1.25, 12, 1.75], "rotation": 180, "texture": "#2"},
				"east": {"uv": [15.25, 1.25, 15.75, 1.75], "rotation": 180, "texture": "#2"},
				"south": {"uv": [12, 1.25, 11.75, 1.75], "rotation": 180, "texture": "#2"},
				"west": {"uv": [7.75, 1.25, 8.25, 1.75], "rotation": 180, "texture": "#2"},
				"up": {"uv": [15.25, 1.5, 15.75, 1.75], "rotation": 90, "texture": "#2"},
				"down": {"uv": [7.75, 1.25, 8.25, 1.5], "rotation": 90, "texture": "#2"}
			}
		},
		{
			"from": [12.875, -10.925, 7.125],
			"to": [13.375, -10.175, 7.725],
			"rotation": {"angle": 0, "axis": "x", "origin": [-1, 0, 0]},
			"faces": {
				"north": {"uv": [11.5, 1.75, 12, 2.5], "rotation": 180, "texture": "#2"},
				"east": {"uv": [15, 1.75, 15.75, 2.5], "rotation": 180, "texture": "#2"},
				"south": {"uv": [12, 1.75, 11.5, 2.5], "rotation": 180, "texture": "#2"},
				"west": {"uv": [7.5, 1.75, 8.25, 2.5], "rotation": 180, "texture": "#2"},
				"up": {"uv": [15, 2.25, 15.75, 2.5], "rotation": 90, "texture": "#2"},
				"down": {"uv": [7.5, 1.75, 8.25, 2], "rotation": 90, "texture": "#2"}
			}
		},
		{
			"from": [12.625, -10.175, 7.125],
			"to": [13.125, -9.675, 7.725],
			"rotation": {"angle": 0, "axis": "x", "origin": [-1, 0, 0]},
			"faces": {
				"north": {"uv": [11.25, 2.5, 11.75, 3], "rotation": 180, "texture": "#2"},
				"east": {"uv": [14.75, 2.5, 15.5, 3], "rotation": 180, "texture": "#2"},
				"south": {"uv": [11.75, 2.5, 11.25, 3], "rotation": 180, "texture": "#2"},
				"west": {"uv": [7.25, 2.5, 8, 3], "rotation": 180, "texture": "#2"},
				"up": {"uv": [14.75, 2.75, 15.5, 3], "rotation": 90, "texture": "#2"},
				"down": {"uv": [7.25, 2.5, 8, 2.75], "rotation": 90, "texture": "#2"}
			}
		},
		{
			"from": [12.375, -9.675, 7.125],
			"to": [13.125, -9.175, 7.725],
			"rotation": {"angle": 0, "axis": "x", "origin": [-1, 0, 0]},
			"faces": {
				"north": {"uv": [11, 3, 11.75, 3.5], "rotation": 180, "texture": "#2"},
				"east": {"uv": [14.5, 3, 15.5, 3.5], "rotation": 180, "texture": "#2"},
				"south": {"uv": [11.75, 3, 11, 3.5], "rotation": 180, "texture": "#2"},
				"west": {"uv": [7, 3, 8, 3.5], "rotation": 180, "texture": "#2"},
				"up": {"uv": [14.5, 3.25, 15.5, 3.5], "rotation": 90, "texture": "#2"},
				"down": {"uv": [7, 3, 8, 3.25], "rotation": 90, "texture": "#2"}
			}
		},
		{
			"from": [12.125, -9.175, 7.125],
			"to": [12.875, -8.675, 7.725],
			"rotation": {"angle": 0, "axis": "x", "origin": [-1, 0, 0]},
			"faces": {
				"north": {"uv": [10.75, 3.5, 11.5, 4], "rotation": 180, "texture": "#2"},
				"east": {"uv": [14.25, 3.5, 15.25, 4], "rotation": 180, "texture": "#2"},
				"south": {"uv": [11.5, 3.5, 10.75, 4], "rotation": 180, "texture": "#2"},
				"west": {"uv": [6.75, 3.5, 7.75, 4], "rotation": 180, "texture": "#2"},
				"up": {"uv": [14.25, 3.75, 15.25, 4], "rotation": 90, "texture": "#2"},
				"down": {"uv": [6.75, 3.5, 7.75, 3.75], "rotation": 90, "texture": "#2"}
			}
		},
		{
			"from": [11.875, -8.675, 7.125],
			"to": [12.625, -8.175, 7.725],
			"rotation": {"angle": 0, "axis": "x", "origin": [-1, 0, 0]},
			"faces": {
				"north": {"uv": [10.5, 4, 11.25, 4.5], "rotation": 180, "texture": "#2"},
				"east": {"uv": [14, 4, 15, 4.5], "rotation": 180, "texture": "#2"},
				"south": {"uv": [11.25, 4, 10.5, 4.5], "rotation": 180, "texture": "#2"},
				"west": {"uv": [6.5, 4, 7.5, 4.5], "rotation": 180, "texture": "#2"},
				"up": {"uv": [14, 4.25, 15, 4.5], "rotation": 90, "texture": "#2"},
				"down": {"uv": [6.5, 4, 7.5, 4.25], "rotation": 90, "texture": "#2"}
			}
		},
		{
			"from": [11.625, -8.175, 7.125],
			"to": [12.375, -7.925, 7.725],
			"rotation": {"angle": 0, "axis": "x", "origin": [-1, 0, 0]},
			"faces": {
				"north": {"uv": [10.25, 4.5, 11, 4.75], "rotation": 180, "texture": "#2"},
				"east": {"uv": [13.75, 4.5, 14.75, 4.75], "rotation": 180, "texture": "#2"},
				"south": {"uv": [11, 4.5, 10.25, 4.75], "rotation": 180, "texture": "#2"},
				"west": {"uv": [6.25, 4.5, 7.25, 4.75], "rotation": 180, "texture": "#2"},
				"up": {"uv": [13.75, 4.5, 14.75, 4.75], "rotation": 90, "texture": "#2"},
				"down": {"uv": [6.25, 4.5, 7.25, 4.75], "rotation": 90, "texture": "#2"}
			}
		},
		{
			"from": [11.375, -7.925, 7.05],
			"to": [12.375, -7.675, 7.8],
			"rotation": {"angle": 0, "axis": "x", "origin": [-1, 0, 0]},
			"faces": {
				"north": {"uv": [10, 4.75, 11, 5], "rotation": 180, "texture": "#2"},
				"east": {"uv": [13.5, 4.75, 14.75, 5], "rotation": 180, "texture": "#2"},
				"south": {"uv": [11, 4.75, 10, 5], "rotation": 180, "texture": "#2"},
				"west": {"uv": [6, 4.75, 7.25, 5], "rotation": 180, "texture": "#2"},
				"up": {"uv": [13.5, 4.75, 14.75, 5], "rotation": 90, "texture": "#2"},
				"down": {"uv": [6, 4.75, 7.25, 5], "rotation": 90, "texture": "#2"}
			}
		},
		{
			"from": [10.875, -7.425, 7.05],
			"to": [11.875, -7.175, 7.8],
			"rotation": {"angle": 0, "axis": "x", "origin": [-1, 0, 0]},
			"faces": {
				"north": {"uv": [9.5, 5.25, 10.5, 5.5], "rotation": 180, "texture": "#2"},
				"east": {"uv": [13, 5.25, 14.25, 5.5], "rotation": 180, "texture": "#2"},
				"south": {"uv": [10.5, 5.25, 9.5, 5.5], "rotation": 180, "texture": "#2"},
				"west": {"uv": [5.5, 5.25, 6.75, 5.5], "rotation": 180, "texture": "#2"},
				"up": {"uv": [13, 5.25, 14.25, 5.5], "rotation": 90, "texture": "#2"},
				"down": {"uv": [5.5, 5.25, 6.75, 5.5], "rotation": 90, "texture": "#2"}
			}
		},
		{
			"from": [11.125, -7.675, 7.05],
			"to": [12.125, -7.425, 7.8],
			"rotation": {"angle": 0, "axis": "x", "origin": [-1, 0, 0]},
			"faces": {
				"north": {"uv": [9.75, 5, 10.75, 5.25], "rotation": 180, "texture": "#2"},
				"east": {"uv": [13.25, 5, 14.5, 5.25], "rotation": 180, "texture": "#2"},
				"south": {"uv": [10.75, 5, 9.75, 5.25], "rotation": 180, "texture": "#2"},
				"west": {"uv": [5.75, 5, 7, 5.25], "rotation": 180, "texture": "#2"},
				"up": {"uv": [13.25, 5, 14.5, 5.25], "rotation": 90, "texture": "#2"},
				"down": {"uv": [5.75, 5, 7, 5.25], "rotation": 90, "texture": "#2"}
			}
		},
		{
			"from": [10.625, -7.175, 7.05],
			"to": [11.625, -6.925, 7.8],
			"rotation": {"angle": 0, "axis": "x", "origin": [-1, 0, 0]},
			"faces": {
				"north": {"uv": [9.25, 5.5, 10.25, 5.75], "rotation": 180, "texture": "#2"},
				"east": {"uv": [12.75, 5.5, 14, 5.75], "rotation": 180, "texture": "#2"},
				"south": {"uv": [10.25, 5.5, 9.25, 5.75], "rotation": 180, "texture": "#2"},
				"west": {"uv": [5.25, 5.5, 6.5, 5.75], "rotation": 180, "texture": "#2"},
				"up": {"uv": [12.75, 5.5, 14, 5.75], "rotation": 90, "texture": "#2"},
				"down": {"uv": [5.25, 5.5, 6.5, 5.75], "rotation": 90, "texture": "#2"}
			}
		},
		{
			"from": [10.375, -6.925, 7.05],
			"to": [11.375, -6.675, 7.8],
			"rotation": {"angle": 0, "axis": "x", "origin": [-1, 0, 0]},
			"faces": {
				"north": {"uv": [9, 5.75, 10, 6], "rotation": 180, "texture": "#2"},
				"east": {"uv": [12.5, 5.75, 13.75, 6], "rotation": 180, "texture": "#2"},
				"south": {"uv": [10, 5.75, 9, 6], "rotation": 180, "texture": "#2"},
				"west": {"uv": [5, 5.75, 6.25, 6], "rotation": 180, "texture": "#2"},
				"up": {"uv": [12.5, 5.75, 13.75, 6], "rotation": 90, "texture": "#2"},
				"down": {"uv": [5, 5.75, 6.25, 6], "rotation": 90, "texture": "#2"}
			}
		},
		{
			"from": [10.125, -6.675, 7.05],
			"to": [11.125, -6.425, 7.8],
			"rotation": {"angle": 0, "axis": "x", "origin": [-1, 0, 0]},
			"faces": {
				"north": {"uv": [8.75, 6, 9.75, 6.25], "rotation": 180, "texture": "#2"},
				"east": {"uv": [12.25, 6, 13.5, 6.25], "rotation": 180, "texture": "#2"},
				"south": {"uv": [9.75, 6, 8.75, 6.25], "rotation": 180, "texture": "#2"},
				"west": {"uv": [4.75, 6, 6, 6.25], "rotation": 180, "texture": "#2"},
				"up": {"uv": [12.25, 6, 13.5, 6.25], "rotation": 90, "texture": "#2"},
				"down": {"uv": [4.75, 6, 6, 6.25], "rotation": 90, "texture": "#2"}
			}
		},
		{
			"from": [9.875, -6.425, 7.05],
			"to": [10.875, -6.175, 7.8],
			"rotation": {"angle": 0, "axis": "x", "origin": [-1, 0, 0]},
			"faces": {
				"north": {"uv": [8.5, 6.25, 9.5, 6.5], "rotation": 180, "texture": "#2"},
				"east": {"uv": [12, 6.25, 13.25, 6.5], "rotation": 180, "texture": "#2"},
				"south": {"uv": [9.5, 6.25, 8.5, 6.5], "rotation": 180, "texture": "#2"},
				"west": {"uv": [4.5, 6.25, 5.75, 6.5], "rotation": 180, "texture": "#2"},
				"up": {"uv": [12, 6.25, 13.25, 6.5], "rotation": 90, "texture": "#2"},
				"down": {"uv": [4.5, 6.25, 5.75, 6.5], "rotation": 90, "texture": "#2"}
			}
		},
		{
			"from": [9.625, -6.175, 7.05],
			"to": [10.625, -5.925, 7.8],
			"rotation": {"angle": 0, "axis": "x", "origin": [-1, 0, 0]},
			"faces": {
				"north": {"uv": [8.25, 6.5, 9.25, 6.75], "rotation": 180, "texture": "#2"},
				"east": {"uv": [11.75, 6.5, 13, 6.75], "rotation": 180, "texture": "#2"},
				"south": {"uv": [9.25, 6.5, 8.25, 6.75], "rotation": 180, "texture": "#2"},
				"west": {"uv": [4.25, 6.5, 5.5, 6.75], "rotation": 180, "texture": "#2"},
				"up": {"uv": [11.75, 6.5, 13, 6.75], "rotation": 90, "texture": "#2"},
				"down": {"uv": [4.25, 6.5, 5.5, 6.75], "rotation": 90, "texture": "#2"}
			}
		},
		{
			"from": [9.375, -5.925, 7.05],
			"to": [10.375, -5.675, 7.8],
			"rotation": {"angle": 0, "axis": "x", "origin": [-1, 0, 0]},
			"faces": {
				"north": {"uv": [8, 6.75, 9, 7], "rotation": 180, "texture": "#2"},
				"east": {"uv": [11.5, 6.75, 12.75, 7], "rotation": 180, "texture": "#2"},
				"south": {"uv": [9, 6.75, 8, 7], "rotation": 180, "texture": "#2"},
				"west": {"uv": [4, 6.75, 5.25, 7], "rotation": 180, "texture": "#2"},
				"up": {"uv": [11.5, 6.75, 12.75, 7], "rotation": 90, "texture": "#2"},
				"down": {"uv": [4, 6.75, 5.25, 7], "rotation": 90, "texture": "#2"}
			}
		},
		{
			"from": [9.125, -5.675, 7.05],
			"to": [10.125, -5.425, 7.8],
			"rotation": {"angle": 0, "axis": "x", "origin": [-1, 0, 0]},
			"faces": {
				"north": {"uv": [7.75, 7, 8.75, 7.25], "rotation": 180, "texture": "#2"},
				"east": {"uv": [11.25, 7, 12.5, 7.25], "rotation": 180, "texture": "#2"},
				"south": {"uv": [8.75, 7, 7.75, 7.25], "rotation": 180, "texture": "#2"},
				"west": {"uv": [3.75, 7, 5, 7.25], "rotation": 180, "texture": "#2"},
				"up": {"uv": [11.25, 7, 12.5, 7.25], "rotation": 90, "texture": "#2"},
				"down": {"uv": [3.75, 7, 5, 7.25], "rotation": 90, "texture": "#2"}
			}
		},
		{
			"from": [8.875, -5.425, 7.05],
			"to": [9.875, -5.175, 7.8],
			"rotation": {"angle": 0, "axis": "x", "origin": [-1, 0, 0]},
			"faces": {
				"north": {"uv": [7.5, 7.25, 8.5, 7.5], "rotation": 180, "texture": "#2"},
				"east": {"uv": [11, 7.25, 12.25, 7.5], "rotation": 180, "texture": "#2"},
				"south": {"uv": [8.5, 7.25, 7.5, 7.5], "rotation": 180, "texture": "#2"},
				"west": {"uv": [3.5, 7.25, 4.75, 7.5], "rotation": 180, "texture": "#2"},
				"up": {"uv": [11, 7.25, 12.25, 7.5], "rotation": 90, "texture": "#2"},
				"down": {"uv": [3.5, 7.25, 4.75, 7.5], "rotation": 90, "texture": "#2"}
			}
		},
		{
			"from": [8.625, -5.175, 7.05],
			"to": [9.625, -4.925, 7.8],
			"rotation": {"angle": 0, "axis": "x", "origin": [-1, 0, 0]},
			"faces": {
				"north": {"uv": [7.25, 7.5, 8.25, 7.75], "rotation": 180, "texture": "#2"},
				"east": {"uv": [10.75, 7.5, 12, 7.75], "rotation": 180, "texture": "#2"},
				"south": {"uv": [8.25, 7.5, 7.25, 7.75], "rotation": 180, "texture": "#2"},
				"west": {"uv": [3.25, 7.5, 4.5, 7.75], "rotation": 180, "texture": "#2"},
				"up": {"uv": [10.75, 7.5, 12, 7.75], "rotation": 90, "texture": "#2"},
				"down": {"uv": [3.25, 7.5, 4.5, 7.75], "rotation": 90, "texture": "#2"}
			}
		},
		{
			"from": [8.375, -4.925, 7.05],
			"to": [9.375, -4.675, 7.8],
			"rotation": {"angle": 0, "axis": "x", "origin": [-1, 0, 0]},
			"faces": {
				"north": {"uv": [7, 7.75, 8, 8], "rotation": 180, "texture": "#2"},
				"east": {"uv": [10.5, 7.75, 11.75, 8], "rotation": 180, "texture": "#2"},
				"south": {"uv": [8, 7.75, 7, 8], "rotation": 180, "texture": "#2"},
				"west": {"uv": [3, 7.75, 4.25, 8], "rotation": 180, "texture": "#2"},
				"up": {"uv": [10.5, 7.75, 11.75, 8], "rotation": 90, "texture": "#2"},
				"down": {"uv": [3, 7.75, 4.25, 8], "rotation": 90, "texture": "#2"}
			}
		},
		{
			"from": [7.875, -4.175, 6.95],
			"to": [8.875, -3.675, 7.9],
			"rotation": {"angle": 0, "axis": "x", "origin": [-1, 0, 0]},
			"faces": {
				"north": {"uv": [6.5, 8.5, 7.5, 9], "rotation": 180, "texture": "#2"},
				"east": {"uv": [10, 8.5, 11.25, 9], "rotation": 180, "texture": "#2"},
				"south": {"uv": [7.5, 8.5, 6.5, 9], "rotation": 180, "texture": "#2"},
				"west": {"uv": [2.5, 8.5, 3.75, 9], "rotation": 180, "texture": "#2"},
				"up": {"uv": [10, 8.75, 11.25, 9], "rotation": 90, "texture": "#2"},
				"down": {"uv": [2.5, 8.5, 3.75, 8.75], "rotation": 90, "texture": "#2"}
			}
		},
		{
			"from": [8.125, -4.675, 6.95],
			"to": [9.125, -4.175, 7.9],
			"rotation": {"angle": 0, "axis": "x", "origin": [-1, 0, 0]},
			"faces": {
				"north": {"uv": [6.75, 8, 7.75, 8.5], "rotation": 180, "texture": "#2"},
				"east": {"uv": [10.25, 8, 11.5, 8.5], "rotation": 180, "texture": "#2"},
				"south": {"uv": [7.75, 8, 6.75, 8.5], "rotation": 180, "texture": "#2"},
				"west": {"uv": [2.75, 8, 4, 8.5], "rotation": 180, "texture": "#2"},
				"up": {"uv": [10.25, 8.25, 11.5, 8.5], "rotation": 90, "texture": "#2"},
				"down": {"uv": [2.75, 8, 4, 8.25], "rotation": 90, "texture": "#2"}
			}
		},
		{
			"from": [7.625, -3.675, 6.95],
			"to": [8.625, -3.175, 7.9],
			"rotation": {"angle": 0, "axis": "x", "origin": [-1, 0, 0]},
			"faces": {
				"north": {"uv": [6.25, 9, 7.25, 9.5], "rotation": 180, "texture": "#2"},
				"east": {"uv": [9.75, 9, 11, 9.5], "rotation": 180, "texture": "#2"},
				"south": {"uv": [7.25, 9, 6.25, 9.5], "rotation": 180, "texture": "#2"},
				"west": {"uv": [2.25, 9, 3.5, 9.5], "rotation": 180, "texture": "#2"},
				"up": {"uv": [9.75, 9.25, 11, 9.5], "rotation": 90, "texture": "#2"},
				"down": {"uv": [2.25, 9, 3.5, 9.25], "rotation": 90, "texture": "#2"}
			}
		},
		{
			"from": [7.375, -3.175, 6.95],
			"to": [8.375, -2.425, 7.9],
			"rotation": {"angle": 0, "axis": "x", "origin": [-1, 0, 0]},
			"faces": {
				"north": {"uv": [6, 9.5, 7, 10.25], "rotation": 180, "texture": "#2"},
				"east": {"uv": [9.5, 9.5, 10.75, 10.25], "rotation": 180, "texture": "#2"},
				"south": {"uv": [7, 9.5, 6, 10.25], "rotation": 180, "texture": "#2"},
				"west": {"uv": [2, 9.5, 3.25, 10.25], "rotation": 180, "texture": "#2"},
				"up": {"uv": [9.5, 10, 10.75, 10.25], "rotation": 90, "texture": "#2"},
				"down": {"uv": [2, 9.5, 3.25, 9.75], "rotation": 90, "texture": "#2"}
			}
		},
		{
			"from": [7.125, -2.425, 6.95],
			"to": [8.375, -1.675, 7.9],
			"rotation": {"angle": 0, "axis": "x", "origin": [-1, 0, 0]},
			"faces": {
				"north": {"uv": [5.75, 10.25, 7, 11], "rotation": 180, "texture": "#2"},
				"east": {"uv": [9.5, 10.25, 10.75, 11], "rotation": 180, "texture": "#2"},
				"south": {"uv": [7, 10.25, 5.75, 11], "rotation": 180, "texture": "#2"},
				"west": {"uv": [2, 10.25, 3.25, 11], "rotation": 180, "texture": "#2"},
				"up": {"uv": [9.5, 10.75, 10.75, 11], "rotation": 90, "texture": "#2"},
				"down": {"uv": [2, 10.25, 3.25, 10.5], "rotation": 90, "texture": "#2"}
			}
		},
		{
			"from": [7.125, 2.325, 7.15],
			"to": [7.875, 3.325, 7.7],
			"rotation": {"angle": 0, "axis": "x", "origin": [-1, 0, 0]},
			"faces": {
				"north": {"uv": [5.75, 15, 6.5, 16], "rotation": 180, "texture": "#2"},
				"east": {"uv": [9.5, 15, 10.25, 16], "rotation": 180, "texture": "#2"},
				"south": {"uv": [6.5, 15, 5.75, 16], "rotation": 180, "texture": "#2"},
				"west": {"uv": [2, 15, 2.75, 16], "rotation": 180, "texture": "#2"},
				"up": {"uv": [9.5, 15.75, 10.25, 16], "rotation": 90, "texture": "#2"},
				"down": {"uv": [5.75, 15, 6.5, 15.25], "rotation": 90, "texture": "#2"}
			}
		},
		{
			"from": [6.875, 1.825, 7.15],
			"to": [7.875, 2.325, 7.7],
			"rotation": {"angle": 0, "axis": "x", "origin": [-1, 0, 0]},
			"faces": {
				"north": {"uv": [5.5, 14.5, 6.5, 15], "rotation": 180, "texture": "#2"},
				"east": {"uv": [9.5, 14.5, 10.25, 15], "rotation": 180, "texture": "#2"},
				"south": {"uv": [6.5, 14.5, 5.5, 15], "rotation": 180, "texture": "#2"},
				"west": {"uv": [2, 14.5, 2.75, 15], "rotation": 180, "texture": "#2"},
				"up": {"uv": [5.5, 14.75, 6.5, 15], "texture": "#2"},
				"down": {"uv": [5.5, 14.5, 6.5, 14.75], "texture": "#2"}
			}
		},
		{
			"from": [6.625, 1.575, 7.15],
			"to": [7.875, 1.825, 7.7],
			"rotation": {"angle": 0, "axis": "x", "origin": [-1, 0, 0]},
			"faces": {
				"north": {"uv": [5.25, 14.25, 6.5, 14.5], "rotation": 180, "texture": "#2"},
				"east": {"uv": [9.5, 14.25, 10.25, 14.5], "rotation": 180, "texture": "#2"},
				"south": {"uv": [6.5, 14.25, 5.25, 14.5], "rotation": 180, "texture": "#2"},
				"west": {"uv": [2, 14.25, 2.75, 14.5], "rotation": 180, "texture": "#2"},
				"up": {"uv": [5.25, 14.25, 6.5, 14.5], "texture": "#2"},
				"down": {"uv": [5.25, 14.25, 6.5, 14.5], "texture": "#2"}
			}
		},
		{
			"from": [6.875, -1.675, 6.95],
			"to": [8.125, -0.675, 7.9],
			"rotation": {"angle": 0, "axis": "x", "origin": [-1, 0, 0]},
			"faces": {
				"north": {"uv": [5.5, 11, 6.75, 12], "rotation": 180, "texture": "#2"},
				"east": {"uv": [9.25, 11, 10.5, 12], "rotation": 180, "texture": "#2"},
				"south": {"uv": [6.75, 11, 5.5, 12], "rotation": 180, "texture": "#2"},
				"west": {"uv": [1.75, 11, 3, 12], "rotation": 180, "texture": "#2"},
				"up": {"uv": [9.25, 11.75, 10.5, 12], "rotation": 90, "texture": "#2"},
				"down": {"uv": [1.75, 11, 3, 11.25], "rotation": 90, "texture": "#2"}
			}
		},
		{
			"from": [6.375, 0.575, 6.95],
			"to": [8.125, 1.575, 7.9],
			"rotation": {"angle": 0, "axis": "x", "origin": [-1, 0, 0]},
			"faces": {
				"north": {"uv": [5, 13.25, 6.75, 14.25], "rotation": 180, "texture": "#2"},
				"east": {"uv": [9.25, 13.25, 10.5, 14.25], "rotation": 180, "texture": "#2"},
				"south": {"uv": [6.75, 13.25, 5, 14.25], "rotation": 180, "texture": "#2"},
				"west": {"uv": [1.75, 13.25, 3, 14.25], "rotation": 180, "texture": "#2"},
				"up": {"uv": [9.25, 14, 10.5, 14.25], "rotation": 90, "texture": "#2"},
				"down": {"uv": [1.75, 13.25, 3, 13.5], "rotation": 90, "texture": "#2"}
			}
		},
		{
			"from": [6.625, -0.675, 6.95],
			"to": [8.125, 0.575, 7.9],
			"rotation": {"angle": 0, "axis": "x", "origin": [-1, 0, 0]},
			"faces": {
				"north": {"uv": [5.25, 12, 6.75, 13.25], "rotation": 180, "texture": "#2"},
				"east": {"uv": [9.25, 12, 10.5, 13.25], "rotation": 180, "texture": "#2"},
				"south": {"uv": [6.75, 12, 5.25, 13.25], "rotation": 180, "texture": "#2"},
				"west": {"uv": [1.75, 12, 3, 13.25], "rotation": 180, "texture": "#2"},
				"up": {"uv": [9.25, 13, 10.5, 13.25], "rotation": 90, "texture": "#2"},
				"down": {"uv": [1.75, 12, 3, 12.25], "rotation": 90, "texture": "#2"}
			}
		},
		{
			"from": [6.375, 5.075, 6.95],
			"to": [8.125, 6.075, 7.9],
			"rotation": {"angle": 0, "axis": "y", "origin": [-1, 0, 0]},
			"faces": {
				"north": {"uv": [6.75, 13.25, 5, 14.25], "texture": "#2"},
				"east": {"uv": [9.25, 13.25, 10.5, 14.25], "texture": "#2"},
				"south": {"uv": [5, 13.25, 6.75, 14.25], "texture": "#2"},
				"west": {"uv": [1.75, 13.25, 3, 14.25], "texture": "#2"},
				"up": {"uv": [1.75, 13.25, 3, 13.5], "rotation": 90, "texture": "#2"},
				"down": {"uv": [9.25, 14, 10.5, 14.25], "rotation": 90, "texture": "#2"}
			}
		},
		{
			"from": [6.875, 7.325, 6.95],
			"to": [8.125, 8.325, 7.9],
			"rotation": {"angle": 0, "axis": "y", "origin": [-1, 0, 0]},
			"faces": {
				"north": {"uv": [6.75, 11, 5.5, 12], "texture": "#2"},
				"east": {"uv": [9.25, 11, 10.5, 12], "texture": "#2"},
				"south": {"uv": [5.5, 11, 6.75, 12], "texture": "#2"},
				"west": {"uv": [1.75, 11, 3, 12], "texture": "#2"},
				"up": {"uv": [1.75, 11, 3, 11.25], "rotation": 90, "texture": "#2"},
				"down": {"uv": [9.25, 11.75, 10.5, 12], "rotation": 90, "texture": "#2"}
			}
		},
		{
			"from": [6.625, 4.825, 7.15],
			"to": [7.875, 5.075, 7.7],
			"rotation": {"angle": 0, "axis": "y", "origin": [-1, 0, 0]},
			"faces": {
				"north": {"uv": [6.5, 14.25, 5.25, 14.5], "texture": "#2"},
				"east": {"uv": [9.5, 14.25, 10.25, 14.5], "texture": "#2"},
				"south": {"uv": [5.25, 14.25, 6.5, 14.5], "texture": "#2"},
				"west": {"uv": [2, 14.25, 2.75, 14.5], "texture": "#2"},
				"up": {"uv": [5.25, 14.25, 6.5, 14.5], "texture": "#2"},
				"down": {"uv": [5.25, 14.25, 6.5, 14.5], "texture": "#2"}
			}
		},
		{
			"from": [6.875, 4.325, 7.15],
			"to": [7.875, 4.825, 7.7],
			"rotation": {"angle": 0, "axis": "y", "origin": [-1, 0, 0]},
			"faces": {
				"north": {"uv": [6.5, 14.5, 5.5, 15], "texture": "#2"},
				"east": {"uv": [9.5, 14.5, 10.25, 15], "texture": "#2"},
				"south": {"uv": [5.5, 14.5, 6.5, 15], "texture": "#2"},
				"west": {"uv": [2, 14.5, 2.75, 15], "texture": "#2"},
				"up": {"uv": [5.5, 14.5, 6.5, 14.75], "texture": "#2"},
				"down": {"uv": [5.5, 14.75, 6.5, 15], "texture": "#2"}
			}
		},
		{
			"from": [7.125, 3.325, 7.15],
			"to": [7.875, 4.325, 7.7],
			"rotation": {"angle": 0, "axis": "y", "origin": [-1, 0, 0]},
			"faces": {
				"north": {"uv": [6.5, 15, 5.75, 16], "texture": "#2"},
				"east": {"uv": [9.5, 15, 10.25, 16], "texture": "#2"},
				"south": {"uv": [5.75, 15, 6.5, 16], "texture": "#2"},
				"west": {"uv": [2, 15, 2.75, 16], "texture": "#2"},
				"up": {"uv": [5.75, 15, 6.5, 15.25], "rotation": 90, "texture": "#2"},
				"down": {"uv": [9.5, 15.75, 10.25, 16], "rotation": 90, "texture": "#2"}
			}
		},
		{
			"from": [7.125, 8.325, 6.95],
			"to": [8.375, 9.075, 7.9],
			"rotation": {"angle": 0, "axis": "y", "origin": [-1, 0, 0]},
			"faces": {
				"north": {"uv": [7, 10.25, 5.75, 11], "texture": "#2"},
				"east": {"uv": [9.5, 10.25, 10.75, 11], "texture": "#2"},
				"south": {"uv": [5.75, 10.25, 7, 11], "texture": "#2"},
				"west": {"uv": [2, 10.25, 3.25, 11], "texture": "#2"},
				"up": {"uv": [2, 10.25, 3.25, 10.5], "rotation": 90, "texture": "#2"},
				"down": {"uv": [9.5, 10.75, 10.75, 11], "rotation": 90, "texture": "#2"}
			}
		},
		{
			"from": [7.375, 9.075, 6.95],
			"to": [8.375, 9.825, 7.9],
			"rotation": {"angle": 0, "axis": "y", "origin": [-1, 0, 0]},
			"faces": {
				"north": {"uv": [7, 9.5, 6, 10.25], "texture": "#2"},
				"east": {"uv": [9.5, 9.5, 10.75, 10.25], "texture": "#2"},
				"south": {"uv": [6, 9.5, 7, 10.25], "texture": "#2"},
				"west": {"uv": [2, 9.5, 3.25, 10.25], "texture": "#2"},
				"up": {"uv": [2, 9.5, 3.25, 9.75], "rotation": 90, "texture": "#2"},
				"down": {"uv": [9.5, 10, 10.75, 10.25], "rotation": 90, "texture": "#2"}
			}
		},
		{
			"from": [7.625, 9.825, 6.95],
			"to": [8.625, 10.325, 7.9],
			"rotation": {"angle": 0, "axis": "y", "origin": [-1, 0, 0]},
			"faces": {
				"north": {"uv": [7.25, 9, 6.25, 9.5], "texture": "#2"},
				"east": {"uv": [9.75, 9, 11, 9.5], "texture": "#2"},
				"south": {"uv": [6.25, 9, 7.25, 9.5], "texture": "#2"},
				"west": {"uv": [2.25, 9, 3.5, 9.5], "texture": "#2"},
				"up": {"uv": [2.25, 9, 3.5, 9.25], "rotation": 90, "texture": "#2"},
				"down": {"uv": [9.75, 9.25, 11, 9.5], "rotation": 90, "texture": "#2"}
			}
		},
		{
			"from": [8.125, 10.825, 6.95],
			"to": [9.125, 11.325, 7.9],
			"rotation": {"angle": 0, "axis": "y", "origin": [-1, 0, 0]},
			"faces": {
				"north": {"uv": [7.75, 8, 6.75, 8.5], "texture": "#2"},
				"east": {"uv": [10.25, 8, 11.5, 8.5], "texture": "#2"},
				"south": {"uv": [6.75, 8, 7.75, 8.5], "texture": "#2"},
				"west": {"uv": [2.75, 8, 4, 8.5], "texture": "#2"},
				"up": {"uv": [2.75, 8, 4, 8.25], "rotation": 90, "texture": "#2"},
				"down": {"uv": [10.25, 8.25, 11.5, 8.5], "rotation": 90, "texture": "#2"}
			}
		},
		{
			"from": [7.875, 10.325, 6.95],
			"to": [8.875, 10.825, 7.9],
			"rotation": {"angle": 0, "axis": "y", "origin": [-1, 0, 0]},
			"faces": {
				"north": {"uv": [7.5, 8.5, 6.5, 9], "texture": "#2"},
				"east": {"uv": [10, 8.5, 11.25, 9], "texture": "#2"},
				"south": {"uv": [6.5, 8.5, 7.5, 9], "texture": "#2"},
				"west": {"uv": [2.5, 8.5, 3.75, 9], "texture": "#2"},
				"up": {"uv": [2.5, 8.5, 3.75, 8.75], "rotation": 90, "texture": "#2"},
				"down": {"uv": [10, 8.75, 11.25, 9], "rotation": 90, "texture": "#2"}
			}
		},
		{
			"from": [8.375, 11.325, 7.05],
			"to": [9.375, 11.575, 7.8],
			"rotation": {"angle": 0, "axis": "y", "origin": [-1, 0, 0]},
			"faces": {
				"north": {"uv": [8, 7.75, 7, 8], "texture": "#2"},
				"east": {"uv": [10.5, 7.75, 11.75, 8], "texture": "#2"},
				"south": {"uv": [7, 7.75, 8, 8], "texture": "#2"},
				"west": {"uv": [3, 7.75, 4.25, 8], "texture": "#2"},
				"up": {"uv": [3, 7.75, 4.25, 8], "rotation": 90, "texture": "#2"},
				"down": {"uv": [10.5, 7.75, 11.75, 8], "rotation": 90, "texture": "#2"}
			}
		},
		{
			"from": [8.625, 11.575, 7.05],
			"to": [9.625, 11.825, 7.8],
			"rotation": {"angle": 0, "axis": "y", "origin": [-1, 0, 0]},
			"faces": {
				"north": {"uv": [8.25, 7.5, 7.25, 7.75], "texture": "#2"},
				"east": {"uv": [10.75, 7.5, 12, 7.75], "texture": "#2"},
				"south": {"uv": [7.25, 7.5, 8.25, 7.75], "texture": "#2"},
				"west": {"uv": [3.25, 7.5, 4.5, 7.75], "texture": "#2"},
				"up": {"uv": [3.25, 7.5, 4.5, 7.75], "rotation": 90, "texture": "#2"},
				"down": {"uv": [10.75, 7.5, 12, 7.75], "rotation": 90, "texture": "#2"}
			}
		},
		{
			"from": [8.875, 11.825, 7.05],
			"to": [9.875, 12.075, 7.8],
			"rotation": {"angle": 0, "axis": "y", "origin": [-1, 0, 0]},
			"faces": {
				"north": {"uv": [8.5, 7.25, 7.5, 7.5], "texture": "#2"},
				"east": {"uv": [11, 7.25, 12.25, 7.5], "texture": "#2"},
				"south": {"uv": [7.5, 7.25, 8.5, 7.5], "texture": "#2"},
				"west": {"uv": [3.5, 7.25, 4.75, 7.5], "texture": "#2"},
				"up": {"uv": [3.5, 7.25, 4.75, 7.5], "rotation": 90, "texture": "#2"},
				"down": {"uv": [11, 7.25, 12.25, 7.5], "rotation": 90, "texture": "#2"}
			}
		},
		{
			"from": [9.125, 12.075, 7.05],
			"to": [10.125, 12.325, 7.8],
			"rotation": {"angle": 0, "axis": "y", "origin": [-1, 0, 0]},
			"faces": {
				"north": {"uv": [8.75, 7, 7.75, 7.25], "texture": "#2"},
				"east": {"uv": [11.25, 7, 12.5, 7.25], "texture": "#2"},
				"south": {"uv": [7.75, 7, 8.75, 7.25], "texture": "#2"},
				"west": {"uv": [3.75, 7, 5, 7.25], "texture": "#2"},
				"up": {"uv": [3.75, 7, 5, 7.25], "rotation": 90, "texture": "#2"},
				"down": {"uv": [11.25, 7, 12.5, 7.25], "rotation": 90, "texture": "#2"}
			}
		},
		{
			"from": [9.375, 12.325, 7.05],
			"to": [10.375, 12.575, 7.8],
			"rotation": {"angle": 0, "axis": "y", "origin": [-1, 0, 0]},
			"faces": {
				"north": {"uv": [9, 6.75, 8, 7], "texture": "#2"},
				"east": {"uv": [11.5, 6.75, 12.75, 7], "texture": "#2"},
				"south": {"uv": [8, 6.75, 9, 7], "texture": "#2"},
				"west": {"uv": [4, 6.75, 5.25, 7], "texture": "#2"},
				"up": {"uv": [4, 6.75, 5.25, 7], "rotation": 90, "texture": "#2"},
				"down": {"uv": [11.5, 6.75, 12.75, 7], "rotation": 90, "texture": "#2"}
			}
		},
		{
			"from": [9.625, 12.575, 7.05],
			"to": [10.625, 12.825, 7.8],
			"rotation": {"angle": 0, "axis": "y", "origin": [-1, 0, 0]},
			"faces": {
				"north": {"uv": [9.25, 6.5, 8.25, 6.75], "texture": "#2"},
				"east": {"uv": [11.75, 6.5, 13, 6.75], "texture": "#2"},
				"south": {"uv": [8.25, 6.5, 9.25, 6.75], "texture": "#2"},
				"west": {"uv": [4.25, 6.5, 5.5, 6.75], "texture": "#2"},
				"up": {"uv": [4.25, 6.5, 5.5, 6.75], "rotation": 90, "texture": "#2"},
				"down": {"uv": [11.75, 6.5, 13, 6.75], "rotation": 90, "texture": "#2"}
			}
		},
		{
			"from": [9.875, 12.825, 7.05],
			"to": [10.875, 13.075, 7.8],
			"rotation": {"angle": 0, "axis": "y", "origin": [-1, 0, 0]},
			"faces": {
				"north": {"uv": [9.5, 6.25, 8.5, 6.5], "texture": "#2"},
				"east": {"uv": [12, 6.25, 13.25, 6.5], "texture": "#2"},
				"south": {"uv": [8.5, 6.25, 9.5, 6.5], "texture": "#2"},
				"west": {"uv": [4.5, 6.25, 5.75, 6.5], "texture": "#2"},
				"up": {"uv": [4.5, 6.25, 5.75, 6.5], "rotation": 90, "texture": "#2"},
				"down": {"uv": [12, 6.25, 13.25, 6.5], "rotation": 90, "texture": "#2"}
			}
		},
		{
			"from": [10.125, 13.075, 7.05],
			"to": [11.125, 13.325, 7.8],
			"rotation": {"angle": 0, "axis": "y", "origin": [-1, 0, 0]},
			"faces": {
				"north": {"uv": [9.75, 6, 8.75, 6.25], "texture": "#2"},
				"east": {"uv": [12.25, 6, 13.5, 6.25], "texture": "#2"},
				"south": {"uv": [8.75, 6, 9.75, 6.25], "texture": "#2"},
				"west": {"uv": [4.75, 6, 6, 6.25], "texture": "#2"},
				"up": {"uv": [4.75, 6, 6, 6.25], "rotation": 90, "texture": "#2"},
				"down": {"uv": [12.25, 6, 13.5, 6.25], "rotation": 90, "texture": "#2"}
			}
		},
		{
			"from": [10.375, 13.325, 7.05],
			"to": [11.375, 13.575, 7.8],
			"rotation": {"angle": 0, "axis": "y", "origin": [-1, 0, 0]},
			"faces": {
				"north": {"uv": [10, 5.75, 9, 6], "texture": "#2"},
				"east": {"uv": [12.5, 5.75, 13.75, 6], "texture": "#2"},
				"south": {"uv": [9, 5.75, 10, 6], "texture": "#2"},
				"west": {"uv": [5, 5.75, 6.25, 6], "texture": "#2"},
				"up": {"uv": [5, 5.75, 6.25, 6], "rotation": 90, "texture": "#2"},
				"down": {"uv": [12.5, 5.75, 13.75, 6], "rotation": 90, "texture": "#2"}
			}
		},
		{
			"from": [10.625, 13.575, 7.05],
			"to": [11.625, 13.825, 7.8],
			"rotation": {"angle": 0, "axis": "y", "origin": [-1, 0, 0]},
			"faces": {
				"north": {"uv": [10.25, 5.5, 9.25, 5.75], "texture": "#2"},
				"east": {"uv": [12.75, 5.5, 14, 5.75], "texture": "#2"},
				"south": {"uv": [9.25, 5.5, 10.25, 5.75], "texture": "#2"},
				"west": {"uv": [5.25, 5.5, 6.5, 5.75], "texture": "#2"},
				"up": {"uv": [5.25, 5.5, 6.5, 5.75], "rotation": 90, "texture": "#2"},
				"down": {"uv": [12.75, 5.5, 14, 5.75], "rotation": 90, "texture": "#2"}
			}
		},
		{
			"from": [11.125, 14.075, 7.05],
			"to": [12.125, 14.325, 7.8],
			"rotation": {"angle": 0, "axis": "y", "origin": [-1, 0, 0]},
			"faces": {
				"north": {"uv": [10.75, 5, 9.75, 5.25], "texture": "#2"},
				"east": {"uv": [13.25, 5, 14.5, 5.25], "texture": "#2"},
				"south": {"uv": [9.75, 5, 10.75, 5.25], "texture": "#2"},
				"west": {"uv": [5.75, 5, 7, 5.25], "texture": "#2"},
				"up": {"uv": [5.75, 5, 7, 5.25], "rotation": 90, "texture": "#2"},
				"down": {"uv": [13.25, 5, 14.5, 5.25], "rotation": 90, "texture": "#2"}
			}
		},
		{
			"from": [10.875, 13.825, 7.05],
			"to": [11.875, 14.075, 7.8],
			"rotation": {"angle": 0, "axis": "y", "origin": [-1, 0, 0]},
			"faces": {
				"north": {"uv": [10.5, 5.25, 9.5, 5.5], "texture": "#2"},
				"east": {"uv": [13, 5.25, 14.25, 5.5], "texture": "#2"},
				"south": {"uv": [9.5, 5.25, 10.5, 5.5], "texture": "#2"},
				"west": {"uv": [5.5, 5.25, 6.75, 5.5], "texture": "#2"},
				"up": {"uv": [5.5, 5.25, 6.75, 5.5], "rotation": 90, "texture": "#2"},
				"down": {"uv": [13, 5.25, 14.25, 5.5], "rotation": 90, "texture": "#2"}
			}
		},
		{
			"from": [11.375, 14.325, 7.05],
			"to": [12.375, 14.575, 7.8],
			"rotation": {"angle": 0, "axis": "y", "origin": [-1, 0, 0]},
			"faces": {
				"north": {"uv": [11, 4.75, 10, 5], "texture": "#2"},
				"east": {"uv": [13.5, 4.75, 14.75, 5], "texture": "#2"},
				"south": {"uv": [10, 4.75, 11, 5], "texture": "#2"},
				"west": {"uv": [6, 4.75, 7.25, 5], "texture": "#2"},
				"up": {"uv": [6, 4.75, 7.25, 5], "rotation": 90, "texture": "#2"},
				"down": {"uv": [13.5, 4.75, 14.75, 5], "rotation": 90, "texture": "#2"}
			}
		},
		{
			"from": [11.625, 14.575, 7.125],
			"to": [12.375, 14.825, 7.725],
			"rotation": {"angle": 0, "axis": "y", "origin": [-1, 0, 0]},
			"faces": {
				"north": {"uv": [11, 4.5, 10.25, 4.75], "texture": "#2"},
				"east": {"uv": [13.75, 4.5, 14.75, 4.75], "texture": "#2"},
				"south": {"uv": [10.25, 4.5, 11, 4.75], "texture": "#2"},
				"west": {"uv": [6.25, 4.5, 7.25, 4.75], "texture": "#2"},
				"up": {"uv": [6.25, 4.5, 7.25, 4.75], "rotation": 90, "texture": "#2"},
				"down": {"uv": [13.75, 4.5, 14.75, 4.75], "rotation": 90, "texture": "#2"}
			}
		},
		{
			"from": [11.875, 14.825, 7.125],
			"to": [12.625, 15.325, 7.725],
			"rotation": {"angle": 0, "axis": "y", "origin": [-1, 0, 0]},
			"faces": {
				"north": {"uv": [11.25, 4, 10.5, 4.5], "texture": "#2"},
				"east": {"uv": [14, 4, 15, 4.5], "texture": "#2"},
				"south": {"uv": [10.5, 4, 11.25, 4.5], "texture": "#2"},
				"west": {"uv": [6.5, 4, 7.5, 4.5], "texture": "#2"},
				"up": {"uv": [6.5, 4, 7.5, 4.25], "rotation": 90, "texture": "#2"},
				"down": {"uv": [14, 4.25, 15, 4.5], "rotation": 90, "texture": "#2"}
			}
		},
		{
			"from": [12.125, 15.325, 7.125],
			"to": [12.875, 15.825, 7.725],
			"rotation": {"angle": 0, "axis": "y", "origin": [-1, 0, 0]},
			"faces": {
				"north": {"uv": [11.5, 3.5, 10.75, 4], "texture": "#2"},
				"east": {"uv": [14.25, 3.5, 15.25, 4], "texture": "#2"},
				"south": {"uv": [10.75, 3.5, 11.5, 4], "texture": "#2"},
				"west": {"uv": [6.75, 3.5, 7.75, 4], "texture": "#2"},
				"up": {"uv": [6.75, 3.5, 7.75, 3.75], "rotation": 90, "texture": "#2"},
				"down": {"uv": [14.25, 3.75, 15.25, 4], "rotation": 90, "texture": "#2"}
			}
		},
		{
			"from": [12.375, 15.825, 7.125],
			"to": [13.125, 16.325, 7.725],
			"rotation": {"angle": 0, "axis": "y", "origin": [-1, 0, 0]},
			"faces": {
				"north": {"uv": [11.75, 3, 11, 3.5], "texture": "#2"},
				"east": {"uv": [14.5, 3, 15.5, 3.5], "texture": "#2"},
				"south": {"uv": [11, 3, 11.75, 3.5], "texture": "#2"},
				"west": {"uv": [7, 3, 8, 3.5], "texture": "#2"},
				"up": {"uv": [7, 3, 8, 3.25], "rotation": 90, "texture": "#2"},
				"down": {"uv": [14.5, 3.25, 15.5, 3.5], "rotation": 90, "texture": "#2"}
			}
		},
		{
			"from": [12.625, 16.325, 7.125],
			"to": [13.125, 16.825, 7.725],
			"rotation": {"angle": 0, "axis": "y", "origin": [-1, 0, 0]},
			"faces": {
				"north": {"uv": [11.75, 2.5, 11.25, 3], "texture": "#2"},
				"east": {"uv": [14.75, 2.5, 15.5, 3], "texture": "#2"},
				"south": {"uv": [11.25, 2.5, 11.75, 3], "texture": "#2"},
				"west": {"uv": [7.25, 2.5, 8, 3], "texture": "#2"},
				"up": {"uv": [7.25, 2.5, 8, 2.75], "rotation": 90, "texture": "#2"},
				"down": {"uv": [14.75, 2.75, 15.5, 3], "rotation": 90, "texture": "#2"}
			}
		},
		{
			"from": [12.875, 16.825, 7.125],
			"to": [13.375, 17.575, 7.725],
			"rotation": {"angle": 0, "axis": "y", "origin": [-1, 0, 0]},
			"faces": {
				"north": {"uv": [12, 1.75, 11.5, 2.5], "texture": "#2"},
				"east": {"uv": [15, 1.75, 15.75, 2.5], "texture": "#2"},
				"south": {"uv": [11.5, 1.75, 12, 2.5], "texture": "#2"},
				"west": {"uv": [7.5, 1.75, 8.25, 2.5], "texture": "#2"},
				"up": {"uv": [7.5, 1.75, 8.25, 2], "rotation": 90, "texture": "#2"},
				"down": {"uv": [15, 2.25, 15.75, 2.5], "rotation": 90, "texture": "#2"}
			}
		},
		{
			"from": [13.125, 17.575, 7.125],
			"to": [13.375, 18.075, 7.725],
			"rotation": {"angle": 0, "axis": "y", "origin": [-1, 0, 0]},
			"faces": {
				"north": {"uv": [12, 1.25, 11.75, 1.75], "texture": "#2"},
				"east": {"uv": [15.25, 1.25, 15.75, 1.75], "texture": "#2"},
				"south": {"uv": [11.75, 1.25, 12, 1.75], "texture": "#2"},
				"west": {"uv": [7.75, 1.25, 8.25, 1.75], "texture": "#2"},
				"up": {"uv": [7.75, 1.25, 8.25, 1.5], "rotation": 90, "texture": "#2"},
				"down": {"uv": [15.25, 1.5, 15.75, 1.75], "rotation": 90, "texture": "#2"}
			}
		},
		{
			"from": [12.875, 3.325, 7.45],
			"to": [13.125, 15.825, 7.45],
			"rotation": {"angle": 0, "axis": "y", "origin": [-1, 0, 0]},
			"faces": {
				"north": {"uv": [9, 3.5, 8.75, 16], "texture": "#1"},
				"south": {"uv": [8.75, 3.5, 9, 16], "texture": "#1"}
			}
		},
		{
			"from": [12.875, -9.175, 7.45],
			"to": [13.125, 3.325, 7.45],
			"rotation": {"angle": 0, "axis": "x", "origin": [-1, 0, 0]},
			"faces": {
				"north": {"uv": [8.75, 3.5, 9, 16], "rotation": 180, "texture": "#1"},
				"south": {"uv": [9, 3.5, 8.75, 16], "rotation": 180, "texture": "#1"}
			}
		}
	],
	"gui_light": "front",
	"overrides": [
		{"predicate": {"pulling": 1}, "model": "item/bow_pulling_0"},
		{"predicate": {"pulling": 1, "pull": 0.65}, "model": "item/bow_pulling_1"},
		{"predicate": {"pulling": 1, "pull": 0.9}, "model": "item/bow_pulling_2"}
	],
	"display": {
		"thirdperson_righthand": {
			"rotation": [0, -90, 0],
			"translation": [-1, 2.25, 0.5],
			"scale": [0.9, 0.9, 0.9]
		},
		"thirdperson_lefthand": {
			"rotation": [0, 90, 0],
			"translation": [0.25, 2.25, 0.5],
			"scale": [0.9, 0.9, 0.9]
		},
		"firstperson_righthand": {
			"rotation": [55, -90, 60],
			"translation": [-2.25, 7.25, 3.25],
			"scale": [0.45, 0.45, 0.45]
		},
		"firstperson_lefthand": {
			"rotation": [-65, 90, 60],
			"translation": [-1.25, 7.25, 3.25],
			"scale": [0.45, 0.45, 0.45]
		},
		"ground": {
			"rotation": [-45, 90, 0],
			"translation": [0, 3.5, -1],
			"scale": [0.45, 0.45, 0.45]
		},
		"gui": {
			"rotation": [0, 0, -45],
			"translation": [-0.25, 5.75, 0],
			"scale": [0.8, 0.8, 0.8]
		},
		"head": {
			"translation": [0, 9.75, 0]
		},
		"fixed": {
			"rotation": [180, 0, 135],
			"translation": [-0.75, 7, -0.5],
			"scale": [1.1, 1.1, 1.1]
		}
	}
}