{
	"credit": "Made with Blockbench",
	"textures": {
		"1": "./wasp_naginata",
		"particle": "./wasp_naginata"
	},
	"elements": [
		{
			"from": [7.325, -2.55, 7.125],
			"to": [8.075, 6.95, 7.875],
			"rotation": {"angle": 0, "axis": "y", "origin": [-0.1, 0.75, -6.5]},
			"faces": {
				"north": {"uv": [7, 0.375, 6.25, 10.625], "texture": "#1"},
				"east": {"uv": [7, 0.375, 7.75, 10.625], "texture": "#1"},
				"south": {"uv": [6.25, 0.375, 7, 10.625], "texture": "#1"},
				"west": {"uv": [5.5, 0.375, 6.25, 10.625], "texture": "#1"},
				"up": {"uv": [6.25, 0.375, 7, 0.5], "texture": "#1"},
				"down": {"uv": [7, 10.5, 6.25, 10.625], "rotation": 180, "texture": "#1"}
			}
		},
		{
			"from": [7.325, -7.425, 7.125],
			"to": [8.075, -3.3, 7.875],
			"rotation": {"angle": 0, "axis": "y", "origin": [-0.1, 0.75, -6.5]},
			"faces": {
				"north": {"uv": [7, 11.375, 6.25, 15.5], "texture": "#1"},
				"east": {"uv": [7, 11.375, 7.75, 15.5], "texture": "#1"},
				"south": {"uv": [6.25, 11.375, 7, 15.5], "texture": "#1"},
				"west": {"uv": [5.5, 11.375, 6.25, 15.5], "texture": "#1"},
				"up": {"uv": [6.25, 11.375, 7, 11.5], "texture": "#1"},
				"down": {"uv": [7, 15.375, 6.25, 15.5], "rotation": 180, "texture": "#1"}
			}
		},
		{
			"from": [7.325, 7.7, 7.125],
			"to": [8.075, 11.825, 7.875],
			"rotation": {"angle": 0, "axis": "y", "origin": [-0.1, 0.75, -6.5]},
			"faces": {
				"north": {"uv": [3, 9.625, 2.25, 13.75], "texture": "#1"},
				"east": {"uv": [3, 9.625, 3.75, 13.75], "texture": "#1"},
				"south": {"uv": [2.25, 9.625, 3, 13.75], "texture": "#1"},
				"west": {"uv": [1.5, 9.625, 2.25, 13.75], "texture": "#1"},
				"up": {"uv": [2.25, 9.625, 3, 9.75], "texture": "#1"},
				"down": {"uv": [3, 13.625, 2.25, 13.75], "rotation": 180, "texture": "#1"}
			}
		},
		{
			"from": [7.325, -3.175, 7.125],
			"to": [8.075, -2.675, 7.875],
			"faces": {
				"north": {"uv": [7, 10.75, 6.25, 11.25], "texture": "#1"},
				"east": {"uv": [6.875, 10.75, 7, 11.25], "texture": "#1"},
				"south": {"uv": [6.25, 10.75, 7, 11.25], "texture": "#1"},
				"west": {"uv": [6.25, 10.75, 6.375, 11.25], "texture": "#1"},
				"up": {"uv": [6.25, 10.875, 7, 10.75], "texture": "#1"},
				"down": {"uv": [6.25, 11.25, 7, 11.125], "texture": "#1"}
			}
		},
		{
			"from": [7.325, -7.8, 7.125],
			"to": [8.075, -7.675, 7.875],
			"faces": {
				"north": {"uv": [7, 15.75, 6.25, 15.875], "texture": "#1"},
				"east": {"uv": [6.875, 15.75, 7, 15.875], "texture": "#1"},
				"south": {"uv": [6.25, 15.75, 7, 15.875], "texture": "#1"},
				"west": {"uv": [6.25, 15.75, 6.375, 15.875], "texture": "#1"},
				"up": {"uv": [6.25, 15.875, 7, 15.75], "texture": "#1"},
				"down": {"uv": [6.25, 15.875, 7, 15.75], "texture": "#1"}
			}
		},
		{
			"from": [7.575, -7.925, 7.4],
			"to": [7.825, -7.8, 7.65],
			"faces": {
				"north": {"uv": [6.75, 15.875, 6.5, 16], "texture": "#1"},
				"east": {"uv": [6.625, 15.875, 6.75, 16], "texture": "#1"},
				"south": {"uv": [6.5, 15.875, 6.75, 16], "texture": "#1"},
				"west": {"uv": [6.5, 15.875, 6.625, 16], "texture": "#1"},
				"up": {"uv": [6.5, 16, 6.75, 15.875], "texture": "#1"},
				"down": {"uv": [6.5, 16, 6.75, 15.875], "texture": "#1"}
			}
		},
		{
			"from": [7.225, -7.675, 7],
			"to": [8.225, -7.425, 8],
			"faces": {
				"north": {"uv": [7.125, 15.5, 6.125, 15.75], "texture": "#1"},
				"east": {"uv": [7, 15.5, 7.125, 15.75], "texture": "#1"},
				"south": {"uv": [6.125, 15.5, 7.125, 15.75], "texture": "#1"},
				"west": {"uv": [6.125, 15.5, 6.25, 15.75], "texture": "#1"},
				"up": {"uv": [6.125, 15.625, 7.125, 15.5], "texture": "#1"},
				"down": {"uv": [6.125, 15.75, 7.125, 15.625], "texture": "#1"}
			}
		},
		{
			"from": [7.2, -2.675, 7],
			"to": [8.2, -2.55, 8],
			"faces": {
				"north": {"uv": [7.125, 10.625, 6.125, 10.75], "texture": "#1"},
				"east": {"uv": [7, 10.625, 7.125, 10.75], "texture": "#1"},
				"south": {"uv": [6.125, 10.625, 7.125, 10.75], "texture": "#1"},
				"west": {"uv": [6.125, 10.625, 6.25, 10.75], "texture": "#1"},
				"up": {"uv": [6.125, 10.75, 7.125, 10.625], "texture": "#1"},
				"down": {"uv": [6.125, 10.75, 7.125, 10.625], "texture": "#1"}
			}
		},
		{
			"from": [7.2, 6.95, 7],
			"to": [8.2, 7.075, 8],
			"faces": {
				"north": {"uv": [3.125, 14.375, 2.125, 14.5], "texture": "#1"},
				"east": {"uv": [3, 14.375, 3.125, 14.5], "texture": "#1"},
				"south": {"uv": [2.125, 14.375, 3.125, 14.5], "texture": "#1"},
				"west": {"uv": [2.125, 14.375, 2.25, 14.5], "texture": "#1"},
				"up": {"uv": [2.125, 14.5, 3.125, 14.375], "texture": "#1"},
				"down": {"uv": [2.125, 14.5, 3.125, 14.375], "texture": "#1"}
			}
		},
		{
			"from": [7.325, 7.075, 7.125],
			"to": [8.075, 7.575, 7.875],
			"faces": {
				"north": {"uv": [3, 13.875, 2.25, 14.375], "texture": "#1"},
				"east": {"uv": [2.875, 13.875, 3, 14.375], "texture": "#1"},
				"south": {"uv": [2.25, 13.875, 3, 14.375], "texture": "#1"},
				"west": {"uv": [2.25, 13.875, 2.375, 14.375], "texture": "#1"},
				"up": {"uv": [2.25, 14, 3, 13.875], "texture": "#1"},
				"down": {"uv": [2.25, 14.375, 3, 14.25], "texture": "#1"}
			}
		},
		{
			"from": [7.2, 7.575, 7],
			"to": [8.2, 7.7, 8],
			"faces": {
				"north": {"uv": [3.125, 13.75, 2.125, 13.875], "texture": "#1"},
				"east": {"uv": [3, 13.75, 3.125, 13.875], "texture": "#1"},
				"south": {"uv": [2.125, 13.75, 3.125, 13.875], "texture": "#1"},
				"west": {"uv": [2.125, 13.75, 2.25, 13.875], "texture": "#1"},
				"up": {"uv": [2.125, 13.875, 3.125, 13.75], "texture": "#1"},
				"down": {"uv": [2.125, 13.875, 3.125, 13.75], "texture": "#1"}
			}
		},
		{
			"from": [7.2, 11.825, 7],
			"to": [8.2, 12.45, 8],
			"faces": {
				"north": {"uv": [3.125, 9, 2.125, 9.625], "texture": "#1"},
				"east": {"uv": [3, 9, 3.125, 9.625], "texture": "#1"},
				"south": {"uv": [2.125, 9, 3.125, 9.625], "texture": "#1"},
				"west": {"uv": [2.125, 9, 2.25, 9.625], "texture": "#1"},
				"up": {"uv": [2.125, 9.125, 3.125, 9], "texture": "#1"},
				"down": {"uv": [2.125, 9.625, 3.125, 9.5], "texture": "#1"}
			}
		},
		{
			"from": [6.7, 12.45, 6.875],
			"to": [6.825, 12.725, 8.125],
			"faces": {
				"north": {"uv": [0.25, 7, 0.125, 7.125], "texture": "#1"},
				"east": {"uv": [0.125, 7, 0.25, 8.25], "rotation": 90, "texture": "#1"},
				"south": {"uv": [0.125, 8.125, 0.25, 8.25], "texture": "#1"},
				"west": {"uv": [0.125, 7, 0.25, 8.25], "rotation": 90, "texture": "#1"},
				"up": {"uv": [0.125, 7, 0.25, 8.25], "texture": "#1"},
				"down": {"uv": [0.25, 7, 0.125, 8.25], "rotation": 180, "texture": "#1"}
			}
		},
		{
			"from": [6.825, 12.45, 6.625],
			"to": [7.075, 12.725, 8.375],
			"faces": {
				"north": {"uv": [0.5, 6.75, 0.25, 6.875], "texture": "#1"},
				"east": {"uv": [0.375, 6.75, 0.5, 8.5], "rotation": 90, "texture": "#1"},
				"south": {"uv": [0.25, 8.375, 0.5, 8.5], "texture": "#1"},
				"west": {"uv": [0.25, 6.75, 0.375, 8.5], "rotation": 90, "texture": "#1"},
				"up": {"uv": [0.25, 6.75, 0.5, 8.5], "texture": "#1"},
				"down": {"uv": [0.5, 6.75, 0.25, 8.5], "rotation": 180, "texture": "#1"}
			}
		},
		{
			"from": [8.575, 12.45, 6.875],
			"to": [8.7, 12.725, 8.125],
			"faces": {
				"north": {"uv": [2.125, 7, 2, 7.125], "texture": "#1"},
				"east": {"uv": [2, 7, 2.125, 8.25], "rotation": 90, "texture": "#1"},
				"south": {"uv": [2, 8.125, 2.125, 8.25], "texture": "#1"},
				"west": {"uv": [2, 7, 2.125, 8.25], "rotation": 90, "texture": "#1"},
				"up": {"uv": [2, 7, 2.125, 8.25], "texture": "#1"},
				"down": {"uv": [2.125, 7, 2, 8.25], "rotation": 180, "texture": "#1"}
			}
		},
		{
			"from": [8.325, 12.45, 6.625],
			"to": [8.575, 12.725, 8.375],
			"faces": {
				"north": {"uv": [2, 6.75, 1.75, 6.875], "texture": "#1"},
				"east": {"uv": [1.875, 6.75, 2, 8.5], "rotation": 90, "texture": "#1"},
				"south": {"uv": [1.75, 8.375, 2, 8.5], "texture": "#1"},
				"west": {"uv": [1.75, 6.75, 1.875, 8.5], "rotation": 90, "texture": "#1"},
				"up": {"uv": [1.75, 6.75, 2, 8.5], "texture": "#1"},
				"down": {"uv": [2, 6.75, 1.75, 8.5], "rotation": 180, "texture": "#1"}
			}
		},
		{
			"from": [7.075, 12.45, 6.5],
			"to": [8.325, 12.725, 8.5],
			"faces": {
				"north": {"uv": [1.75, 6.625, 0.5, 6.75], "texture": "#1"},
				"east": {"uv": [1.625, 6.625, 1.75, 8.625], "rotation": 90, "texture": "#1"},
				"south": {"uv": [0.5, 8.5, 1.75, 8.625], "texture": "#1"},
				"west": {"uv": [0.5, 6.625, 0.625, 8.625], "rotation": 90, "texture": "#1"},
				"up": {"uv": [0.5, 6.625, 1.75, 8.625], "texture": "#1"},
				"down": {"uv": [1.75, 6.625, 0.5, 8.625], "rotation": 180, "texture": "#1"}
			}
		},
		{
			"from": [7.2, -3.3, 7],
			"to": [8.2, -3.175, 8],
			"faces": {
				"north": {"uv": [7.125, 11.25, 6.125, 11.375], "texture": "#1"},
				"east": {"uv": [7, 11.25, 7.125, 11.375], "texture": "#1"},
				"south": {"uv": [6.125, 11.25, 7.125, 11.375], "texture": "#1"},
				"west": {"uv": [6.125, 11.25, 6.25, 11.375], "texture": "#1"},
				"up": {"uv": [6.125, 11.375, 7.125, 11.25], "texture": "#1"},
				"down": {"uv": [6.125, 11.375, 7.125, 11.25], "texture": "#1"}
			}
		},
		{
			"from": [7.45, 12.725, 7.375],
			"to": [8.2, 15.35, 7.65],
			"faces": {
				"north": {"uv": [3.125, 6.125, 2.375, 8.75], "texture": "#1"},
				"east": {"uv": [3, 6.125, 3.125, 8.75], "texture": "#1"},
				"south": {"uv": [2.375, 6.125, 3.125, 8.75], "texture": "#1"},
				"west": {"uv": [2.375, 6.125, 2.5, 8.75], "texture": "#1"},
				"up": {"uv": [2.375, 6.25, 3.125, 6.125], "texture": "#1"},
				"down": {"uv": [2.375, 8.75, 3.125, 8.625], "texture": "#1"}
			}
		},
		{
			"from": [7.45, 15.35, 7.375],
			"to": [8.325, 18.1, 7.65],
			"faces": {
				"north": {"uv": [3.25, 3.375, 2.375, 6.125], "texture": "#1"},
				"east": {"uv": [3.125, 3.375, 3.25, 6.125], "texture": "#1"},
				"south": {"uv": [2.375, 3.375, 3.25, 6.125], "texture": "#1"},
				"west": {"uv": [2.375, 3.375, 2.5, 6.125], "texture": "#1"},
				"up": {"uv": [2.375, 3.5, 3.25, 3.375], "texture": "#1"},
				"down": {"uv": [2.375, 6.125, 3.25, 6], "texture": "#1"}
			}
		},
		{
			"from": [7.45, 18.1, 7.375],
			"to": [8.45, 18.85, 7.65],
			"faces": {
				"north": {"uv": [3.375, 2.625, 2.375, 3.375], "texture": "#1"},
				"east": {"uv": [3.25, 2.625, 3.375, 3.375], "texture": "#1"},
				"south": {"uv": [2.375, 2.625, 3.375, 3.375], "texture": "#1"},
				"west": {"uv": [2.375, 2.625, 2.5, 3.375], "texture": "#1"},
				"up": {"uv": [2.375, 2.75, 3.375, 2.625], "texture": "#1"},
				"down": {"uv": [2.375, 3.375, 3.375, 3.25], "texture": "#1"}
			}
		},
		{
			"from": [7.575, 18.85, 7.375],
			"to": [8.45, 19.1, 7.65],
			"faces": {
				"north": {"uv": [3.375, 2.375, 2.5, 2.625], "texture": "#1"},
				"east": {"uv": [3.25, 2.375, 3.375, 2.625], "texture": "#1"},
				"south": {"uv": [2.5, 2.375, 3.375, 2.625], "texture": "#1"},
				"west": {"uv": [2.5, 2.375, 2.625, 2.625], "texture": "#1"},
				"up": {"uv": [2.5, 2.5, 3.375, 2.375], "texture": "#1"},
				"down": {"uv": [2.5, 2.625, 3.375, 2.5], "texture": "#1"}
			}
		},
		{
			"from": [7.575, 19.1, 7.375],
			"to": [8.575, 19.35, 7.65],
			"faces": {
				"north": {"uv": [3.5, 2.125, 2.5, 2.375], "texture": "#1"},
				"east": {"uv": [3.375, 2.125, 3.5, 2.375], "texture": "#1"},
				"south": {"uv": [2.5, 2.125, 3.5, 2.375], "texture": "#1"},
				"west": {"uv": [2.5, 2.125, 2.625, 2.375], "texture": "#1"},
				"up": {"uv": [2.5, 2.25, 3.5, 2.125], "texture": "#1"},
				"down": {"uv": [2.5, 2.375, 3.5, 2.25], "texture": "#1"}
			}
		},
		{
			"from": [7.925, 19.975, 7.375],
			"to": [8.675, 20.225, 7.65],
			"faces": {
				"north": {"uv": [3.625, 1.25, 2.875, 1.5], "texture": "#1"},
				"east": {"uv": [3.5, 1.25, 3.625, 1.5], "texture": "#1"},
				"south": {"uv": [2.875, 1.25, 3.625, 1.5], "texture": "#1"},
				"west": {"uv": [2.875, 1.25, 3, 1.5], "texture": "#1"},
				"up": {"uv": [2.875, 1.375, 3.625, 1.25], "texture": "#1"},
				"down": {"uv": [2.875, 1.5, 3.625, 1.375], "texture": "#1"}
			}
		},
		{
			"from": [7.8, 20.225, 7.45],
			"to": [8.05, 20.35, 7.575],
			"faces": {
				"north": {"uv": [3, 1.125, 2.75, 1.25], "texture": "#1"},
				"east": {"uv": [2.875, 1.125, 3, 1.25], "texture": "#1"},
				"south": {"uv": [2.75, 1.125, 3, 1.25], "texture": "#1"},
				"west": {"uv": [2.75, 1.125, 2.875, 1.25], "texture": "#1"},
				"up": {"uv": [2.75, 1.25, 3, 1.125], "texture": "#1"},
				"down": {"uv": [2.75, 1.25, 3, 1.125], "texture": "#1"}
			}
		},
		{
			"from": [8.05, 20.225, 7.375],
			"to": [8.8, 20.35, 7.65],
			"faces": {
				"north": {"uv": [3.75, 1.125, 3, 1.25], "texture": "#1"},
				"east": {"uv": [3.625, 1.125, 3.75, 1.25], "texture": "#1"},
				"south": {"uv": [3, 1.125, 3.75, 1.25], "texture": "#1"},
				"west": {"uv": [3, 1.125, 3.125, 1.25], "texture": "#1"},
				"up": {"uv": [3, 1.25, 3.75, 1.125], "texture": "#1"},
				"down": {"uv": [3, 1.25, 3.75, 1.125], "texture": "#1"}
			}
		},
		{
			"from": [8.175, 20.6, 7.45],
			"to": [8.425, 20.725, 7.575],
			"faces": {
				"north": {"uv": [3.375, 0.75, 3.125, 0.875], "texture": "#1"},
				"east": {"uv": [3.25, 0.75, 3.375, 0.875], "texture": "#1"},
				"south": {"uv": [3.125, 0.75, 3.375, 0.875], "texture": "#1"},
				"west": {"uv": [3.125, 0.75, 3.25, 0.875], "texture": "#1"},
				"up": {"uv": [3.125, 0.875, 3.375, 0.75], "texture": "#1"},
				"down": {"uv": [3.125, 0.875, 3.375, 0.75], "texture": "#1"}
			}
		},
		{
			"from": [8.3, 20.725, 7.45],
			"to": [8.55, 20.85, 7.575],
			"faces": {
				"north": {"uv": [3.5, 0.625, 3.25, 0.75], "texture": "#1"},
				"east": {"uv": [3.375, 0.625, 3.5, 0.75], "texture": "#1"},
				"south": {"uv": [3.25, 0.625, 3.5, 0.75], "texture": "#1"},
				"west": {"uv": [3.25, 0.625, 3.375, 0.75], "texture": "#1"},
				"up": {"uv": [3.25, 0.75, 3.5, 0.625], "texture": "#1"},
				"down": {"uv": [3.25, 0.75, 3.5, 0.625], "texture": "#1"}
			}
		},
		{
			"from": [8.675, 21.1, 7.45],
			"to": [8.925, 21.225, 7.575],
			"faces": {
				"north": {"uv": [3.875, 0.25, 3.625, 0.375], "texture": "#1"},
				"east": {"uv": [3.75, 0.25, 3.875, 0.375], "texture": "#1"},
				"south": {"uv": [3.625, 0.25, 3.875, 0.375], "texture": "#1"},
				"west": {"uv": [3.625, 0.25, 3.75, 0.375], "texture": "#1"},
				"up": {"uv": [3.625, 0.375, 3.875, 0.25], "texture": "#1"},
				"down": {"uv": [3.625, 0.375, 3.875, 0.25], "texture": "#1"}
			}
		},
		{
			"from": [9.05, 21.225, 7.375],
			"to": [9.175, 21.35, 7.65],
			"faces": {
				"north": {"uv": [4.125, 0.125, 4, 0.25], "texture": "#1"},
				"east": {"uv": [4, 0.125, 4.125, 0.25], "texture": "#1"},
				"south": {"uv": [4, 0.125, 4.125, 0.25], "texture": "#1"},
				"west": {"uv": [4, 0.125, 4.125, 0.25], "texture": "#1"},
				"up": {"uv": [4, 0.25, 4.125, 0.125], "texture": "#1"},
				"down": {"uv": [4, 0.25, 4.125, 0.125], "texture": "#1"}
			}
		},
		{
			"from": [8.8, 21.225, 7.45],
			"to": [9.05, 21.35, 7.575],
			"faces": {
				"north": {"uv": [4, 0.125, 3.75, 0.25], "texture": "#1"},
				"east": {"uv": [3.875, 0.125, 4, 0.25], "texture": "#1"},
				"south": {"uv": [3.75, 0.125, 4, 0.25], "texture": "#1"},
				"west": {"uv": [3.75, 0.125, 3.875, 0.25], "texture": "#1"},
				"up": {"uv": [3.75, 0.25, 4, 0.125], "texture": "#1"},
				"down": {"uv": [3.75, 0.25, 4, 0.125], "texture": "#1"}
			}
		},
		{
			"from": [8.925, 21.35, 7.45],
			"to": [9.175, 21.475, 7.575],
			"faces": {
				"north": {"uv": [4.125, 0, 3.875, 0.125], "texture": "#1"},
				"east": {"uv": [4, 0, 4.125, 0.125], "texture": "#1"},
				"south": {"uv": [3.875, 0, 4.125, 0.125], "texture": "#1"},
				"west": {"uv": [3.875, 0, 4, 0.125], "texture": "#1"},
				"up": {"uv": [3.875, 0.125, 4.125, 0], "texture": "#1"},
				"down": {"uv": [3.875, 0.125, 4.125, 0], "texture": "#1"}
			}
		},
		{
			"from": [8.925, 21.1, 7.375],
			"to": [9.05, 21.225, 7.65],
			"faces": {
				"north": {"uv": [4, 0.25, 3.875, 0.375], "texture": "#1"},
				"east": {"uv": [3.875, 0.25, 4, 0.375], "texture": "#1"},
				"south": {"uv": [3.875, 0.25, 4, 0.375], "texture": "#1"},
				"west": {"uv": [3.875, 0.25, 4, 0.375], "texture": "#1"},
				"up": {"uv": [3.875, 0.375, 4, 0.25], "texture": "#1"},
				"down": {"uv": [3.875, 0.375, 4, 0.25], "texture": "#1"}
			}
		},
		{
			"from": [8.8, 20.975, 7.375],
			"to": [9.05, 21.1, 7.65],
			"faces": {
				"north": {"uv": [4, 0.375, 3.75, 0.5], "texture": "#1"},
				"east": {"uv": [3.875, 0.375, 4, 0.5], "texture": "#1"},
				"south": {"uv": [3.75, 0.375, 4, 0.5], "texture": "#1"},
				"west": {"uv": [3.75, 0.375, 3.875, 0.5], "texture": "#1"},
				"up": {"uv": [3.75, 0.5, 4, 0.375], "texture": "#1"},
				"down": {"uv": [3.75, 0.5, 4, 0.375], "texture": "#1"}
			}
		},
		{
			"from": [8.55, 20.975, 7.45],
			"to": [8.8, 21.1, 7.575],
			"faces": {
				"north": {"uv": [3.75, 0.375, 3.5, 0.5], "texture": "#1"},
				"east": {"uv": [3.625, 0.375, 3.75, 0.5], "texture": "#1"},
				"south": {"uv": [3.5, 0.375, 3.75, 0.5], "texture": "#1"},
				"west": {"uv": [3.5, 0.375, 3.625, 0.5], "texture": "#1"},
				"up": {"uv": [3.5, 0.5, 3.75, 0.375], "texture": "#1"},
				"down": {"uv": [3.5, 0.5, 3.75, 0.375], "texture": "#1"}
			}
		},
		{
			"from": [8.425, 20.85, 7.45],
			"to": [8.675, 20.975, 7.575],
			"faces": {
				"north": {"uv": [3.625, 0.5, 3.375, 0.625], "texture": "#1"},
				"east": {"uv": [3.5, 0.5, 3.625, 0.625], "texture": "#1"},
				"south": {"uv": [3.375, 0.5, 3.625, 0.625], "texture": "#1"},
				"west": {"uv": [3.375, 0.5, 3.5, 0.625], "texture": "#1"},
				"up": {"uv": [3.375, 0.625, 3.625, 0.5], "texture": "#1"},
				"down": {"uv": [3.375, 0.625, 3.625, 0.5], "texture": "#1"}
			}
		},
		{
			"from": [8.675, 20.85, 7.375],
			"to": [8.925, 20.975, 7.65],
			"faces": {
				"north": {"uv": [3.875, 0.5, 3.625, 0.625], "texture": "#1"},
				"east": {"uv": [3.75, 0.5, 3.875, 0.625], "texture": "#1"},
				"south": {"uv": [3.625, 0.5, 3.875, 0.625], "texture": "#1"},
				"west": {"uv": [3.625, 0.5, 3.75, 0.625], "texture": "#1"},
				"up": {"uv": [3.625, 0.625, 3.875, 0.5], "texture": "#1"},
				"down": {"uv": [3.625, 0.625, 3.875, 0.5], "texture": "#1"}
			}
		},
		{
			"from": [8.55, 20.725, 7.375],
			"to": [8.925, 20.85, 7.65],
			"faces": {
				"north": {"uv": [3.875, 0.625, 3.5, 0.75], "texture": "#1"},
				"east": {"uv": [3.75, 0.625, 3.875, 0.75], "texture": "#1"},
				"south": {"uv": [3.5, 0.625, 3.875, 0.75], "texture": "#1"},
				"west": {"uv": [3.5, 0.625, 3.625, 0.75], "texture": "#1"},
				"up": {"uv": [3.5, 0.75, 3.875, 0.625], "texture": "#1"},
				"down": {"uv": [3.5, 0.75, 3.875, 0.625], "texture": "#1"}
			}
		},
		{
			"from": [8.425, 20.6, 7.375],
			"to": [8.925, 20.725, 7.65],
			"faces": {
				"north": {"uv": [3.875, 0.75, 3.375, 0.875], "texture": "#1"},
				"east": {"uv": [3.75, 0.75, 3.875, 0.875], "texture": "#1"},
				"south": {"uv": [3.375, 0.75, 3.875, 0.875], "texture": "#1"},
				"west": {"uv": [3.375, 0.75, 3.5, 0.875], "texture": "#1"},
				"up": {"uv": [3.375, 0.875, 3.875, 0.75], "texture": "#1"},
				"down": {"uv": [3.375, 0.875, 3.875, 0.75], "texture": "#1"}
			}
		},
		{
			"from": [7.925, 20.35, 7.45],
			"to": [8.175, 20.475, 7.575],
			"faces": {
				"north": {"uv": [3.125, 1, 2.875, 1.125], "texture": "#1"},
				"east": {"uv": [3, 1, 3.125, 1.125], "texture": "#1"},
				"south": {"uv": [2.875, 1, 3.125, 1.125], "texture": "#1"},
				"west": {"uv": [2.875, 1, 3, 1.125], "texture": "#1"},
				"up": {"uv": [2.875, 1.125, 3.125, 1], "texture": "#1"},
				"down": {"uv": [2.875, 1.125, 3.125, 1], "texture": "#1"}
			}
		},
		{
			"from": [8.175, 20.35, 7.375],
			"to": [8.8, 20.475, 7.65],
			"faces": {
				"north": {"uv": [3.75, 1, 3.125, 1.125], "texture": "#1"},
				"east": {"uv": [3.625, 1, 3.75, 1.125], "texture": "#1"},
				"south": {"uv": [3.125, 1, 3.75, 1.125], "texture": "#1"},
				"west": {"uv": [3.125, 1, 3.25, 1.125], "texture": "#1"},
				"up": {"uv": [3.125, 1.125, 3.75, 1], "texture": "#1"},
				"down": {"uv": [3.125, 1.125, 3.75, 1], "texture": "#1"}
			}
		},
		{
			"from": [8.05, 20.475, 7.45],
			"to": [8.3, 20.6, 7.575],
			"faces": {
				"north": {"uv": [3.25, 0.875, 3, 1], "texture": "#1"},
				"east": {"uv": [3.125, 0.875, 3.25, 1], "texture": "#1"},
				"south": {"uv": [3, 0.875, 3.25, 1], "texture": "#1"},
				"west": {"uv": [3, 0.875, 3.125, 1], "texture": "#1"},
				"up": {"uv": [3, 1, 3.25, 0.875], "texture": "#1"},
				"down": {"uv": [3, 1, 3.25, 0.875], "texture": "#1"}
			}
		},
		{
			"from": [8.3, 20.475, 7.375],
			"to": [8.8, 20.6, 7.65],
			"faces": {
				"north": {"uv": [3.75, 0.875, 3.25, 1], "texture": "#1"},
				"east": {"uv": [3.625, 0.875, 3.75, 1], "texture": "#1"},
				"south": {"uv": [3.25, 0.875, 3.75, 1], "texture": "#1"},
				"west": {"uv": [3.25, 0.875, 3.375, 1], "texture": "#1"},
				"up": {"uv": [3.25, 1, 3.75, 0.875], "texture": "#1"},
				"down": {"uv": [3.25, 1, 3.75, 0.875], "texture": "#1"}
			}
		},
		{
			"from": [7.8, 19.725, 7.375],
			"to": [8.675, 19.975, 7.65],
			"faces": {
				"north": {"uv": [3.625, 1.5, 2.75, 1.75], "texture": "#1"},
				"east": {"uv": [3.5, 1.5, 3.625, 1.75], "texture": "#1"},
				"south": {"uv": [2.75, 1.5, 3.625, 1.75], "texture": "#1"},
				"west": {"uv": [2.75, 1.5, 2.875, 1.75], "texture": "#1"},
				"up": {"uv": [2.75, 1.625, 3.625, 1.5], "texture": "#1"},
				"down": {"uv": [2.75, 1.75, 3.625, 1.625], "texture": "#1"}
			}
		},
		{
			"from": [7.7, 19.35, 7.375],
			"to": [8.575, 19.725, 7.65],
			"faces": {
				"north": {"uv": [3.5, 1.75, 2.625, 2.125], "texture": "#1"},
				"east": {"uv": [3.375, 1.75, 3.5, 2.125], "texture": "#1"},
				"south": {"uv": [2.625, 1.75, 3.5, 2.125], "texture": "#1"},
				"west": {"uv": [2.625, 1.75, 2.75, 2.125], "texture": "#1"},
				"up": {"uv": [2.625, 1.875, 3.5, 1.75], "texture": "#1"},
				"down": {"uv": [2.625, 2.125, 3.5, 2], "texture": "#1"}
			}
		},
		{
			"from": [7.2, 12.725, 7.45],
			"to": [7.45, 18.85, 7.575],
			"faces": {
				"north": {"uv": [2.375, 2.625, 2.125, 8.75], "texture": "#1"},
				"east": {"uv": [2.25, 2.625, 2.375, 8.75], "texture": "#1"},
				"south": {"uv": [2.125, 2.625, 2.375, 8.75], "texture": "#1"},
				"west": {"uv": [2.125, 2.625, 2.25, 8.75], "texture": "#1"},
				"up": {"uv": [2.125, 2.75, 2.375, 2.625], "texture": "#1"},
				"down": {"uv": [2.125, 8.75, 2.375, 8.625], "texture": "#1"}
			}
		},
		{
			"from": [7.325, 18.85, 7.45],
			"to": [7.575, 19.35, 7.575],
			"faces": {
				"north": {"uv": [2.5, 2.125, 2.25, 2.625], "texture": "#1"},
				"east": {"uv": [2.375, 2.125, 2.5, 2.625], "texture": "#1"},
				"south": {"uv": [2.25, 2.125, 2.5, 2.625], "texture": "#1"},
				"west": {"uv": [2.25, 2.125, 2.375, 2.625], "texture": "#1"},
				"up": {"uv": [2.25, 2.25, 2.5, 2.125], "texture": "#1"},
				"down": {"uv": [2.25, 2.625, 2.5, 2.5], "texture": "#1"}
			}
		},
		{
			"from": [7.45, 19.35, 7.45],
			"to": [7.7, 19.725, 7.575],
			"faces": {
				"north": {"uv": [2.625, 1.75, 2.375, 2.125], "texture": "#1"},
				"east": {"uv": [2.5, 1.75, 2.625, 2.125], "texture": "#1"},
				"south": {"uv": [2.375, 1.75, 2.625, 2.125], "texture": "#1"},
				"west": {"uv": [2.375, 1.75, 2.5, 2.125], "texture": "#1"},
				"up": {"uv": [2.375, 1.875, 2.625, 1.75], "texture": "#1"},
				"down": {"uv": [2.375, 2.125, 2.625, 2], "texture": "#1"}
			}
		},
		{
			"from": [7.55, 19.725, 7.45],
			"to": [7.8, 19.975, 7.575],
			"faces": {
				"north": {"uv": [2.75, 1.5, 2.5, 1.75], "texture": "#1"},
				"east": {"uv": [2.625, 1.5, 2.75, 1.75], "texture": "#1"},
				"south": {"uv": [2.5, 1.5, 2.75, 1.75], "texture": "#1"},
				"west": {"uv": [2.5, 1.5, 2.625, 1.75], "texture": "#1"},
				"up": {"uv": [2.5, 1.625, 2.75, 1.5], "texture": "#1"},
				"down": {"uv": [2.5, 1.75, 2.75, 1.625], "texture": "#1"}
			}
		},
		{
			"from": [7.675, 19.975, 7.45],
			"to": [7.925, 20.225, 7.575],
			"faces": {
				"north": {"uv": [2.875, 1.25, 2.625, 1.5], "texture": "#1"},
				"east": {"uv": [2.75, 1.25, 2.875, 1.5], "texture": "#1"},
				"south": {"uv": [2.625, 1.25, 2.875, 1.5], "texture": "#1"},
				"west": {"uv": [2.625, 1.25, 2.75, 1.5], "texture": "#1"},
				"up": {"uv": [2.625, 1.375, 2.875, 1.25], "texture": "#1"},
				"down": {"uv": [2.625, 1.5, 2.875, 1.375], "texture": "#1"}
			}
		}
	],
	"gui_light": "front",
	"display": {
		"thirdperson_righthand": {
			"rotation": [0, -90, 0],
			"translation": [-1, 4, 1.5],
			"scale": [1.4, 1.4, 1.4]
		},
		"thirdperson_lefthand": {
			"rotation": [0, 90, 0],
			"translation": [0.25, 4, 1.5],
			"scale": [1.4, 1.4, 1.4]
		},
		"firstperson_righthand": {
			"rotation": [55, -90, 60],
			"translation": [-1.25, 5.25, 1.5],
			"scale": [0.9, 0.9, 0.9]
		},
		"firstperson_lefthand": {
			"rotation": [-65, 90, 60],
			"translation": [-0.75, 5.25, 1.5],
			"scale": [0.9, 0.9, 0.9]
		},
		"ground": {
			"rotation": [-45, 90, 0],
			"translation": [0, 3.5, 0],
			"scale": [0.6, 0.6, 0.6]
		},
		"gui": {
			"rotation": [0, 0, -45],
			"translation": [1.25, 1.25, 0],
			"scale": [0.9, 0.9, 0.9]
		},
		"head": {
			"translation": [0, 9.75, 0]
		},
		"fixed": {
			"rotation": [180, 0, 135],
			"translation": [-2, 1.5, -0.75],
			"scale": [1.4, 1.4, 1.4]
		}
	}
}