{
	"credit": "Made with Blockbench",
	"textures": {
		"2": "./ceremonial_shuang_gou",
		"particle": "./ceremonial_shuang_gou"
	},
	"elements": [
		{
			"from": [7.1, 5.85, 7.425],
			"to": [8.35, 22.85, 7.6],
			"faces": {
				"north": {"uv": [7.25, 1.75, 6.625, 10.25], "texture": "#2"},
				"east": {"uv": [7.125, 1.75, 7.25, 10.25], "texture": "#2"},
				"south": {"uv": [6.625, 1.75, 7.25, 10.25], "texture": "#2"},
				"west": {"uv": [6.625, 1.75, 6.75, 10.25], "texture": "#2"},
				"up": {"uv": [6.625, 1.875, 7.25, 1.75], "texture": "#2"},
				"down": {"uv": [6.625, 10.25, 7.25, 10.125], "texture": "#2"}
			}
		},
		{
			"from": [7.35, 5.85, 7.3],
			"to": [8.1, 22.85, 7.725],
			"faces": {
				"north": {"uv": [7.125, 1.75, 6.75, 10.25], "texture": "#2"},
				"east": {"uv": [7, 1.75, 7.125, 10.25], "texture": "#2"},
				"south": {"uv": [6.75, 1.75, 7.125, 10.25], "texture": "#2"},
				"west": {"uv": [6.75, 1.75, 6.875, 10.25], "texture": "#2"},
				"up": {"uv": [6.75, 1.875, 7.125, 1.75], "texture": "#2"},
				"down": {"uv": [6.75, 10.25, 7.125, 10.125], "texture": "#2"}
			}
		},
		{
			"from": [6.85, 22.85, 7.425],
			"to": [8.35, 23.6, 7.6],
			"faces": {
				"north": {"uv": [7.25, 1.375, 6.5, 1.75], "texture": "#2"},
				"east": {"uv": [7.125, 1.375, 7.25, 1.75], "texture": "#2"},
				"south": {"uv": [6.5, 1.375, 7.25, 1.75], "texture": "#2"},
				"west": {"uv": [6.5, 1.375, 6.625, 1.75], "texture": "#2"},
				"up": {"uv": [6.5, 1.5, 7.25, 1.375], "texture": "#2"},
				"down": {"uv": [6.5, 1.75, 7.25, 1.625], "texture": "#2"}
			}
		},
		{
			"from": [7.1, 22.85, 7.3],
			"to": [8.1, 23.6, 7.725],
			"faces": {
				"north": {"uv": [7.125, 1.375, 6.625, 1.75], "texture": "#2"},
				"east": {"uv": [7, 1.375, 7.125, 1.75], "texture": "#2"},
				"south": {"uv": [6.625, 1.375, 7.125, 1.75], "texture": "#2"},
				"west": {"uv": [6.625, 1.375, 6.75, 1.75], "texture": "#2"},
				"up": {"uv": [6.625, 1.5, 7.125, 1.375], "texture": "#2"},
				"down": {"uv": [6.625, 1.75, 7.125, 1.625], "texture": "#2"}
			}
		},
		{
			"from": [3.6, 22.35, 7.425],
			"to": [4.85, 23.6, 7.6],
			"faces": {
				"north": {"uv": [5.5, 1.375, 4.875, 2], "texture": "#2"},
				"east": {"uv": [5.375, 1.375, 5.5, 2], "texture": "#2"},
				"south": {"uv": [4.875, 1.375, 5.5, 2], "texture": "#2"},
				"west": {"uv": [4.875, 1.375, 5, 2], "texture": "#2"},
				"up": {"uv": [4.875, 1.5, 5.5, 1.375], "texture": "#2"},
				"down": {"uv": [4.875, 2, 5.5, 1.875], "texture": "#2"}
			}
		},
		{
			"from": [4.1, 21.85, 7.3],
			"to": [4.85, 22.35, 7.725],
			"faces": {
				"north": {"uv": [5.5, 2, 5.125, 2.25], "texture": "#2"},
				"east": {"uv": [5.375, 2, 5.5, 2.25], "texture": "#2"},
				"south": {"uv": [5.125, 2, 5.5, 2.25], "texture": "#2"},
				"west": {"uv": [5.125, 2, 5.25, 2.25], "texture": "#2"},
				"up": {"uv": [5.125, 2.125, 5.5, 2], "texture": "#2"},
				"down": {"uv": [5.125, 2.25, 5.5, 2.125], "texture": "#2"}
			}
		},
		{
			"from": [4.35, 21.6, 7.425],
			"to": [5.35, 21.85, 7.6],
			"faces": {
				"north": {"uv": [5.75, 2.25, 5.25, 2.375], "texture": "#2"},
				"east": {"uv": [5.625, 2.25, 5.75, 2.375], "texture": "#2"},
				"south": {"uv": [5.25, 2.25, 5.75, 2.375], "texture": "#2"},
				"west": {"uv": [5.25, 2.25, 5.375, 2.375], "texture": "#2"},
				"up": {"uv": [5.25, 2.375, 5.75, 2.25], "texture": "#2"},
				"down": {"uv": [5.25, 2.375, 5.75, 2.25], "texture": "#2"}
			}
		},
		{
			"from": [4.6, 21.6, 7.3],
			"to": [5.1, 21.85, 7.725],
			"faces": {
				"north": {"uv": [5.625, 2.25, 5.375, 2.375], "texture": "#2"},
				"east": {"uv": [5.5, 2.25, 5.625, 2.375], "texture": "#2"},
				"south": {"uv": [5.375, 2.25, 5.625, 2.375], "texture": "#2"},
				"west": {"uv": [5.375, 2.25, 5.5, 2.375], "texture": "#2"},
				"up": {"uv": [5.375, 2.375, 5.625, 2.25], "texture": "#2"},
				"down": {"uv": [5.375, 2.375, 5.625, 2.25], "texture": "#2"}
			}
		},
		{
			"from": [3.6, 23.85, 7.425],
			"to": [5.35, 24.1, 7.6],
			"faces": {
				"north": {"uv": [5.75, 1.125, 4.875, 1.25], "texture": "#2"},
				"east": {"uv": [5.625, 1.125, 5.75, 1.25], "texture": "#2"},
				"south": {"uv": [4.875, 1.125, 5.75, 1.25], "texture": "#2"},
				"west": {"uv": [4.875, 1.125, 5, 1.25], "texture": "#2"},
				"up": {"uv": [4.875, 1.25, 5.75, 1.125], "texture": "#2"},
				"down": {"uv": [4.875, 1.25, 5.75, 1.125], "texture": "#2"}
			}
		},
		{
			"from": [3.85, 23.85, 7.3],
			"to": [5.1, 24.1, 7.725],
			"faces": {
				"north": {"uv": [5.625, 1.125, 5, 1.25], "texture": "#2"},
				"east": {"uv": [5.5, 1.125, 5.625, 1.25], "texture": "#2"},
				"south": {"uv": [5, 1.125, 5.625, 1.25], "texture": "#2"},
				"west": {"uv": [5, 1.125, 5.125, 1.25], "texture": "#2"},
				"up": {"uv": [5, 1.25, 5.625, 1.125], "texture": "#2"},
				"down": {"uv": [5, 1.25, 5.625, 1.125], "texture": "#2"}
			}
		},
		{
			"from": [3.6, 23.6, 7.425],
			"to": [5.1, 23.85, 7.6],
			"faces": {
				"north": {"uv": [5.625, 1.25, 4.875, 1.375], "texture": "#2"},
				"east": {"uv": [5.5, 1.25, 5.625, 1.375], "texture": "#2"},
				"south": {"uv": [4.875, 1.25, 5.625, 1.375], "texture": "#2"},
				"west": {"uv": [4.875, 1.25, 5, 1.375], "texture": "#2"},
				"up": {"uv": [4.875, 1.375, 5.625, 1.25], "texture": "#2"},
				"down": {"uv": [4.875, 1.375, 5.625, 1.25], "texture": "#2"}
			}
		},
		{
			"from": [3.85, 23.6, 7.3],
			"to": [4.85, 23.85, 7.725],
			"faces": {
				"north": {"uv": [5.5, 1.25, 5, 1.375], "texture": "#2"},
				"east": {"uv": [5.375, 1.25, 5.5, 1.375], "texture": "#2"},
				"south": {"uv": [5, 1.25, 5.5, 1.375], "texture": "#2"},
				"west": {"uv": [5, 1.25, 5.125, 1.375], "texture": "#2"},
				"up": {"uv": [5, 1.375, 5.5, 1.25], "texture": "#2"},
				"down": {"uv": [5, 1.375, 5.5, 1.25], "texture": "#2"}
			}
		},
		{
			"from": [4.6, 21.35, 7.425],
			"to": [5.1, 21.6, 7.6],
			"faces": {
				"north": {"uv": [5.75, 2.375, 5.375, 2.5], "texture": "#2"},
				"east": {"uv": [5.625, 2.375, 5.75, 2.5], "texture": "#2"},
				"south": {"uv": [5.375, 2.375, 5.75, 2.5], "texture": "#2"},
				"west": {"uv": [5.375, 2.375, 5.5, 2.5], "texture": "#2"},
				"up": {"uv": [5.375, 2.5, 5.75, 2.375], "texture": "#2"},
				"down": {"uv": [5.375, 2.5, 5.75, 2.375], "texture": "#2"}
			}
		},
		{
			"from": [4.85, 20.85, 7.425],
			"to": [5.6, 21.35, 7.6],
			"faces": {
				"north": {"uv": [5.875, 2.5, 5.5, 2.75], "texture": "#2"},
				"east": {"uv": [5.75, 2.5, 5.875, 2.75], "texture": "#2"},
				"south": {"uv": [5.5, 2.5, 5.875, 2.75], "texture": "#2"},
				"west": {"uv": [5.5, 2.5, 5.625, 2.75], "texture": "#2"},
				"up": {"uv": [5.5, 2.625, 5.875, 2.5], "texture": "#2"},
				"down": {"uv": [5.5, 2.75, 5.875, 2.625], "texture": "#2"}
			}
		},
		{
			"from": [5.1, 20.35, 7.425],
			"to": [5.6, 20.85, 7.6],
			"faces": {
				"north": {"uv": [5.875, 2.75, 5.625, 3], "texture": "#2"},
				"east": {"uv": [5.75, 2.75, 5.875, 3], "texture": "#2"},
				"south": {"uv": [5.625, 2.75, 5.875, 3], "texture": "#2"},
				"west": {"uv": [5.625, 2.75, 5.75, 3], "texture": "#2"},
				"up": {"uv": [5.625, 2.875, 5.875, 2.75], "texture": "#2"},
				"down": {"uv": [5.625, 3, 5.875, 2.875], "texture": "#2"}
			}
		},
		{
			"from": [5.35, 19.85, 7.425],
			"to": [5.6, 20.35, 7.6],
			"faces": {
				"north": {"uv": [5.875, 3, 5.75, 3.25], "texture": "#2"},
				"east": {"uv": [5.75, 3, 5.875, 3.25], "texture": "#2"},
				"south": {"uv": [5.75, 3, 5.875, 3.25], "texture": "#2"},
				"west": {"uv": [5.75, 3, 5.875, 3.25], "texture": "#2"},
				"up": {"uv": [5.75, 3.125, 5.875, 3], "texture": "#2"},
				"down": {"uv": [5.75, 3.25, 5.875, 3.125], "texture": "#2"}
			}
		},
		{
			"from": [4.85, 21.35, 7.3],
			"to": [5.35, 21.6, 7.725],
			"faces": {
				"north": {"uv": [5.75, 2.375, 5.5, 2.5], "texture": "#2"},
				"east": {"uv": [5.625, 2.375, 5.75, 2.5], "texture": "#2"},
				"south": {"uv": [5.5, 2.375, 5.75, 2.5], "texture": "#2"},
				"west": {"uv": [5.5, 2.375, 5.625, 2.5], "texture": "#2"},
				"up": {"uv": [5.5, 2.5, 5.75, 2.375], "texture": "#2"},
				"down": {"uv": [5.5, 2.5, 5.75, 2.375], "texture": "#2"}
			}
		},
		{
			"from": [3.85, 21.85, 7.425],
			"to": [5.1, 22.35, 7.6],
			"faces": {
				"north": {"uv": [5.625, 2, 5, 2.25], "texture": "#2"},
				"east": {"uv": [5.5, 2, 5.625, 2.25], "texture": "#2"},
				"south": {"uv": [5, 2, 5.625, 2.25], "texture": "#2"},
				"west": {"uv": [5, 2, 5.125, 2.25], "texture": "#2"},
				"up": {"uv": [5, 2.125, 5.625, 2], "texture": "#2"},
				"down": {"uv": [5, 2.25, 5.625, 2.125], "texture": "#2"}
			}
		},
		{
			"from": [3.85, 22.35, 7.3],
			"to": [4.6, 23.6, 7.725],
			"faces": {
				"north": {"uv": [5.375, 1.375, 5, 2], "texture": "#2"},
				"east": {"uv": [5.25, 1.375, 5.375, 2], "texture": "#2"},
				"south": {"uv": [5, 1.375, 5.375, 2], "texture": "#2"},
				"west": {"uv": [5, 1.375, 5.125, 2], "texture": "#2"},
				"up": {"uv": [5, 1.5, 5.375, 1.375], "texture": "#2"},
				"down": {"uv": [5, 2, 5.375, 1.875], "texture": "#2"}
			}
		},
		{
			"from": [6.6, 23.6, 7.425],
			"to": [8.1, 23.85, 7.6],
			"faces": {
				"north": {"uv": [7.125, 1.25, 6.375, 1.375], "texture": "#2"},
				"east": {"uv": [7, 1.25, 7.125, 1.375], "texture": "#2"},
				"south": {"uv": [6.375, 1.25, 7.125, 1.375], "texture": "#2"},
				"west": {"uv": [6.375, 1.25, 6.5, 1.375], "texture": "#2"},
				"up": {"uv": [6.375, 1.375, 7.125, 1.25], "texture": "#2"},
				"down": {"uv": [6.375, 1.375, 7.125, 1.25], "texture": "#2"}
			}
		},
		{
			"from": [6.85, 23.6, 7.3],
			"to": [7.85, 23.85, 7.725],
			"faces": {
				"north": {"uv": [7, 1.25, 6.5, 1.375], "texture": "#2"},
				"east": {"uv": [6.875, 1.25, 7, 1.375], "texture": "#2"},
				"south": {"uv": [6.5, 1.25, 7, 1.375], "texture": "#2"},
				"west": {"uv": [6.5, 1.25, 6.625, 1.375], "texture": "#2"},
				"up": {"uv": [6.5, 1.375, 7, 1.25], "texture": "#2"},
				"down": {"uv": [6.5, 1.375, 7, 1.25], "texture": "#2"}
			}
		},
		{
			"from": [6.35, 23.85, 7.425],
			"to": [8.1, 24.1, 7.6],
			"faces": {
				"north": {"uv": [7.125, 1.125, 6.25, 1.25], "texture": "#2"},
				"east": {"uv": [7, 1.125, 7.125, 1.25], "texture": "#2"},
				"south": {"uv": [6.25, 1.125, 7.125, 1.25], "texture": "#2"},
				"west": {"uv": [6.25, 1.125, 6.375, 1.25], "texture": "#2"},
				"up": {"uv": [6.25, 1.25, 7.125, 1.125], "texture": "#2"},
				"down": {"uv": [6.25, 1.25, 7.125, 1.125], "texture": "#2"}
			}
		},
		{
			"from": [6.6, 23.85, 7.3],
			"to": [7.85, 24.1, 7.725],
			"faces": {
				"north": {"uv": [7, 1.125, 6.375, 1.25], "texture": "#2"},
				"east": {"uv": [6.875, 1.125, 7, 1.25], "texture": "#2"},
				"south": {"uv": [6.375, 1.125, 7, 1.25], "texture": "#2"},
				"west": {"uv": [6.375, 1.125, 6.5, 1.25], "texture": "#2"},
				"up": {"uv": [6.375, 1.25, 7, 1.125], "texture": "#2"},
				"down": {"uv": [6.375, 1.25, 7, 1.125], "texture": "#2"}
			}
		},
		{
			"from": [5.35, 24.1, 7.425],
			"to": [6.35, 25.35, 7.6],
			"faces": {
				"north": {"uv": [6.25, 0.5, 5.75, 1.125], "texture": "#2"},
				"east": {"uv": [6.125, 0.5, 6.25, 1.125], "texture": "#2"},
				"south": {"uv": [5.75, 0.5, 6.25, 1.125], "texture": "#2"},
				"west": {"uv": [5.75, 0.5, 5.875, 1.125], "texture": "#2"},
				"up": {"uv": [5.75, 0.625, 6.25, 0.5], "texture": "#2"},
				"down": {"uv": [5.75, 1.125, 6.25, 1], "texture": "#2"}
			}
		},
		{
			"from": [6.35, 24.1, 7.425],
			"to": [6.85, 25.35, 7.6],
			"faces": {
				"north": {"uv": [6.5, 0.5, 6.25, 1.125], "texture": "#2"},
				"east": {"uv": [6.375, 0.5, 6.5, 1.125], "texture": "#2"},
				"south": {"uv": [6.25, 0.5, 6.5, 1.125], "texture": "#2"},
				"west": {"uv": [6.25, 0.5, 6.375, 1.125], "texture": "#2"},
				"up": {"uv": [6.25, 0.625, 6.5, 0.5], "texture": "#2"},
				"down": {"uv": [6.25, 1.125, 6.5, 1], "texture": "#2"}
			}
		},
		{
			"from": [6.85, 23.85, 7.425],
			"to": [7.35, 25.1, 7.6],
			"faces": {
				"north": {"uv": [6.75, 0.625, 6.5, 1.25], "texture": "#2"},
				"east": {"uv": [6.625, 0.625, 6.75, 1.25], "texture": "#2"},
				"south": {"uv": [6.5, 0.625, 6.75, 1.25], "texture": "#2"},
				"west": {"uv": [6.5, 0.625, 6.625, 1.25], "texture": "#2"},
				"up": {"uv": [6.5, 0.75, 6.75, 0.625], "texture": "#2"},
				"down": {"uv": [6.5, 1.25, 6.75, 1.125], "texture": "#2"}
			}
		},
		{
			"from": [3.85, 23.35, 7.425],
			"to": [4.1, 24.6, 7.6],
			"faces": {
				"north": {"uv": [5.125, 0.875, 5, 1.5], "texture": "#2"},
				"east": {"uv": [5, 0.875, 5.125, 1.5], "texture": "#2"},
				"south": {"uv": [5, 0.875, 5.125, 1.5], "texture": "#2"},
				"west": {"uv": [5, 0.875, 5.125, 1.5], "texture": "#2"},
				"up": {"uv": [5, 1, 5.125, 0.875], "texture": "#2"},
				"down": {"uv": [5, 1.5, 5.125, 1.375], "texture": "#2"}
			}
		},
		{
			"from": [4.1, 23.6, 7.425],
			"to": [4.35, 24.85, 7.6],
			"faces": {
				"north": {"uv": [5.25, 0.75, 5.125, 1.375], "texture": "#2"},
				"east": {"uv": [5.125, 0.75, 5.25, 1.375], "texture": "#2"},
				"south": {"uv": [5.125, 0.75, 5.25, 1.375], "texture": "#2"},
				"west": {"uv": [5.125, 0.75, 5.25, 1.375], "texture": "#2"},
				"up": {"uv": [5.125, 0.875, 5.25, 0.75], "texture": "#2"},
				"down": {"uv": [5.125, 1.375, 5.25, 1.25], "texture": "#2"}
			}
		},
		{
			"from": [4.35, 23.85, 7.425],
			"to": [4.85, 25.1, 7.6],
			"faces": {
				"north": {"uv": [5.5, 0.625, 5.25, 1.25], "texture": "#2"},
				"east": {"uv": [5.375, 0.625, 5.5, 1.25], "texture": "#2"},
				"south": {"uv": [5.25, 0.625, 5.5, 1.25], "texture": "#2"},
				"west": {"uv": [5.25, 0.625, 5.375, 1.25], "texture": "#2"},
				"up": {"uv": [5.25, 0.75, 5.5, 0.625], "texture": "#2"},
				"down": {"uv": [5.25, 1.25, 5.5, 1.125], "texture": "#2"}
			}
		},
		{
			"from": [4.85, 24.1, 7.425],
			"to": [5.35, 25.35, 7.6],
			"faces": {
				"north": {"uv": [5.75, 0.5, 5.5, 1.125], "texture": "#2"},
				"east": {"uv": [5.625, 0.5, 5.75, 1.125], "texture": "#2"},
				"south": {"uv": [5.5, 0.5, 5.75, 1.125], "texture": "#2"},
				"west": {"uv": [5.5, 0.5, 5.625, 1.125], "texture": "#2"},
				"up": {"uv": [5.5, 0.625, 5.75, 0.5], "texture": "#2"},
				"down": {"uv": [5.5, 1.125, 5.75, 1], "texture": "#2"}
			}
		},
		{
			"from": [7.35, 23.6, 7.425],
			"to": [7.6, 24.85, 7.6],
			"faces": {
				"north": {"uv": [6.875, 0.75, 6.75, 1.375], "texture": "#2"},
				"east": {"uv": [6.75, 0.75, 6.875, 1.375], "texture": "#2"},
				"south": {"uv": [6.75, 0.75, 6.875, 1.375], "texture": "#2"},
				"west": {"uv": [6.75, 0.75, 6.875, 1.375], "texture": "#2"},
				"up": {"uv": [6.75, 0.875, 6.875, 0.75], "texture": "#2"},
				"down": {"uv": [6.75, 1.375, 6.875, 1.25], "texture": "#2"}
			}
		},
		{
			"from": [7.6, 23.35, 7.425],
			"to": [7.85, 24.6, 7.6],
			"faces": {
				"north": {"uv": [7, 0.875, 6.875, 1.5], "texture": "#2"},
				"east": {"uv": [6.875, 0.875, 7, 1.5], "texture": "#2"},
				"south": {"uv": [6.875, 0.875, 7, 1.5], "texture": "#2"},
				"west": {"uv": [6.875, 0.875, 7, 1.5], "texture": "#2"},
				"up": {"uv": [6.875, 1, 7, 0.875], "texture": "#2"},
				"down": {"uv": [6.875, 1.5, 7, 1.375], "texture": "#2"}
			}
		},
		{
			"from": [5.35, 24.35, 7.3],
			"to": [6.35, 25.1, 7.725],
			"faces": {
				"north": {"uv": [6.25, 0.625, 5.75, 1], "texture": "#2"},
				"east": {"uv": [6.125, 0.625, 6.25, 1], "texture": "#2"},
				"south": {"uv": [5.75, 0.625, 6.25, 1], "texture": "#2"},
				"west": {"uv": [5.75, 0.625, 5.875, 1], "texture": "#2"},
				"up": {"uv": [5.75, 0.75, 6.25, 0.625], "texture": "#2"},
				"down": {"uv": [5.75, 1, 6.25, 0.875], "texture": "#2"}
			}
		},
		{
			"from": [6.85, 24.1, 7.3],
			"to": [7.35, 24.85, 7.725],
			"faces": {
				"north": {"uv": [6.75, 0.75, 6.5, 1.125], "texture": "#2"},
				"east": {"uv": [6.625, 0.75, 6.75, 1.125], "texture": "#2"},
				"south": {"uv": [6.5, 0.75, 6.75, 1.125], "texture": "#2"},
				"west": {"uv": [6.5, 0.75, 6.625, 1.125], "texture": "#2"},
				"up": {"uv": [6.5, 0.875, 6.75, 0.75], "texture": "#2"},
				"down": {"uv": [6.5, 1.125, 6.75, 1], "texture": "#2"}
			}
		},
		{
			"from": [4.1, 24.1, 7.3],
			"to": [4.35, 24.6, 7.725],
			"faces": {
				"north": {"uv": [5.25, 0.875, 5.125, 1.125], "texture": "#2"},
				"east": {"uv": [5.125, 0.875, 5.25, 1.125], "texture": "#2"},
				"south": {"uv": [5.125, 0.875, 5.25, 1.125], "texture": "#2"},
				"west": {"uv": [5.125, 0.875, 5.25, 1.125], "texture": "#2"},
				"up": {"uv": [5.125, 1, 5.25, 0.875], "texture": "#2"},
				"down": {"uv": [5.125, 1.125, 5.25, 1], "texture": "#2"}
			}
		},
		{
			"from": [4.35, 24.1, 7.3],
			"to": [4.85, 24.85, 7.725],
			"faces": {
				"north": {"uv": [5.5, 0.75, 5.25, 1.125], "texture": "#2"},
				"east": {"uv": [5.375, 0.75, 5.5, 1.125], "texture": "#2"},
				"south": {"uv": [5.25, 0.75, 5.5, 1.125], "texture": "#2"},
				"west": {"uv": [5.25, 0.75, 5.375, 1.125], "texture": "#2"},
				"up": {"uv": [5.25, 0.875, 5.5, 0.75], "texture": "#2"},
				"down": {"uv": [5.25, 1.125, 5.5, 1], "texture": "#2"}
			}
		},
		{
			"from": [6.35, 24.1, 7.3],
			"to": [6.85, 25.1, 7.725],
			"faces": {
				"north": {"uv": [6.5, 0.625, 6.25, 1.125], "texture": "#2"},
				"east": {"uv": [6.375, 0.625, 6.5, 1.125], "texture": "#2"},
				"south": {"uv": [6.25, 0.625, 6.5, 1.125], "texture": "#2"},
				"west": {"uv": [6.25, 0.625, 6.375, 1.125], "texture": "#2"},
				"up": {"uv": [6.25, 0.75, 6.5, 0.625], "texture": "#2"},
				"down": {"uv": [6.25, 1.125, 6.5, 1], "texture": "#2"}
			}
		},
		{
			"from": [4.85, 24.1, 7.3],
			"to": [5.35, 25.1, 7.725],
			"faces": {
				"north": {"uv": [5.75, 0.625, 5.5, 1.125], "texture": "#2"},
				"east": {"uv": [5.625, 0.625, 5.75, 1.125], "texture": "#2"},
				"south": {"uv": [5.5, 0.625, 5.75, 1.125], "texture": "#2"},
				"west": {"uv": [5.5, 0.625, 5.625, 1.125], "texture": "#2"},
				"up": {"uv": [5.5, 0.75, 5.75, 0.625], "texture": "#2"},
				"down": {"uv": [5.5, 1.125, 5.75, 1], "texture": "#2"}
			}
		},
		{
			"from": [7.35, 24.1, 7.3],
			"to": [7.6, 24.6, 7.725],
			"faces": {
				"north": {"uv": [6.875, 0.875, 6.75, 1.125], "texture": "#2"},
				"east": {"uv": [6.75, 0.875, 6.875, 1.125], "texture": "#2"},
				"south": {"uv": [6.75, 0.875, 6.875, 1.125], "texture": "#2"},
				"west": {"uv": [6.75, 0.875, 6.875, 1.125], "texture": "#2"},
				"up": {"uv": [6.75, 1, 6.875, 0.875], "texture": "#2"},
				"down": {"uv": [6.75, 1.125, 6.875, 1], "texture": "#2"}
			}
		},
		{
			"from": [7.35, -0.9, 7.15],
			"to": [8.1, -0.15, 7.875],
			"faces": {
				"north": {"uv": [7.125, 13.25, 6.75, 13.625], "texture": "#2"},
				"east": {"uv": [7, 13.25, 7.125, 13.625], "texture": "#2"},
				"south": {"uv": [6.75, 13.25, 7.125, 13.625], "texture": "#2"},
				"west": {"uv": [6.75, 13.25, 6.875, 13.625], "texture": "#2"},
				"up": {"uv": [0, 0, 0, 0], "texture": "#2"},
				"down": {"uv": [0, 0, 0, 0], "texture": "#2"}
			}
		},
		{
			"from": [2.6, -10.85, 7.5],
			"to": [10.1, 0.9, 7.5],
			"rotation": {"angle": -22.5, "axis": "z", "origin": [0, 0, 0]},
			"faces": {
				"north": {"uv": [13.25, 11.875, 7.625, 15.625], "rotation": 270, "texture": "#2"},
				"south": {"uv": [7.625, 11.875, 13.25, 15.625], "rotation": 90, "texture": "#2"}
			}
		},
		{
			"from": [6.1, 0.9, 7.5],
			"to": [7.6, 2.15, 7.5],
			"rotation": {"angle": -22.5, "axis": "z", "origin": [0, 0, 0]},
			"faces": {
				"north": {"uv": [7.625, 13.125, 7.25, 13.875], "rotation": 270, "texture": "#2"},
				"south": {"uv": [7.25, 13.125, 7.625, 13.875], "rotation": 90, "texture": "#2"}
			}
		},
		{
			"from": [6.85, 2.15, 7.5],
			"to": [7.1, 2.4, 7.5],
			"rotation": {"angle": -22.5, "axis": "z", "origin": [0, 0, 0]},
			"faces": {
				"north": {"uv": [7.25, 13.375, 7.125, 13.5], "rotation": 270, "texture": "#2"},
				"south": {"uv": [7.125, 13.375, 7.25, 13.5], "rotation": 90, "texture": "#2"}
			}
		},
		{
			"from": [7.1, -0.15, 7],
			"to": [8.35, 5.85, 8.025],
			"faces": {
				"north": {"uv": [7.25, 10.25, 6.625, 13.25], "texture": "#2"},
				"east": {"uv": [7.125, 10.25, 7.25, 13.25], "texture": "#2"},
				"south": {"uv": [6.625, 10.25, 7.25, 13.25], "texture": "#2"},
				"west": {"uv": [6.625, 10.25, 6.75, 13.25], "texture": "#2"},
				"up": {"uv": [6.625, 10.375, 7.25, 10.25], "texture": "#2"},
				"down": {"uv": [6.625, 13.25, 7.25, 13.125], "texture": "#2"}
			}
		},
		{
			"from": [7.1, -1.4, 7.1],
			"to": [8.35, -0.9, 7.925],
			"faces": {
				"north": {"uv": [7.25, 13.625, 6.625, 13.875], "texture": "#2"},
				"east": {"uv": [7.125, 13.625, 7.25, 13.875], "texture": "#2"},
				"south": {"uv": [6.625, 13.625, 7.25, 13.875], "texture": "#2"},
				"west": {"uv": [6.625, 13.625, 6.75, 13.875], "texture": "#2"},
				"up": {"uv": [6.625, 13.75, 7.25, 13.625], "texture": "#2"},
				"down": {"uv": [6.625, 13.875, 7.25, 13.75], "texture": "#2"}
			}
		},
		{
			"from": [6.6, -0.15, 7.2],
			"to": [7.1, 0.85, 7.825],
			"faces": {
				"north": {"uv": [6.625, 12.75, 6.375, 13.25], "texture": "#2"},
				"east": {"uv": [6.5, 12.75, 6.625, 13.25], "texture": "#2"},
				"south": {"uv": [6.375, 12.75, 6.625, 13.25], "texture": "#2"},
				"west": {"uv": [6.375, 12.75, 6.5, 13.25], "texture": "#2"},
				"up": {"uv": [6.375, 12.875, 6.625, 12.75], "texture": "#2"},
				"down": {"uv": [6.375, 13.25, 6.625, 13.125], "texture": "#2"}
			}
		},
		{
			"from": [4.1, -0.4, 7.2],
			"to": [4.6, 0.6, 7.825],
			"faces": {
				"north": {"uv": [5.375, 12.875, 5.125, 13.375], "texture": "#2"},
				"east": {"uv": [5.25, 12.875, 5.375, 13.375], "texture": "#2"},
				"south": {"uv": [5.125, 12.875, 5.375, 13.375], "texture": "#2"},
				"west": {"uv": [5.125, 12.875, 5.25, 13.375], "texture": "#2"},
				"up": {"uv": [5.125, 13, 5.375, 12.875], "texture": "#2"},
				"down": {"uv": [5.125, 13.375, 5.375, 13.25], "texture": "#2"}
			}
		},
		{
			"from": [3.6, -0.9, 7.2],
			"to": [3.85, 0.1, 7.825],
			"faces": {
				"north": {"uv": [5, 13.125, 4.875, 13.625], "texture": "#2"},
				"east": {"uv": [4.875, 13.125, 5, 13.625], "texture": "#2"},
				"south": {"uv": [4.875, 13.125, 5, 13.625], "texture": "#2"},
				"west": {"uv": [4.875, 13.125, 5, 13.625], "texture": "#2"},
				"up": {"uv": [4.875, 13.25, 5, 13.125], "texture": "#2"},
				"down": {"uv": [4.875, 13.625, 5, 13.5], "texture": "#2"}
			}
		},
		{
			"from": [3.35, -1.4, 7.2],
			"to": [3.6, -0.15, 7.825],
			"faces": {
				"north": {"uv": [4.875, 13.25, 4.75, 13.875], "texture": "#2"},
				"east": {"uv": [4.75, 13.25, 4.875, 13.875], "texture": "#2"},
				"south": {"uv": [4.75, 13.25, 4.875, 13.875], "texture": "#2"},
				"west": {"uv": [4.75, 13.25, 4.875, 13.875], "texture": "#2"},
				"up": {"uv": [4.75, 13.375, 4.875, 13.25], "texture": "#2"},
				"down": {"uv": [4.75, 13.875, 4.875, 13.75], "texture": "#2"}
			}
		},
		{
			"from": [3.1, -1.9, 7.2],
			"to": [3.35, -0.4, 7.825],
			"faces": {
				"north": {"uv": [4.75, 13.375, 4.625, 14.125], "texture": "#2"},
				"east": {"uv": [4.625, 13.375, 4.75, 14.125], "texture": "#2"},
				"south": {"uv": [4.625, 13.375, 4.75, 14.125], "texture": "#2"},
				"west": {"uv": [4.625, 13.375, 4.75, 14.125], "texture": "#2"},
				"up": {"uv": [4.625, 13.5, 4.75, 13.375], "texture": "#2"},
				"down": {"uv": [4.625, 14.125, 4.75, 14], "texture": "#2"}
			}
		},
		{
			"from": [2.85, -2.15, 7.2],
			"to": [3.1, -0.9, 7.825],
			"faces": {
				"north": {"uv": [4.625, 13.625, 4.5, 14.25], "texture": "#2"},
				"east": {"uv": [4.5, 13.625, 4.625, 14.25], "texture": "#2"},
				"south": {"uv": [4.5, 13.625, 4.625, 14.25], "texture": "#2"},
				"west": {"uv": [4.5, 13.625, 4.625, 14.25], "texture": "#2"},
				"up": {"uv": [4.5, 13.75, 4.625, 13.625], "texture": "#2"},
				"down": {"uv": [4.5, 14.25, 4.625, 14.125], "texture": "#2"}
			}
		},
		{
			"from": [2.6, -2.4, 7.2],
			"to": [2.85, -1.4, 7.825],
			"faces": {
				"north": {"uv": [4.5, 13.875, 4.375, 14.375], "texture": "#2"},
				"east": {"uv": [4.375, 13.875, 4.5, 14.375], "texture": "#2"},
				"south": {"uv": [4.375, 13.875, 4.5, 14.375], "texture": "#2"},
				"west": {"uv": [4.375, 13.875, 4.5, 14.375], "texture": "#2"},
				"up": {"uv": [4.375, 14, 4.5, 13.875], "texture": "#2"},
				"down": {"uv": [4.375, 14.375, 4.5, 14.25], "texture": "#2"}
			}
		},
		{
			"from": [2.35, -2.65, 7.2],
			"to": [2.6, -1.9, 7.825],
			"faces": {
				"north": {"uv": [4.375, 14.125, 4.25, 14.5], "texture": "#2"},
				"east": {"uv": [4.25, 14.125, 4.375, 14.5], "texture": "#2"},
				"south": {"uv": [4.25, 14.125, 4.375, 14.5], "texture": "#2"},
				"west": {"uv": [4.25, 14.125, 4.375, 14.5], "texture": "#2"},
				"up": {"uv": [4.25, 14.25, 4.375, 14.125], "texture": "#2"},
				"down": {"uv": [4.25, 14.5, 4.375, 14.375], "texture": "#2"}
			}
		},
		{
			"from": [1.85, -2.65, 7.2],
			"to": [2.1, -2.4, 7.825],
			"faces": {
				"north": {"uv": [4.125, 14.375, 4, 14.5], "texture": "#2"},
				"east": {"uv": [4, 14.375, 4.125, 14.5], "texture": "#2"},
				"south": {"uv": [4, 14.375, 4.125, 14.5], "texture": "#2"},
				"west": {"uv": [4, 14.375, 4.125, 14.5], "texture": "#2"},
				"up": {"uv": [4, 14.5, 4.125, 14.375], "texture": "#2"},
				"down": {"uv": [4, 14.5, 4.125, 14.375], "texture": "#2"}
			}
		},
		{
			"from": [2.85, 6.6, 7.2],
			"to": [3.1, 7.85, 7.825],
			"faces": {
				"north": {"uv": [4.625, 9.25, 4.5, 9.875], "texture": "#2"},
				"east": {"uv": [4.5, 9.25, 4.625, 9.875], "texture": "#2"},
				"south": {"uv": [4.5, 9.25, 4.625, 9.875], "texture": "#2"},
				"west": {"uv": [4.5, 9.25, 4.625, 9.875], "texture": "#2"},
				"up": {"uv": [4.5, 9.375, 4.625, 9.25], "texture": "#2"},
				"down": {"uv": [4.5, 9.875, 4.625, 9.75], "texture": "#2"}
			}
		},
		{
			"from": [2.6, 7.1, 7.2],
			"to": [2.85, 8.1, 7.825],
			"faces": {
				"north": {"uv": [4.5, 9.125, 4.375, 9.625], "texture": "#2"},
				"east": {"uv": [4.375, 9.125, 4.5, 9.625], "texture": "#2"},
				"south": {"uv": [4.375, 9.125, 4.5, 9.625], "texture": "#2"},
				"west": {"uv": [4.375, 9.125, 4.5, 9.625], "texture": "#2"},
				"up": {"uv": [4.375, 9.25, 4.5, 9.125], "texture": "#2"},
				"down": {"uv": [4.375, 9.625, 4.5, 9.5], "texture": "#2"}
			}
		},
		{
			"from": [2.35, 7.6, 7.2],
			"to": [2.6, 8.35, 7.825],
			"faces": {
				"north": {"uv": [4.375, 9, 4.25, 9.375], "texture": "#2"},
				"east": {"uv": [4.25, 9, 4.375, 9.375], "texture": "#2"},
				"south": {"uv": [4.25, 9, 4.375, 9.375], "texture": "#2"},
				"west": {"uv": [4.25, 9, 4.375, 9.375], "texture": "#2"},
				"up": {"uv": [4.25, 9.125, 4.375, 9], "texture": "#2"},
				"down": {"uv": [4.25, 9.375, 4.375, 9.25], "texture": "#2"}
			}
		},
		{
			"from": [2.1, 7.85, 7.2],
			"to": [2.35, 8.35, 7.825],
			"faces": {
				"north": {"uv": [4.25, 9, 4.125, 9.25], "texture": "#2"},
				"east": {"uv": [4.125, 9, 4.25, 9.25], "texture": "#2"},
				"south": {"uv": [4.125, 9, 4.25, 9.25], "texture": "#2"},
				"west": {"uv": [4.125, 9, 4.25, 9.25], "texture": "#2"},
				"up": {"uv": [4.125, 9.125, 4.25, 9], "texture": "#2"},
				"down": {"uv": [4.125, 9.25, 4.25, 9.125], "texture": "#2"}
			}
		},
		{
			"from": [1.85, 8.1, 7.2],
			"to": [2.1, 8.35, 7.825],
			"faces": {
				"north": {"uv": [4.125, 9, 4, 9.125], "texture": "#2"},
				"east": {"uv": [4, 9, 4.125, 9.125], "texture": "#2"},
				"south": {"uv": [4, 9, 4.125, 9.125], "texture": "#2"},
				"west": {"uv": [4, 9, 4.125, 9.125], "texture": "#2"},
				"up": {"uv": [4, 9.125, 4.125, 9], "texture": "#2"},
				"down": {"uv": [4, 9.125, 4.125, 9], "texture": "#2"}
			}
		},
		{
			"from": [2.1, -2.65, 7.2],
			"to": [2.35, -2.15, 7.825],
			"faces": {
				"north": {"uv": [4.25, 14.25, 4.125, 14.5], "texture": "#2"},
				"east": {"uv": [4.125, 14.25, 4.25, 14.5], "texture": "#2"},
				"south": {"uv": [4.125, 14.25, 4.25, 14.5], "texture": "#2"},
				"west": {"uv": [4.125, 14.25, 4.25, 14.5], "texture": "#2"},
				"up": {"uv": [4.125, 14.375, 4.25, 14.25], "texture": "#2"},
				"down": {"uv": [4.125, 14.5, 4.25, 14.375], "texture": "#2"}
			}
		},
		{
			"from": [3.85, -0.65, 7.2],
			"to": [4.1, 0.35, 7.825],
			"faces": {
				"north": {"uv": [5.125, 13, 5, 13.5], "texture": "#2"},
				"east": {"uv": [5, 13, 5.125, 13.5], "texture": "#2"},
				"south": {"uv": [5, 13, 5.125, 13.5], "texture": "#2"},
				"west": {"uv": [5, 13, 5.125, 13.5], "texture": "#2"},
				"up": {"uv": [5, 13.125, 5.125, 13], "texture": "#2"},
				"down": {"uv": [5, 13.5, 5.125, 13.375], "texture": "#2"}
			}
		},
		{
			"from": [4.85, 0.85, 7.1],
			"to": [5.85, 1.85, 7.925],
			"faces": {
				"north": {"uv": [6, 12.25, 5.5, 12.75], "texture": "#2"},
				"east": {"uv": [5.875, 12.25, 6, 12.75], "texture": "#2"},
				"south": {"uv": [5.5, 12.25, 6, 12.75], "texture": "#2"},
				"west": {"uv": [5.5, 12.25, 5.625, 12.75], "texture": "#2"},
				"up": {"uv": [5.5, 12.375, 6, 12.25], "texture": "#2"},
				"down": {"uv": [5.5, 12.75, 6, 12.625], "texture": "#2"}
			}
		},
		{
			"from": [5.1, 2.1, 7.1],
			"to": [6.1, 3.6, 7.925],
			"faces": {
				"north": {"uv": [6.125, 11.375, 5.625, 12.125], "texture": "#2"},
				"east": {"uv": [6, 11.375, 6.125, 12.125], "texture": "#2"},
				"south": {"uv": [5.625, 11.375, 6.125, 12.125], "texture": "#2"},
				"west": {"uv": [5.625, 11.375, 5.75, 12.125], "texture": "#2"},
				"up": {"uv": [5.625, 11.5, 6.125, 11.375], "texture": "#2"},
				"down": {"uv": [5.625, 12.125, 6.125, 12], "texture": "#2"}
			}
		},
		{
			"from": [4.85, 1.85, 7.1],
			"to": [6.1, 2.1, 7.925],
			"faces": {
				"north": {"uv": [6.125, 12.125, 5.5, 12.25], "texture": "#2"},
				"east": {"uv": [6, 12.125, 6.125, 12.25], "texture": "#2"},
				"south": {"uv": [5.5, 12.125, 6.125, 12.25], "texture": "#2"},
				"west": {"uv": [5.5, 12.125, 5.625, 12.25], "texture": "#2"},
				"up": {"uv": [5.5, 12.25, 6.125, 12.125], "texture": "#2"},
				"down": {"uv": [5.5, 12.25, 6.125, 12.125], "texture": "#2"}
			}
		},
		{
			"from": [4.6, 0.6, 7.1],
			"to": [5.85, 0.85, 7.925],
			"faces": {
				"north": {"uv": [6, 12.75, 5.375, 12.875], "texture": "#2"},
				"east": {"uv": [5.875, 12.75, 6, 12.875], "texture": "#2"},
				"south": {"uv": [5.375, 12.75, 6, 12.875], "texture": "#2"},
				"west": {"uv": [5.375, 12.75, 5.5, 12.875], "texture": "#2"},
				"up": {"uv": [5.375, 12.875, 6, 12.75], "texture": "#2"},
				"down": {"uv": [5.375, 12.875, 6, 12.75], "texture": "#2"}
			}
		},
		{
			"from": [4.35, 0.1, 7.1],
			"to": [5.6, 0.6, 7.925],
			"faces": {
				"north": {"uv": [5.875, 12.875, 5.25, 13.125], "texture": "#2"},
				"east": {"uv": [5.75, 12.875, 5.875, 13.125], "texture": "#2"},
				"south": {"uv": [5.25, 12.875, 5.875, 13.125], "texture": "#2"},
				"west": {"uv": [5.25, 12.875, 5.375, 13.125], "texture": "#2"},
				"up": {"uv": [5.25, 13, 5.875, 12.875], "texture": "#2"},
				"down": {"uv": [5.25, 13.125, 5.875, 13], "texture": "#2"}
			}
		},
		{
			"from": [4.6, -0.4, 7.1],
			"to": [5.35, 0.1, 7.925],
			"faces": {
				"north": {"uv": [5.75, 13.125, 5.375, 13.375], "texture": "#2"},
				"east": {"uv": [5.625, 13.125, 5.75, 13.375], "texture": "#2"},
				"south": {"uv": [5.375, 13.125, 5.75, 13.375], "texture": "#2"},
				"west": {"uv": [5.375, 13.125, 5.5, 13.375], "texture": "#2"},
				"up": {"uv": [5.375, 13.25, 5.75, 13.125], "texture": "#2"},
				"down": {"uv": [5.375, 13.375, 5.75, 13.25], "texture": "#2"}
			}
		},
		{
			"from": [4.85, -0.65, 7.1],
			"to": [5.1, -0.4, 7.925],
			"faces": {
				"north": {"uv": [5.625, 13.375, 5.5, 13.5], "texture": "#2"},
				"east": {"uv": [5.5, 13.375, 5.625, 13.5], "texture": "#2"},
				"south": {"uv": [5.5, 13.375, 5.625, 13.5], "texture": "#2"},
				"west": {"uv": [5.5, 13.375, 5.625, 13.5], "texture": "#2"},
				"up": {"uv": [5.5, 13.5, 5.625, 13.375], "texture": "#2"},
				"down": {"uv": [5.5, 13.5, 5.625, 13.375], "texture": "#2"}
			}
		},
		{
			"from": [5.6, 0.1, 7.2],
			"to": [6.6, 0.85, 7.825],
			"faces": {
				"north": {"uv": [6.375, 12.75, 5.875, 13.125], "texture": "#2"},
				"east": {"uv": [6.25, 12.75, 6.375, 13.125], "texture": "#2"},
				"south": {"uv": [5.875, 12.75, 6.375, 13.125], "texture": "#2"},
				"west": {"uv": [5.875, 12.75, 6, 13.125], "texture": "#2"},
				"up": {"uv": [5.875, 12.875, 6.375, 12.75], "texture": "#2"},
				"down": {"uv": [5.875, 13.125, 6.375, 13], "texture": "#2"}
			}
		},
		{
			"from": [6.6, 4.85, 7.2],
			"to": [7.1, 5.85, 7.825],
			"faces": {
				"north": {"uv": [6.625, 10.25, 6.375, 10.75], "texture": "#2"},
				"east": {"uv": [6.5, 10.25, 6.625, 10.75], "texture": "#2"},
				"south": {"uv": [6.375, 10.25, 6.625, 10.75], "texture": "#2"},
				"west": {"uv": [6.375, 10.25, 6.5, 10.75], "texture": "#2"},
				"up": {"uv": [6.375, 10.375, 6.625, 10.25], "texture": "#2"},
				"down": {"uv": [6.375, 10.75, 6.625, 10.625], "texture": "#2"}
			}
		},
		{
			"from": [4.85, 6.1, 7.1],
			"to": [5.1, 6.35, 7.925],
			"faces": {
				"north": {"uv": [5.625, 10, 5.5, 10.125], "texture": "#2"},
				"east": {"uv": [5.5, 10, 5.625, 10.125], "texture": "#2"},
				"south": {"uv": [5.5, 10, 5.625, 10.125], "texture": "#2"},
				"west": {"uv": [5.5, 10, 5.625, 10.125], "texture": "#2"},
				"up": {"uv": [5.5, 10.125, 5.625, 10], "texture": "#2"},
				"down": {"uv": [5.5, 10.125, 5.625, 10], "texture": "#2"}
			}
		},
		{
			"from": [4.6, 5.6, 7.1],
			"to": [5.35, 6.1, 7.925],
			"faces": {
				"north": {"uv": [5.75, 10.125, 5.375, 10.375], "texture": "#2"},
				"east": {"uv": [5.625, 10.125, 5.75, 10.375], "texture": "#2"},
				"south": {"uv": [5.375, 10.125, 5.75, 10.375], "texture": "#2"},
				"west": {"uv": [5.375, 10.125, 5.5, 10.375], "texture": "#2"},
				"up": {"uv": [5.375, 10.25, 5.75, 10.125], "texture": "#2"},
				"down": {"uv": [5.375, 10.375, 5.75, 10.25], "texture": "#2"}
			}
		},
		{
			"from": [3.1, 6.1, 7.2],
			"to": [3.35, 7.6, 7.825],
			"faces": {
				"north": {"uv": [4.75, 9.375, 4.625, 10.125], "texture": "#2"},
				"east": {"uv": [4.625, 9.375, 4.75, 10.125], "texture": "#2"},
				"south": {"uv": [4.625, 9.375, 4.75, 10.125], "texture": "#2"},
				"west": {"uv": [4.625, 9.375, 4.75, 10.125], "texture": "#2"},
				"up": {"uv": [4.625, 9.5, 4.75, 9.375], "texture": "#2"},
				"down": {"uv": [4.625, 10.125, 4.75, 10], "texture": "#2"}
			}
		},
		{
			"from": [3.35, 5.85, 7.2],
			"to": [3.6, 7.1, 7.825],
			"faces": {
				"north": {"uv": [4.875, 9.625, 4.75, 10.25], "texture": "#2"},
				"east": {"uv": [4.75, 9.625, 4.875, 10.25], "texture": "#2"},
				"south": {"uv": [4.75, 9.625, 4.875, 10.25], "texture": "#2"},
				"west": {"uv": [4.75, 9.625, 4.875, 10.25], "texture": "#2"},
				"up": {"uv": [4.75, 9.75, 4.875, 9.625], "texture": "#2"},
				"down": {"uv": [4.75, 10.25, 4.875, 10.125], "texture": "#2"}
			}
		},
		{
			"from": [3.85, 5.35, 7.2],
			"to": [4.1, 6.35, 7.825],
			"faces": {
				"north": {"uv": [5.125, 10, 5, 10.5], "texture": "#2"},
				"east": {"uv": [5, 10, 5.125, 10.5], "texture": "#2"},
				"south": {"uv": [5, 10, 5.125, 10.5], "texture": "#2"},
				"west": {"uv": [5, 10, 5.125, 10.5], "texture": "#2"},
				"up": {"uv": [5, 10.125, 5.125, 10], "texture": "#2"},
				"down": {"uv": [5, 10.5, 5.125, 10.375], "texture": "#2"}
			}
		},
		{
			"from": [3.6, 5.6, 7.2],
			"to": [3.85, 6.6, 7.825],
			"faces": {
				"north": {"uv": [5, 9.875, 4.875, 10.375], "texture": "#2"},
				"east": {"uv": [4.875, 9.875, 5, 10.375], "texture": "#2"},
				"south": {"uv": [4.875, 9.875, 5, 10.375], "texture": "#2"},
				"west": {"uv": [4.875, 9.875, 5, 10.375], "texture": "#2"},
				"up": {"uv": [4.875, 10, 5, 9.875], "texture": "#2"},
				"down": {"uv": [4.875, 10.375, 5, 10.25], "texture": "#2"}
			}
		},
		{
			"from": [4.35, 5.1, 7.1],
			"to": [5.6, 5.6, 7.925],
			"faces": {
				"north": {"uv": [5.875, 10.375, 5.25, 10.625], "texture": "#2"},
				"east": {"uv": [5.75, 10.375, 5.875, 10.625], "texture": "#2"},
				"south": {"uv": [5.25, 10.375, 5.875, 10.625], "texture": "#2"},
				"west": {"uv": [5.25, 10.375, 5.375, 10.625], "texture": "#2"},
				"up": {"uv": [5.25, 10.5, 5.875, 10.375], "texture": "#2"},
				"down": {"uv": [5.25, 10.625, 5.875, 10.5], "texture": "#2"}
			}
		},
		{
			"from": [4.6, 4.85, 7.1],
			"to": [5.85, 5.1, 7.925],
			"faces": {
				"north": {"uv": [6, 10.625, 5.375, 10.75], "texture": "#2"},
				"east": {"uv": [5.875, 10.625, 6, 10.75], "texture": "#2"},
				"south": {"uv": [5.375, 10.625, 6, 10.75], "texture": "#2"},
				"west": {"uv": [5.375, 10.625, 5.5, 10.75], "texture": "#2"},
				"up": {"uv": [5.375, 10.75, 6, 10.625], "texture": "#2"},
				"down": {"uv": [5.375, 10.75, 6, 10.625], "texture": "#2"}
			}
		},
		{
			"from": [4.85, 3.6, 7.1],
			"to": [6.1, 3.85, 7.925],
			"faces": {
				"north": {"uv": [6.125, 11.25, 5.5, 11.375], "texture": "#2"},
				"east": {"uv": [6, 11.25, 6.125, 11.375], "texture": "#2"},
				"south": {"uv": [5.5, 11.25, 6.125, 11.375], "texture": "#2"},
				"west": {"uv": [5.5, 11.25, 5.625, 11.375], "texture": "#2"},
				"up": {"uv": [5.5, 11.375, 6.125, 11.25], "texture": "#2"},
				"down": {"uv": [5.5, 11.375, 6.125, 11.25], "texture": "#2"}
			}
		},
		{
			"from": [4.85, 3.85, 7.1],
			"to": [5.85, 4.85, 7.925],
			"faces": {
				"north": {"uv": [6, 10.75, 5.5, 11.25], "texture": "#2"},
				"east": {"uv": [5.875, 10.75, 6, 11.25], "texture": "#2"},
				"south": {"uv": [5.5, 10.75, 6, 11.25], "texture": "#2"},
				"west": {"uv": [5.5, 10.75, 5.625, 11.25], "texture": "#2"},
				"up": {"uv": [5.5, 10.875, 6, 10.75], "texture": "#2"},
				"down": {"uv": [5.5, 11.25, 6, 11.125], "texture": "#2"}
			}
		},
		{
			"from": [4.1, 5.1, 7.2],
			"to": [4.6, 6.1, 7.825],
			"faces": {
				"north": {"uv": [5.375, 10.125, 5.125, 10.625], "texture": "#2"},
				"east": {"uv": [5.25, 10.125, 5.375, 10.625], "texture": "#2"},
				"south": {"uv": [5.125, 10.125, 5.375, 10.625], "texture": "#2"},
				"west": {"uv": [5.125, 10.125, 5.25, 10.625], "texture": "#2"},
				"up": {"uv": [5.125, 10.25, 5.375, 10.125], "texture": "#2"},
				"down": {"uv": [5.125, 10.625, 5.375, 10.5], "texture": "#2"}
			}
		},
		{
			"from": [5.6, 4.85, 7.2],
			"to": [6.6, 5.6, 7.825],
			"faces": {
				"north": {"uv": [6.375, 10.375, 5.875, 10.75], "texture": "#2"},
				"east": {"uv": [6.25, 10.375, 6.375, 10.75], "texture": "#2"},
				"south": {"uv": [5.875, 10.375, 6.375, 10.75], "texture": "#2"},
				"west": {"uv": [5.875, 10.375, 6, 10.75], "texture": "#2"},
				"up": {"uv": [5.875, 10.5, 6.375, 10.375], "texture": "#2"},
				"down": {"uv": [5.875, 10.75, 6.375, 10.625], "texture": "#2"}
			}
		},
		{
			"from": [7.1, -2.9, 7.1],
			"to": [8.35, -2.65, 7.925],
			"faces": {
				"north": {"uv": [7.25, 14.5, 6.625, 14.625], "texture": "#2"},
				"east": {"uv": [7.125, 14.5, 7.25, 14.625], "texture": "#2"},
				"south": {"uv": [6.625, 14.5, 7.25, 14.625], "texture": "#2"},
				"west": {"uv": [6.625, 14.5, 6.75, 14.625], "texture": "#2"},
				"up": {"uv": [6.625, 14.625, 7.25, 14.5], "texture": "#2"},
				"down": {"uv": [6.625, 14.625, 7.25, 14.5], "texture": "#2"}
			}
		},
		{
			"from": [7.35, -3.4, 7.2],
			"to": [8.1, -2.9, 7.825],
			"faces": {
				"north": {"uv": [7.125, 14.625, 6.75, 14.875], "texture": "#2"},
				"east": {"uv": [7, 14.625, 7.125, 14.875], "texture": "#2"},
				"south": {"uv": [6.75, 14.625, 7.125, 14.875], "texture": "#2"},
				"west": {"uv": [6.75, 14.625, 6.875, 14.875], "texture": "#2"},
				"up": {"uv": [6.75, 14.75, 7.125, 14.625], "texture": "#2"},
				"down": {"uv": [6.75, 14.875, 7.125, 14.75], "texture": "#2"}
			}
		},
		{
			"from": [7.6, -3.9, 7.3],
			"to": [7.85, -3.4, 7.725],
			"faces": {
				"north": {"uv": [7, 14.875, 6.875, 15.125], "texture": "#2"},
				"east": {"uv": [6.875, 14.875, 7, 15.125], "texture": "#2"},
				"south": {"uv": [6.875, 14.875, 7, 15.125], "texture": "#2"},
				"west": {"uv": [6.875, 14.875, 7, 15.125], "texture": "#2"},
				"up": {"uv": [6.875, 15, 7, 14.875], "texture": "#2"},
				"down": {"uv": [6.875, 15.125, 7, 15], "texture": "#2"}
			}
		},
		{
			"from": [6.35, -2.15, 6.8],
			"to": [9.1, -1.9, 8.225],
			"faces": {
				"north": {"uv": [7.625, 14.125, 6.25, 14.25], "texture": "#2"},
				"east": {"uv": [7.5, 14.125, 7.625, 14.25], "texture": "#2"},
				"south": {"uv": [6.25, 14.125, 7.625, 14.25], "texture": "#2"},
				"west": {"uv": [6.25, 14.125, 6.375, 14.25], "texture": "#2"},
				"up": {"uv": [6.25, 14.25, 7.625, 14.125], "texture": "#2"},
				"down": {"uv": [6.25, 14.25, 7.625, 14.125], "texture": "#2"}
			}
		},
		{
			"from": [6.6, -2.4, 6.9],
			"to": [8.85, -2.15, 8.125],
			"faces": {
				"north": {"uv": [7.5, 14.25, 6.375, 14.375], "texture": "#2"},
				"east": {"uv": [7.375, 14.25, 7.5, 14.375], "texture": "#2"},
				"south": {"uv": [6.375, 14.25, 7.5, 14.375], "texture": "#2"},
				"west": {"uv": [6.375, 14.25, 6.5, 14.375], "texture": "#2"},
				"up": {"uv": [6.375, 14.375, 7.5, 14.25], "texture": "#2"},
				"down": {"uv": [6.375, 14.375, 7.5, 14.25], "texture": "#2"}
			}
		},
		{
			"from": [6.6, -1.9, 6.9],
			"to": [8.85, -1.65, 8.125],
			"faces": {
				"north": {"uv": [7.5, 14, 6.375, 14.125], "texture": "#2"},
				"east": {"uv": [7.375, 14, 7.5, 14.125], "texture": "#2"},
				"south": {"uv": [6.375, 14, 7.5, 14.125], "texture": "#2"},
				"west": {"uv": [6.375, 14, 6.5, 14.125], "texture": "#2"},
				"up": {"uv": [6.375, 14.125, 7.5, 14], "texture": "#2"},
				"down": {"uv": [6.375, 14.125, 7.5, 14], "texture": "#2"}
			}
		},
		{
			"from": [6.85, -1.65, 7],
			"to": [8.6, -1.4, 8.025],
			"faces": {
				"north": {"uv": [7.375, 13.875, 6.5, 14], "texture": "#2"},
				"east": {"uv": [7.25, 13.875, 7.375, 14], "texture": "#2"},
				"south": {"uv": [6.5, 13.875, 7.375, 14], "texture": "#2"},
				"west": {"uv": [6.5, 13.875, 6.625, 14], "texture": "#2"},
				"up": {"uv": [6.5, 14, 7.375, 13.875], "texture": "#2"},
				"down": {"uv": [6.5, 14, 7.375, 13.875], "texture": "#2"}
			}
		},
		{
			"from": [6.85, -2.65, 7],
			"to": [8.6, -2.4, 8.025],
			"faces": {
				"north": {"uv": [7.375, 14.375, 6.5, 14.5], "texture": "#2"},
				"east": {"uv": [7.25, 14.375, 7.375, 14.5], "texture": "#2"},
				"south": {"uv": [6.5, 14.375, 7.375, 14.5], "texture": "#2"},
				"west": {"uv": [6.5, 14.375, 6.625, 14.5], "texture": "#2"},
				"up": {"uv": [6.5, 14.5, 7.375, 14.375], "texture": "#2"},
				"down": {"uv": [6.5, 14.5, 7.375, 14.375], "texture": "#2"}
			}
		}
	],
	"gui_light": "front",
	"display": {
		"thirdperson_righthand": {
			"rotation": [0, -90, 0],
			"translation": [-1, 3, 1.75]
		},
		"thirdperson_lefthand": {
			"rotation": [0, 90, 0],
			"translation": [0, 3, 1.75]
		},
		"firstperson_righthand": {
			"rotation": [55, -90, 60],
			"translation": [-1.25, 4.25, 1.5],
			"scale": [0.7, 0.7, 0.7]
		},
		"firstperson_lefthand": {
			"rotation": [-65, 90, 60],
			"translation": [-0.75, 4.25, 1.5],
			"scale": [0.7, 0.7, 0.7]
		},
		"ground": {
			"rotation": [45, 90, 0],
			"translation": [0, 1, 0],
			"scale": [0.4, 0.4, 0.4]
		},
		"gui": {
			"rotation": [0, 0, -45],
			"translation": [-0.5, -2, 0],
			"scale": [0.7, 0.7, 0.7]
		},
		"head": {
			"translation": [0, 9.75, 0]
		},
		"fixed": {
			"rotation": [180, 0, 135],
			"translation": [1, -2.5, -0.5],
			"scale": [0.9, 0.9, 0.9]
		}
	}
}