{
	"credit": "Made with Blockbench",
	"textures": {
		"2": "./bloodmourne",
		"particle": "./bloodmourne"
	},
	"elements": [
		{
			"from": [7.15, 5.925, 7.325],
			"to": [7.275, 6.425, 7.725],
			"rotation": {"angle": 0, "axis": "y", "origin": [0, 0.1, 0]},
			"faces": {
				"north": {"uv": [5.875, 11.375, 5.75, 11.875], "texture": "#2"},
				"east": {"uv": [5.75, 11.375, 5.875, 11.875], "texture": "#2"},
				"south": {"uv": [5.75, 11.375, 5.875, 11.875], "texture": "#2"},
				"west": {"uv": [5.75, 11.375, 5.875, 11.875], "texture": "#2"},
				"up": {"uv": [5.75, 11.5, 5.875, 11.375], "texture": "#2"},
				"down": {"uv": [5.75, 11.875, 5.875, 11.75], "texture": "#2"}
			}
		},
		{
			"from": [8.65, 6.175, 7.4],
			"to": [8.775, 6.55, 7.65],
			"rotation": {"angle": 0, "axis": "y", "origin": [0, 0.1, 0]},
			"faces": {
				"north": {"uv": [7.375, 11.25, 7.25, 11.625], "texture": "#2"},
				"east": {"uv": [7.25, 11.25, 7.375, 11.625], "texture": "#2"},
				"south": {"uv": [7.25, 11.25, 7.375, 11.625], "texture": "#2"},
				"west": {"uv": [7.25, 11.25, 7.375, 11.625], "texture": "#2"},
				"up": {"uv": [7.25, 11.375, 7.375, 11.25], "texture": "#2"},
				"down": {"uv": [7.25, 11.625, 7.375, 11.5], "texture": "#2"}
			}
		},
		{
			"from": [8.4, 6.05, 7.4],
			"to": [8.65, 6.55, 7.65],
			"rotation": {"angle": 0, "axis": "y", "origin": [0, 0.1, 0]},
			"faces": {
				"north": {"uv": [7.25, 11.25, 7, 11.75], "texture": "#2"},
				"east": {"uv": [7.125, 11.25, 7.25, 11.75], "texture": "#2"},
				"south": {"uv": [7, 11.25, 7.25, 11.75], "texture": "#2"},
				"west": {"uv": [7, 11.25, 7.125, 11.75], "texture": "#2"},
				"up": {"uv": [7, 11.375, 7.25, 11.25], "texture": "#2"},
				"down": {"uv": [7, 11.75, 7.25, 11.625], "texture": "#2"}
			}
		},
		{
			"from": [8.275, 6.05, 7.4],
			"to": [8.4, 6.425, 7.65],
			"rotation": {"angle": 0, "axis": "y", "origin": [0, 0.1, 0]},
			"faces": {
				"north": {"uv": [7, 11.375, 6.875, 11.75], "texture": "#2"},
				"east": {"uv": [6.875, 11.375, 7, 11.75], "texture": "#2"},
				"south": {"uv": [6.875, 11.375, 7, 11.75], "texture": "#2"},
				"west": {"uv": [6.875, 11.375, 7, 11.75], "texture": "#2"},
				"up": {"uv": [6.875, 11.5, 7, 11.375], "texture": "#2"},
				"down": {"uv": [6.875, 11.75, 7, 11.625], "texture": "#2"}
			}
		},
		{
			"from": [8.15, 5.925, 7.325],
			"to": [8.275, 6.425, 7.725],
			"rotation": {"angle": 0, "axis": "y", "origin": [0, 0.1, 0]},
			"faces": {
				"north": {"uv": [6.875, 11.375, 6.75, 11.875], "texture": "#2"},
				"east": {"uv": [6.75, 11.375, 6.875, 11.875], "texture": "#2"},
				"south": {"uv": [6.75, 11.375, 6.875, 11.875], "texture": "#2"},
				"west": {"uv": [6.75, 11.375, 6.875, 11.875], "texture": "#2"},
				"up": {"uv": [6.75, 11.5, 6.875, 11.375], "texture": "#2"},
				"down": {"uv": [6.75, 11.875, 6.875, 11.75], "texture": "#2"}
			}
		},
		{
			"from": [7.025, 6.05, 7.4],
			"to": [7.15, 6.425, 7.65],
			"rotation": {"angle": 0, "axis": "y", "origin": [0, 0.1, 0]},
			"faces": {
				"north": {"uv": [5.75, 11.375, 5.625, 11.75], "texture": "#2"},
				"east": {"uv": [5.625, 11.375, 5.75, 11.75], "texture": "#2"},
				"south": {"uv": [5.625, 11.375, 5.75, 11.75], "texture": "#2"},
				"west": {"uv": [5.625, 11.375, 5.75, 11.75], "texture": "#2"},
				"up": {"uv": [5.625, 11.5, 5.75, 11.375], "texture": "#2"},
				"down": {"uv": [5.625, 11.75, 5.75, 11.625], "texture": "#2"}
			}
		},
		{
			"from": [6.775, 6.05, 7.4],
			"to": [7.025, 6.55, 7.65],
			"rotation": {"angle": 0, "axis": "y", "origin": [0, 0.1, 0]},
			"faces": {
				"north": {"uv": [5.625, 11.25, 5.375, 11.75], "texture": "#2"},
				"east": {"uv": [5.5, 11.25, 5.625, 11.75], "texture": "#2"},
				"south": {"uv": [5.375, 11.25, 5.625, 11.75], "texture": "#2"},
				"west": {"uv": [5.375, 11.25, 5.5, 11.75], "texture": "#2"},
				"up": {"uv": [5.375, 11.375, 5.625, 11.25], "texture": "#2"},
				"down": {"uv": [5.375, 11.75, 5.625, 11.625], "texture": "#2"}
			}
		},
		{
			"from": [6.525, 6.175, 7.475],
			"to": [6.65, 6.675, 7.575],
			"rotation": {"angle": 0, "axis": "y", "origin": [0, 0.1, 0]},
			"faces": {
				"north": {"uv": [5.25, 11.125, 5.125, 11.625], "texture": "#2"},
				"east": {"uv": [5.125, 11.125, 5.25, 11.625], "texture": "#2"},
				"south": {"uv": [5.125, 11.125, 5.25, 11.625], "texture": "#2"},
				"west": {"uv": [5.125, 11.125, 5.25, 11.625], "texture": "#2"},
				"up": {"uv": [5.125, 11.25, 5.25, 11.125], "texture": "#2"},
				"down": {"uv": [5.125, 11.625, 5.25, 11.5], "texture": "#2"}
			}
		},
		{
			"from": [8.65, 7.175, 7.475],
			"to": [8.775, 7.425, 7.575],
			"rotation": {"angle": 0, "axis": "y", "origin": [0, 0.1, 0]},
			"faces": {
				"north": {"uv": [10.875, 8.5, 10.75, 8.75], "texture": "#2"},
				"east": {"uv": [10.75, 8.5, 10.875, 8.75], "texture": "#2"},
				"south": {"uv": [10.75, 8.5, 10.875, 8.75], "texture": "#2"},
				"west": {"uv": [10.75, 8.5, 10.875, 8.75], "texture": "#2"},
				"up": {"uv": [10.75, 8.625, 10.875, 8.5], "texture": "#2"},
				"down": {"uv": [10.75, 8.75, 10.875, 8.625], "texture": "#2"}
			}
		},
		{
			"from": [8.525, 7.3, 7.475],
			"to": [8.65, 7.425, 7.575],
			"rotation": {"angle": 0, "axis": "y", "origin": [0, 0.1, 0]},
			"faces": {
				"north": {"uv": [10.75, 8.5, 10.625, 8.625], "texture": "#2"},
				"east": {"uv": [10.625, 8.5, 10.75, 8.625], "texture": "#2"},
				"south": {"uv": [10.625, 8.5, 10.75, 8.625], "texture": "#2"},
				"west": {"uv": [10.625, 8.5, 10.75, 8.625], "texture": "#2"},
				"up": {"uv": [10.625, 8.625, 10.75, 8.5], "texture": "#2"},
				"down": {"uv": [10.625, 8.625, 10.75, 8.5], "texture": "#2"}
			}
		},
		{
			"from": [9.15, 6.425, 7.475],
			"to": [9.275, 7.175, 7.575],
			"rotation": {"angle": 0, "axis": "y", "origin": [0, 0.1, 0]},
			"faces": {
				"north": {"uv": [7.875, 10.625, 7.75, 11.375], "texture": "#2"},
				"east": {"uv": [7.75, 10.625, 7.875, 11.375], "texture": "#2"},
				"south": {"uv": [7.75, 10.625, 7.875, 11.375], "texture": "#2"},
				"west": {"uv": [7.75, 10.625, 7.875, 11.375], "texture": "#2"},
				"up": {"uv": [7.75, 10.75, 7.875, 10.625], "texture": "#2"},
				"down": {"uv": [7.75, 11.375, 7.875, 11.25], "texture": "#2"}
			}
		},
		{
			"from": [9.275, 6.55, 7.475],
			"to": [9.4, 7.05, 7.575],
			"rotation": {"angle": 0, "axis": "y", "origin": [0, 0.1, 0]},
			"faces": {
				"north": {"uv": [8, 10.75, 7.875, 11.25], "texture": "#2"},
				"east": {"uv": [7.875, 10.75, 8, 11.25], "texture": "#2"},
				"south": {"uv": [7.875, 10.75, 8, 11.25], "texture": "#2"},
				"west": {"uv": [7.875, 10.75, 8, 11.25], "texture": "#2"},
				"up": {"uv": [7.875, 10.875, 8, 10.75], "texture": "#2"},
				"down": {"uv": [7.875, 11.25, 8, 11.125], "texture": "#2"}
			}
		},
		{
			"from": [9.4, 6.675, 7.475],
			"to": [9.525, 6.925, 7.575],
			"rotation": {"angle": 0, "axis": "y", "origin": [0, 0.1, 0]},
			"faces": {
				"north": {"uv": [8.125, 10.875, 8, 11.125], "texture": "#2"},
				"east": {"uv": [8, 10.875, 8.125, 11.125], "texture": "#2"},
				"south": {"uv": [8, 10.875, 8.125, 11.125], "texture": "#2"},
				"west": {"uv": [8, 10.875, 8.125, 11.125], "texture": "#2"},
				"up": {"uv": [8, 11, 8.125, 10.875], "texture": "#2"},
				"down": {"uv": [8, 11.125, 8.125, 11], "texture": "#2"}
			}
		},
		{
			"from": [9.525, 6.8, 7.475],
			"to": [9.65, 6.925, 7.575],
			"rotation": {"angle": 0, "axis": "y", "origin": [0, 0.1, 0]},
			"faces": {
				"north": {"uv": [8.25, 10.875, 8.125, 11], "texture": "#2"},
				"east": {"uv": [8.125, 10.875, 8.25, 11], "texture": "#2"},
				"south": {"uv": [8.125, 10.875, 8.25, 11], "texture": "#2"},
				"west": {"uv": [8.125, 10.875, 8.25, 11], "texture": "#2"},
				"up": {"uv": [8.125, 11, 8.25, 10.875], "texture": "#2"},
				"down": {"uv": [8.125, 11, 8.25, 10.875], "texture": "#2"}
			}
		},
		{
			"from": [8.9, 6.3, 7.475],
			"to": [9.15, 7.3, 7.575],
			"rotation": {"angle": 0, "axis": "y", "origin": [0, 0.1, 0]},
			"faces": {
				"north": {"uv": [7.75, 10.5, 7.5, 11.5], "texture": "#2"},
				"east": {"uv": [7.625, 10.5, 7.75, 11.5], "texture": "#2"},
				"south": {"uv": [7.5, 10.5, 7.75, 11.5], "texture": "#2"},
				"west": {"uv": [7.5, 10.5, 7.625, 11.5], "texture": "#2"},
				"up": {"uv": [7.5, 10.625, 7.75, 10.5], "texture": "#2"},
				"down": {"uv": [7.5, 11.5, 7.75, 11.375], "texture": "#2"}
			}
		},
		{
			"from": [8.775, 6.925, 7.475],
			"to": [8.9, 7.425, 7.575],
			"rotation": {"angle": 0, "axis": "y", "origin": [0, 0.1, 0]},
			"faces": {
				"north": {"uv": [7.5, 10.375, 7.375, 10.875], "texture": "#2"},
				"east": {"uv": [7.375, 10.375, 7.5, 10.875], "texture": "#2"},
				"south": {"uv": [7.375, 10.375, 7.5, 10.875], "texture": "#2"},
				"west": {"uv": [7.375, 10.375, 7.5, 10.875], "texture": "#2"},
				"up": {"uv": [7.375, 10.5, 7.5, 10.375], "texture": "#2"},
				"down": {"uv": [7.375, 10.875, 7.5, 10.75], "texture": "#2"}
			}
		},
		{
			"from": [8.775, 6.175, 7.475],
			"to": [8.9, 6.675, 7.575],
			"rotation": {"angle": 0, "axis": "y", "origin": [0, 0.1, 0]},
			"faces": {
				"north": {"uv": [7.5, 11.125, 7.375, 11.625], "texture": "#2"},
				"east": {"uv": [7.375, 11.125, 7.5, 11.625], "texture": "#2"},
				"south": {"uv": [7.375, 11.125, 7.5, 11.625], "texture": "#2"},
				"west": {"uv": [7.375, 11.125, 7.5, 11.625], "texture": "#2"},
				"up": {"uv": [7.375, 11.25, 7.5, 11.125], "texture": "#2"},
				"down": {"uv": [7.375, 11.625, 7.5, 11.5], "texture": "#2"}
			}
		},
		{
			"from": [6.275, 6.3, 7.475],
			"to": [6.525, 7.3, 7.575],
			"rotation": {"angle": 0, "axis": "y", "origin": [0, 0.1, 0]},
			"faces": {
				"north": {"uv": [5.125, 10.5, 4.875, 11.5], "texture": "#2"},
				"east": {"uv": [5, 10.5, 5.125, 11.5], "texture": "#2"},
				"south": {"uv": [4.875, 10.5, 5.125, 11.5], "texture": "#2"},
				"west": {"uv": [4.875, 10.5, 5, 11.5], "texture": "#2"},
				"up": {"uv": [4.875, 10.625, 5.125, 10.5], "texture": "#2"},
				"down": {"uv": [4.875, 11.5, 5.125, 11.375], "texture": "#2"}
			}
		},
		{
			"from": [6.525, 6.925, 7.475],
			"to": [6.65, 7.425, 7.575],
			"rotation": {"angle": 0, "axis": "y", "origin": [0, 0.1, 0]},
			"faces": {
				"north": {"uv": [5.25, 10.375, 5.125, 10.875], "texture": "#2"},
				"east": {"uv": [5.125, 10.375, 5.25, 10.875], "texture": "#2"},
				"south": {"uv": [5.125, 10.375, 5.25, 10.875], "texture": "#2"},
				"west": {"uv": [5.125, 10.375, 5.25, 10.875], "texture": "#2"},
				"up": {"uv": [5.125, 10.5, 5.25, 10.375], "texture": "#2"},
				"down": {"uv": [5.125, 10.875, 5.25, 10.75], "texture": "#2"}
			}
		},
		{
			"from": [6.65, 7.175, 7.475],
			"to": [6.775, 7.425, 7.575],
			"rotation": {"angle": 0, "axis": "y", "origin": [0, 0.1, 0]},
			"faces": {
				"north": {"uv": [8.875, 8.5, 8.75, 8.75], "texture": "#2"},
				"east": {"uv": [8.75, 8.5, 8.875, 8.75], "texture": "#2"},
				"south": {"uv": [8.75, 8.5, 8.875, 8.75], "texture": "#2"},
				"west": {"uv": [8.75, 8.5, 8.875, 8.75], "texture": "#2"},
				"up": {"uv": [8.75, 8.625, 8.875, 8.5], "texture": "#2"},
				"down": {"uv": [8.75, 8.75, 8.875, 8.625], "texture": "#2"}
			}
		},
		{
			"from": [6.775, 7.3, 7.475],
			"to": [6.9, 7.425, 7.575],
			"rotation": {"angle": 0, "axis": "y", "origin": [0, 0.1, 0]},
			"faces": {
				"north": {"uv": [9, 8.5, 8.875, 8.625], "texture": "#2"},
				"east": {"uv": [8.875, 8.5, 9, 8.625], "texture": "#2"},
				"south": {"uv": [8.875, 8.5, 9, 8.625], "texture": "#2"},
				"west": {"uv": [8.875, 8.5, 9, 8.625], "texture": "#2"},
				"up": {"uv": [8.875, 8.625, 9, 8.5], "texture": "#2"},
				"down": {"uv": [8.875, 8.625, 9, 8.5], "texture": "#2"}
			}
		},
		{
			"from": [5.9, 6.675, 7.475],
			"to": [6.025, 6.925, 7.575],
			"rotation": {"angle": 0, "axis": "y", "origin": [0, 0.1, 0]},
			"faces": {
				"north": {"uv": [4.625, 10.875, 4.5, 11.125], "texture": "#2"},
				"east": {"uv": [4.5, 10.875, 4.625, 11.125], "texture": "#2"},
				"south": {"uv": [4.5, 10.875, 4.625, 11.125], "texture": "#2"},
				"west": {"uv": [4.5, 10.875, 4.625, 11.125], "texture": "#2"},
				"up": {"uv": [4.5, 11, 4.625, 10.875], "texture": "#2"},
				"down": {"uv": [4.5, 11.125, 4.625, 11], "texture": "#2"}
			}
		},
		{
			"from": [6.025, 6.55, 7.475],
			"to": [6.15, 7.05, 7.575],
			"rotation": {"angle": 0, "axis": "y", "origin": [0, 0.1, 0]},
			"faces": {
				"north": {"uv": [4.75, 10.75, 4.625, 11.25], "texture": "#2"},
				"east": {"uv": [4.625, 10.75, 4.75, 11.25], "texture": "#2"},
				"south": {"uv": [4.625, 10.75, 4.75, 11.25], "texture": "#2"},
				"west": {"uv": [4.625, 10.75, 4.75, 11.25], "texture": "#2"},
				"up": {"uv": [4.625, 10.875, 4.75, 10.75], "texture": "#2"},
				"down": {"uv": [4.625, 11.25, 4.75, 11.125], "texture": "#2"}
			}
		},
		{
			"from": [6.15, 6.425, 7.475],
			"to": [6.275, 7.175, 7.575],
			"rotation": {"angle": 0, "axis": "y", "origin": [0, 0.1, 0]},
			"faces": {
				"north": {"uv": [4.875, 10.625, 4.75, 11.375], "texture": "#2"},
				"east": {"uv": [4.75, 10.625, 4.875, 11.375], "texture": "#2"},
				"south": {"uv": [4.75, 10.625, 4.875, 11.375], "texture": "#2"},
				"west": {"uv": [4.75, 10.625, 4.875, 11.375], "texture": "#2"},
				"up": {"uv": [4.75, 10.75, 4.875, 10.625], "texture": "#2"},
				"down": {"uv": [4.75, 11.375, 4.875, 11.25], "texture": "#2"}
			}
		},
		{
			"from": [5.775, 6.8, 7.475],
			"to": [5.9, 6.925, 7.575],
			"rotation": {"angle": 0, "axis": "y", "origin": [0, 0.1, 0]},
			"faces": {
				"north": {"uv": [4.5, 10.875, 4.375, 11], "texture": "#2"},
				"east": {"uv": [4.375, 10.875, 4.5, 11], "texture": "#2"},
				"south": {"uv": [4.375, 10.875, 4.5, 11], "texture": "#2"},
				"west": {"uv": [4.375, 10.875, 4.5, 11], "texture": "#2"},
				"up": {"uv": [4.375, 11, 4.5, 10.875], "texture": "#2"},
				"down": {"uv": [4.375, 11, 4.5, 10.875], "texture": "#2"}
			}
		},
		{
			"from": [6.65, 6.175, 7.4],
			"to": [6.775, 6.55, 7.65],
			"rotation": {"angle": 0, "axis": "y", "origin": [0, 0.1, 0]},
			"faces": {
				"north": {"uv": [5.375, 11.25, 5.25, 11.625], "texture": "#2"},
				"east": {"uv": [5.25, 11.25, 5.375, 11.625], "texture": "#2"},
				"south": {"uv": [5.25, 11.25, 5.375, 11.625], "texture": "#2"},
				"west": {"uv": [5.25, 11.25, 5.375, 11.625], "texture": "#2"},
				"up": {"uv": [5.25, 11.375, 5.375, 11.25], "texture": "#2"},
				"down": {"uv": [5.25, 11.625, 5.375, 11.5], "texture": "#2"}
			}
		},
		{
			"from": [7.275, 5.925, 7.25],
			"to": [8.15, 6.3, 7.8],
			"rotation": {"angle": 0, "axis": "y", "origin": [0, 0.1, 0]},
			"faces": {
				"north": {"uv": [6.75, 11.5, 5.875, 11.875], "texture": "#2"},
				"east": {"uv": [6.625, 11.5, 6.75, 11.875], "texture": "#2"},
				"south": {"uv": [5.875, 11.5, 6.75, 11.875], "texture": "#2"},
				"west": {"uv": [5.875, 11.5, 6, 11.875], "texture": "#2"},
				"up": {"uv": [5.875, 11.625, 6.75, 11.5], "texture": "#2"},
				"down": {"uv": [5.875, 11.875, 6.75, 11.75], "texture": "#2"}
			}
		},
		{
			"from": [8.025, 6.3, 7.325],
			"to": [8.15, 6.55, 7.725],
			"rotation": {"angle": 0, "axis": "y", "origin": [0, 0.1, 0]},
			"faces": {
				"north": {"uv": [6.75, 11.25, 6.625, 11.5], "texture": "#2"},
				"east": {"uv": [6.625, 11.25, 6.75, 11.5], "texture": "#2"},
				"south": {"uv": [6.625, 11.25, 6.75, 11.5], "texture": "#2"},
				"west": {"uv": [6.625, 11.25, 6.75, 11.5], "texture": "#2"},
				"up": {"uv": [6.625, 11.375, 6.75, 11.25], "texture": "#2"},
				"down": {"uv": [6.625, 11.5, 6.75, 11.375], "texture": "#2"}
			}
		},
		{
			"from": [7.775, 6.3, 7.25],
			"to": [8.025, 6.55, 7.8],
			"rotation": {"angle": 0, "axis": "y", "origin": [0, 0.1, 0]},
			"faces": {
				"north": {"uv": [6.625, 11.25, 6.375, 11.5], "texture": "#2"},
				"east": {"uv": [6.5, 11.25, 6.625, 11.5], "texture": "#2"},
				"south": {"uv": [6.375, 11.25, 6.625, 11.5], "texture": "#2"},
				"west": {"uv": [6.375, 11.25, 6.5, 11.5], "texture": "#2"},
				"up": {"uv": [6.375, 11.375, 6.625, 11.25], "texture": "#2"},
				"down": {"uv": [6.375, 11.5, 6.625, 11.375], "texture": "#2"}
			}
		},
		{
			"from": [7.65, 6.675, 7.25],
			"to": [7.775, 6.8, 7.8],
			"rotation": {"angle": 0, "axis": "y", "origin": [0, 0.1, 0]},
			"faces": {
				"north": {"uv": [6.375, 11, 6.25, 11.125], "texture": "#2"},
				"east": {"uv": [6.25, 11, 6.375, 11.125], "texture": "#2"},
				"south": {"uv": [6.25, 11, 6.375, 11.125], "texture": "#2"},
				"west": {"uv": [6.25, 11, 6.375, 11.125], "texture": "#2"},
				"up": {"uv": [6.25, 11.125, 6.375, 11], "texture": "#2"},
				"down": {"uv": [6.25, 11.125, 6.375, 11], "texture": "#2"}
			}
		},
		{
			"from": [7.525, 6.55, 7.25],
			"to": [7.9, 6.675, 7.8],
			"rotation": {"angle": 0, "axis": "y", "origin": [0, 0.1, 0]},
			"faces": {
				"north": {"uv": [6.5, 11.125, 6.125, 11.25], "texture": "#2"},
				"east": {"uv": [6.375, 11.125, 6.5, 11.25], "texture": "#2"},
				"south": {"uv": [6.125, 11.125, 6.5, 11.25], "texture": "#2"},
				"west": {"uv": [6.125, 11.125, 6.25, 11.25], "texture": "#2"},
				"up": {"uv": [6.125, 11.25, 6.5, 11.125], "texture": "#2"},
				"down": {"uv": [6.125, 11.25, 6.5, 11.125], "texture": "#2"}
			}
		},
		{
			"from": [7.4, 6.55, 7.325],
			"to": [7.65, 6.8, 7.725],
			"rotation": {"angle": 0, "axis": "y", "origin": [0, 0.1, 0]},
			"faces": {
				"north": {"uv": [6.25, 11, 6, 11.25], "texture": "#2"},
				"east": {"uv": [6.125, 11, 6.25, 11.25], "texture": "#2"},
				"south": {"uv": [6, 11, 6.25, 11.25], "texture": "#2"},
				"west": {"uv": [6, 11, 6.125, 11.25], "texture": "#2"},
				"up": {"uv": [6, 11.125, 6.25, 11], "texture": "#2"},
				"down": {"uv": [6, 11.25, 6.25, 11.125], "texture": "#2"}
			}
		},
		{
			"from": [7.775, 6.55, 7.3],
			"to": [8.025, 6.8, 7.75],
			"rotation": {"angle": 0, "axis": "y", "origin": [0, 0.1, 0]},
			"faces": {
				"north": {"uv": [6.625, 11, 6.375, 11.25], "texture": "#2"},
				"east": {"uv": [6.5, 11, 6.625, 11.25], "texture": "#2"},
				"south": {"uv": [6.375, 11, 6.625, 11.25], "texture": "#2"},
				"west": {"uv": [6.375, 11, 6.5, 11.25], "texture": "#2"},
				"up": {"uv": [6.375, 11.125, 6.625, 11], "texture": "#2"},
				"down": {"uv": [6.375, 11.25, 6.625, 11.125], "texture": "#2"}
			}
		},
		{
			"from": [7.525, 6.8, 7.3],
			"to": [7.9, 7.05, 7.75],
			"rotation": {"angle": 0, "axis": "y", "origin": [0, 0.1, 0]},
			"faces": {
				"north": {"uv": [6.5, 10.75, 6.125, 11], "texture": "#2"},
				"east": {"uv": [6.375, 10.75, 6.5, 11], "texture": "#2"},
				"south": {"uv": [6.125, 10.75, 6.5, 11], "texture": "#2"},
				"west": {"uv": [6.125, 10.75, 6.25, 11], "texture": "#2"},
				"up": {"uv": [6.125, 10.875, 6.5, 10.75], "texture": "#2"},
				"down": {"uv": [6.125, 11, 6.5, 10.875], "texture": "#2"}
			}
		},
		{
			"from": [7.525, 7.175, 7.3],
			"to": [7.9, 7.425, 7.75],
			"rotation": {"angle": 0, "axis": "y", "origin": [0, 0.1, 0]},
			"faces": {
				"north": {"uv": [6.5, 10.375, 6.125, 10.625], "texture": "#2"},
				"east": {"uv": [6.375, 10.375, 6.5, 10.625], "texture": "#2"},
				"south": {"uv": [6.125, 10.375, 6.5, 10.625], "texture": "#2"},
				"west": {"uv": [6.125, 10.375, 6.25, 10.625], "texture": "#2"},
				"up": {"uv": [6.125, 10.5, 6.5, 10.375], "texture": "#2"},
				"down": {"uv": [6.125, 10.625, 6.5, 10.5], "texture": "#2"}
			}
		},
		{
			"from": [7.4, 7.05, 7.3],
			"to": [8.025, 7.175, 7.75],
			"rotation": {"angle": 0, "axis": "y", "origin": [0, 0.1, 0]},
			"faces": {
				"north": {"uv": [6.625, 10.625, 6, 10.75], "texture": "#2"},
				"east": {"uv": [6.5, 10.625, 6.625, 10.75], "texture": "#2"},
				"south": {"uv": [6, 10.625, 6.625, 10.75], "texture": "#2"},
				"west": {"uv": [6, 10.625, 6.125, 10.75], "texture": "#2"},
				"up": {"uv": [6, 10.75, 6.625, 10.625], "texture": "#2"},
				"down": {"uv": [6, 10.75, 6.625, 10.625], "texture": "#2"}
			}
		},
		{
			"from": [7.65, 7.425, 7.3],
			"to": [7.775, 7.675, 7.75],
			"rotation": {"angle": 0, "axis": "y", "origin": [0, 0.1, 0]},
			"faces": {
				"north": {"uv": [6.375, 10.125, 6.25, 10.375], "texture": "#2"},
				"east": {"uv": [6.25, 10.125, 6.375, 10.375], "texture": "#2"},
				"south": {"uv": [6.25, 10.125, 6.375, 10.375], "texture": "#2"},
				"west": {"uv": [6.25, 10.125, 6.375, 10.375], "texture": "#2"},
				"up": {"uv": [6.25, 10.25, 6.375, 10.125], "texture": "#2"},
				"down": {"uv": [6.25, 10.375, 6.375, 10.25], "texture": "#2"}
			}
		},
		{
			"from": [7.65, 6.3, 7.175],
			"to": [7.775, 6.55, 7.875],
			"rotation": {"angle": 0, "axis": "y", "origin": [0, 0.1, 0]},
			"faces": {
				"north": {"uv": [6.375, 11.25, 6.25, 11.5], "texture": "#2"},
				"east": {"uv": [6.25, 11.25, 6.375, 11.5], "texture": "#2"},
				"south": {"uv": [6.25, 11.25, 6.375, 11.5], "texture": "#2"},
				"west": {"uv": [6.25, 11.25, 6.375, 11.5], "texture": "#2"},
				"up": {"uv": [6.25, 11.375, 6.375, 11.25], "texture": "#2"},
				"down": {"uv": [6.25, 11.5, 6.375, 11.375], "texture": "#2"}
			}
		},
		{
			"from": [7.4, 6.3, 7.25],
			"to": [7.65, 6.55, 7.8],
			"rotation": {"angle": 0, "axis": "y", "origin": [0, 0.1, 0]},
			"faces": {
				"north": {"uv": [6.25, 11.25, 6, 11.5], "texture": "#2"},
				"east": {"uv": [6.125, 11.25, 6.25, 11.5], "texture": "#2"},
				"south": {"uv": [6, 11.25, 6.25, 11.5], "texture": "#2"},
				"west": {"uv": [6, 11.25, 6.125, 11.5], "texture": "#2"},
				"up": {"uv": [6, 11.375, 6.25, 11.25], "texture": "#2"},
				"down": {"uv": [6, 11.5, 6.25, 11.375], "texture": "#2"}
			}
		},
		{
			"from": [7.275, 6.3, 7.325],
			"to": [7.4, 6.55, 7.725],
			"rotation": {"angle": 0, "axis": "y", "origin": [0, 0.1, 0]},
			"faces": {
				"north": {"uv": [6, 11.25, 5.875, 11.5], "texture": "#2"},
				"east": {"uv": [5.875, 11.25, 6, 11.5], "texture": "#2"},
				"south": {"uv": [5.875, 11.25, 6, 11.5], "texture": "#2"},
				"west": {"uv": [5.875, 11.25, 6, 11.5], "texture": "#2"},
				"up": {"uv": [5.875, 11.375, 6, 11.25], "texture": "#2"},
				"down": {"uv": [5.875, 11.5, 6, 11.375], "texture": "#2"}
			}
		},
		{
			"from": [6.9, 6.425, 7.45],
			"to": [7.275, 6.675, 7.6],
			"rotation": {"angle": 0, "axis": "y", "origin": [0, 0.1, 0]},
			"faces": {
				"north": {"uv": [5.875, 11.125, 5.5, 11.375], "texture": "#2"},
				"east": {"uv": [5.75, 11.125, 5.875, 11.375], "texture": "#2"},
				"south": {"uv": [5.5, 11.125, 5.875, 11.375], "texture": "#2"},
				"west": {"uv": [5.5, 11.125, 5.625, 11.375], "texture": "#2"},
				"up": {"uv": [5.5, 11.25, 5.875, 11.125], "texture": "#2"},
				"down": {"uv": [5.5, 11.375, 5.875, 11.25], "texture": "#2"}
			}
		},
		{
			"from": [7.025, 6.675, 7.45],
			"to": [7.15, 6.8, 7.6],
			"rotation": {"angle": 0, "axis": "y", "origin": [0, 0.1, 0]},
			"faces": {
				"north": {"uv": [5.75, 11, 5.625, 11.125], "texture": "#2"},
				"east": {"uv": [5.625, 11, 5.75, 11.125], "texture": "#2"},
				"south": {"uv": [5.625, 11, 5.75, 11.125], "texture": "#2"},
				"west": {"uv": [5.625, 11, 5.75, 11.125], "texture": "#2"},
				"up": {"uv": [5.625, 11.125, 5.75, 11], "texture": "#2"},
				"down": {"uv": [5.625, 11.125, 5.75, 11], "texture": "#2"}
			}
		},
		{
			"from": [8.15, 6.425, 7.45],
			"to": [8.525, 6.675, 7.6],
			"rotation": {"angle": 0, "axis": "y", "origin": [0, 0.1, 0]},
			"faces": {
				"north": {"uv": [7.125, 11.125, 6.75, 11.375], "texture": "#2"},
				"east": {"uv": [7, 11.125, 7.125, 11.375], "texture": "#2"},
				"south": {"uv": [6.75, 11.125, 7.125, 11.375], "texture": "#2"},
				"west": {"uv": [6.75, 11.125, 6.875, 11.375], "texture": "#2"},
				"up": {"uv": [6.75, 11.25, 7.125, 11.125], "texture": "#2"},
				"down": {"uv": [6.75, 11.375, 7.125, 11.25], "texture": "#2"}
			}
		},
		{
			"from": [8.275, 6.675, 7.45],
			"to": [8.4, 6.8, 7.6],
			"rotation": {"angle": 0, "axis": "y", "origin": [0, 0.1, 0]},
			"faces": {
				"north": {"uv": [7, 11, 6.875, 11.125], "texture": "#2"},
				"east": {"uv": [6.875, 11, 7, 11.125], "texture": "#2"},
				"south": {"uv": [6.875, 11, 7, 11.125], "texture": "#2"},
				"west": {"uv": [6.875, 11, 7, 11.125], "texture": "#2"},
				"up": {"uv": [6.875, 11.125, 7, 11], "texture": "#2"},
				"down": {"uv": [6.875, 11.125, 7, 11], "texture": "#2"}
			}
		},
		{
			"from": [7.5, 5.425, 7.25],
			"to": [7.925, 5.925, 7.8],
			"rotation": {"angle": 0, "axis": "y", "origin": [0, 0.1, 0]},
			"faces": {
				"north": {"uv": [6.75, 11.875, 5.875, 12.375], "texture": "#2"},
				"east": {"uv": [6.875, 11.875, 8, 12.375], "texture": "#2"},
				"south": {"uv": [5.875, 11.875, 6.75, 12.375], "texture": "#2"},
				"west": {"uv": [4.625, 11.875, 5.75, 12.375], "texture": "#2"},
				"up": {"uv": [5.75, 12, 6.875, 11.875], "texture": "#2"},
				"down": {"uv": [5.75, 12.375, 6.875, 12.25], "texture": "#2"}
			}
		},
		{
			"from": [7.55, 4.175, 7.3],
			"to": [7.875, 5.425, 7.75],
			"rotation": {"angle": 0, "axis": "y", "origin": [0, 0.1, 0]},
			"faces": {
				"north": {"uv": [6.625, 12.375, 6, 13.625], "texture": "#2"},
				"east": {"uv": [7, 12.375, 7.875, 13.625], "texture": "#2"},
				"south": {"uv": [6, 12.375, 6.625, 13.625], "texture": "#2"},
				"west": {"uv": [4.75, 12.375, 5.625, 13.625], "texture": "#2"},
				"up": {"uv": [5.875, 12.5, 6.75, 12.375], "texture": "#2"},
				"down": {"uv": [5.875, 13.625, 6.75, 13.5], "texture": "#2"}
			}
		},
		{
			"from": [7.6, 2.675, 7.325],
			"to": [7.825, 4.175, 7.725],
			"rotation": {"angle": 0, "axis": "y", "origin": [0, 0.1, 0]},
			"faces": {
				"north": {"uv": [6.5, 13.625, 6.125, 15.125], "texture": "#2"},
				"east": {"uv": [7.125, 13.625, 7.75, 15.125], "texture": "#2"},
				"south": {"uv": [6.125, 13.625, 6.5, 15.125], "texture": "#2"},
				"west": {"uv": [4.875, 13.625, 5.5, 15.125], "texture": "#2"},
				"up": {"uv": [6, 13.75, 6.625, 13.625], "texture": "#2"},
				"down": {"uv": [6, 15.125, 6.625, 15], "texture": "#2"}
			}
		},
		{
			"from": [7.35, 5.425, 7.35],
			"to": [8.075, 5.925, 7.7],
			"rotation": {"angle": 0, "axis": "y", "origin": [0, 0.1, 0]},
			"faces": {
				"north": {"uv": [6.875, 11.875, 5.75, 12.375], "texture": "#2"},
				"east": {"uv": [7, 11.875, 7.875, 12.375], "texture": "#2"},
				"south": {"uv": [5.75, 11.875, 6.875, 12.375], "texture": "#2"},
				"west": {"uv": [4.75, 11.875, 5.625, 12.375], "texture": "#2"},
				"up": {"uv": [5.75, 12, 6.875, 11.875], "texture": "#2"},
				"down": {"uv": [5.75, 12.375, 6.875, 12.25], "texture": "#2"}
			}
		},
		{
			"from": [7.4, 4.175, 7.4],
			"to": [8.025, 5.425, 7.65],
			"rotation": {"angle": 0, "axis": "y", "origin": [0, 0.1, 0]},
			"faces": {
				"north": {"uv": [6.75, 12.375, 5.875, 13.625], "texture": "#2"},
				"east": {"uv": [7.125, 12.375, 7.75, 13.625], "texture": "#2"},
				"south": {"uv": [5.875, 12.375, 6.75, 13.625], "texture": "#2"},
				"west": {"uv": [4.875, 12.375, 5.5, 13.625], "texture": "#2"},
				"up": {"uv": [5.875, 12.5, 6.75, 12.375], "texture": "#2"},
				"down": {"uv": [5.875, 13.625, 6.75, 13.5], "texture": "#2"}
			}
		},
		{
			"from": [7.45, 2.675, 7.425],
			"to": [7.975, 4.175, 7.625],
			"rotation": {"angle": 0, "axis": "y", "origin": [0, 0.1, 0]},
			"faces": {
				"north": {"uv": [6.625, 13.625, 6, 15.125], "texture": "#2"},
				"east": {"uv": [7.25, 13.625, 7.625, 15.125], "texture": "#2"},
				"south": {"uv": [6, 13.625, 6.625, 15.125], "texture": "#2"},
				"west": {"uv": [5, 13.625, 5.375, 15.125], "texture": "#2"},
				"up": {"uv": [6, 13.75, 6.625, 13.625], "texture": "#2"},
				"down": {"uv": [6, 15.125, 6.625, 15], "texture": "#2"}
			}
		},
		{
			"from": [7.4, 15.675, 7.375],
			"to": [8.025, 16.8, 7.675],
			"rotation": {"angle": 0, "axis": "y", "origin": [0, 0.1, 0]},
			"faces": {
				"north": {"uv": [3.25, 5.75, 2.625, 6.875], "texture": "#2"},
				"east": {"uv": [3.125, 5.75, 3.25, 6.875], "texture": "#2"},
				"south": {"uv": [2.625, 5.75, 3.25, 6.875], "texture": "#2"},
				"west": {"uv": [2.625, 5.75, 2.75, 6.875], "texture": "#2"},
				"up": {"uv": [2.625, 5.875, 3.25, 5.75], "texture": "#2"},
				"down": {"uv": [2.625, 6.875, 3.25, 6.75], "texture": "#2"}
			}
		},
		{
			"from": [7.275, 10.55, 7.475],
			"to": [8.15, 11.175, 7.575],
			"rotation": {"angle": 0, "axis": "y", "origin": [0, 0.1, 0]},
			"faces": {
				"north": {"uv": [3.375, 11.375, 2.5, 12], "texture": "#2"},
				"east": {"uv": [3.25, 11.375, 3.375, 12], "texture": "#2"},
				"south": {"uv": [2.5, 11.375, 3.375, 12], "texture": "#2"},
				"west": {"uv": [2.5, 11.375, 2.625, 12], "texture": "#2"},
				"up": {"uv": [2.5, 11.5, 3.375, 11.375], "texture": "#2"},
				"down": {"uv": [2.5, 12, 3.375, 11.875], "texture": "#2"}
			}
		},
		{
			"from": [7.525, 10.55, 7.375],
			"to": [7.9, 11.175, 7.675],
			"rotation": {"angle": 0, "axis": "y", "origin": [0, 0.1, 0]},
			"faces": {
				"north": {"uv": [3.125, 11.375, 2.75, 12], "texture": "#2"},
				"east": {"uv": [3, 11.375, 3.125, 12], "texture": "#2"},
				"south": {"uv": [2.75, 11.375, 3.125, 12], "texture": "#2"},
				"west": {"uv": [2.75, 11.375, 2.875, 12], "texture": "#2"},
				"up": {"uv": [2.75, 11.5, 3.125, 11.375], "texture": "#2"},
				"down": {"uv": [2.75, 12, 3.125, 11.875], "texture": "#2"}
			}
		},
		{
			"from": [7.15, 11.425, 7.475],
			"to": [8.275, 11.55, 7.575],
			"rotation": {"angle": 0, "axis": "y", "origin": [0, 0.1, 0]},
			"faces": {
				"north": {"uv": [3.5, 11, 2.375, 11.125], "texture": "#2"},
				"east": {"uv": [3.375, 11, 3.5, 11.125], "texture": "#2"},
				"south": {"uv": [2.375, 11, 3.5, 11.125], "texture": "#2"},
				"west": {"uv": [2.375, 11, 2.5, 11.125], "texture": "#2"},
				"up": {"uv": [2.375, 11.125, 3.5, 11], "texture": "#2"},
				"down": {"uv": [2.375, 11.125, 3.5, 11], "texture": "#2"}
			}
		},
		{
			"from": [7.275, 11.3, 7.375],
			"to": [8.15, 11.425, 7.675],
			"rotation": {"angle": 0, "axis": "y", "origin": [0, 0.1, 0]},
			"faces": {
				"north": {"uv": [3.375, 11.125, 2.5, 11.25], "texture": "#2"},
				"east": {"uv": [3.25, 11.125, 3.375, 11.25], "texture": "#2"},
				"south": {"uv": [2.5, 11.125, 3.375, 11.25], "texture": "#2"},
				"west": {"uv": [2.5, 11.125, 2.625, 11.25], "texture": "#2"},
				"up": {"uv": [2.5, 11.25, 3.375, 11.125], "texture": "#2"},
				"down": {"uv": [2.5, 11.25, 3.375, 11.125], "texture": "#2"}
			}
		},
		{
			"from": [7.025, 11.3, 7.475],
			"to": [8.4, 11.425, 7.575],
			"rotation": {"angle": 0, "axis": "y", "origin": [0, 0.1, 0]},
			"faces": {
				"north": {"uv": [3.625, 11.125, 2.25, 11.25], "texture": "#2"},
				"east": {"uv": [3.5, 11.125, 3.625, 11.25], "texture": "#2"},
				"south": {"uv": [2.25, 11.125, 3.625, 11.25], "texture": "#2"},
				"west": {"uv": [2.25, 11.125, 2.375, 11.25], "texture": "#2"},
				"up": {"uv": [2.25, 11.25, 3.625, 11.125], "texture": "#2"},
				"down": {"uv": [2.25, 11.25, 3.625, 11.125], "texture": "#2"}
			}
		},
		{
			"from": [7.4, 11.425, 7.375],
			"to": [8.025, 11.55, 7.675],
			"rotation": {"angle": 0, "axis": "y", "origin": [0, 0.1, 0]},
			"faces": {
				"north": {"uv": [3.25, 11, 2.625, 11.125], "texture": "#2"},
				"east": {"uv": [3.125, 11, 3.25, 11.125], "texture": "#2"},
				"south": {"uv": [2.625, 11, 3.25, 11.125], "texture": "#2"},
				"west": {"uv": [2.625, 11, 2.75, 11.125], "texture": "#2"},
				"up": {"uv": [2.625, 11.125, 3.25, 11], "texture": "#2"},
				"down": {"uv": [2.625, 11.125, 3.25, 11], "texture": "#2"}
			}
		},
		{
			"from": [7.275, 9.3, 7.475],
			"to": [8.15, 10.175, 7.575],
			"rotation": {"angle": 0, "axis": "y", "origin": [0, 0.1, 0]},
			"faces": {
				"north": {"uv": [3.375, 12.375, 2.5, 13.25], "texture": "#2"},
				"east": {"uv": [3.25, 12.375, 3.375, 13.25], "texture": "#2"},
				"south": {"uv": [2.5, 12.375, 3.375, 13.25], "texture": "#2"},
				"west": {"uv": [2.5, 12.375, 2.625, 13.25], "texture": "#2"},
				"up": {"uv": [2.5, 12.5, 3.375, 12.375], "texture": "#2"},
				"down": {"uv": [2.5, 13.25, 3.375, 13.125], "texture": "#2"}
			}
		},
		{
			"from": [7.525, 9.3, 7.375],
			"to": [7.9, 10.175, 7.675],
			"rotation": {"angle": 0, "axis": "y", "origin": [0, 0.1, 0]},
			"faces": {
				"north": {"uv": [3.125, 12.375, 2.75, 13.25], "texture": "#2"},
				"east": {"uv": [3, 12.375, 3.125, 13.25], "texture": "#2"},
				"south": {"uv": [2.75, 12.375, 3.125, 13.25], "texture": "#2"},
				"west": {"uv": [2.75, 12.375, 2.875, 13.25], "texture": "#2"},
				"up": {"uv": [2.75, 12.5, 3.125, 12.375], "texture": "#2"},
				"down": {"uv": [2.75, 13.25, 3.125, 13.125], "texture": "#2"}
			}
		},
		{
			"from": [7.275, 6.8, 7.475],
			"to": [8.15, 7.425, 7.575],
			"rotation": {"angle": 0, "axis": "y", "origin": [0, 0.1, 0]},
			"faces": {
				"north": {"uv": [3.375, 15.125, 2.5, 15.75], "texture": "#2"},
				"east": {"uv": [3.25, 15.125, 3.375, 15.75], "texture": "#2"},
				"south": {"uv": [2.5, 15.125, 3.375, 15.75], "texture": "#2"},
				"west": {"uv": [2.5, 15.125, 2.625, 15.75], "texture": "#2"},
				"up": {"uv": [2.5, 15.25, 3.375, 15.125], "texture": "#2"},
				"down": {"uv": [2.5, 15.75, 3.375, 15.625], "texture": "#2"}
			}
		},
		{
			"from": [7.275, 10.3, 7.375],
			"to": [8.15, 10.425, 7.675],
			"rotation": {"angle": 0, "axis": "y", "origin": [0, 0.1, 0]},
			"faces": {
				"north": {"uv": [3.375, 12.125, 2.5, 12.25], "texture": "#2"},
				"east": {"uv": [3.25, 12.125, 3.375, 12.25], "texture": "#2"},
				"south": {"uv": [2.5, 12.125, 3.375, 12.25], "texture": "#2"},
				"west": {"uv": [2.5, 12.125, 2.625, 12.25], "texture": "#2"},
				"up": {"uv": [2.5, 12.25, 3.375, 12.125], "texture": "#2"},
				"down": {"uv": [2.5, 12.25, 3.375, 12.125], "texture": "#2"}
			}
		},
		{
			"from": [7.025, 10.3, 7.475],
			"to": [8.4, 10.425, 7.575],
			"rotation": {"angle": 0, "axis": "y", "origin": [0, 0.1, 0]},
			"faces": {
				"north": {"uv": [3.625, 12.125, 2.25, 12.25], "texture": "#2"},
				"east": {"uv": [3.5, 12.125, 3.625, 12.25], "texture": "#2"},
				"south": {"uv": [2.25, 12.125, 3.625, 12.25], "texture": "#2"},
				"west": {"uv": [2.25, 12.125, 2.375, 12.25], "texture": "#2"},
				"up": {"uv": [2.25, 12.25, 3.625, 12.125], "texture": "#2"},
				"down": {"uv": [2.25, 12.25, 3.625, 12.125], "texture": "#2"}
			}
		},
		{
			"from": [7.15, 10.175, 7.475],
			"to": [8.275, 10.3, 7.575],
			"rotation": {"angle": 0, "axis": "y", "origin": [0, 0.1, 0]},
			"faces": {
				"north": {"uv": [3.5, 12.25, 2.375, 12.375], "texture": "#2"},
				"east": {"uv": [3.375, 12.25, 3.5, 12.375], "texture": "#2"},
				"south": {"uv": [2.375, 12.25, 3.5, 12.375], "texture": "#2"},
				"west": {"uv": [2.375, 12.25, 2.5, 12.375], "texture": "#2"},
				"up": {"uv": [2.375, 12.375, 3.5, 12.25], "texture": "#2"},
				"down": {"uv": [2.375, 12.375, 3.5, 12.25], "texture": "#2"}
			}
		},
		{
			"from": [7.4, 10.175, 7.375],
			"to": [8.025, 10.3, 7.675],
			"rotation": {"angle": 0, "axis": "y", "origin": [0, 0.1, 0]},
			"faces": {
				"north": {"uv": [3.25, 12.25, 2.625, 12.375], "texture": "#2"},
				"east": {"uv": [3.125, 12.25, 3.25, 12.375], "texture": "#2"},
				"south": {"uv": [2.625, 12.25, 3.25, 12.375], "texture": "#2"},
				"west": {"uv": [2.625, 12.25, 2.75, 12.375], "texture": "#2"},
				"up": {"uv": [2.625, 12.375, 3.25, 12.25], "texture": "#2"},
				"down": {"uv": [2.625, 12.375, 3.25, 12.25], "texture": "#2"}
			}
		},
		{
			"from": [7.025, 8.55, 7.475],
			"to": [8.4, 8.925, 7.575],
			"rotation": {"angle": 0, "axis": "y", "origin": [0, 0.1, 0]},
			"faces": {
				"north": {"uv": [3.625, 13.625, 2.25, 14], "texture": "#2"},
				"east": {"uv": [3.5, 13.625, 3.625, 14], "texture": "#2"},
				"south": {"uv": [2.25, 13.625, 3.625, 14], "texture": "#2"},
				"west": {"uv": [2.25, 13.625, 2.375, 14], "texture": "#2"},
				"up": {"uv": [2.25, 13.75, 3.625, 13.625], "texture": "#2"},
				"down": {"uv": [2.25, 14, 3.625, 13.875], "texture": "#2"}
			}
		},
		{
			"from": [7.275, 8.55, 7.375],
			"to": [8.15, 8.925, 7.675],
			"rotation": {"angle": 0, "axis": "y", "origin": [0, 0.1, 0]},
			"faces": {
				"north": {"uv": [3.375, 13.625, 2.5, 14], "texture": "#2"},
				"east": {"uv": [3.25, 13.625, 3.375, 14], "texture": "#2"},
				"south": {"uv": [2.5, 13.625, 3.375, 14], "texture": "#2"},
				"west": {"uv": [2.5, 13.625, 2.625, 14], "texture": "#2"},
				"up": {"uv": [2.5, 13.75, 3.375, 13.625], "texture": "#2"},
				"down": {"uv": [2.5, 14, 3.375, 13.875], "texture": "#2"}
			}
		},
		{
			"from": [7.15, 7.425, 7.475],
			"to": [8.275, 7.8, 7.575],
			"rotation": {"angle": 0, "axis": "y", "origin": [0, 0.1, 0]},
			"faces": {
				"north": {"uv": [3.5, 14.75, 2.375, 15.125], "texture": "#2"},
				"east": {"uv": [3.375, 14.75, 3.5, 15.125], "texture": "#2"},
				"south": {"uv": [2.375, 14.75, 3.5, 15.125], "texture": "#2"},
				"west": {"uv": [2.375, 14.75, 2.5, 15.125], "texture": "#2"},
				"up": {"uv": [2.375, 14.875, 3.5, 14.75], "texture": "#2"},
				"down": {"uv": [2.375, 15.125, 3.5, 15], "texture": "#2"}
			}
		},
		{
			"from": [7.4, 7.425, 7.375],
			"to": [8.025, 7.8, 7.675],
			"rotation": {"angle": 0, "axis": "y", "origin": [0, 0.1, 0]},
			"faces": {
				"north": {"uv": [3.25, 14.75, 2.625, 15.125], "texture": "#2"},
				"east": {"uv": [3.125, 14.75, 3.25, 15.125], "texture": "#2"},
				"south": {"uv": [2.625, 14.75, 3.25, 15.125], "texture": "#2"},
				"west": {"uv": [2.625, 14.75, 2.75, 15.125], "texture": "#2"},
				"up": {"uv": [2.625, 14.875, 3.25, 14.75], "texture": "#2"},
				"down": {"uv": [2.625, 15.125, 3.25, 15], "texture": "#2"}
			}
		},
		{
			"from": [7.025, 7.8, 7.475],
			"to": [8.4, 8.05, 7.575],
			"rotation": {"angle": 0, "axis": "y", "origin": [0, 0.1, 0]},
			"faces": {
				"north": {"uv": [3.625, 14.5, 2.25, 14.75], "texture": "#2"},
				"east": {"uv": [3.5, 14.5, 3.625, 14.75], "texture": "#2"},
				"south": {"uv": [2.25, 14.5, 3.625, 14.75], "texture": "#2"},
				"west": {"uv": [2.25, 14.5, 2.375, 14.75], "texture": "#2"},
				"up": {"uv": [2.25, 14.625, 3.625, 14.5], "texture": "#2"},
				"down": {"uv": [2.25, 14.75, 3.625, 14.625], "texture": "#2"}
			}
		},
		{
			"from": [7.275, 7.8, 7.375],
			"to": [8.15, 8.05, 7.675],
			"rotation": {"angle": 0, "axis": "y", "origin": [0, 0.1, 0]},
			"faces": {
				"north": {"uv": [3.375, 14.5, 2.5, 14.75], "texture": "#2"},
				"east": {"uv": [3.25, 14.5, 3.375, 14.75], "texture": "#2"},
				"south": {"uv": [2.5, 14.5, 3.375, 14.75], "texture": "#2"},
				"west": {"uv": [2.5, 14.5, 2.625, 14.75], "texture": "#2"},
				"up": {"uv": [2.5, 14.625, 3.375, 14.5], "texture": "#2"},
				"down": {"uv": [2.5, 14.75, 3.375, 14.625], "texture": "#2"}
			}
		},
		{
			"from": [7.45, 2.05, 7.3],
			"to": [7.975, 2.675, 7.75],
			"rotation": {"angle": 0, "axis": "y", "origin": [0, 0.1, 0]},
			"faces": {
				"north": {"uv": [6.625, 15.125, 6, 15.75], "texture": "#2"},
				"east": {"uv": [6.875, 15.125, 7.5, 15.75], "texture": "#2"},
				"south": {"uv": [6, 15.125, 6.625, 15.75], "texture": "#2"},
				"west": {"uv": [5.125, 15.125, 5.75, 15.75], "texture": "#2"},
				"up": {"uv": [6, 15.25, 6.625, 15.125], "texture": "#2"},
				"down": {"uv": [6, 15.75, 6.625, 15.625], "texture": "#2"}
			}
		},
		{
			"from": [7.375, 2.3, 7.225],
			"to": [8.05, 2.425, 7.825],
			"rotation": {"angle": 0, "axis": "y", "origin": [0, 0.1, 0]},
			"faces": {
				"north": {"uv": [6.75, 15.375, 5.875, 15.5], "texture": "#2"},
				"east": {"uv": [6.75, 15.375, 7.625, 15.5], "texture": "#2"},
				"south": {"uv": [5.875, 15.375, 6.75, 15.5], "texture": "#2"},
				"west": {"uv": [5, 15.375, 5.875, 15.5], "texture": "#2"},
				"up": {"uv": [5.875, 15.5, 6.75, 15.375], "texture": "#2"},
				"down": {"uv": [5.875, 15.5, 6.75, 15.375], "texture": "#2"}
			}
		},
		{
			"from": [7.525, 1.8, 7.375],
			"to": [7.9, 2.05, 7.675],
			"rotation": {"angle": 0, "axis": "y", "origin": [0, 0.1, 0]},
			"faces": {
				"north": {"uv": [6.5, 15.75, 6.125, 16], "texture": "#2"},
				"east": {"uv": [7, 15.75, 7.375, 16], "texture": "#2"},
				"south": {"uv": [6.125, 15.75, 6.5, 16], "texture": "#2"},
				"west": {"uv": [5.25, 15.75, 5.625, 16], "texture": "#2"},
				"up": {"uv": [6.125, 15.875, 6.5, 15.75], "texture": "#2"},
				"down": {"uv": [6.125, 16, 6.5, 15.875], "texture": "#2"}
			}
		},
		{
			"from": [7.275, 6.55, 7.475],
			"to": [8.15, 6.8, 7.575],
			"rotation": {"angle": 0, "axis": "y", "origin": [0, 0.1, 0]},
			"faces": {
				"north": {"uv": [3.375, 15.75, 2.5, 16], "texture": "#2"},
				"east": {"uv": [3.25, 15.75, 3.375, 16], "texture": "#2"},
				"south": {"uv": [2.5, 15.75, 3.375, 16], "texture": "#2"},
				"west": {"uv": [2.5, 15.75, 2.625, 16], "texture": "#2"},
				"up": {"uv": [2.5, 15.875, 3.375, 15.75], "texture": "#2"},
				"down": {"uv": [2.5, 16, 3.375, 15.875], "texture": "#2"}
			}
		},
		{
			"from": [6.9, 8.3, 7.475],
			"to": [8.525, 8.55, 7.575],
			"rotation": {"angle": 0, "axis": "y", "origin": [0, 0.1, 0]},
			"faces": {
				"north": {"uv": [3.75, 14, 2.125, 14.25], "texture": "#2"},
				"east": {"uv": [3.625, 14, 3.75, 14.25], "texture": "#2"},
				"south": {"uv": [2.125, 14, 3.75, 14.25], "texture": "#2"},
				"west": {"uv": [2.125, 14, 2.25, 14.25], "texture": "#2"},
				"up": {"uv": [2.125, 14.125, 3.75, 14], "texture": "#2"},
				"down": {"uv": [2.125, 14.25, 3.75, 14.125], "texture": "#2"}
			}
		},
		{
			"from": [7.15, 8.3, 7.375],
			"to": [8.275, 8.55, 7.675],
			"rotation": {"angle": 0, "axis": "y", "origin": [0, 0.1, 0]},
			"faces": {
				"north": {"uv": [3.5, 14, 2.375, 14.25], "texture": "#2"},
				"east": {"uv": [3.375, 14, 3.5, 14.25], "texture": "#2"},
				"south": {"uv": [2.375, 14, 3.5, 14.25], "texture": "#2"},
				"west": {"uv": [2.375, 14, 2.5, 14.25], "texture": "#2"},
				"up": {"uv": [2.375, 14.125, 3.5, 14], "texture": "#2"},
				"down": {"uv": [2.375, 14.25, 3.5, 14.125], "texture": "#2"}
			}
		},
		{
			"from": [6.9, 8.05, 7.475],
			"to": [8.525, 8.175, 7.575],
			"rotation": {"angle": 0, "axis": "y", "origin": [0, 0.1, 0]},
			"faces": {
				"north": {"uv": [3.75, 14.375, 2.125, 14.5], "texture": "#2"},
				"east": {"uv": [3.625, 14.375, 3.75, 14.5], "texture": "#2"},
				"south": {"uv": [2.125, 14.375, 3.75, 14.5], "texture": "#2"},
				"west": {"uv": [2.125, 14.375, 2.25, 14.5], "texture": "#2"},
				"up": {"uv": [2.125, 14.5, 3.75, 14.375], "texture": "#2"},
				"down": {"uv": [2.125, 14.5, 3.75, 14.375], "texture": "#2"}
			}
		},
		{
			"from": [7.15, 8.05, 7.375],
			"to": [8.275, 8.175, 7.675],
			"rotation": {"angle": 0, "axis": "y", "origin": [0, 0.1, 0]},
			"faces": {
				"north": {"uv": [3.5, 14.375, 2.375, 14.5], "texture": "#2"},
				"east": {"uv": [3.375, 14.375, 3.5, 14.5], "texture": "#2"},
				"south": {"uv": [2.375, 14.375, 3.5, 14.5], "texture": "#2"},
				"west": {"uv": [2.375, 14.375, 2.5, 14.5], "texture": "#2"},
				"up": {"uv": [2.375, 14.5, 3.5, 14.375], "texture": "#2"},
				"down": {"uv": [2.375, 14.5, 3.5, 14.375], "texture": "#2"}
			}
		},
		{
			"from": [6.775, 8.175, 7.475],
			"to": [8.65, 8.3, 7.575],
			"rotation": {"angle": 0, "axis": "y", "origin": [0, 0.1, 0]},
			"faces": {
				"north": {"uv": [3.875, 14.25, 2, 14.375], "texture": "#2"},
				"east": {"uv": [3.75, 14.25, 3.875, 14.375], "texture": "#2"},
				"south": {"uv": [2, 14.25, 3.875, 14.375], "texture": "#2"},
				"west": {"uv": [2, 14.25, 2.125, 14.375], "texture": "#2"},
				"up": {"uv": [2, 14.375, 3.875, 14.25], "texture": "#2"},
				"down": {"uv": [2, 14.375, 3.875, 14.25], "texture": "#2"}
			}
		},
		{
			"from": [7.025, 8.175, 7.375],
			"to": [8.4, 8.3, 7.675],
			"rotation": {"angle": 0, "axis": "y", "origin": [0, 0.1, 0]},
			"faces": {
				"north": {"uv": [3.625, 14.25, 2.25, 14.375], "texture": "#2"},
				"east": {"uv": [3.5, 14.25, 3.625, 14.375], "texture": "#2"},
				"south": {"uv": [2.25, 14.25, 3.625, 14.375], "texture": "#2"},
				"west": {"uv": [2.25, 14.25, 2.375, 14.375], "texture": "#2"},
				"up": {"uv": [2.25, 14.375, 3.625, 14.25], "texture": "#2"},
				"down": {"uv": [2.25, 14.375, 3.625, 14.25], "texture": "#2"}
			}
		},
		{
			"from": [7.15, 8.925, 7.475],
			"to": [8.275, 9.3, 7.575],
			"rotation": {"angle": 0, "axis": "y", "origin": [0, 0.1, 0]},
			"faces": {
				"north": {"uv": [3.5, 13.25, 2.375, 13.625], "texture": "#2"},
				"east": {"uv": [3.375, 13.25, 3.5, 13.625], "texture": "#2"},
				"south": {"uv": [2.375, 13.25, 3.5, 13.625], "texture": "#2"},
				"west": {"uv": [2.375, 13.25, 2.5, 13.625], "texture": "#2"},
				"up": {"uv": [2.375, 13.375, 3.5, 13.25], "texture": "#2"},
				"down": {"uv": [2.375, 13.625, 3.5, 13.5], "texture": "#2"}
			}
		},
		{
			"from": [7.4, 8.925, 7.375],
			"to": [8.025, 9.3, 7.675],
			"rotation": {"angle": 0, "axis": "y", "origin": [0, 0.1, 0]},
			"faces": {
				"north": {"uv": [3.25, 13.25, 2.625, 13.625], "texture": "#2"},
				"east": {"uv": [3.125, 13.25, 3.25, 13.625], "texture": "#2"},
				"south": {"uv": [2.625, 13.25, 3.25, 13.625], "texture": "#2"},
				"west": {"uv": [2.625, 13.25, 2.75, 13.625], "texture": "#2"},
				"up": {"uv": [2.625, 13.375, 3.25, 13.25], "texture": "#2"},
				"down": {"uv": [2.625, 13.625, 3.25, 13.5], "texture": "#2"}
			}
		},
		{
			"from": [7.15, 10.425, 7.475],
			"to": [8.275, 10.55, 7.575],
			"rotation": {"angle": 0, "axis": "y", "origin": [0, 0.1, 0]},
			"faces": {
				"north": {"uv": [3.5, 12, 2.375, 12.125], "texture": "#2"},
				"east": {"uv": [3.375, 12, 3.5, 12.125], "texture": "#2"},
				"south": {"uv": [2.375, 12, 3.5, 12.125], "texture": "#2"},
				"west": {"uv": [2.375, 12, 2.5, 12.125], "texture": "#2"},
				"up": {"uv": [2.375, 12.125, 3.5, 12], "texture": "#2"},
				"down": {"uv": [2.375, 12.125, 3.5, 12], "texture": "#2"}
			}
		},
		{
			"from": [7.4, 10.425, 7.375],
			"to": [8.025, 10.55, 7.675],
			"rotation": {"angle": 0, "axis": "y", "origin": [0, 0.1, 0]},
			"faces": {
				"north": {"uv": [3.25, 12, 2.625, 12.125], "texture": "#2"},
				"east": {"uv": [3.125, 12, 3.25, 12.125], "texture": "#2"},
				"south": {"uv": [2.625, 12, 3.25, 12.125], "texture": "#2"},
				"west": {"uv": [2.625, 12, 2.75, 12.125], "texture": "#2"},
				"up": {"uv": [2.625, 12.125, 3.25, 12], "texture": "#2"},
				"down": {"uv": [2.625, 12.125, 3.25, 12], "texture": "#2"}
			}
		},
		{
			"from": [7.15, 11.175, 7.475],
			"to": [8.275, 11.3, 7.575],
			"rotation": {"angle": 0, "axis": "y", "origin": [0, 0.1, 0]},
			"faces": {
				"north": {"uv": [3.5, 11.25, 2.375, 11.375], "texture": "#2"},
				"east": {"uv": [3.375, 11.25, 3.5, 11.375], "texture": "#2"},
				"south": {"uv": [2.375, 11.25, 3.5, 11.375], "texture": "#2"},
				"west": {"uv": [2.375, 11.25, 2.5, 11.375], "texture": "#2"},
				"up": {"uv": [2.375, 11.375, 3.5, 11.25], "texture": "#2"},
				"down": {"uv": [2.375, 11.375, 3.5, 11.25], "texture": "#2"}
			}
		},
		{
			"from": [7.4, 11.175, 7.375],
			"to": [8.025, 11.3, 7.675],
			"rotation": {"angle": 0, "axis": "y", "origin": [0, 0.1, 0]},
			"faces": {
				"north": {"uv": [3.25, 11.25, 2.625, 11.375], "texture": "#2"},
				"east": {"uv": [3.125, 11.25, 3.25, 11.375], "texture": "#2"},
				"south": {"uv": [2.625, 11.25, 3.25, 11.375], "texture": "#2"},
				"west": {"uv": [2.625, 11.25, 2.75, 11.375], "texture": "#2"},
				"up": {"uv": [2.625, 11.375, 3.25, 11.25], "texture": "#2"},
				"down": {"uv": [2.625, 11.375, 3.25, 11.25], "texture": "#2"}
			}
		},
		{
			"from": [7.15, 15.675, 7.475],
			"to": [8.275, 16.8, 7.575],
			"rotation": {"angle": 0, "axis": "y", "origin": [0, 0.1, 0]},
			"faces": {
				"north": {"uv": [3.5, 5.75, 2.375, 6.875], "texture": "#2"},
				"east": {"uv": [3.375, 5.75, 3.5, 6.875], "texture": "#2"},
				"south": {"uv": [2.375, 5.75, 3.5, 6.875], "texture": "#2"},
				"west": {"uv": [2.375, 5.75, 2.5, 6.875], "texture": "#2"},
				"up": {"uv": [2.375, 5.875, 3.5, 5.75], "texture": "#2"},
				"down": {"uv": [2.375, 6.875, 3.5, 6.75], "texture": "#2"}
			}
		},
		{
			"from": [7.525, 16.8, 7.375],
			"to": [7.9, 17.55, 7.675],
			"rotation": {"angle": 0, "axis": "y", "origin": [0, 0.1, 0]},
			"faces": {
				"north": {"uv": [3.125, 5, 2.75, 5.75], "texture": "#2"},
				"east": {"uv": [3, 5, 3.125, 5.75], "texture": "#2"},
				"south": {"uv": [2.75, 5, 3.125, 5.75], "texture": "#2"},
				"west": {"uv": [2.75, 5, 2.875, 5.75], "texture": "#2"},
				"up": {"uv": [2.75, 5.125, 3.125, 5], "texture": "#2"},
				"down": {"uv": [2.75, 5.75, 3.125, 5.625], "texture": "#2"}
			}
		},
		{
			"from": [7.275, 16.8, 7.475],
			"to": [8.15, 17.55, 7.575],
			"rotation": {"angle": 0, "axis": "y", "origin": [0, 0.1, 0]},
			"faces": {
				"north": {"uv": [3.375, 5, 2.5, 5.75], "texture": "#2"},
				"east": {"uv": [3.25, 5, 3.375, 5.75], "texture": "#2"},
				"south": {"uv": [2.5, 5, 3.375, 5.75], "texture": "#2"},
				"west": {"uv": [2.5, 5, 2.625, 5.75], "texture": "#2"},
				"up": {"uv": [2.5, 5.125, 3.375, 5], "texture": "#2"},
				"down": {"uv": [2.5, 5.75, 3.375, 5.625], "texture": "#2"}
			}
		},
		{
			"from": [7.525, 11.55, 7.375],
			"to": [7.9, 15.675, 7.675],
			"rotation": {"angle": 0, "axis": "y", "origin": [0, 0.1, 0]},
			"faces": {
				"north": {"uv": [3.125, 6.875, 2.75, 11], "texture": "#2"},
				"east": {"uv": [3, 6.875, 3.125, 11], "texture": "#2"},
				"south": {"uv": [2.75, 6.875, 3.125, 11], "texture": "#2"},
				"west": {"uv": [2.75, 6.875, 2.875, 11], "texture": "#2"},
				"up": {"uv": [2.75, 7, 3.125, 6.875], "texture": "#2"},
				"down": {"uv": [2.75, 11, 3.125, 10.875], "texture": "#2"}
			}
		},
		{
			"from": [7.275, 11.55, 7.475],
			"to": [8.15, 15.675, 7.575],
			"rotation": {"angle": 0, "axis": "y", "origin": [0, 0.1, 0]},
			"faces": {
				"north": {"uv": [3.375, 6.875, 2.5, 11], "texture": "#2"},
				"east": {"uv": [3.25, 6.875, 3.375, 11], "texture": "#2"},
				"south": {"uv": [2.5, 6.875, 3.375, 11], "texture": "#2"},
				"west": {"uv": [2.5, 6.875, 2.625, 11], "texture": "#2"},
				"up": {"uv": [2.5, 7, 3.375, 6.875], "texture": "#2"},
				"down": {"uv": [2.5, 11, 3.375, 10.875], "texture": "#2"}
			}
		},
		{
			"from": [7.4, 17.55, 7.45],
			"to": [8.025, 18.175, 7.575],
			"rotation": {"angle": 0, "axis": "y", "origin": [0, 0.1, 0]},
			"faces": {
				"north": {"uv": [3.25, 4.375, 2.625, 5], "texture": "#2"},
				"east": {"uv": [3.125, 4.375, 3.25, 5], "texture": "#2"},
				"south": {"uv": [2.625, 4.375, 3.25, 5], "texture": "#2"},
				"west": {"uv": [2.625, 4.375, 2.75, 5], "texture": "#2"},
				"up": {"uv": [2.625, 4.5, 3.25, 4.375], "texture": "#2"},
				"down": {"uv": [2.625, 5, 3.25, 4.875], "texture": "#2"}
			}
		},
		{
			"from": [7.65, 17.55, 7.375],
			"to": [7.775, 18.175, 7.675],
			"rotation": {"angle": 0, "axis": "y", "origin": [0, 0.1, 0]},
			"faces": {
				"north": {"uv": [3, 4.375, 2.875, 5], "texture": "#2"},
				"east": {"uv": [2.875, 4.375, 3, 5], "texture": "#2"},
				"south": {"uv": [2.875, 4.375, 3, 5], "texture": "#2"},
				"west": {"uv": [2.875, 4.375, 3, 5], "texture": "#2"},
				"up": {"uv": [2.875, 4.5, 3, 4.375], "texture": "#2"},
				"down": {"uv": [2.875, 5, 3, 4.875], "texture": "#2"}
			}
		},
		{
			"from": [7.525, 18.175, 7.475],
			"to": [7.9, 18.8, 7.575],
			"rotation": {"angle": 0, "axis": "y", "origin": [0, 0.1, 0]},
			"faces": {
				"north": {"uv": [3.125, 3.75, 2.75, 4.375], "texture": "#2"},
				"east": {"uv": [3, 3.75, 3.125, 4.375], "texture": "#2"},
				"south": {"uv": [2.75, 3.75, 3.125, 4.375], "texture": "#2"},
				"west": {"uv": [2.75, 3.75, 2.875, 4.375], "texture": "#2"},
				"up": {"uv": [2.75, 3.875, 3.125, 3.75], "texture": "#2"},
				"down": {"uv": [2.75, 4.375, 3.125, 4.25], "texture": "#2"}
			}
		},
		{
			"from": [7.65, 18.8, 7.475],
			"to": [7.775, 19.3, 7.575],
			"rotation": {"angle": 0, "axis": "y", "origin": [0, 0.1, 0]},
			"faces": {
				"north": {"uv": [3, 3.25, 2.875, 3.75], "texture": "#2"},
				"east": {"uv": [2.875, 3.25, 3, 3.75], "texture": "#2"},
				"south": {"uv": [2.875, 3.25, 3, 3.75], "texture": "#2"},
				"west": {"uv": [2.875, 3.25, 3, 3.75], "texture": "#2"},
				"up": {"uv": [2.875, 3.375, 3, 3.25], "texture": "#2"},
				"down": {"uv": [2.875, 3.75, 3, 3.625], "texture": "#2"}
			}
		}
	],
	"gui_light": "front",
	"display": {
		"thirdperson_righthand": {
			"rotation": [0, -90, 0],
			"translation": [-1, 3.5, 1.75],
			"scale": [1.7, 1.7, 1.7]
		},
		"thirdperson_lefthand": {
			"rotation": [0, 90, 0],
			"translation": [0.5, 3.5, 1.75],
			"scale": [1.7, 1.7, 1.7]
		},
		"firstperson_righthand": {
			"rotation": [55, -90, 60],
			"translation": [-1.25, 4, 2]
		},
		"firstperson_lefthand": {
			"rotation": [-65, 90, 60],
			"translation": [-0.75, 4, 2]
		},
		"ground": {
			"rotation": [45, 90, 0],
			"translation": [0, 1, 0],
			"scale": [0.7, 0.7, 0.7]
		},
		"gui": {
			"rotation": [0, 0, -45],
			"translation": [-2.25, -2.75, 0],
			"scale": [1.3, 1.3, 1.3]
		},
		"head": {
			"translation": [0, 9.75, 0]
		},
		"fixed": {
			"rotation": [180, 0, 135],
			"translation": [2.75, -3.5, -0.75],
			"scale": [1.8, 1.8, 1.5]
		}
	}
}