{
	"credit": "Made with Blockbench",
	"textures": {
		"1": "./purple_katana",
		"particle": "./purple_katana"
	},
	"elements": [
		{
			"from": [7.075, 7.1, 7.325],
			"to": [8.45, 7.85, 7.7],
			"rotation": {"angle": 0, "axis": "y", "origin": [0.05, 0, 0]},
			"faces": {
				"north": {"uv": [5.875, 4.125, 4.5, 4.875], "texture": "#1"},
				"east": {"uv": [5.75, 4.125, 5.875, 4.875], "texture": "#1"},
				"south": {"uv": [4.5, 4.125, 5.875, 4.875], "texture": "#1"},
				"west": {"uv": [4.5, 4.125, 4.625, 4.875], "texture": "#1"},
				"up": {"uv": [4.5, 4.25, 5.875, 4.125], "texture": "#1"},
				"down": {"uv": [4.5, 4.25, 5.875, 4.125], "texture": "#1"}
			}
		},
		{
			"from": [7.45, 7.975, 7.325],
			"to": [8.075, 8.1, 7.7],
			"rotation": {"angle": 0, "axis": "y", "origin": [0.05, 0, 0]},
			"faces": {
				"north": {"uv": [5.5, 3.875, 4.875, 4], "texture": "#1"},
				"east": {"uv": [5.375, 3.875, 5.5, 4], "texture": "#1"},
				"south": {"uv": [4.875, 3.875, 5.5, 4], "texture": "#1"},
				"west": {"uv": [4.875, 3.875, 5, 4], "texture": "#1"},
				"up": {"uv": [4.875, 4, 5.5, 3.875], "texture": "#1"},
				"down": {"uv": [4.875, 4, 5.5, 3.875], "texture": "#1"}
			}
		},
		{
			"from": [7.575, 8.1, 7.325],
			"to": [7.95, 8.35, 7.7],
			"rotation": {"angle": 0, "axis": "y", "origin": [0.05, 0, 0]},
			"faces": {
				"north": {"uv": [5.375, 3.625, 5, 3.875], "texture": "#1"},
				"east": {"uv": [5.25, 3.625, 5.375, 3.875], "texture": "#1"},
				"south": {"uv": [5, 3.625, 5.375, 3.875], "texture": "#1"},
				"west": {"uv": [5, 3.625, 5.125, 3.875], "texture": "#1"},
				"up": {"uv": [5, 3.75, 5.375, 3.625], "texture": "#1"},
				"down": {"uv": [5, 3.875, 5.375, 3.75], "texture": "#1"}
			}
		},
		{
			"from": [7.7, 8.35, 7.325],
			"to": [7.825, 8.6, 7.7],
			"rotation": {"angle": 0, "axis": "y", "origin": [0.05, 0, 0]},
			"faces": {
				"north": {"uv": [5.25, 3.375, 5.125, 3.625], "texture": "#1"},
				"east": {"uv": [5.125, 3.375, 5.25, 3.625], "texture": "#1"},
				"south": {"uv": [5.125, 3.375, 5.25, 3.625], "texture": "#1"},
				"west": {"uv": [5.125, 3.375, 5.25, 3.625], "texture": "#1"},
				"up": {"uv": [5.125, 3.5, 5.25, 3.375], "texture": "#1"},
				"down": {"uv": [5.125, 3.625, 5.25, 3.5], "texture": "#1"}
			}
		},
		{
			"from": [7.325, 7.85, 7.325],
			"to": [8.2, 7.975, 7.7],
			"rotation": {"angle": 0, "axis": "y", "origin": [0.05, 0, 0]},
			"faces": {
				"north": {"uv": [5.625, 4, 4.75, 4.125], "texture": "#1"},
				"east": {"uv": [5.5, 4, 5.625, 4.125], "texture": "#1"},
				"south": {"uv": [4.75, 4, 5.625, 4.125], "texture": "#1"},
				"west": {"uv": [4.75, 4, 4.875, 4.125], "texture": "#1"},
				"up": {"uv": [4.75, 4.125, 5.625, 4], "texture": "#1"},
				"down": {"uv": [4.75, 4.125, 5.625, 4], "texture": "#1"}
			}
		},
		{
			"from": [7.075, 7.85, 7.325],
			"to": [7.2, 7.975, 7.7],
			"rotation": {"angle": 0, "axis": "y", "origin": [0.05, 0, 0]},
			"faces": {
				"north": {"uv": [4.625, 4, 4.5, 4.125], "texture": "#1"},
				"east": {"uv": [4.5, 4, 4.625, 4.125], "texture": "#1"},
				"south": {"uv": [4.5, 4, 4.625, 4.125], "texture": "#1"},
				"west": {"uv": [4.5, 4, 4.625, 4.125], "texture": "#1"},
				"up": {"uv": [4.5, 4.125, 4.625, 4], "texture": "#1"},
				"down": {"uv": [4.5, 4.125, 4.625, 4], "texture": "#1"}
			}
		},
		{
			"from": [8.325, 7.85, 7.325],
			"to": [8.45, 7.975, 7.7],
			"rotation": {"angle": 0, "axis": "y", "origin": [0.05, 0, 0]},
			"faces": {
				"north": {"uv": [5.875, 4, 5.75, 4.125], "texture": "#1"},
				"east": {"uv": [5.75, 4, 5.875, 4.125], "texture": "#1"},
				"south": {"uv": [5.75, 4, 5.875, 4.125], "texture": "#1"},
				"west": {"uv": [5.75, 4, 5.875, 4.125], "texture": "#1"},
				"up": {"uv": [5.75, 4.125, 5.875, 4], "texture": "#1"},
				"down": {"uv": [5.75, 4.125, 5.875, 4], "texture": "#1"}
			}
		},
		{
			"from": [6.325, 6.825, 6.075],
			"to": [6.45, 7.1, 6.325],
			"faces": {
				"north": {"uv": [3.875, 5.25, 3.75, 5.375], "texture": "#1"},
				"east": {"uv": [3.75, 5.25, 3.875, 5.5], "rotation": 90, "texture": "#1"},
				"south": {"uv": [3.75, 5.375, 3.875, 5.5], "texture": "#1"},
				"west": {"uv": [3.75, 5.5, 3.875, 5.25], "rotation": 90, "texture": "#1"},
				"up": {"uv": [3.75, 5.25, 3.875, 5.5], "texture": "#1"},
				"down": {"uv": [3.875, 5.25, 3.75, 5.5], "rotation": 180, "texture": "#1"}
			}
		},
		{
			"from": [9.325, 6.825, 7.45],
			"to": [9.575, 7.1, 7.575],
			"faces": {
				"north": {"uv": [7, 6.625, 6.75, 6.75], "texture": "#1"},
				"east": {"uv": [6.875, 6.625, 7, 6.75], "rotation": 90, "texture": "#1"},
				"south": {"uv": [6.75, 6.625, 7, 6.75], "texture": "#1"},
				"west": {"uv": [6.75, 6.75, 6.875, 6.625], "rotation": 90, "texture": "#1"},
				"up": {"uv": [6.75, 6.625, 7, 6.75], "texture": "#1"},
				"down": {"uv": [7, 6.625, 6.75, 6.75], "rotation": 180, "texture": "#1"}
			}
		},
		{
			"from": [9.075, 6.825, 7.325],
			"to": [9.325, 7.1, 7.7],
			"faces": {
				"north": {"uv": [6.75, 6.5, 6.5, 6.625], "texture": "#1"},
				"east": {"uv": [6.625, 6.5, 6.75, 6.875], "rotation": 90, "texture": "#1"},
				"south": {"uv": [6.5, 6.75, 6.75, 6.875], "texture": "#1"},
				"west": {"uv": [6.5, 6.875, 6.625, 6.5], "rotation": 90, "texture": "#1"},
				"up": {"uv": [6.5, 6.5, 6.75, 6.875], "texture": "#1"},
				"down": {"uv": [6.75, 6.5, 6.5, 6.875], "rotation": 180, "texture": "#1"}
			}
		},
		{
			"from": [8.825, 6.825, 7.2],
			"to": [9.075, 7.1, 7.825],
			"faces": {
				"north": {"uv": [6.5, 6.375, 6.25, 6.5], "texture": "#1"},
				"east": {"uv": [6.375, 6.375, 6.5, 7], "rotation": 90, "texture": "#1"},
				"south": {"uv": [6.25, 6.875, 6.5, 7], "texture": "#1"},
				"west": {"uv": [6.25, 7, 6.375, 6.375], "rotation": 90, "texture": "#1"},
				"up": {"uv": [6.25, 6.375, 6.5, 7], "texture": "#1"},
				"down": {"uv": [6.5, 6.375, 6.25, 7], "rotation": 180, "texture": "#1"}
			}
		},
		{
			"from": [9.075, 6.825, 8.7],
			"to": [9.2, 7.1, 8.95],
			"faces": {
				"north": {"uv": [6.625, 7.875, 6.5, 8], "texture": "#1"},
				"east": {"uv": [6.5, 7.875, 6.625, 8.125], "rotation": 90, "texture": "#1"},
				"south": {"uv": [6.5, 8, 6.625, 8.125], "texture": "#1"},
				"west": {"uv": [6.5, 8.125, 6.625, 7.875], "rotation": 90, "texture": "#1"},
				"up": {"uv": [6.5, 7.875, 6.625, 8.125], "texture": "#1"},
				"down": {"uv": [6.625, 7.875, 6.5, 8.125], "rotation": 180, "texture": "#1"}
			}
		},
		{
			"from": [8.95, 6.825, 8.45],
			"to": [9.075, 7.1, 8.95],
			"faces": {
				"north": {"uv": [6.5, 7.625, 6.375, 7.75], "texture": "#1"},
				"east": {"uv": [6.375, 7.625, 6.5, 8.125], "rotation": 90, "texture": "#1"},
				"south": {"uv": [6.375, 8, 6.5, 8.125], "texture": "#1"},
				"west": {"uv": [6.375, 8.125, 6.5, 7.625], "rotation": 90, "texture": "#1"},
				"up": {"uv": [6.375, 7.625, 6.5, 8.125], "texture": "#1"},
				"down": {"uv": [6.5, 7.625, 6.375, 8.125], "rotation": 180, "texture": "#1"}
			}
		},
		{
			"from": [8.825, 6.825, 8.075],
			"to": [8.95, 7.1, 8.825],
			"faces": {
				"north": {"uv": [6.375, 7.25, 6.25, 7.375], "texture": "#1"},
				"east": {"uv": [6.25, 7.25, 6.375, 8], "rotation": 90, "texture": "#1"},
				"south": {"uv": [6.25, 7.875, 6.375, 8], "texture": "#1"},
				"west": {"uv": [6.25, 8, 6.375, 7.25], "rotation": 90, "texture": "#1"},
				"up": {"uv": [6.25, 7.25, 6.375, 8], "texture": "#1"},
				"down": {"uv": [6.375, 7.25, 6.25, 8], "rotation": 180, "texture": "#1"}
			}
		},
		{
			"from": [8.7, 6.825, 6.2],
			"to": [8.825, 7.1, 8.825],
			"faces": {
				"north": {"uv": [6.25, 5.375, 6.125, 5.5], "texture": "#1"},
				"east": {"uv": [6.125, 5.375, 6.25, 8], "rotation": 90, "texture": "#1"},
				"south": {"uv": [6.125, 7.875, 6.25, 8], "texture": "#1"},
				"west": {"uv": [6.125, 8, 6.25, 5.375], "rotation": 90, "texture": "#1"},
				"up": {"uv": [6.125, 5.375, 6.25, 8], "texture": "#1"},
				"down": {"uv": [6.25, 5.375, 6.125, 8], "rotation": 180, "texture": "#1"}
			}
		},
		{
			"from": [8.825, 6.825, 6.2],
			"to": [8.95, 7.1, 6.95],
			"faces": {
				"north": {"uv": [6.375, 5.375, 6.25, 5.5], "texture": "#1"},
				"east": {"uv": [6.25, 5.375, 6.375, 6.125], "rotation": 90, "texture": "#1"},
				"south": {"uv": [6.25, 6, 6.375, 6.125], "texture": "#1"},
				"west": {"uv": [6.25, 6.125, 6.375, 5.375], "rotation": 90, "texture": "#1"},
				"up": {"uv": [6.25, 5.375, 6.375, 6.125], "texture": "#1"},
				"down": {"uv": [6.375, 5.375, 6.25, 6.125], "rotation": 180, "texture": "#1"}
			}
		},
		{
			"from": [8.95, 6.825, 6.075],
			"to": [9.075, 7.1, 6.575],
			"faces": {
				"north": {"uv": [6.5, 5.25, 6.375, 5.375], "texture": "#1"},
				"east": {"uv": [6.375, 5.25, 6.5, 5.75], "rotation": 90, "texture": "#1"},
				"south": {"uv": [6.375, 5.625, 6.5, 5.75], "texture": "#1"},
				"west": {"uv": [6.375, 5.75, 6.5, 5.25], "rotation": 90, "texture": "#1"},
				"up": {"uv": [6.375, 5.25, 6.5, 5.75], "texture": "#1"},
				"down": {"uv": [6.5, 5.25, 6.375, 5.75], "rotation": 180, "texture": "#1"}
			}
		},
		{
			"from": [9.075, 6.825, 6.075],
			"to": [9.2, 7.1, 6.325],
			"faces": {
				"north": {"uv": [6.625, 5.25, 6.5, 5.375], "texture": "#1"},
				"east": {"uv": [6.5, 5.25, 6.625, 5.5], "rotation": 90, "texture": "#1"},
				"south": {"uv": [6.5, 5.375, 6.625, 5.5], "texture": "#1"},
				"west": {"uv": [6.5, 5.5, 6.625, 5.25], "rotation": 90, "texture": "#1"},
				"up": {"uv": [6.5, 5.25, 6.625, 5.5], "texture": "#1"},
				"down": {"uv": [6.625, 5.25, 6.5, 5.5], "rotation": 180, "texture": "#1"}
			}
		},
		{
			"from": [6.45, 6.825, 6.075],
			"to": [6.575, 7.1, 6.575],
			"faces": {
				"north": {"uv": [4, 5.25, 3.875, 5.375], "texture": "#1"},
				"east": {"uv": [3.875, 5.25, 4, 5.75], "rotation": 90, "texture": "#1"},
				"south": {"uv": [3.875, 5.625, 4, 5.75], "texture": "#1"},
				"west": {"uv": [3.875, 5.75, 4, 5.25], "rotation": 90, "texture": "#1"},
				"up": {"uv": [3.875, 5.25, 4, 5.75], "texture": "#1"},
				"down": {"uv": [4, 5.25, 3.875, 5.75], "rotation": 180, "texture": "#1"}
			}
		},
		{
			"from": [6.575, 6.825, 6.2],
			"to": [6.7, 7.1, 6.95],
			"faces": {
				"north": {"uv": [4.125, 5.375, 4, 5.5], "texture": "#1"},
				"east": {"uv": [4, 5.375, 4.125, 6.125], "rotation": 90, "texture": "#1"},
				"south": {"uv": [4, 6, 4.125, 6.125], "texture": "#1"},
				"west": {"uv": [4, 6.125, 4.125, 5.375], "rotation": 90, "texture": "#1"},
				"up": {"uv": [4, 5.375, 4.125, 6.125], "texture": "#1"},
				"down": {"uv": [4.125, 5.375, 4, 6.125], "rotation": 180, "texture": "#1"}
			}
		},
		{
			"from": [6.325, 6.825, 8.7],
			"to": [6.45, 7.1, 8.95],
			"faces": {
				"north": {"uv": [3.875, 7.875, 3.75, 8], "texture": "#1"},
				"east": {"uv": [3.75, 7.875, 3.875, 8.125], "rotation": 90, "texture": "#1"},
				"south": {"uv": [3.75, 8, 3.875, 8.125], "texture": "#1"},
				"west": {"uv": [3.75, 8.125, 3.875, 7.875], "rotation": 90, "texture": "#1"},
				"up": {"uv": [3.75, 7.875, 3.875, 8.125], "texture": "#1"},
				"down": {"uv": [3.875, 7.875, 3.75, 8.125], "rotation": 180, "texture": "#1"}
			}
		},
		{
			"from": [6.45, 6.825, 8.45],
			"to": [6.575, 7.1, 8.95],
			"faces": {
				"north": {"uv": [4, 7.625, 3.875, 7.75], "texture": "#1"},
				"east": {"uv": [3.875, 7.625, 4, 8.125], "rotation": 90, "texture": "#1"},
				"south": {"uv": [3.875, 8, 4, 8.125], "texture": "#1"},
				"west": {"uv": [3.875, 8.125, 4, 7.625], "rotation": 90, "texture": "#1"},
				"up": {"uv": [3.875, 7.625, 4, 8.125], "texture": "#1"},
				"down": {"uv": [4, 7.625, 3.875, 8.125], "rotation": 180, "texture": "#1"}
			}
		},
		{
			"from": [6.575, 6.825, 8.075],
			"to": [6.7, 7.1, 8.825],
			"faces": {
				"north": {"uv": [4.125, 7.25, 4, 7.375], "texture": "#1"},
				"east": {"uv": [4, 7.25, 4.125, 8], "rotation": 90, "texture": "#1"},
				"south": {"uv": [4, 7.875, 4.125, 8], "texture": "#1"},
				"west": {"uv": [4, 8, 4.125, 7.25], "rotation": 90, "texture": "#1"},
				"up": {"uv": [4, 7.25, 4.125, 8], "texture": "#1"},
				"down": {"uv": [4.125, 7.25, 4, 8], "rotation": 180, "texture": "#1"}
			}
		},
		{
			"from": [6.45, 6.825, 7.2],
			"to": [6.7, 7.1, 7.825],
			"faces": {
				"north": {"uv": [4.125, 6.375, 3.875, 6.5], "texture": "#1"},
				"east": {"uv": [4, 6.375, 4.125, 7], "rotation": 90, "texture": "#1"},
				"south": {"uv": [3.875, 6.875, 4.125, 7], "texture": "#1"},
				"west": {"uv": [3.875, 7, 4, 6.375], "rotation": 90, "texture": "#1"},
				"up": {"uv": [3.875, 6.375, 4.125, 7], "texture": "#1"},
				"down": {"uv": [4.125, 6.375, 3.875, 7], "rotation": 180, "texture": "#1"}
			}
		},
		{
			"from": [6.2, 6.825, 7.325],
			"to": [6.45, 7.1, 7.7],
			"faces": {
				"north": {"uv": [3.875, 6.5, 3.625, 6.625], "texture": "#1"},
				"east": {"uv": [3.75, 6.5, 3.875, 6.875], "rotation": 90, "texture": "#1"},
				"south": {"uv": [3.625, 6.75, 3.875, 6.875], "texture": "#1"},
				"west": {"uv": [3.625, 6.875, 3.75, 6.5], "rotation": 90, "texture": "#1"},
				"up": {"uv": [3.625, 6.5, 3.875, 6.875], "texture": "#1"},
				"down": {"uv": [3.875, 6.5, 3.625, 6.875], "rotation": 180, "texture": "#1"}
			}
		},
		{
			"from": [5.95, 6.825, 7.45],
			"to": [6.2, 7.1, 7.575],
			"faces": {
				"north": {"uv": [3.625, 6.625, 3.375, 6.75], "texture": "#1"},
				"east": {"uv": [3.5, 6.625, 3.625, 6.75], "rotation": 90, "texture": "#1"},
				"south": {"uv": [3.375, 6.625, 3.625, 6.75], "texture": "#1"},
				"west": {"uv": [3.375, 6.75, 3.5, 6.625], "rotation": 90, "texture": "#1"},
				"up": {"uv": [3.375, 6.625, 3.625, 6.75], "texture": "#1"},
				"down": {"uv": [3.625, 6.625, 3.375, 6.75], "rotation": 180, "texture": "#1"}
			}
		},
		{
			"from": [6.7, 6.825, 6.2],
			"to": [6.825, 7.1, 8.825],
			"faces": {
				"north": {"uv": [4.25, 5.375, 4.125, 5.5], "texture": "#1"},
				"east": {"uv": [4.125, 5.375, 4.25, 8], "rotation": 90, "texture": "#1"},
				"south": {"uv": [4.125, 7.875, 4.25, 8], "texture": "#1"},
				"west": {"uv": [4.125, 8, 4.25, 5.375], "rotation": 90, "texture": "#1"},
				"up": {"uv": [4.125, 5.375, 4.25, 8], "texture": "#1"},
				"down": {"uv": [4.25, 5.375, 4.125, 8], "rotation": 180, "texture": "#1"}
			}
		},
		{
			"from": [7.45, 6.825, 6.2],
			"to": [7.575, 7.1, 8.825],
			"faces": {
				"north": {"uv": [5, 5.375, 4.875, 5.5], "texture": "#1"},
				"east": {"uv": [4.875, 5.375, 5, 8], "rotation": 90, "texture": "#1"},
				"south": {"uv": [4.875, 7.875, 5, 8], "texture": "#1"},
				"west": {"uv": [4.875, 8, 5, 5.375], "rotation": 90, "texture": "#1"},
				"up": {"uv": [4.875, 5.375, 5, 8], "texture": "#1"},
				"down": {"uv": [5, 5.375, 4.875, 8], "rotation": 180, "texture": "#1"}
			}
		},
		{
			"from": [7.575, 6.825, 5.95],
			"to": [7.7, 7.1, 9.075],
			"faces": {
				"north": {"uv": [5.125, 5.125, 5, 5.25], "texture": "#1"},
				"east": {"uv": [5, 5.125, 5.125, 8.25], "rotation": 90, "texture": "#1"},
				"south": {"uv": [5, 8.125, 5.125, 8.25], "texture": "#1"},
				"west": {"uv": [5, 8.25, 5.125, 5.125], "rotation": 90, "texture": "#1"},
				"up": {"uv": [5, 5.125, 5.125, 8.25], "texture": "#1"},
				"down": {"uv": [5.125, 5.125, 5, 8.25], "rotation": 180, "texture": "#1"}
			}
		},
		{
			"from": [7.7, 6.825, 5.7],
			"to": [7.825, 7.1, 9.325],
			"faces": {
				"north": {"uv": [5.25, 4.875, 5.125, 5], "texture": "#1"},
				"east": {"uv": [5.125, 4.875, 5.25, 8.5], "rotation": 90, "texture": "#1"},
				"south": {"uv": [5.125, 8.375, 5.25, 8.5], "texture": "#1"},
				"west": {"uv": [5.125, 8.5, 5.25, 4.875], "rotation": 90, "texture": "#1"},
				"up": {"uv": [5.125, 4.875, 5.25, 8.5], "texture": "#1"},
				"down": {"uv": [5.25, 4.875, 5.125, 8.5], "rotation": 180, "texture": "#1"}
			}
		},
		{
			"from": [7.825, 6.825, 5.95],
			"to": [7.95, 7.1, 9.075],
			"faces": {
				"north": {"uv": [5.375, 5.125, 5.25, 5.25], "texture": "#1"},
				"east": {"uv": [5.25, 5.125, 5.375, 8.25], "rotation": 90, "texture": "#1"},
				"south": {"uv": [5.25, 8.125, 5.375, 8.25], "texture": "#1"},
				"west": {"uv": [5.25, 8.25, 5.375, 5.125], "rotation": 90, "texture": "#1"},
				"up": {"uv": [5.25, 5.125, 5.375, 8.25], "texture": "#1"},
				"down": {"uv": [5.375, 5.125, 5.25, 8.25], "rotation": 180, "texture": "#1"}
			}
		},
		{
			"from": [7.95, 6.825, 6.2],
			"to": [8.075, 7.1, 8.825],
			"faces": {
				"north": {"uv": [5.5, 5.375, 5.375, 5.5], "texture": "#1"},
				"east": {"uv": [5.375, 5.375, 5.5, 8], "rotation": 90, "texture": "#1"},
				"south": {"uv": [5.375, 7.875, 5.5, 8], "texture": "#1"},
				"west": {"uv": [5.375, 8, 5.5, 5.375], "rotation": 90, "texture": "#1"},
				"up": {"uv": [5.375, 5.375, 5.5, 8], "texture": "#1"},
				"down": {"uv": [5.5, 5.375, 5.375, 8], "rotation": 180, "texture": "#1"}
			}
		},
		{
			"from": [6.825, 6.825, 6.325],
			"to": [7.2, 7.1, 8.7],
			"faces": {
				"north": {"uv": [4.625, 5.5, 4.25, 5.625], "texture": "#1"},
				"east": {"uv": [4.5, 5.5, 4.625, 7.875], "rotation": 90, "texture": "#1"},
				"south": {"uv": [4.25, 7.75, 4.625, 7.875], "texture": "#1"},
				"west": {"uv": [4.25, 7.875, 4.375, 5.5], "rotation": 90, "texture": "#1"},
				"up": {"uv": [4.25, 5.5, 4.625, 7.875], "texture": "#1"},
				"down": {"uv": [4.625, 5.5, 4.25, 7.875], "rotation": 180, "texture": "#1"}
			}
		},
		{
			"from": [7.2, 6.825, 6.45],
			"to": [7.45, 7.1, 8.575],
			"faces": {
				"north": {"uv": [4.875, 5.625, 4.625, 5.75], "texture": "#1"},
				"east": {"uv": [4.75, 5.625, 4.875, 7.75], "rotation": 90, "texture": "#1"},
				"south": {"uv": [4.625, 7.625, 4.875, 7.75], "texture": "#1"},
				"west": {"uv": [4.625, 7.75, 4.75, 5.625], "rotation": 90, "texture": "#1"},
				"up": {"uv": [4.625, 5.625, 4.875, 7.75], "texture": "#1"},
				"down": {"uv": [4.875, 5.625, 4.625, 7.75], "rotation": 180, "texture": "#1"}
			}
		},
		{
			"from": [8.075, 6.825, 6.45],
			"to": [8.325, 7.1, 8.575],
			"faces": {
				"north": {"uv": [5.75, 5.625, 5.5, 5.75], "texture": "#1"},
				"east": {"uv": [5.625, 5.625, 5.75, 7.75], "rotation": 90, "texture": "#1"},
				"south": {"uv": [5.5, 7.625, 5.75, 7.75], "texture": "#1"},
				"west": {"uv": [5.5, 7.75, 5.625, 5.625], "rotation": 90, "texture": "#1"},
				"up": {"uv": [5.5, 5.625, 5.75, 7.75], "texture": "#1"},
				"down": {"uv": [5.75, 5.625, 5.5, 7.75], "rotation": 180, "texture": "#1"}
			}
		},
		{
			"from": [8.325, 6.825, 6.325],
			"to": [8.7, 7.1, 8.7],
			"faces": {
				"north": {"uv": [6.125, 5.5, 5.75, 5.625], "texture": "#1"},
				"east": {"uv": [6, 5.5, 6.125, 7.875], "rotation": 90, "texture": "#1"},
				"south": {"uv": [5.75, 7.75, 6.125, 7.875], "texture": "#1"},
				"west": {"uv": [5.75, 7.875, 5.875, 5.5], "rotation": 90, "texture": "#1"},
				"up": {"uv": [5.75, 5.5, 6.125, 7.875], "texture": "#1"},
				"down": {"uv": [6.125, 5.5, 5.75, 7.875], "rotation": 180, "texture": "#1"}
			}
		},
		{
			"from": [8.825, 20.975, 7.45],
			"to": [9.075, 21.35, 7.575],
			"rotation": {"angle": 0, "axis": "y", "origin": [-0.075, -1.225, 0]},
			"faces": {
				"north": {"uv": [2.375, 2.5, 2.125, 2.875], "texture": "#1"},
				"east": {"uv": [2.25, 2.5, 2.375, 2.875], "texture": "#1"},
				"south": {"uv": [2.125, 2.5, 2.375, 2.875], "texture": "#1"},
				"west": {"uv": [2.125, 2.5, 2.25, 2.875], "texture": "#1"},
				"up": {"uv": [2.125, 2.625, 2.375, 2.5], "texture": "#1"},
				"down": {"uv": [2.125, 2.875, 2.375, 2.75], "texture": "#1"}
			}
		},
		{
			"from": [8.95, 21.35, 7.45],
			"to": [9.2, 21.6, 7.575],
			"rotation": {"angle": 0, "axis": "y", "origin": [-0.075, -1.225, 0]},
			"faces": {
				"north": {"uv": [2.5, 2.25, 2.25, 2.5], "texture": "#1"},
				"east": {"uv": [2.375, 2.25, 2.5, 2.5], "texture": "#1"},
				"south": {"uv": [2.25, 2.25, 2.5, 2.5], "texture": "#1"},
				"west": {"uv": [2.25, 2.25, 2.375, 2.5], "texture": "#1"},
				"up": {"uv": [2.25, 2.375, 2.5, 2.25], "texture": "#1"},
				"down": {"uv": [2.25, 2.5, 2.5, 2.375], "texture": "#1"}
			}
		},
		{
			"from": [10.2, 22.475, 7.45],
			"to": [10.45, 22.725, 7.575],
			"rotation": {"angle": 0, "axis": "y", "origin": [-0.2, -1.1, 0]},
			"faces": {
				"north": {"uv": [3.75, 1.125, 3.5, 1.375], "texture": "#1"},
				"east": {"uv": [3.625, 1.125, 3.75, 1.375], "texture": "#1"},
				"south": {"uv": [3.5, 1.125, 3.75, 1.375], "texture": "#1"},
				"west": {"uv": [3.5, 1.125, 3.625, 1.375], "texture": "#1"},
				"up": {"uv": [3.5, 1.25, 3.75, 1.125], "texture": "#1"},
				"down": {"uv": [3.5, 1.375, 3.75, 1.25], "texture": "#1"}
			}
		},
		{
			"from": [9.95, 22.35, 7.45],
			"to": [10.2, 22.6, 7.575],
			"rotation": {"angle": 0, "axis": "y", "origin": [-0.2, -1.1, 0]},
			"faces": {
				"north": {"uv": [3.5, 1.25, 3.25, 1.5], "texture": "#1"},
				"east": {"uv": [3.375, 1.25, 3.5, 1.5], "texture": "#1"},
				"south": {"uv": [3.25, 1.25, 3.5, 1.5], "texture": "#1"},
				"west": {"uv": [3.25, 1.25, 3.375, 1.5], "texture": "#1"},
				"up": {"uv": [3.25, 1.375, 3.5, 1.25], "texture": "#1"},
				"down": {"uv": [3.25, 1.5, 3.5, 1.375], "texture": "#1"}
			}
		},
		{
			"from": [9.7, 22.225, 7.45],
			"to": [9.95, 22.475, 7.575],
			"rotation": {"angle": 0, "axis": "y", "origin": [-0.2, -1.1, 0]},
			"faces": {
				"north": {"uv": [3.25, 1.375, 3, 1.625], "texture": "#1"},
				"east": {"uv": [3.125, 1.375, 3.25, 1.625], "texture": "#1"},
				"south": {"uv": [3, 1.375, 3.25, 1.625], "texture": "#1"},
				"west": {"uv": [3, 1.375, 3.125, 1.625], "texture": "#1"},
				"up": {"uv": [3, 1.5, 3.25, 1.375], "texture": "#1"},
				"down": {"uv": [3, 1.625, 3.25, 1.5], "texture": "#1"}
			}
		},
		{
			"from": [9.45, 22.075, 7.45],
			"to": [9.7, 22.2, 7.575],
			"rotation": {"angle": 0, "axis": "y", "origin": [0.05, -1, 0]},
			"faces": {
				"north": {"uv": [3, 1.625, 2.75, 1.75], "texture": "#1"},
				"east": {"uv": [2.875, 1.625, 3, 1.75], "texture": "#1"},
				"south": {"uv": [2.75, 1.625, 3, 1.75], "texture": "#1"},
				"west": {"uv": [2.75, 1.625, 2.875, 1.75], "texture": "#1"},
				"up": {"uv": [2.75, 1.75, 3, 1.625], "texture": "#1"},
				"down": {"uv": [2.75, 1.75, 3, 1.625], "texture": "#1"}
			}
		},
		{
			"from": [9.2, 21.85, 7.45],
			"to": [9.45, 21.975, 7.575],
			"rotation": {"angle": 0, "axis": "y", "origin": [-0.2, -1.225, 0]},
			"faces": {
				"north": {"uv": [2.75, 1.875, 2.5, 2], "texture": "#1"},
				"east": {"uv": [2.625, 1.875, 2.75, 2], "texture": "#1"},
				"south": {"uv": [2.5, 1.875, 2.75, 2], "texture": "#1"},
				"west": {"uv": [2.5, 1.875, 2.625, 2], "texture": "#1"},
				"up": {"uv": [2.5, 2, 2.75, 1.875], "texture": "#1"},
				"down": {"uv": [2.5, 2, 2.75, 1.875], "texture": "#1"}
			}
		},
		{
			"from": [9.325, 21.975, 7.45],
			"to": [9.575, 22.1, 7.575],
			"rotation": {"angle": 0, "axis": "y", "origin": [-0.075, -1.1, 0]},
			"faces": {
				"north": {"uv": [2.875, 1.75, 2.625, 1.875], "texture": "#1"},
				"east": {"uv": [2.75, 1.75, 2.875, 1.875], "texture": "#1"},
				"south": {"uv": [2.625, 1.75, 2.875, 1.875], "texture": "#1"},
				"west": {"uv": [2.625, 1.75, 2.75, 1.875], "texture": "#1"},
				"up": {"uv": [2.625, 1.875, 2.875, 1.75], "texture": "#1"},
				"down": {"uv": [2.625, 1.875, 2.875, 1.75], "texture": "#1"}
			}
		},
		{
			"from": [9.575, 22.2, 7.45],
			"to": [9.7, 22.325, 7.575],
			"rotation": {"angle": 0, "axis": "y", "origin": [0.3, -0.875, 0]},
			"faces": {
				"north": {"uv": [3, 1.5, 2.875, 1.625], "texture": "#1"},
				"east": {"uv": [2.875, 1.5, 3, 1.625], "texture": "#1"},
				"south": {"uv": [2.875, 1.5, 3, 1.625], "texture": "#1"},
				"west": {"uv": [2.875, 1.5, 3, 1.625], "texture": "#1"},
				"up": {"uv": [2.875, 1.625, 3, 1.5], "texture": "#1"},
				"down": {"uv": [2.875, 1.625, 3, 1.5], "texture": "#1"}
			}
		},
		{
			"from": [9.075, 21.6, 7.45],
			"to": [9.325, 21.85, 7.575],
			"rotation": {"angle": 0, "axis": "y", "origin": [-0.075, -1.225, 0]},
			"faces": {
				"north": {"uv": [2.625, 2, 2.375, 2.25], "texture": "#1"},
				"east": {"uv": [2.5, 2, 2.625, 2.25], "texture": "#1"},
				"south": {"uv": [2.375, 2, 2.625, 2.25], "texture": "#1"},
				"west": {"uv": [2.375, 2, 2.5, 2.25], "texture": "#1"},
				"up": {"uv": [2.375, 2.125, 2.625, 2], "texture": "#1"},
				"down": {"uv": [2.375, 2.25, 2.625, 2.125], "texture": "#1"}
			}
		},
		{
			"from": [8.7, 20.6, 7.45],
			"to": [8.95, 20.975, 7.575],
			"rotation": {"angle": 0, "axis": "y", "origin": [-0.075, -1.225, 0]},
			"faces": {
				"north": {"uv": [2.25, 2.875, 2, 3.25], "texture": "#1"},
				"east": {"uv": [2.125, 2.875, 2.25, 3.25], "texture": "#1"},
				"south": {"uv": [2, 2.875, 2.25, 3.25], "texture": "#1"},
				"west": {"uv": [2, 2.875, 2.125, 3.25], "texture": "#1"},
				"up": {"uv": [2, 3, 2.25, 2.875], "texture": "#1"},
				"down": {"uv": [2, 3.25, 2.25, 3.125], "texture": "#1"}
			}
		},
		{
			"from": [8.575, 20.225, 7.45],
			"to": [8.825, 20.6, 7.575],
			"rotation": {"angle": 0, "axis": "y", "origin": [-0.2, -1.6, 0]},
			"faces": {
				"north": {"uv": [2.125, 3.25, 1.875, 3.625], "texture": "#1"},
				"east": {"uv": [2, 3.25, 2.125, 3.625], "texture": "#1"},
				"south": {"uv": [1.875, 3.25, 2.125, 3.625], "texture": "#1"},
				"west": {"uv": [1.875, 3.25, 2, 3.625], "texture": "#1"},
				"up": {"uv": [1.875, 3.375, 2.125, 3.25], "texture": "#1"},
				"down": {"uv": [1.875, 3.625, 2.125, 3.5], "texture": "#1"}
			}
		},
		{
			"from": [8.325, 19.225, 7.45],
			"to": [8.575, 19.725, 7.575],
			"rotation": {"angle": 0, "axis": "y", "origin": [-0.2, -1.6, 0]},
			"faces": {
				"north": {"uv": [1.875, 4.125, 1.625, 4.625], "texture": "#1"},
				"east": {"uv": [1.75, 4.125, 1.875, 4.625], "texture": "#1"},
				"south": {"uv": [1.625, 4.125, 1.875, 4.625], "texture": "#1"},
				"west": {"uv": [1.625, 4.125, 1.75, 4.625], "texture": "#1"},
				"up": {"uv": [1.625, 4.25, 1.875, 4.125], "texture": "#1"},
				"down": {"uv": [1.625, 4.625, 1.875, 4.5], "texture": "#1"}
			}
		},
		{
			"from": [8.45, 19.725, 7.45],
			"to": [8.7, 20.225, 7.575],
			"rotation": {"angle": 0, "axis": "y", "origin": [-0.075, -1.1, 0]},
			"faces": {
				"north": {"uv": [2, 3.625, 1.75, 4.125], "texture": "#1"},
				"east": {"uv": [1.875, 3.625, 2, 4.125], "texture": "#1"},
				"south": {"uv": [1.75, 3.625, 2, 4.125], "texture": "#1"},
				"west": {"uv": [1.75, 3.625, 1.875, 4.125], "texture": "#1"},
				"up": {"uv": [1.75, 3.75, 2, 3.625], "texture": "#1"},
				"down": {"uv": [1.75, 4.125, 2, 4], "texture": "#1"}
			}
		},
		{
			"from": [8.2, 18.6, 7.45],
			"to": [8.45, 19.225, 7.575],
			"rotation": {"angle": 0, "axis": "y", "origin": [-0.2, -1.6, 0]},
			"faces": {
				"north": {"uv": [1.75, 4.625, 1.5, 5.25], "texture": "#1"},
				"east": {"uv": [1.625, 4.625, 1.75, 5.25], "texture": "#1"},
				"south": {"uv": [1.5, 4.625, 1.75, 5.25], "texture": "#1"},
				"west": {"uv": [1.5, 4.625, 1.625, 5.25], "texture": "#1"},
				"up": {"uv": [1.5, 4.75, 1.75, 4.625], "texture": "#1"},
				"down": {"uv": [1.5, 5.25, 1.75, 5.125], "texture": "#1"}
			}
		},
		{
			"from": [8.075, 17.975, 7.45],
			"to": [8.325, 18.6, 7.575],
			"rotation": {"angle": 0, "axis": "y", "origin": [-0.2, -1.6, 0]},
			"faces": {
				"north": {"uv": [1.625, 5.25, 1.375, 5.875], "texture": "#1"},
				"east": {"uv": [1.5, 5.25, 1.625, 5.875], "texture": "#1"},
				"south": {"uv": [1.375, 5.25, 1.625, 5.875], "texture": "#1"},
				"west": {"uv": [1.375, 5.25, 1.5, 5.875], "texture": "#1"},
				"up": {"uv": [1.375, 5.375, 1.625, 5.25], "texture": "#1"},
				"down": {"uv": [1.375, 5.875, 1.625, 5.75], "texture": "#1"}
			}
		},
		{
			"from": [7.95, 17.225, 7.45],
			"to": [8.2, 17.975, 7.575],
			"rotation": {"angle": 0, "axis": "y", "origin": [0.05, -0.35, 0]},
			"faces": {
				"north": {"uv": [1.5, 5.875, 1.25, 6.625], "texture": "#1"},
				"east": {"uv": [1.375, 5.875, 1.5, 6.625], "texture": "#1"},
				"south": {"uv": [1.25, 5.875, 1.5, 6.625], "texture": "#1"},
				"west": {"uv": [1.25, 5.875, 1.375, 6.625], "texture": "#1"},
				"up": {"uv": [1.25, 6, 1.5, 5.875], "texture": "#1"},
				"down": {"uv": [1.25, 6.625, 1.5, 6.5], "texture": "#1"}
			}
		},
		{
			"from": [7.825, 16.35, 7.45],
			"to": [8.075, 17.225, 7.575],
			"rotation": {"angle": 0, "axis": "y", "origin": [0.05, -0.35, 0]},
			"faces": {
				"north": {"uv": [1.375, 6.625, 1.125, 7.5], "texture": "#1"},
				"east": {"uv": [1.25, 6.625, 1.375, 7.5], "texture": "#1"},
				"south": {"uv": [1.125, 6.625, 1.375, 7.5], "texture": "#1"},
				"west": {"uv": [1.125, 6.625, 1.25, 7.5], "texture": "#1"},
				"up": {"uv": [1.125, 6.75, 1.375, 6.625], "texture": "#1"},
				"down": {"uv": [1.125, 7.5, 1.375, 7.375], "texture": "#1"}
			}
		},
		{
			"from": [7.7, 15.35, 7.45],
			"to": [7.95, 16.35, 7.575],
			"rotation": {"angle": 0, "axis": "y", "origin": [0.05, -0.35, 0]},
			"faces": {
				"north": {"uv": [1.25, 7.5, 1, 8.5], "texture": "#1"},
				"east": {"uv": [1.125, 7.5, 1.25, 8.5], "texture": "#1"},
				"south": {"uv": [1, 7.5, 1.25, 8.5], "texture": "#1"},
				"west": {"uv": [1, 7.5, 1.125, 8.5], "texture": "#1"},
				"up": {"uv": [1, 7.625, 1.25, 7.5], "texture": "#1"},
				"down": {"uv": [1, 8.5, 1.25, 8.375], "texture": "#1"}
			}
		},
		{
			"from": [7.825, 14.225, 7.375],
			"to": [8.7, 15.35, 7.65],
			"rotation": {"angle": 0, "axis": "y", "origin": [-0.2, -1.35, 0]},
			"faces": {
				"north": {"uv": [2, 8.5, 1.125, 9.625], "texture": "#1"},
				"east": {"uv": [1.875, 8.5, 2, 9.625], "texture": "#1"},
				"south": {"uv": [1.125, 8.5, 2, 9.625], "texture": "#1"},
				"west": {"uv": [1.125, 8.5, 1.25, 9.625], "texture": "#1"},
				"up": {"uv": [1.125, 8.625, 2, 8.5], "texture": "#1"},
				"down": {"uv": [1.125, 9.625, 2, 9.5], "texture": "#1"}
			}
		},
		{
			"from": [7.95, 15.35, 7.375],
			"to": [8.825, 16.35, 7.65],
			"rotation": {"angle": 0, "axis": "y", "origin": [-0.2, -1.225, 0]},
			"faces": {
				"north": {"uv": [2.125, 7.5, 1.25, 8.5], "texture": "#1"},
				"east": {"uv": [2, 7.5, 2.125, 8.5], "texture": "#1"},
				"south": {"uv": [1.25, 7.5, 2.125, 8.5], "texture": "#1"},
				"west": {"uv": [1.25, 7.5, 1.375, 8.5], "texture": "#1"},
				"up": {"uv": [1.25, 7.625, 2.125, 7.5], "texture": "#1"},
				"down": {"uv": [1.25, 8.5, 2.125, 8.375], "texture": "#1"}
			}
		},
		{
			"from": [8.7, 19.725, 7.375],
			"to": [9.575, 20.225, 7.65],
			"rotation": {"angle": 0, "axis": "y", "origin": [-0.2, -1.1, 0]},
			"faces": {
				"north": {"uv": [2.875, 3.625, 2, 4.125], "texture": "#1"},
				"east": {"uv": [2.75, 3.625, 2.875, 4.125], "texture": "#1"},
				"south": {"uv": [2, 3.625, 2.875, 4.125], "texture": "#1"},
				"west": {"uv": [2, 3.625, 2.125, 4.125], "texture": "#1"},
				"up": {"uv": [2, 3.75, 2.875, 3.625], "texture": "#1"},
				"down": {"uv": [2, 4.125, 2.875, 4], "texture": "#1"}
			}
		},
		{
			"from": [8.575, 19.225, 7.375],
			"to": [9.45, 19.725, 7.65],
			"rotation": {"angle": 0, "axis": "y", "origin": [-0.2, -1.1, 0]},
			"faces": {
				"north": {"uv": [2.75, 4.125, 1.875, 4.625], "texture": "#1"},
				"east": {"uv": [2.625, 4.125, 2.75, 4.625], "texture": "#1"},
				"south": {"uv": [1.875, 4.125, 2.75, 4.625], "texture": "#1"},
				"west": {"uv": [1.875, 4.125, 2, 4.625], "texture": "#1"},
				"up": {"uv": [1.875, 4.25, 2.75, 4.125], "texture": "#1"},
				"down": {"uv": [1.875, 4.625, 2.75, 4.5], "texture": "#1"}
			}
		},
		{
			"from": [8.2, 17.225, 7.375],
			"to": [9.075, 17.975, 7.65],
			"rotation": {"angle": 0, "axis": "y", "origin": [-0.2, -1.1, 0]},
			"faces": {
				"north": {"uv": [2.375, 5.875, 1.5, 6.625], "texture": "#1"},
				"east": {"uv": [2.25, 5.875, 2.375, 6.625], "texture": "#1"},
				"south": {"uv": [1.5, 5.875, 2.375, 6.625], "texture": "#1"},
				"west": {"uv": [1.5, 5.875, 1.625, 6.625], "texture": "#1"},
				"up": {"uv": [1.5, 6, 2.375, 5.875], "texture": "#1"},
				"down": {"uv": [1.5, 6.625, 2.375, 6.5], "texture": "#1"}
			}
		},
		{
			"from": [8.325, 17.975, 7.375],
			"to": [9.2, 18.6, 7.65],
			"rotation": {"angle": 0, "axis": "y", "origin": [-0.075, -0.35, 0]},
			"faces": {
				"north": {"uv": [2.5, 5.25, 1.625, 5.875], "texture": "#1"},
				"east": {"uv": [2.375, 5.25, 2.5, 5.875], "texture": "#1"},
				"south": {"uv": [1.625, 5.25, 2.5, 5.875], "texture": "#1"},
				"west": {"uv": [1.625, 5.25, 1.75, 5.875], "texture": "#1"},
				"up": {"uv": [1.625, 5.375, 2.5, 5.25], "texture": "#1"},
				"down": {"uv": [1.625, 5.875, 2.5, 5.75], "texture": "#1"}
			}
		},
		{
			"from": [8.45, 18.6, 7.375],
			"to": [9.325, 19.225, 7.65],
			"rotation": {"angle": 0, "axis": "y", "origin": [0.05, 0.275, 0]},
			"faces": {
				"north": {"uv": [2.625, 4.625, 1.75, 5.25], "texture": "#1"},
				"east": {"uv": [2.5, 4.625, 2.625, 5.25], "texture": "#1"},
				"south": {"uv": [1.75, 4.625, 2.625, 5.25], "texture": "#1"},
				"west": {"uv": [1.75, 4.625, 1.875, 5.25], "texture": "#1"},
				"up": {"uv": [1.75, 4.75, 2.625, 4.625], "texture": "#1"},
				"down": {"uv": [1.75, 5.25, 2.625, 5.125], "texture": "#1"}
			}
		},
		{
			"from": [8.075, 16.35, 7.375],
			"to": [8.95, 17.225, 7.65],
			"rotation": {"angle": 0, "axis": "y", "origin": [-0.2, -1.225, 0]},
			"faces": {
				"north": {"uv": [2.25, 6.625, 1.375, 7.5], "texture": "#1"},
				"east": {"uv": [2.125, 6.625, 2.25, 7.5], "texture": "#1"},
				"south": {"uv": [1.375, 6.625, 2.25, 7.5], "texture": "#1"},
				"west": {"uv": [1.375, 6.625, 1.5, 7.5], "texture": "#1"},
				"up": {"uv": [1.375, 6.75, 2.25, 6.625], "texture": "#1"},
				"down": {"uv": [1.375, 7.5, 2.25, 7.375], "texture": "#1"}
			}
		},
		{
			"from": [8.95, 20.6, 7.375],
			"to": [9.7, 20.725, 7.65],
			"rotation": {"angle": 0, "axis": "y", "origin": [-0.325, -1.6, 0]},
			"faces": {
				"north": {"uv": [3, 3.125, 2.25, 3.25], "texture": "#1"},
				"east": {"uv": [2.875, 3.125, 3, 3.25], "texture": "#1"},
				"south": {"uv": [2.25, 3.125, 3, 3.25], "texture": "#1"},
				"west": {"uv": [2.25, 3.125, 2.375, 3.25], "texture": "#1"},
				"up": {"uv": [2.25, 3.25, 3, 3.125], "texture": "#1"},
				"down": {"uv": [2.25, 3.25, 3, 3.125], "texture": "#1"}
			}
		},
		{
			"from": [7.825, 14.1, 7.375],
			"to": [8.575, 14.225, 7.65],
			"rotation": {"angle": 0, "axis": "y", "origin": [-0.325, -2.6, 0]},
			"faces": {
				"north": {"uv": [1.875, 9.625, 1.125, 9.75], "texture": "#1"},
				"east": {"uv": [1.75, 9.625, 1.875, 9.75], "texture": "#1"},
				"south": {"uv": [1.125, 9.625, 1.875, 9.75], "texture": "#1"},
				"west": {"uv": [1.125, 9.625, 1.25, 9.75], "texture": "#1"},
				"up": {"uv": [1.125, 9.75, 1.875, 9.625], "texture": "#1"},
				"down": {"uv": [1.125, 9.75, 1.875, 9.625], "texture": "#1"}
			}
		},
		{
			"from": [8.825, 20.225, 7.375],
			"to": [9.7, 20.6, 7.65],
			"rotation": {"angle": 0, "axis": "y", "origin": [-0.325, -1.6, 0]},
			"faces": {
				"north": {"uv": [3, 3.25, 2.125, 3.625], "texture": "#1"},
				"east": {"uv": [2.875, 3.25, 3, 3.625], "texture": "#1"},
				"south": {"uv": [2.125, 3.25, 3, 3.625], "texture": "#1"},
				"west": {"uv": [2.125, 3.25, 2.25, 3.625], "texture": "#1"},
				"up": {"uv": [2.125, 3.375, 3, 3.25], "texture": "#1"},
				"down": {"uv": [2.125, 3.625, 3, 3.5], "texture": "#1"}
			}
		},
		{
			"from": [10.2, 22.35, 7.375],
			"to": [10.325, 22.475, 7.65],
			"rotation": {"angle": 0, "axis": "y", "origin": [-0.2, -1.1, 0]},
			"faces": {
				"north": {"uv": [3.5, 1.375, 3.625, 1.5], "texture": "#1"},
				"east": {"uv": [3.5, 1.375, 3.625, 1.5], "texture": "#1"},
				"south": {"uv": [3.5, 1.375, 3.625, 1.5], "texture": "#1"},
				"west": {"uv": [3.5, 1.375, 3.625, 1.5], "texture": "#1"},
				"up": {"uv": [3.5, 1.5, 3.625, 1.375], "texture": "#1"},
				"down": {"uv": [3.5, 1.5, 3.625, 1.375], "texture": "#1"}
			}
		},
		{
			"from": [9.95, 22.225, 7.375],
			"to": [10.325, 22.35, 7.65],
			"rotation": {"angle": 0, "axis": "y", "origin": [-0.325, -1.1, 0]},
			"faces": {
				"north": {"uv": [3.625, 1.5, 3.25, 1.625], "texture": "#1"},
				"east": {"uv": [3.5, 1.5, 3.625, 1.625], "texture": "#1"},
				"south": {"uv": [3.25, 1.5, 3.625, 1.625], "texture": "#1"},
				"west": {"uv": [3.25, 1.5, 3.375, 1.625], "texture": "#1"},
				"up": {"uv": [3.25, 1.625, 3.625, 1.5], "texture": "#1"},
				"down": {"uv": [3.25, 1.625, 3.625, 1.5], "texture": "#1"}
			}
		},
		{
			"from": [9.7, 22.1, 7.375],
			"to": [10.2, 22.225, 7.65],
			"rotation": {"angle": 0, "axis": "y", "origin": [-0.325, -1.225, 0]},
			"faces": {
				"north": {"uv": [3.5, 1.625, 3, 1.75], "texture": "#1"},
				"east": {"uv": [3.375, 1.625, 3.5, 1.75], "texture": "#1"},
				"south": {"uv": [3, 1.625, 3.5, 1.75], "texture": "#1"},
				"west": {"uv": [3, 1.625, 3.125, 1.75], "texture": "#1"},
				"up": {"uv": [3, 1.75, 3.5, 1.625], "texture": "#1"},
				"down": {"uv": [3, 1.75, 3.5, 1.625], "texture": "#1"}
			}
		},
		{
			"from": [9.575, 21.975, 7.375],
			"to": [10.2, 22.1, 7.65],
			"rotation": {"angle": 0, "axis": "y", "origin": [-0.325, -1.35, 0]},
			"faces": {
				"north": {"uv": [3.5, 1.75, 2.875, 1.875], "texture": "#1"},
				"east": {"uv": [3.375, 1.75, 3.5, 1.875], "texture": "#1"},
				"south": {"uv": [2.875, 1.75, 3.5, 1.875], "texture": "#1"},
				"west": {"uv": [2.875, 1.75, 3, 1.875], "texture": "#1"},
				"up": {"uv": [2.875, 1.875, 3.5, 1.75], "texture": "#1"},
				"down": {"uv": [2.875, 1.875, 3.5, 1.75], "texture": "#1"}
			}
		},
		{
			"from": [9.45, 21.85, 7.375],
			"to": [10.2, 21.975, 7.65],
			"rotation": {"angle": 0, "axis": "y", "origin": [-0.325, -1.475, 0]},
			"faces": {
				"north": {"uv": [3.5, 1.875, 2.75, 2], "texture": "#1"},
				"east": {"uv": [3.375, 1.875, 3.5, 2], "texture": "#1"},
				"south": {"uv": [2.75, 1.875, 3.5, 2], "texture": "#1"},
				"west": {"uv": [2.75, 1.875, 2.875, 2], "texture": "#1"},
				"up": {"uv": [2.75, 2, 3.5, 1.875], "texture": "#1"},
				"down": {"uv": [2.75, 2, 3.5, 1.875], "texture": "#1"}
			}
		},
		{
			"from": [9.075, 20.975, 7.375],
			"to": [9.825, 21.1, 7.65],
			"rotation": {"angle": 0, "axis": "y", "origin": [-0.575, -2.1, 0]},
			"faces": {
				"north": {"uv": [3.125, 2.75, 2.375, 2.875], "texture": "#1"},
				"east": {"uv": [3, 2.75, 3.125, 2.875], "texture": "#1"},
				"south": {"uv": [2.375, 2.75, 3.125, 2.875], "texture": "#1"},
				"west": {"uv": [2.375, 2.75, 2.5, 2.875], "texture": "#1"},
				"up": {"uv": [2.375, 2.875, 3.125, 2.75], "texture": "#1"},
				"down": {"uv": [2.375, 2.875, 3.125, 2.75], "texture": "#1"}
			}
		},
		{
			"from": [9.075, 21.1, 7.375],
			"to": [9.95, 21.35, 7.65],
			"rotation": {"angle": 0, "axis": "y", "origin": [-0.2, -1.225, 0]},
			"faces": {
				"north": {"uv": [3.25, 2.5, 2.375, 2.75], "texture": "#1"},
				"east": {"uv": [3.125, 2.5, 3.25, 2.75], "texture": "#1"},
				"south": {"uv": [2.375, 2.5, 3.25, 2.75], "texture": "#1"},
				"west": {"uv": [2.375, 2.5, 2.5, 2.75], "texture": "#1"},
				"up": {"uv": [2.375, 2.625, 3.25, 2.5], "texture": "#1"},
				"down": {"uv": [2.375, 2.75, 3.25, 2.625], "texture": "#1"}
			}
		},
		{
			"from": [9.2, 21.35, 7.375],
			"to": [9.95, 21.475, 7.65],
			"rotation": {"angle": 0, "axis": "y", "origin": [-0.45, -1.725, 0]},
			"faces": {
				"north": {"uv": [3.25, 2.375, 2.5, 2.5], "texture": "#1"},
				"east": {"uv": [3.125, 2.375, 3.25, 2.5], "texture": "#1"},
				"south": {"uv": [2.5, 2.375, 3.25, 2.5], "texture": "#1"},
				"west": {"uv": [2.5, 2.375, 2.625, 2.5], "texture": "#1"},
				"up": {"uv": [2.5, 2.5, 3.25, 2.375], "texture": "#1"},
				"down": {"uv": [2.5, 2.5, 3.25, 2.375], "texture": "#1"}
			}
		},
		{
			"from": [9.2, 21.475, 7.375],
			"to": [10.075, 21.6, 7.65],
			"rotation": {"angle": 0, "axis": "y", "origin": [-0.45, -1.6, 0]},
			"faces": {
				"north": {"uv": [3.375, 2.25, 2.5, 2.375], "texture": "#1"},
				"east": {"uv": [3.25, 2.25, 3.375, 2.375], "texture": "#1"},
				"south": {"uv": [2.5, 2.25, 3.375, 2.375], "texture": "#1"},
				"west": {"uv": [2.5, 2.25, 2.625, 2.375], "texture": "#1"},
				"up": {"uv": [2.5, 2.375, 3.375, 2.25], "texture": "#1"},
				"down": {"uv": [2.5, 2.375, 3.375, 2.25], "texture": "#1"}
			}
		},
		{
			"from": [9.325, 21.6, 7.375],
			"to": [10.075, 21.85, 7.65],
			"rotation": {"angle": 0, "axis": "y", "origin": [-0.2, -1.225, 0]},
			"faces": {
				"north": {"uv": [3.375, 2, 2.625, 2.25], "texture": "#1"},
				"east": {"uv": [3.25, 2, 3.375, 2.25], "texture": "#1"},
				"south": {"uv": [2.625, 2, 3.375, 2.25], "texture": "#1"},
				"west": {"uv": [2.625, 2, 2.75, 2.25], "texture": "#1"},
				"up": {"uv": [2.625, 2.125, 3.375, 2], "texture": "#1"},
				"down": {"uv": [2.625, 2.25, 3.375, 2.125], "texture": "#1"}
			}
		},
		{
			"from": [8.95, 20.725, 7.375],
			"to": [9.825, 20.975, 7.65],
			"rotation": {"angle": 0, "axis": "y", "origin": [-0.325, -1.6, 0]},
			"faces": {
				"north": {"uv": [3.125, 2.875, 2.25, 3.125], "texture": "#1"},
				"east": {"uv": [3, 2.875, 3.125, 3.125], "texture": "#1"},
				"south": {"uv": [2.25, 2.875, 3.125, 3.125], "texture": "#1"},
				"west": {"uv": [2.25, 2.875, 2.375, 3.125], "texture": "#1"},
				"up": {"uv": [2.25, 3, 3.125, 2.875], "texture": "#1"},
				"down": {"uv": [2.25, 3.125, 3.125, 3], "texture": "#1"}
			}
		},
		{
			"from": [7.575, 11.225, 7.375],
			"to": [8.45, 12.6, 7.65],
			"rotation": {"angle": 0, "axis": "y", "origin": [-0.2, -1.725, 0]},
			"faces": {
				"north": {"uv": [1.75, 11.25, 0.875, 12.625], "texture": "#1"},
				"east": {"uv": [1.625, 11.25, 1.75, 12.625], "texture": "#1"},
				"south": {"uv": [0.875, 11.25, 1.75, 12.625], "texture": "#1"},
				"west": {"uv": [0.875, 11.25, 1, 12.625], "texture": "#1"},
				"up": {"uv": [0.875, 11.375, 1.75, 11.25], "texture": "#1"},
				"down": {"uv": [0.875, 12.625, 1.75, 12.5], "texture": "#1"}
			}
		},
		{
			"from": [7.45, 12.6, 7.45],
			"to": [7.7, 14.1, 7.575],
			"rotation": {"angle": 0, "axis": "y", "origin": [0.05, -0.35, 0]},
			"faces": {
				"north": {"uv": [1, 9.75, 0.75, 11.25], "texture": "#1"},
				"east": {"uv": [0.875, 9.75, 1, 11.25], "texture": "#1"},
				"south": {"uv": [0.75, 9.75, 1, 11.25], "texture": "#1"},
				"west": {"uv": [0.75, 9.75, 0.875, 11.25], "texture": "#1"},
				"up": {"uv": [0.75, 9.875, 1, 9.75], "texture": "#1"},
				"down": {"uv": [0.75, 11.25, 1, 11.125], "texture": "#1"}
			}
		},
		{
			"from": [7.7, 12.85, 7.375],
			"to": [8.575, 14.1, 7.65],
			"rotation": {"angle": 0, "axis": "y", "origin": [-0.2, -1.6, 0]},
			"faces": {
				"north": {"uv": [1.875, 9.75, 1, 11], "texture": "#1"},
				"east": {"uv": [1.75, 9.75, 1.875, 11], "texture": "#1"},
				"south": {"uv": [1, 9.75, 1.875, 11], "texture": "#1"},
				"west": {"uv": [1, 9.75, 1.125, 11], "texture": "#1"},
				"up": {"uv": [1, 9.875, 1.875, 9.75], "texture": "#1"},
				"down": {"uv": [1, 11, 1.875, 10.875], "texture": "#1"}
			}
		},
		{
			"from": [7.575, 14.1, 7.45],
			"to": [7.825, 15.35, 7.575],
			"rotation": {"angle": 0, "axis": "y", "origin": [0.05, -0.35, 0]},
			"faces": {
				"north": {"uv": [1.125, 8.5, 0.875, 9.75], "texture": "#1"},
				"east": {"uv": [1, 8.5, 1.125, 9.75], "texture": "#1"},
				"south": {"uv": [0.875, 8.5, 1.125, 9.75], "texture": "#1"},
				"west": {"uv": [0.875, 8.5, 1, 9.75], "texture": "#1"},
				"up": {"uv": [0.875, 8.625, 1.125, 8.5], "texture": "#1"},
				"down": {"uv": [0.875, 9.75, 1.125, 9.625], "texture": "#1"}
			}
		},
		{
			"from": [7.2, 7.85, 7.45],
			"to": [7.45, 10.85, 7.575],
			"rotation": {"angle": 0, "axis": "y", "origin": [0.05, -0.475, 0]},
			"faces": {
				"north": {"uv": [0.75, 13, 0.5, 16], "texture": "#1"},
				"east": {"uv": [0.625, 13, 0.75, 16], "texture": "#1"},
				"south": {"uv": [0.5, 13, 0.75, 16], "texture": "#1"},
				"west": {"uv": [0.5, 13, 0.625, 16], "texture": "#1"},
				"up": {"uv": [0.5, 13.125, 0.75, 13], "texture": "#1"},
				"down": {"uv": [0.5, 16, 0.75, 15.875], "texture": "#1"}
			}
		},
		{
			"from": [7.45, 7.85, 7.375],
			"to": [8.325, 10.85, 7.65],
			"rotation": {"angle": 0, "axis": "y", "origin": [-0.075, 0.525, 0]},
			"faces": {
				"north": {"uv": [1.625, 13, 0.75, 16], "texture": "#1"},
				"east": {"uv": [1.5, 13, 1.625, 16], "texture": "#1"},
				"south": {"uv": [0.75, 13, 1.625, 16], "texture": "#1"},
				"west": {"uv": [0.75, 13, 0.875, 16], "texture": "#1"},
				"up": {"uv": [0.75, 13.125, 1.625, 13], "texture": "#1"},
				"down": {"uv": [0.75, 16, 1.625, 15.875], "texture": "#1"}
			}
		},
		{
			"from": [7.325, 10.85, 7.45],
			"to": [7.575, 12.6, 7.575],
			"rotation": {"angle": 0, "axis": "y", "origin": [0.05, -0.35, 0]},
			"faces": {
				"north": {"uv": [0.875, 11.25, 0.625, 13], "texture": "#1"},
				"east": {"uv": [0.75, 11.25, 0.875, 13], "texture": "#1"},
				"south": {"uv": [0.625, 11.25, 0.875, 13], "texture": "#1"},
				"west": {"uv": [0.625, 11.25, 0.75, 13], "texture": "#1"},
				"up": {"uv": [0.625, 11.375, 0.875, 11.25], "texture": "#1"},
				"down": {"uv": [0.625, 13, 0.875, 12.875], "texture": "#1"}
			}
		},
		{
			"from": [7.575, 10.85, 7.375],
			"to": [8.325, 11.225, 7.65],
			"rotation": {"angle": 0, "axis": "y", "origin": [-0.2, -3.35, 0]},
			"faces": {
				"north": {"uv": [1.625, 12.625, 0.875, 13], "texture": "#1"},
				"east": {"uv": [1.5, 12.625, 1.625, 13], "texture": "#1"},
				"south": {"uv": [0.875, 12.625, 1.625, 13], "texture": "#1"},
				"west": {"uv": [0.875, 12.625, 1, 13], "texture": "#1"},
				"up": {"uv": [0.875, 12.75, 1.625, 12.625], "texture": "#1"},
				"down": {"uv": [0.875, 13, 1.625, 12.875], "texture": "#1"}
			}
		},
		{
			"from": [7.7, 12.6, 7.375],
			"to": [8.45, 12.85, 7.65],
			"rotation": {"angle": 0, "axis": "y", "origin": [-0.075, -1.6, 0]},
			"faces": {
				"north": {"uv": [1.75, 11, 1, 11.25], "texture": "#1"},
				"east": {"uv": [1.625, 11, 1.75, 11.25], "texture": "#1"},
				"south": {"uv": [1, 11, 1.75, 11.25], "texture": "#1"},
				"west": {"uv": [1, 11, 1.125, 11.25], "texture": "#1"},
				"up": {"uv": [1, 11.125, 1.75, 11], "texture": "#1"},
				"down": {"uv": [1, 11.25, 1.75, 11.125], "texture": "#1"}
			}
		},
		{
			"from": [7.4, 2.55, 7.175],
			"to": [8.125, 5.025, 7.825],
			"rotation": {"angle": 0, "axis": "y", "origin": [-0.025, 0, 0]},
			"faces": {
				"north": {"uv": [5.75, 10.625, 4.625, 13.5], "texture": "#1"},
				"east": {"uv": [6.75, 10.625, 7.625, 13.5], "texture": "#1"},
				"south": {"uv": [4.625, 10.625, 5.75, 13.5], "texture": "#1"},
				"west": {"uv": [2.875, 10.625, 3.75, 13.5], "texture": "#1"},
				"up": {"uv": [4.625, 10.625, 5.75, 10.75], "texture": "#1"},
				"down": {"uv": [4.625, 13.375, 5.75, 13.5], "texture": "#1"}
			}
		},
		{
			"from": [7.95, 1.075, 7.225],
			"to": [8.45, 1.2, 7.775],
			"rotation": {"angle": 0, "axis": "y", "origin": [-0.025, 0, 0]},
			"faces": {
				"north": {"uv": [6.125, 15, 5.75, 15.125], "texture": "#1"},
				"east": {"uv": [6.5, 15, 7.875, 15.125], "texture": "#1"},
				"south": {"uv": [5.75, 15, 6.125, 15.125], "texture": "#1"},
				"west": {"uv": [2.75, 15, 3.875, 15.125], "texture": "#1"},
				"up": {"uv": [5.75, 15, 6.125, 15.125], "texture": "#1"},
				"down": {"uv": [5.75, 15, 6.125, 15.125], "texture": "#1"}
			}
		},
		{
			"from": [7.525, 1.2, 7.175],
			"to": [8.45, 1.325, 7.825],
			"rotation": {"angle": 0, "axis": "y", "origin": [-0.025, 0, 0]},
			"faces": {
				"north": {"uv": [6.125, 14.875, 5.25, 15], "texture": "#1"},
				"east": {"uv": [6.5, 14.875, 7.875, 15], "texture": "#1"},
				"south": {"uv": [5.25, 14.875, 6.125, 15], "texture": "#1"},
				"west": {"uv": [2.75, 14.875, 3.875, 15], "texture": "#1"},
				"up": {"uv": [5.25, 14.875, 6.125, 15], "texture": "#1"},
				"down": {"uv": [5.25, 14.875, 6.125, 15], "texture": "#1"}
			}
		},
		{
			"from": [7.325, 1.325, 7.125],
			"to": [8.325, 1.45, 7.875],
			"rotation": {"angle": 0, "axis": "y", "origin": [-0.025, 0, 0]},
			"faces": {
				"north": {"uv": [6, 14.75, 4.75, 14.875], "texture": "#1"},
				"east": {"uv": [6.5, 14.75, 7.875, 14.875], "texture": "#1"},
				"south": {"uv": [4.75, 14.75, 6, 14.875], "texture": "#1"},
				"west": {"uv": [2.75, 14.75, 3.875, 14.875], "texture": "#1"},
				"up": {"uv": [4.75, 14.75, 6, 14.875], "texture": "#1"},
				"down": {"uv": [4.75, 14.75, 6, 14.875], "texture": "#1"}
			}
		},
		{
			"from": [7.325, 1.45, 7.125],
			"to": [8.2, 2.55, 7.875],
			"rotation": {"angle": 0, "axis": "y", "origin": [-0.025, 0, 0]},
			"faces": {
				"north": {"uv": [5.875, 13.5, 4.5, 14.75], "texture": "#1"},
				"east": {"uv": [6.625, 13.5, 7.75, 14.75], "texture": "#1"},
				"south": {"uv": [4.5, 13.5, 5.875, 14.75], "texture": "#1"},
				"west": {"uv": [2.75, 13.5, 3.875, 14.75], "texture": "#1"},
				"up": {"uv": [4.5, 13.5, 5.875, 13.625], "texture": "#1"},
				"down": {"uv": [4.5, 14.625, 5.875, 14.75], "texture": "#1"}
			}
		},
		{
			"from": [7.325, 5.025, 7.125],
			"to": [8.2, 6.125, 7.875],
			"rotation": {"angle": 0, "axis": "y", "origin": [-0.025, 0, 0]},
			"faces": {
				"north": {"uv": [5.875, 9.375, 4.5, 10.625], "texture": "#1"},
				"east": {"uv": [6.625, 9.375, 7.75, 10.625], "texture": "#1"},
				"south": {"uv": [4.5, 9.375, 5.875, 10.625], "texture": "#1"},
				"west": {"uv": [2.75, 9.375, 3.875, 10.625], "texture": "#1"},
				"up": {"uv": [4.5, 9.375, 5.875, 9.5], "texture": "#1"},
				"down": {"uv": [4.5, 10.5, 5.875, 10.625], "texture": "#1"}
			}
		},
		{
			"from": [7.25, 6.125, 7.05],
			"to": [8.275, 6.525, 7.95],
			"rotation": {"angle": 0, "axis": "y", "origin": [-0.025, 0, 0]},
			"faces": {
				"north": {"uv": [6, 8.875, 4.375, 9.375], "texture": "#1"},
				"east": {"uv": [6.5, 8.875, 7.875, 9.375], "texture": "#1"},
				"south": {"uv": [4.375, 8.875, 6, 9.375], "texture": "#1"},
				"west": {"uv": [2.625, 8.875, 4, 9.375], "texture": "#1"},
				"up": {"uv": [4.375, 8.875, 6, 9.375], "texture": "#1"},
				"down": {"uv": [4.375, 9.25, 6, 9.375], "texture": "#1"}
			}
		},
		{
			"from": [7.725, 0.825, 7.425],
			"to": [8.1, 0.925, 7.575],
			"rotation": {"angle": 0, "axis": "y", "origin": [-0.025, 0, 0]},
			"faces": {
				"north": {"uv": [5.5, 15.25, 5.125, 15.375], "texture": "#1"},
				"east": {"uv": [5.375, 15.25, 5.5, 15.375], "texture": "#1"},
				"south": {"uv": [5.125, 15.25, 5.5, 15.375], "texture": "#1"},
				"west": {"uv": [5.125, 15.25, 5.25, 15.375], "texture": "#1"},
				"up": {"uv": [5.125, 15.375, 5.5, 15.25], "texture": "#1"},
				"down": {"uv": [5.125, 15.375, 5.5, 15.25], "texture": "#1"}
			}
		},
		{
			"from": [7.725, 0.7, 7.4],
			"to": [8.1, 0.825, 7.6],
			"rotation": {"angle": 0, "axis": "y", "origin": [-0.025, 0, 0]},
			"faces": {
				"north": {"uv": [10.125, 12, 9.75, 12.125], "texture": "#1"},
				"east": {"uv": [10, 12, 10.125, 12.125], "texture": "#1"},
				"south": {"uv": [9.75, 12, 10.125, 12.125], "texture": "#1"},
				"west": {"uv": [9.75, 12, 9.875, 12.125], "texture": "#1"},
				"up": {"uv": [9.75, 12.125, 10.125, 12], "texture": "#1"},
				"down": {"uv": [9.75, 12.125, 10.125, 12], "texture": "#1"}
			}
		},
		{
			"from": [3.85, 4.475, 7.4],
			"to": [4.1, 4.725, 7.6],
			"rotation": {"angle": -45, "axis": "z", "origin": [-0.025, 0, 0]},
			"faces": {
				"north": {"uv": [9, 13.625, 8.75, 13.875], "texture": "#1"},
				"east": {"uv": [8.875, 13.625, 9, 13.875], "texture": "#1"},
				"south": {"uv": [8.75, 13.625, 9, 13.875], "texture": "#1"},
				"west": {"uv": [8.75, 13.625, 8.875, 13.875], "texture": "#1"},
				"up": {"uv": [8.75, 13.75, 9, 13.625], "texture": "#1"},
				"down": {"uv": [8.75, 13.875, 9, 13.75], "texture": "#1"}
			}
		},
		{
			"from": [4.6, 4.225, 7.4],
			"to": [4.85, 4.475, 7.6],
			"rotation": {"angle": -45, "axis": "z", "origin": [-0.025, 0, 0]},
			"faces": {
				"north": {"uv": [9.75, 13.875, 9.5, 14.125], "texture": "#1"},
				"east": {"uv": [9.625, 13.875, 9.75, 14.125], "texture": "#1"},
				"south": {"uv": [9.5, 13.875, 9.75, 14.125], "texture": "#1"},
				"west": {"uv": [9.5, 13.875, 9.625, 14.125], "texture": "#1"},
				"up": {"uv": [9.5, 14, 9.75, 13.875], "texture": "#1"},
				"down": {"uv": [9.5, 14.125, 9.75, 14], "texture": "#1"}
			}
		},
		{
			"from": [3.6, 3.475, 7.5],
			"to": [5.225, 6.225, 7.5],
			"rotation": {"angle": -45, "axis": "z", "origin": [-0.025, 0, 0]},
			"faces": {
				"north": {"uv": [10.125, 12.125, 8.5, 14.875], "texture": "#1"},
				"south": {"uv": [8.5, 12.125, 10.125, 14.875], "texture": "#1"}
			}
		},
		{
			"from": [7.85, 0.825, 7.4],
			"to": [7.975, 0.95, 7.6],
			"rotation": {"angle": 0, "axis": "y", "origin": [-0.025, 0, 0]},
			"faces": {
				"north": {"uv": [10, 11.875, 9.875, 12], "texture": "#1"},
				"east": {"uv": [9.875, 11.875, 10, 12], "texture": "#1"},
				"south": {"uv": [9.875, 11.875, 10, 12], "texture": "#1"},
				"west": {"uv": [9.875, 11.875, 10, 12], "texture": "#1"},
				"up": {"uv": [9.875, 12, 10, 11.875], "texture": "#1"},
				"down": {"uv": [9.875, 12, 10, 11.875], "texture": "#1"}
			}
		},
		{
			"from": [7.575, 1.1, 7.425],
			"to": [7.7, 1.2, 7.575],
			"rotation": {"angle": 0, "axis": "y", "origin": [-0.025, 0, 0]},
			"faces": {
				"north": {"uv": [5, 14.875, 4.875, 15], "texture": "#1"},
				"east": {"uv": [4.875, 14.875, 5, 15], "texture": "#1"},
				"south": {"uv": [4.875, 14.875, 5, 15], "texture": "#1"},
				"west": {"uv": [4.875, 14.875, 5, 15], "texture": "#1"},
				"up": {"uv": [4.875, 15, 5, 14.875], "texture": "#1"},
				"down": {"uv": [4.875, 15, 5, 14.875], "texture": "#1"}
			}
		},
		{
			"from": [7.65, 0.925, 7.425],
			"to": [7.775, 1.1, 7.575],
			"rotation": {"angle": 0, "axis": "y", "origin": [-0.025, 0, 0]},
			"faces": {
				"north": {"uv": [5.125, 15, 5, 15.25], "texture": "#1"},
				"east": {"uv": [5, 15, 5.125, 15.25], "texture": "#1"},
				"south": {"uv": [5, 15, 5.125, 15.25], "texture": "#1"},
				"west": {"uv": [5, 15, 5.125, 15.25], "texture": "#1"},
				"up": {"uv": [5, 15.125, 5.125, 15], "texture": "#1"},
				"down": {"uv": [5, 15.25, 5.125, 15.125], "texture": "#1"}
			}
		},
		{
			"from": [8.05, 0.925, 7.425],
			"to": [8.175, 1.075, 7.575],
			"rotation": {"angle": 0, "axis": "y", "origin": [-0.025, 0, 0]},
			"faces": {
				"north": {"uv": [5.625, 15, 5.5, 15.25], "texture": "#1"},
				"east": {"uv": [5.5, 15, 5.625, 15.25], "texture": "#1"},
				"south": {"uv": [5.5, 15, 5.625, 15.25], "texture": "#1"},
				"west": {"uv": [5.5, 15, 5.625, 15.25], "texture": "#1"},
				"up": {"uv": [5.5, 15.125, 5.625, 15], "texture": "#1"},
				"down": {"uv": [5.5, 15.25, 5.625, 15.125], "texture": "#1"}
			}
		},
		{
			"from": [7.125, 6.525, 7.025],
			"to": [8.4, 6.825, 7.975],
			"rotation": {"angle": 0, "axis": "y", "origin": [-0.025, 0, 0]},
			"faces": {
				"north": {"uv": [6.125, 8.5, 4.25, 8.875], "texture": "#1"},
				"east": {"uv": [6.375, 8.5, 8, 8.875], "texture": "#1"},
				"south": {"uv": [4.25, 8.5, 6.125, 8.875], "texture": "#1"},
				"west": {"uv": [2.5, 8.5, 4.125, 8.875], "texture": "#1"},
				"up": {"uv": [4.25, 8.5, 6.125, 8.625], "texture": "#1"},
				"down": {"uv": [4.25, 8.75, 6.125, 8.875], "texture": "#1"}
			}
		}
	],
	"gui_light": "front",
	"display": {
		"thirdperson_righthand": {
			"rotation": [0, -90, 0],
			"translation": [-1, 1.5, 1.5],
			"scale": [1.3, 1.3, 1.3]
		},
		"thirdperson_lefthand": {
			"rotation": [0, 90, 0],
			"translation": [0, 1.5, 1.5],
			"scale": [1.3, 1.3, 1.3]
		},
		"firstperson_righthand": {
			"rotation": [55, -90, 60],
			"translation": [-1.25, 3.25, 1.75],
			"scale": [0.75, 0.75, 0.75]
		},
		"firstperson_lefthand": {
			"rotation": [-65, 90, 60],
			"translation": [-0.75, 3.25, 1.75],
			"scale": [0.75, 0.75, 0.75]
		},
		"ground": {
			"rotation": [-45, -90, 0],
			"translation": [0, 1, 0],
			"scale": [0.5, 0.5, 0.5]
		},
		"gui": {
			"rotation": [0, -180, 45],
			"translation": [-3, -3.25, 0]
		},
		"head": {
			"translation": [0, 9.75, 0]
		},
		"fixed": {
			"rotation": [-180, 180, -135],
			"translation": [3.25, -3.5, 0.5],
			"scale": [1.1, 1.1, 1.1]
		}
	}
}