{
	"credit": "Made with Blockbench",
	"textures": {
		"0": "./daisho",
		"particle": "./daisho"
	},
	"elements": [
		{
			"from": [7.15, 0.225, 7.125],
			"to": [7.725, 0.8, 7.9],
			"rotation": {"angle": 0, "axis": "y", "origin": [-0.325, -0.725, 0]},
			"faces": {
				"north": {"uv": [8.25, 15.125, 7.625, 15.875], "texture": "#0"},
				"east": {"uv": [8.125, 15.125, 8.25, 15.875], "texture": "#0"},
				"south": {"uv": [7.625, 15.125, 8.25, 15.875], "texture": "#0"},
				"west": {"uv": [7.625, 15.125, 7.75, 15.875], "texture": "#0"},
				"up": {"uv": [7.625, 15.125, 8.25, 15.25], "texture": "#0"},
				"down": {"uv": [7.625, 15.75, 8.25, 15.875], "texture": "#0"}
			}
		},
		{
			"from": [6.9, 0.225, 7.3],
			"to": [7.975, 0.8, 7.725],
			"rotation": {"angle": 0, "axis": "y", "origin": [-0.325, -0.725, 0]},
			"faces": {
				"north": {"uv": [8.5, 15.125, 7.375, 15.875], "texture": "#0"},
				"east": {"uv": [8.375, 15.125, 8.5, 15.875], "texture": "#0"},
				"south": {"uv": [7.375, 15.125, 8.5, 15.875], "texture": "#0"},
				"west": {"uv": [7.375, 15.125, 7.5, 15.875], "texture": "#0"},
				"up": {"uv": [7.375, 15.125, 8.5, 15.25], "texture": "#0"},
				"down": {"uv": [7.375, 15.75, 8.5, 15.875], "texture": "#0"}
			}
		},
		{
			"from": [7, 0.1, 7.3],
			"to": [7.875, 0.225, 7.725],
			"rotation": {"angle": 0, "axis": "y", "origin": [-0.325, -1.05, 0]},
			"faces": {
				"north": {"uv": [8.375, 15.875, 7.5, 16], "texture": "#0"},
				"east": {"uv": [8.25, 15.875, 8.375, 16], "texture": "#0"},
				"south": {"uv": [7.5, 15.875, 8.375, 16], "texture": "#0"},
				"west": {"uv": [7.5, 15.875, 7.625, 16], "texture": "#0"},
				"up": {"uv": [7.5, 15.875, 8.375, 16], "texture": "#0"},
				"down": {"uv": [7.5, 15.875, 8.375, 16], "texture": "#0"}
			}
		},
		{
			"from": [6.925, 0.8, 7.35],
			"to": [7.95, 1.575, 7.675],
			"rotation": {"angle": 0, "axis": "y", "origin": [0.55, -5.325, 0]},
			"faces": {
				"north": {"uv": [8.375, 14.375, 7.25, 15.125], "texture": "#0"},
				"east": {"uv": [8.25, 14.375, 8.375, 15.125], "texture": "#0"},
				"south": {"uv": [7.25, 14.375, 8.375, 15.125], "texture": "#0"},
				"west": {"uv": [7.25, 14.375, 7.375, 15.125], "texture": "#0"},
				"up": {"uv": [7.25, 14.375, 8.375, 14.5], "texture": "#0"},
				"down": {"uv": [7.25, 15, 8.375, 15.125], "texture": "#0"}
			}
		},
		{
			"from": [6.65, 4.225, 7.35],
			"to": [7.675, 5.725, 7.675],
			"rotation": {"angle": 0, "axis": "y", "origin": [0.3, -0.725, 0]},
			"faces": {
				"north": {"uv": [8, 9.5, 6.875, 11.25], "texture": "#0"},
				"east": {"uv": [7.875, 9.5, 8, 11.25], "texture": "#0"},
				"south": {"uv": [6.875, 9.5, 8, 11.25], "texture": "#0"},
				"west": {"uv": [6.875, 9.5, 7, 11.25], "texture": "#0"},
				"up": {"uv": [6.875, 9.5, 8, 9.625], "texture": "#0"},
				"down": {"uv": [6.875, 11.125, 8, 11.25], "texture": "#0"}
			}
		},
		{
			"from": [6.75, 2.725, 7.35],
			"to": [7.775, 4.225, 7.675],
			"rotation": {"angle": 0, "axis": "y", "origin": [0.45, -2.15, 0]},
			"faces": {
				"north": {"uv": [8.125, 11.25, 7, 13], "texture": "#0"},
				"east": {"uv": [8, 11.25, 8.125, 13], "texture": "#0"},
				"south": {"uv": [7, 11.25, 8.125, 13], "texture": "#0"},
				"west": {"uv": [7, 11.25, 7.125, 13], "texture": "#0"},
				"up": {"uv": [7, 11.25, 8.125, 11.375], "texture": "#0"},
				"down": {"uv": [7, 12.875, 8.125, 13], "texture": "#0"}
			}
		},
		{
			"from": [6.825, 1.575, 7.35],
			"to": [7.85, 2.725, 7.675],
			"rotation": {"angle": 0, "axis": "y", "origin": [0.55, -4.075, 0]},
			"faces": {
				"north": {"uv": [8.25, 13.125, 7.125, 14.375], "texture": "#0"},
				"east": {"uv": [8.125, 13.125, 8.25, 14.375], "texture": "#0"},
				"south": {"uv": [7.125, 13.125, 8.25, 14.375], "texture": "#0"},
				"west": {"uv": [7.125, 13.125, 7.25, 14.375], "texture": "#0"},
				"up": {"uv": [7.125, 13.125, 8.25, 13.25], "texture": "#0"},
				"down": {"uv": [7.125, 14.25, 8.25, 14.375], "texture": "#0"}
			}
		},
		{
			"from": [6.975, 2.725, 7.225],
			"to": [7.55, 4.225, 7.8],
			"rotation": {"angle": 0, "axis": "y", "origin": [0.5, -2.4, 0]},
			"faces": {
				"north": {"uv": [7.875, 11.25, 7.25, 13], "texture": "#0"},
				"east": {"uv": [7.75, 11.25, 7.875, 13], "texture": "#0"},
				"south": {"uv": [7.25, 11.25, 7.875, 13], "texture": "#0"},
				"west": {"uv": [7.25, 11.25, 7.375, 13], "texture": "#0"},
				"up": {"uv": [7.25, 11.25, 7.875, 11.375], "texture": "#0"},
				"down": {"uv": [7.25, 12.875, 7.875, 13], "texture": "#0"}
			}
		},
		{
			"from": [6.875, 4.225, 7.225],
			"to": [7.45, 5.725, 7.8],
			"rotation": {"angle": 0, "axis": "y", "origin": [0.35, -0.6, 0]},
			"faces": {
				"north": {"uv": [7.75, 9.5, 7.125, 11.25], "texture": "#0"},
				"east": {"uv": [7.625, 9.5, 7.75, 11.25], "texture": "#0"},
				"south": {"uv": [7.125, 9.5, 7.75, 11.25], "texture": "#0"},
				"west": {"uv": [7.125, 9.5, 7.25, 11.25], "texture": "#0"},
				"up": {"uv": [7.125, 9.5, 7.75, 9.625], "texture": "#0"},
				"down": {"uv": [7.125, 11.125, 7.75, 11.25], "texture": "#0"}
			}
		},
		{
			"from": [7.15, 0.8, 7.225],
			"to": [7.725, 1.575, 7.8],
			"rotation": {"angle": 0, "axis": "y", "origin": [0.6, -5.3, 0]},
			"faces": {
				"north": {"uv": [8.125, 14.375, 7.5, 15.125], "texture": "#0"},
				"east": {"uv": [8, 14.375, 8.125, 15.125], "texture": "#0"},
				"south": {"uv": [7.5, 14.375, 8.125, 15.125], "texture": "#0"},
				"west": {"uv": [7.5, 14.375, 7.625, 15.125], "texture": "#0"},
				"up": {"uv": [7.5, 14.375, 8.125, 14.5], "texture": "#0"},
				"down": {"uv": [7.5, 15, 8.125, 15.125], "texture": "#0"}
			}
		},
		{
			"from": [7.05, 1.575, 7.225],
			"to": [7.625, 2.725, 7.8],
			"rotation": {"angle": 0, "axis": "y", "origin": [0.6, -4.075, 0]},
			"faces": {
				"north": {"uv": [8, 13.125, 7.375, 14.375], "texture": "#0"},
				"east": {"uv": [7.875, 13.125, 8, 14.375], "texture": "#0"},
				"south": {"uv": [7.375, 13.125, 8, 14.375], "texture": "#0"},
				"west": {"uv": [7.375, 13.125, 7.5, 14.375], "texture": "#0"},
				"up": {"uv": [7.375, 13.125, 8, 13.25], "texture": "#0"},
				"down": {"uv": [7.375, 14.25, 8, 14.375], "texture": "#0"}
			}
		},
		{
			"from": [6.475, 6, 7.425],
			"to": [6.6, 8, 7.6],
			"rotation": {"angle": 0, "axis": "y", "origin": [0.625, -0.075, 0]},
			"faces": {
				"north": {"uv": [7.375, 4.25, 7.25, 6.25], "texture": "#0"},
				"east": {"uv": [7.25, 4.25, 7.375, 6.25], "texture": "#0"},
				"south": {"uv": [7.25, 4.25, 7.375, 6.25], "texture": "#0"},
				"west": {"uv": [7.25, 4.25, 7.375, 6.25], "texture": "#0"},
				"up": {"uv": [7.25, 4.375, 7.375, 4.25], "texture": "#0"},
				"down": {"uv": [7.25, 6.25, 7.375, 6.125], "texture": "#0"}
			}
		},
		{
			"from": [6.6, 6, 7.425],
			"to": [6.725, 7.875, 7.6],
			"rotation": {"angle": 0, "axis": "y", "origin": [0.875, -0.075, 0]},
			"faces": {
				"north": {"uv": [7.5, 4.375, 7.375, 6.25], "texture": "#0"},
				"east": {"uv": [7.375, 4.375, 7.5, 6.25], "texture": "#0"},
				"south": {"uv": [7.375, 4.375, 7.5, 6.25], "texture": "#0"},
				"west": {"uv": [7.375, 4.375, 7.5, 6.25], "texture": "#0"},
				"up": {"uv": [7.375, 4.5, 7.5, 4.375], "texture": "#0"},
				"down": {"uv": [7.375, 6.25, 7.5, 6.125], "texture": "#0"}
			}
		},
		{
			"from": [6.725, 6, 7.375],
			"to": [6.85, 7.625, 7.65],
			"rotation": {"angle": 0, "axis": "y", "origin": [1.125, -0.075, 0]},
			"faces": {
				"north": {"uv": [7.625, 4.625, 7.5, 6.25], "texture": "#0"},
				"east": {"uv": [7.5, 4.625, 7.625, 6.25], "texture": "#0"},
				"south": {"uv": [7.5, 4.625, 7.625, 6.25], "texture": "#0"},
				"west": {"uv": [7.5, 4.625, 7.625, 6.25], "texture": "#0"},
				"up": {"uv": [7.5, 4.75, 7.625, 4.625], "texture": "#0"},
				"down": {"uv": [7.5, 6.25, 7.625, 6.125], "texture": "#0"}
			}
		},
		{
			"from": [6.85, 6, 7.375],
			"to": [6.975, 7.375, 7.65],
			"rotation": {"angle": 0, "axis": "y", "origin": [1.375, -0.075, 0]},
			"faces": {
				"north": {"uv": [7.75, 4.875, 7.625, 6.25], "texture": "#0"},
				"east": {"uv": [7.625, 4.875, 7.75, 6.25], "texture": "#0"},
				"south": {"uv": [7.625, 4.875, 7.75, 6.25], "texture": "#0"},
				"west": {"uv": [7.625, 4.875, 7.75, 6.25], "texture": "#0"},
				"up": {"uv": [7.625, 5, 7.75, 4.875], "texture": "#0"},
				"down": {"uv": [7.625, 6.25, 7.75, 6.125], "texture": "#0"}
			}
		},
		{
			"from": [7.725, 6, 7.35],
			"to": [7.85, 8.625, 7.675],
			"rotation": {"angle": 0, "axis": "y", "origin": [3.125, -0.075, 0]},
			"faces": {
				"north": {"uv": [8.625, 3.625, 8.5, 6.25], "texture": "#0"},
				"east": {"uv": [8.5, 3.625, 8.625, 6.25], "texture": "#0"},
				"south": {"uv": [8.5, 3.625, 8.625, 6.25], "texture": "#0"},
				"west": {"uv": [8.5, 3.625, 8.625, 6.25], "texture": "#0"},
				"up": {"uv": [8.5, 3.75, 8.625, 3.625], "texture": "#0"},
				"down": {"uv": [8.5, 6.25, 8.625, 6.125], "texture": "#0"}
			}
		},
		{
			"from": [7.1, 9.875, 7.375],
			"to": [7.725, 10.25, 7.65],
			"rotation": {"angle": 0, "axis": "y", "origin": [-0.8, -4.325, 0]},
			"faces": {
				"north": {"uv": [5, 12.875, 4.375, 13.25], "texture": "#0"},
				"east": {"uv": [4.875, 12.875, 5, 13.25], "texture": "#0"},
				"south": {"uv": [4.375, 12.875, 5, 13.25], "texture": "#0"},
				"west": {"uv": [4.375, 12.875, 4.5, 13.25], "texture": "#0"},
				"up": {"uv": [4.375, 13, 5, 12.875], "texture": "#0"},
				"down": {"uv": [4.375, 13.25, 5, 13.125], "texture": "#0"}
			}
		},
		{
			"from": [6.975, 7.125, 7.375],
			"to": [7.725, 9.875, 7.65],
			"rotation": {"angle": 0, "axis": "y", "origin": [-0.8, -2.575, 0]},
			"faces": {
				"north": {"uv": [5, 13.25, 4.25, 16], "texture": "#0"},
				"east": {"uv": [4.875, 13.25, 5, 16], "texture": "#0"},
				"south": {"uv": [4.25, 13.25, 5, 16], "texture": "#0"},
				"west": {"uv": [4.25, 13.25, 4.375, 16], "texture": "#0"},
				"up": {"uv": [4.25, 13.375, 5, 13.25], "texture": "#0"},
				"down": {"uv": [4.25, 16, 5, 15.875], "texture": "#0"}
			}
		},
		{
			"from": [6.725, 9.875, 7.45],
			"to": [7.1, 11.625, 7.575],
			"rotation": {"angle": 0, "axis": "y", "origin": [-0.55, -1.325, 0]},
			"faces": {
				"north": {"uv": [4.375, 11.5, 4, 13.25], "texture": "#0"},
				"east": {"uv": [4.25, 11.5, 4.375, 13.25], "texture": "#0"},
				"south": {"uv": [4, 11.5, 4.375, 13.25], "texture": "#0"},
				"west": {"uv": [4, 11.5, 4.125, 13.25], "texture": "#0"},
				"up": {"uv": [4, 11.625, 4.375, 11.5], "texture": "#0"},
				"down": {"uv": [4, 13.25, 4.375, 13.125], "texture": "#0"}
			}
		},
		{
			"from": [6.6, 7.125, 7.45],
			"to": [6.975, 9.875, 7.575],
			"rotation": {"angle": 0, "axis": "y", "origin": [-0.55, -1.2, 0]},
			"faces": {
				"north": {"uv": [4.25, 13.25, 3.875, 16], "texture": "#0"},
				"east": {"uv": [4.125, 13.25, 4.25, 16], "texture": "#0"},
				"south": {"uv": [3.875, 13.25, 4.25, 16], "texture": "#0"},
				"west": {"uv": [3.875, 13.25, 4, 16], "texture": "#0"},
				"up": {"uv": [3.875, 13.375, 4.25, 13.25], "texture": "#0"},
				"down": {"uv": [3.875, 16, 4.25, 15.875], "texture": "#0"}
			}
		},
		{
			"from": [6.975, 13, 7.45],
			"to": [7.35, 14.125, 7.575],
			"rotation": {"angle": 0, "axis": "y", "origin": [-0.55, -1.575, 0]},
			"faces": {
				"north": {"uv": [4.625, 9, 4.25, 10.125], "texture": "#0"},
				"east": {"uv": [4.5, 9, 4.625, 10.125], "texture": "#0"},
				"south": {"uv": [4.25, 9, 4.625, 10.125], "texture": "#0"},
				"west": {"uv": [4.25, 9, 4.375, 10.125], "texture": "#0"},
				"up": {"uv": [4.25, 9.125, 4.625, 9], "texture": "#0"},
				"down": {"uv": [4.25, 10.125, 4.625, 10], "texture": "#0"}
			}
		},
		{
			"from": [6.85, 11.625, 7.45],
			"to": [7.225, 13, 7.575],
			"rotation": {"angle": 0, "axis": "y", "origin": [-0.55, -1.45, 0]},
			"faces": {
				"north": {"uv": [4.5, 10.125, 4.125, 11.5], "texture": "#0"},
				"east": {"uv": [4.375, 10.125, 4.5, 11.5], "texture": "#0"},
				"south": {"uv": [4.125, 10.125, 4.5, 11.5], "texture": "#0"},
				"west": {"uv": [4.125, 10.125, 4.25, 11.5], "texture": "#0"},
				"up": {"uv": [4.125, 10.25, 4.5, 10.125], "texture": "#0"},
				"down": {"uv": [4.125, 11.5, 4.5, 11.375], "texture": "#0"}
			}
		},
		{
			"from": [7.1, 10.25, 7.375],
			"to": [7.85, 11.625, 7.65],
			"rotation": {"angle": 0, "axis": "y", "origin": [-0.8, -2.7, 0]},
			"faces": {
				"north": {"uv": [5.125, 11.5, 4.375, 12.875], "texture": "#0"},
				"east": {"uv": [5, 11.5, 5.125, 12.875], "texture": "#0"},
				"south": {"uv": [4.375, 11.5, 5.125, 12.875], "texture": "#0"},
				"west": {"uv": [4.375, 11.5, 4.5, 12.875], "texture": "#0"},
				"up": {"uv": [4.375, 11.625, 5.125, 11.5], "texture": "#0"},
				"down": {"uv": [4.375, 12.875, 5.125, 12.75], "texture": "#0"}
			}
		},
		{
			"from": [8.225, 18.375, 7.375],
			"to": [8.975, 18.625, 7.65],
			"rotation": {"angle": 0, "axis": "y", "origin": [-1.425, -4.45, 0]},
			"faces": {
				"north": {"uv": [6.25, 4.5, 5.5, 4.75], "texture": "#0"},
				"east": {"uv": [6.125, 4.5, 6.25, 4.75], "texture": "#0"},
				"south": {"uv": [5.5, 4.5, 6.25, 4.75], "texture": "#0"},
				"west": {"uv": [5.5, 4.5, 5.625, 4.75], "texture": "#0"},
				"up": {"uv": [5.5, 4.625, 6.25, 4.5], "texture": "#0"},
				"down": {"uv": [5.5, 4.75, 6.25, 4.625], "texture": "#0"}
			}
		},
		{
			"from": [8.35, 18.75, 7.375],
			"to": [9.1, 18.875, 7.65],
			"rotation": {"angle": 0, "axis": "y", "origin": [-1.425, -4.325, 0]},
			"faces": {
				"north": {"uv": [6.375, 4.25, 5.625, 4.375], "texture": "#0"},
				"east": {"uv": [6.25, 4.25, 6.375, 4.375], "texture": "#0"},
				"south": {"uv": [5.625, 4.25, 6.375, 4.375], "texture": "#0"},
				"west": {"uv": [5.625, 4.25, 5.75, 4.375], "texture": "#0"},
				"up": {"uv": [5.625, 4.375, 6.375, 4.25], "texture": "#0"},
				"down": {"uv": [5.625, 4.375, 6.375, 4.25], "texture": "#0"}
			}
		},
		{
			"from": [8.35, 18.625, 7.375],
			"to": [8.975, 18.75, 7.65],
			"rotation": {"angle": 0, "axis": "y", "origin": [-1.425, -4.45, 0]},
			"faces": {
				"north": {"uv": [6.25, 4.375, 5.625, 4.5], "texture": "#0"},
				"east": {"uv": [6.125, 4.375, 6.25, 4.5], "texture": "#0"},
				"south": {"uv": [5.625, 4.375, 6.25, 4.5], "texture": "#0"},
				"west": {"uv": [5.625, 4.375, 5.75, 4.5], "texture": "#0"},
				"up": {"uv": [5.625, 4.5, 6.25, 4.375], "texture": "#0"},
				"down": {"uv": [5.625, 4.5, 6.25, 4.375], "texture": "#0"}
			}
		},
		{
			"from": [8.225, 18.25, 7.375],
			"to": [8.85, 18.375, 7.65],
			"rotation": {"angle": 0, "axis": "y", "origin": [-1.55, -4.825, 0]},
			"faces": {
				"north": {"uv": [6.125, 4.75, 5.5, 4.875], "texture": "#0"},
				"east": {"uv": [6, 4.75, 6.125, 4.875], "texture": "#0"},
				"south": {"uv": [5.5, 4.75, 6.125, 4.875], "texture": "#0"},
				"west": {"uv": [5.5, 4.75, 5.625, 4.875], "texture": "#0"},
				"up": {"uv": [5.5, 4.875, 6.125, 4.75], "texture": "#0"},
				"down": {"uv": [5.5, 4.875, 6.125, 4.75], "texture": "#0"}
			}
		},
		{
			"from": [8.475, 18.875, 7.375],
			"to": [9.1, 19, 7.65],
			"rotation": {"angle": 0, "axis": "y", "origin": [-1.425, -4.45, 0]},
			"faces": {
				"north": {"uv": [6.375, 4.125, 5.75, 4.25], "texture": "#0"},
				"east": {"uv": [6.25, 4.125, 6.375, 4.25], "texture": "#0"},
				"south": {"uv": [5.75, 4.125, 6.375, 4.25], "texture": "#0"},
				"west": {"uv": [5.75, 4.125, 5.875, 4.25], "texture": "#0"},
				"up": {"uv": [5.75, 4.25, 6.375, 4.125], "texture": "#0"},
				"down": {"uv": [5.75, 4.25, 6.375, 4.125], "texture": "#0"}
			}
		},
		{
			"from": [8.6, 19, 7.375],
			"to": [9.1, 19.125, 7.65],
			"rotation": {"angle": 0, "axis": "y", "origin": [-1.425, -4.325, 0]},
			"faces": {
				"north": {"uv": [6.375, 4, 5.875, 4.125], "texture": "#0"},
				"east": {"uv": [6.25, 4, 6.375, 4.125], "texture": "#0"},
				"south": {"uv": [5.875, 4, 6.375, 4.125], "texture": "#0"},
				"west": {"uv": [5.875, 4, 6, 4.125], "texture": "#0"},
				"up": {"uv": [5.875, 4.125, 6.375, 4], "texture": "#0"},
				"down": {"uv": [5.875, 4.125, 6.375, 4], "texture": "#0"}
			}
		},
		{
			"from": [8.85, 19.125, 7.375],
			"to": [9.225, 19.25, 7.65],
			"rotation": {"angle": 0, "axis": "y", "origin": [-1.425, -4.2, 0]},
			"faces": {
				"north": {"uv": [6.5, 3.875, 6.125, 4], "texture": "#0"},
				"east": {"uv": [6.375, 3.875, 6.5, 4], "texture": "#0"},
				"south": {"uv": [6.125, 3.875, 6.5, 4], "texture": "#0"},
				"west": {"uv": [6.125, 3.875, 6.25, 4], "texture": "#0"},
				"up": {"uv": [6.125, 4, 6.5, 3.875], "texture": "#0"},
				"down": {"uv": [6.125, 4, 6.5, 3.875], "texture": "#0"}
			}
		},
		{
			"from": [9.1, 19.25, 7.375],
			"to": [9.225, 19.375, 7.65],
			"rotation": {"angle": 0, "axis": "y", "origin": [-1.425, -4.075, 0]},
			"faces": {
				"north": {"uv": [6.5, 3.75, 6.375, 3.875], "texture": "#0"},
				"east": {"uv": [6.375, 3.75, 6.5, 3.875], "texture": "#0"},
				"south": {"uv": [6.375, 3.75, 6.5, 3.875], "texture": "#0"},
				"west": {"uv": [6.375, 3.75, 6.5, 3.875], "texture": "#0"},
				"up": {"uv": [6.375, 3.875, 6.5, 3.75], "texture": "#0"},
				"down": {"uv": [6.375, 3.875, 6.5, 3.75], "texture": "#0"}
			}
		},
		{
			"from": [7.225, 11.625, 7.375],
			"to": [7.85, 11.75, 7.65],
			"rotation": {"angle": 0, "axis": "y", "origin": [-1.05, -5.075, 0]},
			"faces": {
				"north": {"uv": [5.125, 11.375, 4.5, 11.5], "texture": "#0"},
				"east": {"uv": [5, 11.375, 5.125, 11.5], "texture": "#0"},
				"south": {"uv": [4.5, 11.375, 5.125, 11.5], "texture": "#0"},
				"west": {"uv": [4.5, 11.375, 4.625, 11.5], "texture": "#0"},
				"up": {"uv": [4.5, 11.5, 5.125, 11.375], "texture": "#0"},
				"down": {"uv": [4.5, 11.5, 5.125, 11.375], "texture": "#0"}
			}
		},
		{
			"from": [7.475, 14.125, 7.375],
			"to": [8.225, 15.125, 7.65],
			"rotation": {"angle": 0, "axis": "y", "origin": [-0.925, -3.325, 0]},
			"faces": {
				"north": {"uv": [5.5, 8, 4.75, 9], "texture": "#0"},
				"east": {"uv": [5.375, 8, 5.5, 9], "texture": "#0"},
				"south": {"uv": [4.75, 8, 5.5, 9], "texture": "#0"},
				"west": {"uv": [4.75, 8, 4.875, 9], "texture": "#0"},
				"up": {"uv": [4.75, 8.125, 5.5, 8], "texture": "#0"},
				"down": {"uv": [4.75, 9, 5.5, 8.875], "texture": "#0"}
			}
		},
		{
			"from": [7.85, 16.75, 7.375],
			"to": [8.6, 17.375, 7.65],
			"rotation": {"angle": 0, "axis": "y", "origin": [-0.675, -1.575, 0]},
			"faces": {
				"north": {"uv": [5.875, 5.75, 5.125, 6.375], "texture": "#0"},
				"east": {"uv": [5.75, 5.75, 5.875, 6.375], "texture": "#0"},
				"south": {"uv": [5.125, 5.75, 5.875, 6.375], "texture": "#0"},
				"west": {"uv": [5.125, 5.75, 5.25, 6.375], "texture": "#0"},
				"up": {"uv": [5.125, 5.875, 5.875, 5.75], "texture": "#0"},
				"down": {"uv": [5.125, 6.375, 5.875, 6.25], "texture": "#0"}
			}
		},
		{
			"from": [7.725, 16, 7.375],
			"to": [8.475, 16.75, 7.65],
			"rotation": {"angle": 0, "axis": "y", "origin": [-0.8, -2.2, 0]},
			"faces": {
				"north": {"uv": [5.75, 6.375, 5, 7.125], "texture": "#0"},
				"east": {"uv": [5.625, 6.375, 5.75, 7.125], "texture": "#0"},
				"south": {"uv": [5, 6.375, 5.75, 7.125], "texture": "#0"},
				"west": {"uv": [5, 6.375, 5.125, 7.125], "texture": "#0"},
				"up": {"uv": [5, 6.5, 5.75, 6.375], "texture": "#0"},
				"down": {"uv": [5, 7.125, 5.75, 7], "texture": "#0"}
			}
		},
		{
			"from": [7.6, 15.125, 7.375],
			"to": [8.35, 16, 7.65],
			"rotation": {"angle": 0, "axis": "y", "origin": [-0.925, -3.075, 0]},
			"faces": {
				"north": {"uv": [5.625, 7.125, 4.875, 8], "texture": "#0"},
				"east": {"uv": [5.5, 7.125, 5.625, 8], "texture": "#0"},
				"south": {"uv": [4.875, 7.125, 5.625, 8], "texture": "#0"},
				"west": {"uv": [4.875, 7.125, 5, 8], "texture": "#0"},
				"up": {"uv": [4.875, 7.25, 5.625, 7.125], "texture": "#0"},
				"down": {"uv": [4.875, 8, 5.625, 7.875], "texture": "#0"}
			}
		},
		{
			"from": [7.975, 17.375, 7.375],
			"to": [8.725, 17.875, 7.65],
			"rotation": {"angle": 0, "axis": "y", "origin": [-0.925, -2.95, 0]},
			"faces": {
				"north": {"uv": [6, 5.25, 5.25, 5.75], "texture": "#0"},
				"east": {"uv": [5.875, 5.25, 6, 5.75], "texture": "#0"},
				"south": {"uv": [5.25, 5.25, 6, 5.75], "texture": "#0"},
				"west": {"uv": [5.25, 5.25, 5.375, 5.75], "texture": "#0"},
				"up": {"uv": [5.25, 5.375, 6, 5.25], "texture": "#0"},
				"down": {"uv": [5.25, 5.75, 6, 5.625], "texture": "#0"}
			}
		},
		{
			"from": [8.1, 17.875, 7.375],
			"to": [8.85, 18.25, 7.65],
			"rotation": {"angle": 0, "axis": "y", "origin": [-0.925, -2.95, 0]},
			"faces": {
				"north": {"uv": [6.125, 4.875, 5.375, 5.25], "texture": "#0"},
				"east": {"uv": [6, 4.875, 6.125, 5.25], "texture": "#0"},
				"south": {"uv": [5.375, 4.875, 6.125, 5.25], "texture": "#0"},
				"west": {"uv": [5.375, 4.875, 5.5, 5.25], "texture": "#0"},
				"up": {"uv": [5.375, 5, 6.125, 4.875], "texture": "#0"},
				"down": {"uv": [5.375, 5.25, 6.125, 5.125], "texture": "#0"}
			}
		},
		{
			"from": [7.35, 13, 7.375],
			"to": [8.1, 14.125, 7.65],
			"rotation": {"angle": 0, "axis": "y", "origin": [-0.925, -3.575, 0]},
			"faces": {
				"north": {"uv": [5.375, 9, 4.625, 10.125], "texture": "#0"},
				"east": {"uv": [5.25, 9, 5.375, 10.125], "texture": "#0"},
				"south": {"uv": [4.625, 9, 5.375, 10.125], "texture": "#0"},
				"west": {"uv": [4.625, 9, 4.75, 10.125], "texture": "#0"},
				"up": {"uv": [4.625, 9.125, 5.375, 9], "texture": "#0"},
				"down": {"uv": [4.625, 10.125, 5.375, 10], "texture": "#0"}
			}
		},
		{
			"from": [9.225, 19.5, 7.45],
			"to": [9.35, 19.75, 7.575],
			"rotation": {"angle": 0, "axis": "y", "origin": [-1.3, -4.075, 0]},
			"faces": {
				"north": {"uv": [6.625, 3.375, 6.5, 3.625], "texture": "#0"},
				"east": {"uv": [6.5, 3.375, 6.625, 3.625], "texture": "#0"},
				"south": {"uv": [6.5, 3.375, 6.625, 3.625], "texture": "#0"},
				"west": {"uv": [6.5, 3.375, 6.625, 3.625], "texture": "#0"},
				"up": {"uv": [6.5, 3.5, 6.625, 3.375], "texture": "#0"},
				"down": {"uv": [6.5, 3.625, 6.625, 3.5], "texture": "#0"}
			}
		},
		{
			"from": [9.1, 19.375, 7.45],
			"to": [9.225, 19.75, 7.575],
			"rotation": {"angle": 0, "axis": "y", "origin": [-1.425, -4.075, 0]},
			"faces": {
				"north": {"uv": [6.5, 3.375, 6.375, 3.75], "texture": "#0"},
				"east": {"uv": [6.375, 3.375, 6.5, 3.75], "texture": "#0"},
				"south": {"uv": [6.375, 3.375, 6.5, 3.75], "texture": "#0"},
				"west": {"uv": [6.375, 3.375, 6.5, 3.625], "texture": "#0"},
				"up": {"uv": [6.375, 3.5, 6.5, 3.375], "texture": "#0"},
				"down": {"uv": [6.375, 3.75, 6.5, 3.625], "texture": "#0"}
			}
		},
		{
			"from": [7.225, 11.75, 7.375],
			"to": [7.975, 13, 7.65],
			"rotation": {"angle": 0, "axis": "y", "origin": [-0.925, -3.825, 0]},
			"faces": {
				"north": {"uv": [5.25, 10.125, 4.5, 11.375], "texture": "#0"},
				"east": {"uv": [5.125, 10.125, 5.25, 11.375], "texture": "#0"},
				"south": {"uv": [4.5, 10.125, 5.25, 11.375], "texture": "#0"},
				"west": {"uv": [4.5, 10.125, 4.625, 11.375], "texture": "#0"},
				"up": {"uv": [4.5, 10.25, 5.25, 10.125], "texture": "#0"},
				"down": {"uv": [4.5, 11.375, 5.25, 11.25], "texture": "#0"}
			}
		},
		{
			"from": [7.1, 14.125, 7.45],
			"to": [7.475, 15.125, 7.575],
			"rotation": {"angle": 0, "axis": "y", "origin": [-0.55, -1.575, 0]},
			"faces": {
				"north": {"uv": [4.75, 8, 4.375, 9], "texture": "#0"},
				"east": {"uv": [4.625, 8, 4.75, 9], "texture": "#0"},
				"south": {"uv": [4.375, 8, 4.75, 9], "texture": "#0"},
				"west": {"uv": [4.375, 8, 4.5, 9], "texture": "#0"},
				"up": {"uv": [4.375, 8.125, 4.75, 8], "texture": "#0"},
				"down": {"uv": [4.375, 9, 4.75, 8.875], "texture": "#0"}
			}
		},
		{
			"from": [7.225, 15.125, 7.45],
			"to": [7.6, 16, 7.575],
			"rotation": {"angle": 0, "axis": "y", "origin": [-0.55, -1.575, 0]},
			"faces": {
				"north": {"uv": [4.875, 7.125, 4.5, 8], "texture": "#0"},
				"east": {"uv": [4.75, 7.125, 4.875, 8], "texture": "#0"},
				"south": {"uv": [4.5, 7.125, 4.875, 8], "texture": "#0"},
				"west": {"uv": [4.5, 7.125, 4.625, 8], "texture": "#0"},
				"up": {"uv": [4.5, 7.25, 4.875, 7.125], "texture": "#0"},
				"down": {"uv": [4.5, 8, 4.875, 7.875], "texture": "#0"}
			}
		},
		{
			"from": [7.35, 16, 7.45],
			"to": [7.725, 16.75, 7.575],
			"rotation": {"angle": 0, "axis": "y", "origin": [-0.55, -1.575, 0]},
			"faces": {
				"north": {"uv": [5, 6.375, 4.625, 7.125], "texture": "#0"},
				"east": {"uv": [4.875, 6.375, 5, 7.125], "texture": "#0"},
				"south": {"uv": [4.625, 6.375, 5, 7.125], "texture": "#0"},
				"west": {"uv": [4.625, 6.375, 4.75, 7.125], "texture": "#0"},
				"up": {"uv": [4.625, 6.5, 5, 6.375], "texture": "#0"},
				"down": {"uv": [4.625, 7.125, 5, 7], "texture": "#0"}
			}
		},
		{
			"from": [7.725, 17.875, 7.45],
			"to": [8.1, 18.25, 7.575],
			"rotation": {"angle": 0, "axis": "y", "origin": [-1.05, -3.95, 0]},
			"faces": {
				"north": {"uv": [5.375, 4.875, 5, 5.25], "texture": "#0"},
				"east": {"uv": [5.25, 4.875, 5.375, 5.25], "texture": "#0"},
				"south": {"uv": [5, 4.875, 5.375, 5.25], "texture": "#0"},
				"west": {"uv": [5, 4.875, 5.125, 5.25], "texture": "#0"},
				"up": {"uv": [5, 5, 5.375, 4.875], "texture": "#0"},
				"down": {"uv": [5, 5.25, 5.375, 5.125], "texture": "#0"}
			}
		},
		{
			"from": [7.6, 17.375, 7.45],
			"to": [7.975, 17.875, 7.575],
			"rotation": {"angle": 0, "axis": "y", "origin": [-1.175, -4.325, 0]},
			"faces": {
				"north": {"uv": [5.25, 5.25, 4.875, 5.75], "texture": "#0"},
				"east": {"uv": [5.125, 5.25, 5.25, 5.75], "texture": "#0"},
				"south": {"uv": [4.875, 5.25, 5.25, 5.75], "texture": "#0"},
				"west": {"uv": [4.875, 5.25, 5, 5.75], "texture": "#0"},
				"up": {"uv": [4.875, 5.375, 5.25, 5.25], "texture": "#0"},
				"down": {"uv": [4.875, 5.75, 5.25, 5.625], "texture": "#0"}
			}
		},
		{
			"from": [7.475, 16.75, 7.45],
			"to": [7.85, 17.375, 7.575],
			"rotation": {"angle": 0, "axis": "y", "origin": [-1.3, -4.825, 0]},
			"faces": {
				"north": {"uv": [5.125, 5.75, 4.75, 6.375], "texture": "#0"},
				"east": {"uv": [5, 5.75, 5.125, 6.375], "texture": "#0"},
				"south": {"uv": [4.75, 5.75, 5.125, 6.375], "texture": "#0"},
				"west": {"uv": [4.75, 5.75, 4.875, 6.375], "texture": "#0"},
				"up": {"uv": [4.75, 5.875, 5.125, 5.75], "texture": "#0"},
				"down": {"uv": [4.75, 6.375, 5.125, 6.25], "texture": "#0"}
			}
		},
		{
			"from": [7.975, 18.625, 7.45],
			"to": [8.35, 18.875, 7.575],
			"rotation": {"angle": 0, "axis": "y", "origin": [-1.175, -4.2, 0]},
			"faces": {
				"north": {"uv": [5.625, 4.25, 5.25, 4.5], "texture": "#0"},
				"east": {"uv": [5.5, 4.25, 5.625, 4.5], "texture": "#0"},
				"south": {"uv": [5.25, 4.25, 5.625, 4.5], "texture": "#0"},
				"west": {"uv": [5.25, 4.25, 5.375, 4.5], "texture": "#0"},
				"up": {"uv": [5.25, 4.375, 5.625, 4.25], "texture": "#0"},
				"down": {"uv": [5.25, 4.5, 5.625, 4.375], "texture": "#0"}
			}
		},
		{
			"from": [8.475, 19.25, 7.45],
			"to": [8.6, 19.375, 7.575],
			"rotation": {"angle": 0, "axis": "y", "origin": [-0.8, -3.825, 0]},
			"faces": {
				"north": {"uv": [5.875, 3.75, 5.75, 3.875], "texture": "#0"},
				"east": {"uv": [5.75, 3.75, 5.875, 3.875], "texture": "#0"},
				"south": {"uv": [5.75, 3.75, 5.875, 3.875], "texture": "#0"},
				"west": {"uv": [5.75, 3.75, 5.875, 3.875], "texture": "#0"},
				"up": {"uv": [5.75, 3.875, 5.875, 3.75], "texture": "#0"},
				"down": {"uv": [5.75, 3.875, 5.875, 3.75], "texture": "#0"}
			}
		},
		{
			"from": [8.35, 19.125, 7.45],
			"to": [8.6, 19.25, 7.575],
			"rotation": {"angle": 0, "axis": "y", "origin": [-1.05, -3.95, 0]},
			"faces": {
				"north": {"uv": [5.875, 3.875, 5.625, 4], "texture": "#0"},
				"east": {"uv": [5.75, 3.875, 5.875, 4], "texture": "#0"},
				"south": {"uv": [5.625, 3.875, 5.875, 4], "texture": "#0"},
				"west": {"uv": [5.625, 3.875, 5.75, 4], "texture": "#0"},
				"up": {"uv": [5.625, 4, 5.875, 3.875], "texture": "#0"},
				"down": {"uv": [5.625, 4, 5.875, 3.875], "texture": "#0"}
			}
		},
		{
			"from": [8.1, 18.875, 7.45],
			"to": [8.475, 19, 7.575],
			"rotation": {"angle": 0, "axis": "y", "origin": [-1.3, -4.2, 0]},
			"faces": {
				"north": {"uv": [5.75, 4.125, 5.375, 4.25], "texture": "#0"},
				"east": {"uv": [5.625, 4.125, 5.75, 4.25], "texture": "#0"},
				"south": {"uv": [5.375, 4.125, 5.75, 4.25], "texture": "#0"},
				"west": {"uv": [5.375, 4.125, 5.5, 4.25], "texture": "#0"},
				"up": {"uv": [5.375, 4.25, 5.75, 4.125], "texture": "#0"},
				"down": {"uv": [5.375, 4.25, 5.75, 4.125], "texture": "#0"}
			}
		},
		{
			"from": [8.225, 19, 7.45],
			"to": [8.6, 19.125, 7.575],
			"rotation": {"angle": 0, "axis": "y", "origin": [-1.175, -4.075, 0]},
			"faces": {
				"north": {"uv": [5.875, 4, 5.5, 4.125], "texture": "#0"},
				"east": {"uv": [5.75, 4, 5.875, 4.125], "texture": "#0"},
				"south": {"uv": [5.5, 4, 5.875, 4.125], "texture": "#0"},
				"west": {"uv": [5.5, 4, 5.625, 4.125], "texture": "#0"},
				"up": {"uv": [5.5, 4.125, 5.875, 4], "texture": "#0"},
				"down": {"uv": [5.5, 4.125, 5.875, 4], "texture": "#0"}
			}
		},
		{
			"from": [8.6, 19.125, 7.45],
			"to": [8.85, 19.5, 7.575],
			"rotation": {"angle": 0, "axis": "y", "origin": [-1.3, -4.075, 0]},
			"faces": {
				"north": {"uv": [6.125, 3.625, 5.875, 4], "texture": "#0"},
				"east": {"uv": [6, 3.625, 6.125, 4], "texture": "#0"},
				"south": {"uv": [5.875, 3.625, 6.125, 4], "texture": "#0"},
				"west": {"uv": [5.875, 3.625, 6, 4], "texture": "#0"},
				"up": {"uv": [5.875, 3.75, 6.125, 3.625], "texture": "#0"},
				"down": {"uv": [5.875, 4, 6.125, 3.875], "texture": "#0"}
			}
		},
		{
			"from": [8.85, 19.25, 7.45],
			"to": [9.1, 19.625, 7.575],
			"rotation": {"angle": 0, "axis": "y", "origin": [-1.3, -4.075, 0]},
			"faces": {
				"north": {"uv": [6.375, 3.5, 6.125, 3.875], "texture": "#0"},
				"east": {"uv": [6.25, 3.5, 6.375, 3.875], "texture": "#0"},
				"south": {"uv": [6.125, 3.5, 6.375, 3.875], "texture": "#0"},
				"west": {"uv": [6.125, 3.5, 6.25, 3.875], "texture": "#0"},
				"up": {"uv": [6.125, 3.625, 6.375, 3.5], "texture": "#0"},
				"down": {"uv": [6.125, 3.875, 6.375, 3.75], "texture": "#0"}
			}
		},
		{
			"from": [7.85, 18.25, 7.45],
			"to": [8.225, 18.625, 7.575],
			"rotation": {"angle": 0, "axis": "y", "origin": [-1.05, -3.95, 0]},
			"faces": {
				"north": {"uv": [5.5, 4.5, 5.125, 4.875], "texture": "#0"},
				"east": {"uv": [5.375, 4.5, 5.5, 4.875], "texture": "#0"},
				"south": {"uv": [5.125, 4.5, 5.5, 4.875], "texture": "#0"},
				"west": {"uv": [5.125, 4.5, 5.25, 4.875], "texture": "#0"},
				"up": {"uv": [5.125, 4.625, 5.5, 4.5], "texture": "#0"},
				"down": {"uv": [5.125, 4.875, 5.5, 4.75], "texture": "#0"}
			}
		},
		{
			"from": [7.6, 6, 7.35],
			"to": [7.725, 8.5, 7.675],
			"rotation": {"angle": 0, "axis": "y", "origin": [2.875, -0.075, 0]},
			"faces": {
				"north": {"uv": [8.5, 3.75, 8.375, 6.25], "texture": "#0"},
				"east": {"uv": [8.375, 3.75, 8.5, 6.25], "texture": "#0"},
				"south": {"uv": [8.375, 3.75, 8.5, 6.25], "texture": "#0"},
				"west": {"uv": [8.375, 3.75, 8.5, 6.25], "texture": "#0"},
				"up": {"uv": [8.375, 3.875, 8.5, 3.75], "texture": "#0"},
				"down": {"uv": [8.375, 6.25, 8.5, 6.125], "texture": "#0"}
			}
		},
		{
			"from": [7.475, 6, 7.3],
			"to": [7.6, 8.375, 7.725],
			"rotation": {"angle": 0, "axis": "y", "origin": [2.625, -0.075, 0]},
			"faces": {
				"north": {"uv": [8.375, 3.875, 8.25, 6.25], "texture": "#0"},
				"east": {"uv": [8.25, 3.875, 8.375, 6.25], "texture": "#0"},
				"south": {"uv": [8.25, 3.875, 8.375, 6.25], "texture": "#0"},
				"west": {"uv": [8.25, 3.875, 8.375, 6.25], "texture": "#0"},
				"up": {"uv": [8.25, 4, 8.375, 3.875], "texture": "#0"},
				"down": {"uv": [8.25, 6.25, 8.375, 6.125], "texture": "#0"}
			}
		},
		{
			"from": [7.35, 6, 7.3],
			"to": [7.475, 8.125, 7.725],
			"rotation": {"angle": 0, "axis": "y", "origin": [2.375, -0.075, 0]},
			"faces": {
				"north": {"uv": [8.25, 4.125, 8.125, 6.25], "texture": "#0"},
				"east": {"uv": [8.125, 4.125, 8.25, 6.25], "texture": "#0"},
				"south": {"uv": [8.125, 4.125, 8.25, 6.25], "texture": "#0"},
				"west": {"uv": [8.125, 4.125, 8.25, 6.25], "texture": "#0"},
				"up": {"uv": [8.125, 4.25, 8.25, 4.125], "texture": "#0"},
				"down": {"uv": [8.125, 6.25, 8.25, 6.125], "texture": "#0"}
			}
		},
		{
			"from": [7.225, 6, 7.3],
			"to": [7.35, 7.875, 7.725],
			"rotation": {"angle": 0, "axis": "y", "origin": [2.125, -0.075, 0]},
			"faces": {
				"north": {"uv": [8.125, 4.375, 8, 6.25], "texture": "#0"},
				"east": {"uv": [8, 4.375, 8.125, 6.25], "texture": "#0"},
				"south": {"uv": [8, 4.375, 8.125, 6.25], "texture": "#0"},
				"west": {"uv": [8, 4.375, 8.125, 6.25], "texture": "#0"},
				"up": {"uv": [8, 4.5, 8.125, 4.375], "texture": "#0"},
				"down": {"uv": [8, 6.25, 8.125, 6.125], "texture": "#0"}
			}
		},
		{
			"from": [7.1, 6, 7.3],
			"to": [7.225, 7.5, 7.725],
			"rotation": {"angle": 0, "axis": "y", "origin": [1.875, -0.075, 0]},
			"faces": {
				"north": {"uv": [8, 4.75, 7.875, 6.25], "texture": "#0"},
				"east": {"uv": [7.875, 4.75, 8, 6.25], "texture": "#0"},
				"south": {"uv": [7.875, 4.75, 8, 6.25], "texture": "#0"},
				"west": {"uv": [7.875, 4.75, 8, 6.25], "texture": "#0"},
				"up": {"uv": [7.875, 4.875, 8, 4.75], "texture": "#0"},
				"down": {"uv": [7.875, 6.25, 8, 6.125], "texture": "#0"}
			}
		},
		{
			"from": [6.975, 6, 7.3],
			"to": [7.1, 7.125, 7.725],
			"rotation": {"angle": 0, "axis": "y", "origin": [1.625, -0.075, 0]},
			"faces": {
				"north": {"uv": [7.875, 5.125, 7.75, 6.25], "texture": "#0"},
				"east": {"uv": [7.75, 5.125, 7.875, 6.25], "texture": "#0"},
				"south": {"uv": [7.75, 5.125, 7.875, 6.25], "texture": "#0"},
				"west": {"uv": [7.75, 5.125, 7.875, 6.25], "texture": "#0"},
				"up": {"uv": [7.75, 5.25, 7.875, 5.125], "texture": "#0"},
				"down": {"uv": [7.75, 6.25, 7.875, 6.125], "texture": "#0"}
			}
		},
		{
			"from": [6.85, 6, 7.3],
			"to": [6.975, 6.625, 7.725],
			"rotation": {"angle": 0, "axis": "y", "origin": [1.275, -0.075, 0]},
			"faces": {
				"north": {"uv": [7.75, 5.625, 7.625, 6.25], "texture": "#0"},
				"east": {"uv": [7.625, 5.625, 7.75, 6.25], "texture": "#0"},
				"south": {"uv": [7.625, 5.625, 7.75, 6.25], "texture": "#0"},
				"west": {"uv": [7.625, 5.625, 7.75, 6.25], "texture": "#0"},
				"up": {"uv": [7.625, 5.75, 7.75, 5.625], "texture": "#0"},
				"down": {"uv": [7.625, 6.25, 7.75, 6.125], "texture": "#0"}
			}
		},
		{
			"from": [8.6, 5.7, 7.075],
			"to": [8.725, 6, 7.95],
			"faces": {
				"north": {"uv": [9.5, 7.375, 9.375, 7.5], "texture": "#0"},
				"east": {"uv": [9.375, 7.375, 9.5, 8.25], "rotation": 90, "texture": "#0"},
				"south": {"uv": [9.375, 8.125, 9.5, 8.25], "texture": "#0"},
				"west": {"uv": [9.375, 7.375, 9.5, 8.25], "rotation": 90, "texture": "#0"},
				"up": {"uv": [9.375, 7.375, 9.5, 8.25], "texture": "#0"},
				"down": {"uv": [9.5, 7.375, 9.375, 8.25], "rotation": 180, "texture": "#0"}
			}
		},
		{
			"from": [8.475, 5.7, 6.825],
			"to": [8.6, 6, 8.2],
			"faces": {
				"north": {"uv": [9.375, 7.125, 9.25, 7.25], "texture": "#0"},
				"east": {"uv": [9.25, 7.125, 9.375, 8.5], "rotation": 90, "texture": "#0"},
				"south": {"uv": [9.25, 8.375, 9.375, 8.5], "texture": "#0"},
				"west": {"uv": [9.25, 7.125, 9.375, 8.5], "rotation": 90, "texture": "#0"},
				"up": {"uv": [9.25, 7.125, 9.375, 8.5], "texture": "#0"},
				"down": {"uv": [9.375, 7.125, 9.25, 8.5], "rotation": 180, "texture": "#0"}
			}
		},
		{
			"from": [7.85, 5.7, 6.2],
			"to": [8.1, 6, 8.825],
			"faces": {
				"north": {"uv": [8.875, 6.5, 8.625, 6.625], "texture": "#0"},
				"east": {"uv": [8.75, 6.5, 8.875, 9.125], "rotation": 90, "texture": "#0"},
				"south": {"uv": [8.625, 9, 8.875, 9.125], "texture": "#0"},
				"west": {"uv": [8.625, 6.5, 8.75, 9.125], "rotation": 90, "texture": "#0"},
				"up": {"uv": [8.625, 6.5, 8.875, 9.125], "texture": "#0"},
				"down": {"uv": [8.875, 6.5, 8.625, 9.125], "rotation": 180, "texture": "#0"}
			}
		},
		{
			"from": [8.35, 5.7, 6.575],
			"to": [8.475, 6, 8.45],
			"faces": {
				"north": {"uv": [9.25, 6.875, 9.125, 7], "texture": "#0"},
				"east": {"uv": [9.125, 6.875, 9.25, 8.75], "rotation": 90, "texture": "#0"},
				"south": {"uv": [9.125, 8.625, 9.25, 8.75], "texture": "#0"},
				"west": {"uv": [9.125, 6.875, 9.25, 8.75], "rotation": 90, "texture": "#0"},
				"up": {"uv": [9.125, 6.875, 9.25, 8.75], "texture": "#0"},
				"down": {"uv": [9.25, 6.875, 9.125, 8.75], "rotation": 180, "texture": "#0"}
			}
		},
		{
			"from": [8.1, 5.7, 6.325],
			"to": [8.35, 6, 8.7],
			"faces": {
				"north": {"uv": [9.125, 6.625, 8.875, 6.75], "texture": "#0"},
				"east": {"uv": [9, 6.625, 9.125, 9], "rotation": 90, "texture": "#0"},
				"south": {"uv": [8.875, 8.875, 9.125, 9], "texture": "#0"},
				"west": {"uv": [8.875, 6.625, 9, 9], "rotation": 90, "texture": "#0"},
				"up": {"uv": [8.875, 6.625, 9.125, 9], "texture": "#0"},
				"down": {"uv": [9.125, 6.625, 8.875, 9], "rotation": 180, "texture": "#0"}
			}
		},
		{
			"from": [7.6, 5.7, 6.075],
			"to": [7.85, 6, 8.95],
			"faces": {
				"north": {"uv": [8.625, 6.375, 8.375, 6.5], "texture": "#0"},
				"east": {"uv": [8.5, 6.375, 8.625, 9.25], "rotation": 90, "texture": "#0"},
				"south": {"uv": [8.375, 9.125, 8.625, 9.25], "texture": "#0"},
				"west": {"uv": [8.375, 6.375, 8.5, 9.25], "rotation": 90, "texture": "#0"},
				"up": {"uv": [8.375, 6.375, 8.625, 9.25], "texture": "#0"},
				"down": {"uv": [8.625, 6.375, 8.375, 9.25], "rotation": 180, "texture": "#0"}
			}
		},
		{
			"from": [6.725, 5.7, 5.95],
			"to": [7.6, 6, 9.075],
			"faces": {
				"north": {"uv": [8.375, 6.25, 7.5, 6.375], "texture": "#0"},
				"east": {"uv": [8.25, 6.25, 8.375, 9.375], "rotation": 90, "texture": "#0"},
				"south": {"uv": [7.5, 9.25, 8.375, 9.375], "texture": "#0"},
				"west": {"uv": [7.5, 6.25, 7.625, 9.375], "rotation": 90, "texture": "#0"},
				"up": {"uv": [7.5, 6.25, 8.375, 9.375], "texture": "#0"},
				"down": {"uv": [8.375, 6.25, 7.5, 9.375], "rotation": 180, "texture": "#0"}
			}
		},
		{
			"from": [6.475, 5.7, 6.075],
			"to": [6.725, 6, 8.95],
			"faces": {
				"north": {"uv": [7.5, 6.375, 7.25, 6.5], "texture": "#0"},
				"east": {"uv": [7.375, 6.375, 7.5, 9.25], "rotation": 90, "texture": "#0"},
				"south": {"uv": [7.25, 9.125, 7.5, 9.25], "texture": "#0"},
				"west": {"uv": [7.25, 6.375, 7.375, 9.25], "rotation": 90, "texture": "#0"},
				"up": {"uv": [7.25, 6.375, 7.5, 9.25], "texture": "#0"},
				"down": {"uv": [7.5, 6.375, 7.25, 9.25], "rotation": 180, "texture": "#0"}
			}
		},
		{
			"from": [6.225, 5.7, 6.2],
			"to": [6.475, 6, 8.825],
			"faces": {
				"north": {"uv": [7.25, 6.5, 7, 6.625], "texture": "#0"},
				"east": {"uv": [7.125, 6.5, 7.25, 9.125], "rotation": 90, "texture": "#0"},
				"south": {"uv": [7, 9, 7.25, 9.125], "texture": "#0"},
				"west": {"uv": [7, 6.5, 7.125, 9.125], "rotation": 90, "texture": "#0"},
				"up": {"uv": [7, 6.5, 7.25, 9.125], "texture": "#0"},
				"down": {"uv": [7.25, 6.5, 7, 9.125], "rotation": 180, "texture": "#0"}
			}
		},
		{
			"from": [5.975, 5.7, 6.325],
			"to": [6.225, 6, 8.7],
			"faces": {
				"north": {"uv": [7, 6.625, 6.75, 6.75], "texture": "#0"},
				"east": {"uv": [6.875, 6.625, 7, 9], "rotation": 90, "texture": "#0"},
				"south": {"uv": [6.75, 8.875, 7, 9], "texture": "#0"},
				"west": {"uv": [6.75, 6.625, 6.875, 9], "rotation": 90, "texture": "#0"},
				"up": {"uv": [6.75, 6.625, 7, 9], "texture": "#0"},
				"down": {"uv": [7, 6.625, 6.75, 9], "rotation": 180, "texture": "#0"}
			}
		},
		{
			"from": [5.6, 5.7, 7.075],
			"to": [5.725, 6, 7.95],
			"faces": {
				"north": {"uv": [6.5, 7.375, 6.375, 7.5], "texture": "#0"},
				"east": {"uv": [6.375, 7.375, 6.5, 8.25], "rotation": 90, "texture": "#0"},
				"south": {"uv": [6.375, 8.125, 6.5, 8.25], "texture": "#0"},
				"west": {"uv": [6.375, 7.375, 6.5, 8.25], "rotation": 90, "texture": "#0"},
				"up": {"uv": [6.375, 7.375, 6.5, 8.25], "texture": "#0"},
				"down": {"uv": [6.5, 7.375, 6.375, 8.25], "rotation": 180, "texture": "#0"}
			}
		},
		{
			"from": [5.725, 5.7, 6.825],
			"to": [5.85, 6, 8.2],
			"faces": {
				"north": {"uv": [6.625, 7.125, 6.5, 7.25], "texture": "#0"},
				"east": {"uv": [6.5, 7.125, 6.625, 8.5], "rotation": 90, "texture": "#0"},
				"south": {"uv": [6.5, 8.375, 6.625, 8.5], "texture": "#0"},
				"west": {"uv": [6.5, 7.125, 6.625, 8.5], "rotation": 90, "texture": "#0"},
				"up": {"uv": [6.5, 7.125, 6.625, 8.5], "texture": "#0"},
				"down": {"uv": [6.625, 7.125, 6.5, 8.5], "rotation": 180, "texture": "#0"}
			}
		},
		{
			"from": [5.85, 5.7, 6.575],
			"to": [5.975, 6, 8.45],
			"faces": {
				"north": {"uv": [6.75, 6.875, 6.625, 7], "texture": "#0"},
				"east": {"uv": [6.625, 6.875, 6.75, 8.75], "rotation": 90, "texture": "#0"},
				"south": {"uv": [6.625, 8.625, 6.75, 8.75], "texture": "#0"},
				"west": {"uv": [6.625, 6.875, 6.75, 8.75], "rotation": 90, "texture": "#0"},
				"up": {"uv": [6.625, 6.875, 6.75, 8.75], "texture": "#0"},
				"down": {"uv": [6.75, 6.875, 6.625, 8.75], "rotation": 180, "texture": "#0"}
			}
		}
	],
	"gui_light": "front",
	"display": {
		"thirdperson_righthand": {
			"rotation": [0, -90, 0],
			"translation": [-1, 2.5, 2.25],
			"scale": [1.1, 1.1, 1.1]
		},
		"thirdperson_lefthand": {
			"rotation": [0, 90, 0],
			"translation": [0.14, 2.5, 2.25],
			"scale": [1.1, 1.1, 1.1]
		},
		"firstperson_righthand": {
			"rotation": [55, -90, 60],
			"translation": [-1.25, 3.5, 1.25],
			"scale": [0.8, 0.8, 0.8]
		},
		"firstperson_lefthand": {
			"rotation": [-65, 90, 60],
			"translation": [-0.75, 3.5, 1.25],
			"scale": [0.8, 0.8, 0.8]
		},
		"ground": {
			"rotation": [-45, -90, 0],
			"translation": [0, 1, 0],
			"scale": [0.45, 0.45, 0.45]
		},
		"gui": {
			"rotation": [0, -180, 45],
			"translation": [-2.25, -2, 0],
			"scale": [0.9, 0.9, 0.9]
		},
		"head": {
			"translation": [0, 9.75, 0]
		},
		"fixed": {
			"rotation": [-180, 180, -135],
			"translation": [2.5, -1.5, 0]
		}
	}
}