{
	"credit": "Made with Blockbench",
	"textures": {
		"1": "./tonfa",
		"particle": "./tonfa"
	},
	"elements": [
		{
			"from": [9.075, 13.925, 7.35],
			"to": [9.325, 14.05, 7.525],
			"rotation": {"angle": 0, "axis": "y", "origin": [-0.125, -6.125, 0]},
			"faces": {
				"north": {"uv": [8.5, 0.375, 8.25, 0.5], "texture": "#1"},
				"east": {"uv": [8.375, 0.375, 8.5, 0.5], "texture": "#1"},
				"south": {"uv": [8.25, 0.375, 8.5, 0.5], "texture": "#1"},
				"west": {"uv": [8.25, 0.375, 8.375, 0.5], "texture": "#1"},
				"up": {"uv": [8.25, 0.5, 8.5, 0.375], "texture": "#1"},
				"down": {"uv": [8.25, 0.5, 8.5, 0.375], "texture": "#1"}
			}
		},
		{
			"from": [8.575, 13.425, 7.35],
			"to": [8.825, 13.55, 7.525],
			"rotation": {"angle": 0, "axis": "y", "origin": [-0.125, -6.125, 0]},
			"faces": {
				"north": {"uv": [8, 0.875, 7.75, 1], "texture": "#1"},
				"east": {"uv": [7.875, 0.875, 8, 1], "texture": "#1"},
				"south": {"uv": [7.75, 0.875, 8, 1], "texture": "#1"},
				"west": {"uv": [7.75, 0.875, 7.875, 1], "texture": "#1"},
				"up": {"uv": [7.75, 1, 8, 0.875], "texture": "#1"},
				"down": {"uv": [7.75, 1, 8, 0.875], "texture": "#1"}
			}
		},
		{
			"from": [8.45, 13.3, 7.35],
			"to": [8.7, 13.425, 7.525],
			"rotation": {"angle": 0, "axis": "y", "origin": [-0.375, -6.375, 0]},
			"faces": {
				"north": {"uv": [7.875, 1, 7.625, 1.125], "texture": "#1"},
				"east": {"uv": [7.75, 1, 7.875, 1.125], "texture": "#1"},
				"south": {"uv": [7.625, 1, 7.875, 1.125], "texture": "#1"},
				"west": {"uv": [7.625, 1, 7.75, 1.125], "texture": "#1"},
				"up": {"uv": [7.625, 1.125, 7.875, 1], "texture": "#1"},
				"down": {"uv": [7.625, 1.125, 7.875, 1], "texture": "#1"}
			}
		},
		{
			"from": [8.325, 13.175, 7.35],
			"to": [8.575, 13.3, 7.525],
			"rotation": {"angle": 0, "axis": "y", "origin": [-0.375, -6.375, 0]},
			"faces": {
				"north": {"uv": [7.75, 1.125, 7.5, 1.25], "texture": "#1"},
				"east": {"uv": [7.625, 1.125, 7.75, 1.25], "texture": "#1"},
				"south": {"uv": [7.5, 1.125, 7.75, 1.25], "texture": "#1"},
				"west": {"uv": [7.5, 1.125, 7.625, 1.25], "texture": "#1"},
				"up": {"uv": [7.5, 1.25, 7.75, 1.125], "texture": "#1"},
				"down": {"uv": [7.5, 1.25, 7.75, 1.125], "texture": "#1"}
			}
		},
		{
			"from": [8.2, 12.925, 7.35],
			"to": [8.575, 13.175, 7.525],
			"rotation": {"angle": 0, "axis": "y", "origin": [-0.375, -6.5, 0]},
			"faces": {
				"north": {"uv": [7.75, 1.25, 7.375, 1.5], "texture": "#1"},
				"east": {"uv": [7.625, 1.25, 7.75, 1.5], "texture": "#1"},
				"south": {"uv": [7.375, 1.25, 7.75, 1.5], "texture": "#1"},
				"west": {"uv": [7.375, 1.25, 7.5, 1.5], "texture": "#1"},
				"up": {"uv": [7.375, 1.375, 7.75, 1.25], "texture": "#1"},
				"down": {"uv": [7.375, 1.5, 7.75, 1.375], "texture": "#1"}
			}
		},
		{
			"from": [8.075, 12.675, 7.35],
			"to": [8.45, 12.925, 7.525],
			"rotation": {"angle": 0, "axis": "y", "origin": [-0.5, -6.75, 0]},
			"faces": {
				"north": {"uv": [7.625, 1.5, 7.25, 1.75], "texture": "#1"},
				"east": {"uv": [7.5, 1.5, 7.625, 1.75], "texture": "#1"},
				"south": {"uv": [7.25, 1.5, 7.625, 1.75], "texture": "#1"},
				"west": {"uv": [7.25, 1.5, 7.375, 1.75], "texture": "#1"},
				"up": {"uv": [7.25, 1.625, 7.625, 1.5], "texture": "#1"},
				"down": {"uv": [7.25, 1.75, 7.625, 1.625], "texture": "#1"}
			}
		},
		{
			"from": [7.95, 12.425, 7.35],
			"to": [8.325, 12.675, 7.525],
			"rotation": {"angle": 0, "axis": "y", "origin": [-0.625, -7, 0]},
			"faces": {
				"north": {"uv": [7.5, 1.75, 7.125, 2], "texture": "#1"},
				"east": {"uv": [7.375, 1.75, 7.5, 2], "texture": "#1"},
				"south": {"uv": [7.125, 1.75, 7.5, 2], "texture": "#1"},
				"west": {"uv": [7.125, 1.75, 7.25, 2], "texture": "#1"},
				"up": {"uv": [7.125, 1.875, 7.5, 1.75], "texture": "#1"},
				"down": {"uv": [7.125, 2, 7.5, 1.875], "texture": "#1"}
			}
		},
		{
			"from": [7.825, 12.05, 7.35],
			"to": [8.2, 12.425, 7.525],
			"rotation": {"angle": 0, "axis": "y", "origin": [-0.75, -7.25, 0]},
			"faces": {
				"north": {"uv": [7.375, 2, 7, 2.375], "texture": "#1"},
				"east": {"uv": [7.25, 2, 7.375, 2.375], "texture": "#1"},
				"south": {"uv": [7, 2, 7.375, 2.375], "texture": "#1"},
				"west": {"uv": [7, 2, 7.125, 2.375], "texture": "#1"},
				"up": {"uv": [7, 2.125, 7.375, 2], "texture": "#1"},
				"down": {"uv": [7, 2.375, 7.375, 2.25], "texture": "#1"}
			}
		},
		{
			"from": [7.7, 11.425, 7.35],
			"to": [8.075, 12.05, 7.525],
			"rotation": {"angle": 0, "axis": "y", "origin": [-0.875, -7.625, 0]},
			"faces": {
				"north": {"uv": [7.25, 2.375, 6.875, 3], "texture": "#1"},
				"east": {"uv": [7.125, 2.375, 7.25, 3], "texture": "#1"},
				"south": {"uv": [6.875, 2.375, 7.25, 3], "texture": "#1"},
				"west": {"uv": [6.875, 2.375, 7, 3], "texture": "#1"},
				"up": {"uv": [6.875, 2.5, 7.25, 2.375], "texture": "#1"},
				"down": {"uv": [6.875, 3, 7.25, 2.875], "texture": "#1"}
			}
		},
		{
			"from": [7.575, 5.925, 7.35],
			"to": [7.95, 11.425, 7.525],
			"rotation": {"angle": 0, "axis": "y", "origin": [-1, -9.125, 0]},
			"faces": {
				"north": {"uv": [7.125, 3, 6.75, 8.5], "texture": "#1"},
				"east": {"uv": [7, 3, 7.125, 8.5], "texture": "#1"},
				"south": {"uv": [6.75, 3, 7.125, 8.5], "texture": "#1"},
				"west": {"uv": [6.75, 3, 6.875, 8.5], "texture": "#1"},
				"up": {"uv": [6.75, 3.125, 7.125, 3], "texture": "#1"},
				"down": {"uv": [6.75, 8.5, 7.125, 8.375], "texture": "#1"}
			}
		},
		{
			"from": [8.7, 13.55, 7.35],
			"to": [8.95, 13.675, 7.525],
			"rotation": {"angle": 0, "axis": "y", "origin": [-0.125, -6.125, 0]},
			"faces": {
				"north": {"uv": [8.125, 0.75, 7.875, 0.875], "texture": "#1"},
				"east": {"uv": [8, 0.75, 8.125, 0.875], "texture": "#1"},
				"south": {"uv": [7.875, 0.75, 8.125, 0.875], "texture": "#1"},
				"west": {"uv": [7.875, 0.75, 8, 0.875], "texture": "#1"},
				"up": {"uv": [7.875, 0.875, 8.125, 0.75], "texture": "#1"},
				"down": {"uv": [7.875, 0.875, 8.125, 0.75], "texture": "#1"}
			}
		},
		{
			"from": [8.825, 13.675, 7.35],
			"to": [9.075, 13.8, 7.525],
			"rotation": {"angle": 0, "axis": "y", "origin": [-0.125, -6.125, 0]},
			"faces": {
				"north": {"uv": [8.25, 0.625, 8, 0.75], "texture": "#1"},
				"east": {"uv": [8.125, 0.625, 8.25, 0.75], "texture": "#1"},
				"south": {"uv": [8, 0.625, 8.25, 0.75], "texture": "#1"},
				"west": {"uv": [8, 0.625, 8.125, 0.75], "texture": "#1"},
				"up": {"uv": [8, 0.75, 8.25, 0.625], "texture": "#1"},
				"down": {"uv": [8, 0.75, 8.25, 0.625], "texture": "#1"}
			}
		},
		{
			"from": [8.95, 13.8, 7.35],
			"to": [9.2, 13.925, 7.525],
			"rotation": {"angle": 0, "axis": "y", "origin": [-0.125, -6.125, 0]},
			"faces": {
				"north": {"uv": [8.375, 0.5, 8.125, 0.625], "texture": "#1"},
				"east": {"uv": [8.25, 0.5, 8.375, 0.625], "texture": "#1"},
				"south": {"uv": [8.125, 0.5, 8.375, 0.625], "texture": "#1"},
				"west": {"uv": [8.125, 0.5, 8.25, 0.625], "texture": "#1"},
				"up": {"uv": [8.125, 0.625, 8.375, 0.5], "texture": "#1"},
				"down": {"uv": [8.125, 0.625, 8.375, 0.5], "texture": "#1"}
			}
		},
		{
			"from": [9.2, 14.05, 7.35],
			"to": [9.45, 14.175, 7.525],
			"rotation": {"angle": 0, "axis": "y", "origin": [0, -6.125, 0]},
			"faces": {
				"north": {"uv": [8.625, 0.25, 8.375, 0.375], "texture": "#1"},
				"east": {"uv": [8.5, 0.25, 8.625, 0.375], "texture": "#1"},
				"south": {"uv": [8.375, 0.25, 8.625, 0.375], "texture": "#1"},
				"west": {"uv": [8.375, 0.25, 8.5, 0.375], "texture": "#1"},
				"up": {"uv": [8.375, 0.375, 8.625, 0.25], "texture": "#1"},
				"down": {"uv": [8.375, 0.375, 8.625, 0.25], "texture": "#1"}
			}
		},
		{
			"from": [9.325, 14.175, 7.35],
			"to": [9.45, 14.3, 7.525],
			"rotation": {"angle": 0, "axis": "y", "origin": [0, -6.125, 0]},
			"faces": {
				"north": {"uv": [8.625, 0.125, 8.5, 0.25], "texture": "#1"},
				"east": {"uv": [8.5, 0.125, 8.625, 0.25], "texture": "#1"},
				"south": {"uv": [8.5, 0.125, 8.625, 0.25], "texture": "#1"},
				"west": {"uv": [8.5, 0.125, 8.625, 0.25], "texture": "#1"},
				"up": {"uv": [8.5, 0.25, 8.625, 0.125], "texture": "#1"},
				"down": {"uv": [8.5, 0.25, 8.625, 0.125], "texture": "#1"}
			}
		},
		{
			"from": [9.325, 13.925, 7.275],
			"to": [9.45, 14.05, 7.6],
			"rotation": {"angle": 0, "axis": "y", "origin": [0, -6, 0]},
			"faces": {
				"north": {"uv": [8.625, 0.375, 8.5, 0.5], "texture": "#1"},
				"east": {"uv": [8.5, 0.375, 8.625, 0.5], "texture": "#1"},
				"south": {"uv": [8.5, 0.375, 8.625, 0.5], "texture": "#1"},
				"west": {"uv": [8.5, 0.375, 8.625, 0.5], "texture": "#1"},
				"up": {"uv": [8.5, 0.5, 8.625, 0.375], "texture": "#1"},
				"down": {"uv": [8.5, 0.5, 8.625, 0.375], "texture": "#1"}
			}
		},
		{
			"from": [9.2, 13.8, 7.275],
			"to": [9.325, 13.925, 7.6],
			"rotation": {"angle": 0, "axis": "y", "origin": [-0.125, -6.125, 0]},
			"faces": {
				"north": {"uv": [8.5, 0.5, 8.375, 0.625], "texture": "#1"},
				"east": {"uv": [8.375, 0.5, 8.5, 0.625], "texture": "#1"},
				"south": {"uv": [8.375, 0.5, 8.5, 0.625], "texture": "#1"},
				"west": {"uv": [8.375, 0.5, 8.5, 0.625], "texture": "#1"},
				"up": {"uv": [8.375, 0.625, 8.5, 0.5], "texture": "#1"},
				"down": {"uv": [8.375, 0.625, 8.5, 0.5], "texture": "#1"}
			}
		},
		{
			"from": [9.075, 13.675, 7.275],
			"to": [9.325, 13.8, 7.6],
			"rotation": {"angle": 0, "axis": "y", "origin": [-0.25, -6.25, 0]},
			"faces": {
				"north": {"uv": [8.5, 0.625, 8.25, 0.75], "texture": "#1"},
				"east": {"uv": [8.375, 0.625, 8.5, 0.75], "texture": "#1"},
				"south": {"uv": [8.25, 0.625, 8.5, 0.75], "texture": "#1"},
				"west": {"uv": [8.25, 0.625, 8.375, 0.75], "texture": "#1"},
				"up": {"uv": [8.25, 0.75, 8.5, 0.625], "texture": "#1"},
				"down": {"uv": [8.25, 0.75, 8.5, 0.625], "texture": "#1"}
			}
		},
		{
			"from": [8.95, 13.55, 7.275],
			"to": [9.2, 13.675, 7.6],
			"rotation": {"angle": 0, "axis": "y", "origin": [-0.375, -6.375, 0]},
			"faces": {
				"north": {"uv": [8.375, 0.75, 8.125, 0.875], "texture": "#1"},
				"east": {"uv": [8.25, 0.75, 8.375, 0.875], "texture": "#1"},
				"south": {"uv": [8.125, 0.75, 8.375, 0.875], "texture": "#1"},
				"west": {"uv": [8.125, 0.75, 8.25, 0.875], "texture": "#1"},
				"up": {"uv": [8.125, 0.875, 8.375, 0.75], "texture": "#1"},
				"down": {"uv": [8.125, 0.875, 8.375, 0.75], "texture": "#1"}
			}
		},
		{
			"from": [8.825, 13.425, 7.275],
			"to": [9.2, 13.55, 7.6],
			"rotation": {"angle": 0, "axis": "y", "origin": [-0.5, -6.5, 0]},
			"faces": {
				"north": {"uv": [8.375, 0.875, 8, 1], "texture": "#1"},
				"east": {"uv": [8.25, 0.875, 8.375, 1], "texture": "#1"},
				"south": {"uv": [8, 0.875, 8.375, 1], "texture": "#1"},
				"west": {"uv": [8, 0.875, 8.125, 1], "texture": "#1"},
				"up": {"uv": [8, 1, 8.375, 0.875], "texture": "#1"},
				"down": {"uv": [8, 1, 8.375, 0.875], "texture": "#1"}
			}
		},
		{
			"from": [8.7, 13.3, 7.275],
			"to": [9.2, 13.425, 7.6],
			"rotation": {"angle": 0, "axis": "y", "origin": [-0.5, -6.625, 0]},
			"faces": {
				"north": {"uv": [8.375, 1, 7.875, 1.125], "texture": "#1"},
				"east": {"uv": [8.25, 1, 8.375, 1.125], "texture": "#1"},
				"south": {"uv": [7.875, 1, 8.375, 1.125], "texture": "#1"},
				"west": {"uv": [7.875, 1, 8, 1.125], "texture": "#1"},
				"up": {"uv": [7.875, 1.125, 8.375, 1], "texture": "#1"},
				"down": {"uv": [7.875, 1.125, 8.375, 1], "texture": "#1"}
			}
		},
		{
			"from": [8.45, 12.8, 7.275],
			"to": [8.95, 12.925, 7.6],
			"rotation": {"angle": 0, "axis": "y", "origin": [-0.75, -7.125, 0]},
			"faces": {
				"north": {"uv": [8.125, 1.5, 7.625, 1.625], "texture": "#1"},
				"east": {"uv": [8, 1.5, 8.125, 1.625], "texture": "#1"},
				"south": {"uv": [7.625, 1.5, 8.125, 1.625], "texture": "#1"},
				"west": {"uv": [7.625, 1.5, 7.75, 1.625], "texture": "#1"},
				"up": {"uv": [7.625, 1.625, 8.125, 1.5], "texture": "#1"},
				"down": {"uv": [7.625, 1.625, 8.125, 1.5], "texture": "#1"}
			}
		},
		{
			"from": [8.45, 12.925, 7.275],
			"to": [9.075, 13.05, 7.6],
			"rotation": {"angle": 0, "axis": "y", "origin": [-0.75, -7, 0]},
			"faces": {
				"north": {"uv": [8.25, 1.375, 7.625, 1.5], "texture": "#1"},
				"east": {"uv": [8.125, 1.375, 8.25, 1.5], "texture": "#1"},
				"south": {"uv": [7.625, 1.375, 8.25, 1.5], "texture": "#1"},
				"west": {"uv": [7.625, 1.375, 7.75, 1.5], "texture": "#1"},
				"up": {"uv": [7.625, 1.5, 8.25, 1.375], "texture": "#1"},
				"down": {"uv": [7.625, 1.5, 8.25, 1.375], "texture": "#1"}
			}
		},
		{
			"from": [8.575, 13.05, 7.275],
			"to": [9.075, 13.3, 7.6],
			"rotation": {"angle": 0, "axis": "y", "origin": [-0.625, -6.75, 0]},
			"faces": {
				"north": {"uv": [8.25, 1.125, 7.75, 1.375], "texture": "#1"},
				"east": {"uv": [8.125, 1.125, 8.25, 1.375], "texture": "#1"},
				"south": {"uv": [7.75, 1.125, 8.25, 1.375], "texture": "#1"},
				"west": {"uv": [7.75, 1.125, 7.875, 1.375], "texture": "#1"},
				"up": {"uv": [7.75, 1.25, 8.25, 1.125], "texture": "#1"},
				"down": {"uv": [7.75, 1.375, 8.25, 1.25], "texture": "#1"}
			}
		},
		{
			"from": [8.2, 12.05, 7.275],
			"to": [8.825, 12.425, 7.6],
			"rotation": {"angle": 0, "axis": "y", "origin": [-1, -7.625, 0]},
			"faces": {
				"north": {"uv": [8, 2, 7.375, 2.375], "texture": "#1"},
				"east": {"uv": [7.875, 2, 8, 2.375], "texture": "#1"},
				"south": {"uv": [7.375, 2, 8, 2.375], "texture": "#1"},
				"west": {"uv": [7.375, 2, 7.5, 2.375], "texture": "#1"},
				"up": {"uv": [7.375, 2.125, 8, 2], "texture": "#1"},
				"down": {"uv": [7.375, 2.375, 8, 2.25], "texture": "#1"}
			}
		},
		{
			"from": [8.075, 11.425, 7.275],
			"to": [8.7, 11.8, 7.6],
			"rotation": {"angle": 0, "axis": "y", "origin": [-1.125, -8.25, 0]},
			"faces": {
				"north": {"uv": [7.875, 2.625, 7.25, 3], "texture": "#1"},
				"east": {"uv": [7.75, 2.625, 7.875, 3], "texture": "#1"},
				"south": {"uv": [7.25, 2.625, 7.875, 3], "texture": "#1"},
				"west": {"uv": [7.25, 2.625, 7.375, 3], "texture": "#1"},
				"up": {"uv": [7.25, 2.75, 7.875, 2.625], "texture": "#1"},
				"down": {"uv": [7.25, 3, 7.875, 2.875], "texture": "#1"}
			}
		},
		{
			"from": [7.95, 7.05, 7.275],
			"to": [8.575, 11.05, 7.6],
			"rotation": {"angle": 0, "axis": "y", "origin": [-1.25, -9.875, 0]},
			"faces": {
				"north": {"uv": [7.75, 3.375, 7.125, 7.375], "texture": "#1"},
				"east": {"uv": [7.625, 3.375, 7.75, 7.375], "texture": "#1"},
				"south": {"uv": [7.125, 3.375, 7.75, 7.375], "texture": "#1"},
				"west": {"uv": [7.125, 3.375, 7.25, 7.375], "texture": "#1"},
				"up": {"uv": [7.125, 3.5, 7.75, 3.375], "texture": "#1"},
				"down": {"uv": [7.125, 7.375, 7.75, 7.25], "texture": "#1"}
			}
		},
		{
			"from": [7.95, 11.05, 7.275],
			"to": [8.7, 11.425, 7.6],
			"rotation": {"angle": 0, "axis": "y", "origin": [-1.25, -8.625, 0]},
			"faces": {
				"north": {"uv": [7.875, 3, 7.125, 3.375], "texture": "#1"},
				"east": {"uv": [7.75, 3, 7.875, 3.375], "texture": "#1"},
				"south": {"uv": [7.125, 3, 7.875, 3.375], "texture": "#1"},
				"west": {"uv": [7.125, 3, 7.25, 3.375], "texture": "#1"},
				"up": {"uv": [7.125, 3.125, 7.875, 3], "texture": "#1"},
				"down": {"uv": [7.125, 3.375, 7.875, 3.25], "texture": "#1"}
			}
		},
		{
			"from": [8.2, 12.425, 7.275],
			"to": [8.95, 12.55, 7.6],
			"rotation": {"angle": 0, "axis": "y", "origin": [-1, -7.5, 0]},
			"faces": {
				"north": {"uv": [8.125, 1.875, 7.375, 2], "texture": "#1"},
				"east": {"uv": [8, 1.875, 8.125, 2], "texture": "#1"},
				"south": {"uv": [7.375, 1.875, 8.125, 2], "texture": "#1"},
				"west": {"uv": [7.375, 1.875, 7.5, 2], "texture": "#1"},
				"up": {"uv": [7.375, 2, 8.125, 1.875], "texture": "#1"},
				"down": {"uv": [7.375, 2, 8.125, 1.875], "texture": "#1"}
			}
		},
		{
			"from": [8.325, 12.55, 7.275],
			"to": [8.95, 12.8, 7.6],
			"rotation": {"angle": 0, "axis": "y", "origin": [-0.875, -7.25, 0]},
			"faces": {
				"north": {"uv": [8.125, 1.625, 7.5, 1.875], "texture": "#1"},
				"east": {"uv": [8, 1.625, 8.125, 1.875], "texture": "#1"},
				"south": {"uv": [7.5, 1.625, 8.125, 1.875], "texture": "#1"},
				"west": {"uv": [7.5, 1.625, 7.625, 1.875], "texture": "#1"},
				"up": {"uv": [7.5, 1.75, 8.125, 1.625], "texture": "#1"},
				"down": {"uv": [7.5, 1.875, 8.125, 1.75], "texture": "#1"}
			}
		},
		{
			"from": [8.325, 7.05, 7.15],
			"to": [8.575, 7.3, 7.725],
			"rotation": {"angle": 0, "axis": "y", "origin": [-0.875, -12.75, 0]},
			"faces": {
				"north": {"uv": [7.75, 7.125, 7.5, 7.375], "texture": "#1"},
				"east": {"uv": [7.625, 7.125, 7.75, 7.375], "texture": "#1"},
				"south": {"uv": [7.5, 7.125, 7.75, 7.375], "texture": "#1"},
				"west": {"uv": [7.5, 7.125, 7.625, 7.375], "texture": "#1"},
				"up": {"uv": [7.5, 7.25, 7.75, 7.125], "texture": "#1"},
				"down": {"uv": [7.5, 7.375, 7.75, 7.25], "texture": "#1"}
			}
		},
		{
			"from": [8.075, 7.05, 7.15],
			"to": [8.325, 7.175, 7.725],
			"rotation": {"angle": 0, "axis": "y", "origin": [-1.125, -12.75, 0]},
			"faces": {
				"north": {"uv": [7.5, 7.25, 7.25, 7.375], "texture": "#1"},
				"east": {"uv": [7.375, 7.25, 7.5, 7.375], "texture": "#1"},
				"south": {"uv": [7.25, 7.25, 7.5, 7.375], "texture": "#1"},
				"west": {"uv": [7.25, 7.25, 7.375, 7.375], "texture": "#1"},
				"up": {"uv": [7.25, 7.375, 7.5, 7.25], "texture": "#1"},
				"down": {"uv": [7.25, 7.375, 7.5, 7.25], "texture": "#1"}
			}
		},
		{
			"from": [8.325, 6.925, 7.2],
			"to": [8.825, 7.175, 7.675],
			"rotation": {"angle": 0, "axis": "y", "origin": [-0.625, -12.75, 0]},
			"faces": {
				"north": {"uv": [8, 7.25, 7.5, 7.5], "texture": "#1"},
				"east": {"uv": [7.875, 7.25, 8, 7.5], "texture": "#1"},
				"south": {"uv": [7.5, 7.25, 8, 7.5], "texture": "#1"},
				"west": {"uv": [7.5, 7.25, 7.625, 7.5], "texture": "#1"},
				"up": {"uv": [7.5, 7.375, 8, 7.25], "texture": "#1"},
				"down": {"uv": [7.5, 7.5, 8, 7.375], "texture": "#1"}
			}
		},
		{
			"from": [8.2, 6.3, 7.2],
			"to": [8.575, 6.425, 7.675],
			"rotation": {"angle": 0, "axis": "y", "origin": [-0.75, -13.5, 0]},
			"faces": {
				"north": {"uv": [7.75, 8, 7.375, 8.125], "texture": "#1"},
				"east": {"uv": [7.625, 8, 7.75, 8.125], "texture": "#1"},
				"south": {"uv": [7.375, 8, 7.75, 8.125], "texture": "#1"},
				"west": {"uv": [7.375, 8, 7.5, 8.125], "texture": "#1"},
				"up": {"uv": [7.375, 8.125, 7.75, 8], "texture": "#1"},
				"down": {"uv": [7.375, 8.125, 7.75, 8], "texture": "#1"}
			}
		},
		{
			"from": [8.075, 5.3, 7.2],
			"to": [8.325, 5.55, 7.675],
			"rotation": {"angle": 0, "axis": "y", "origin": [-0.875, -14.375, 0]},
			"faces": {
				"north": {"uv": [7.5, 8.875, 7.25, 9.125], "texture": "#1"},
				"east": {"uv": [7.375, 8.875, 7.5, 9.125], "texture": "#1"},
				"south": {"uv": [7.25, 8.875, 7.5, 9.125], "texture": "#1"},
				"west": {"uv": [7.25, 8.875, 7.375, 9.125], "texture": "#1"},
				"up": {"uv": [7.25, 9, 7.5, 8.875], "texture": "#1"},
				"down": {"uv": [7.25, 9.125, 7.5, 9], "texture": "#1"}
			}
		},
		{
			"from": [8.325, 4.55, 7.25],
			"to": [8.45, 5.55, 7.625],
			"rotation": {"angle": 0, "axis": "y", "origin": [-0.625, -14.375, 0]},
			"faces": {
				"north": {"uv": [7.625, 8.875, 7.5, 9.875], "texture": "#1"},
				"east": {"uv": [7.5, 8.875, 7.625, 9.875], "texture": "#1"},
				"south": {"uv": [7.5, 8.875, 7.625, 9.875], "texture": "#1"},
				"west": {"uv": [7.5, 8.875, 7.625, 9.875], "texture": "#1"},
				"up": {"uv": [7.5, 9, 7.625, 8.875], "texture": "#1"},
				"down": {"uv": [7.5, 9.875, 7.625, 9.75], "texture": "#1"}
			}
		},
		{
			"from": [8.2, 4.8, 7.25],
			"to": [8.325, 5.3, 7.625],
			"rotation": {"angle": 0, "axis": "y", "origin": [-0.75, -14.375, 0]},
			"faces": {
				"north": {"uv": [7.5, 9.125, 7.375, 9.625], "texture": "#1"},
				"east": {"uv": [7.375, 9.125, 7.5, 9.625], "texture": "#1"},
				"south": {"uv": [7.375, 9.125, 7.5, 9.625], "texture": "#1"},
				"west": {"uv": [7.375, 9.125, 7.5, 9.625], "texture": "#1"},
				"up": {"uv": [7.375, 9.25, 7.5, 9.125], "texture": "#1"},
				"down": {"uv": [7.375, 9.625, 7.5, 9.5], "texture": "#1"}
			}
		},
		{
			"from": [8.325, 3.175, 7.25],
			"to": [8.45, 4.175, 7.625],
			"rotation": {"angle": 0, "axis": "y", "origin": [-0.625, -15.75, 0]},
			"faces": {
				"north": {"uv": [7.625, 10.25, 7.5, 11.25], "texture": "#1"},
				"east": {"uv": [7.5, 10.25, 7.625, 11.25], "texture": "#1"},
				"south": {"uv": [7.5, 10.25, 7.625, 11.25], "texture": "#1"},
				"west": {"uv": [7.5, 10.25, 7.625, 11.25], "texture": "#1"},
				"up": {"uv": [7.5, 10.375, 7.625, 10.25], "texture": "#1"},
				"down": {"uv": [7.5, 11.25, 7.625, 11.125], "texture": "#1"}
			}
		},
		{
			"from": [8.2, 3.425, 7.25],
			"to": [8.325, 3.925, 7.625],
			"rotation": {"angle": 0, "axis": "y", "origin": [-0.75, -15.75, 0]},
			"faces": {
				"north": {"uv": [7.5, 10.5, 7.375, 11], "texture": "#1"},
				"east": {"uv": [7.375, 10.5, 7.5, 11], "texture": "#1"},
				"south": {"uv": [7.375, 10.5, 7.5, 11], "texture": "#1"},
				"west": {"uv": [7.375, 10.5, 7.5, 11], "texture": "#1"},
				"up": {"uv": [7.375, 10.625, 7.5, 10.5], "texture": "#1"},
				"down": {"uv": [7.375, 11, 7.5, 10.875], "texture": "#1"}
			}
		},
		{
			"from": [8.45, 3.425, 7.25],
			"to": [8.575, 5.3, 7.625],
			"rotation": {"angle": 0, "axis": "y", "origin": [-0.5, -15.5, 0]},
			"faces": {
				"north": {"uv": [7.75, 9.125, 7.625, 11], "texture": "#1"},
				"east": {"uv": [7.625, 9.125, 7.75, 11], "texture": "#1"},
				"south": {"uv": [7.625, 9.125, 7.75, 11], "texture": "#1"},
				"west": {"uv": [7.625, 9.125, 7.75, 11], "texture": "#1"},
				"up": {"uv": [7.625, 9.25, 7.75, 9.125], "texture": "#1"},
				"down": {"uv": [7.625, 11, 7.75, 10.875], "texture": "#1"}
			}
		},
		{
			"from": [8.575, 3.675, 7.25],
			"to": [8.7, 5.05, 7.625],
			"rotation": {"angle": 0, "axis": "y", "origin": [-0.375, -15.5, 0]},
			"faces": {
				"north": {"uv": [7.875, 9.375, 7.75, 10.75], "texture": "#1"},
				"east": {"uv": [7.75, 9.375, 7.875, 10.75], "texture": "#1"},
				"south": {"uv": [7.75, 9.375, 7.875, 10.75], "texture": "#1"},
				"west": {"uv": [7.75, 9.375, 7.875, 10.75], "texture": "#1"},
				"up": {"uv": [7.75, 9.5, 7.875, 9.375], "texture": "#1"},
				"down": {"uv": [7.75, 10.75, 7.875, 10.625], "texture": "#1"}
			}
		},
		{
			"from": [8.7, 3.8, 7.25],
			"to": [8.825, 4.8, 7.625],
			"rotation": {"angle": 0, "axis": "y", "origin": [-0.25, -15.5, 0]},
			"faces": {
				"north": {"uv": [8, 9.625, 7.875, 10.625], "texture": "#1"},
				"east": {"uv": [7.875, 9.625, 8, 10.625], "texture": "#1"},
				"south": {"uv": [7.875, 9.625, 8, 10.625], "texture": "#1"},
				"west": {"uv": [7.875, 9.625, 8, 10.625], "texture": "#1"},
				"up": {"uv": [7.875, 9.75, 8, 9.625], "texture": "#1"},
				"down": {"uv": [7.875, 10.625, 8, 10.5], "texture": "#1"}
			}
		},
		{
			"from": [8.825, 3.925, 7.25],
			"to": [9.2, 4.675, 7.625],
			"rotation": {"angle": 0, "axis": "y", "origin": [-0.125, -15.375, 0]},
			"faces": {
				"north": {"uv": [8.375, 9.75, 8, 10.5], "texture": "#1"},
				"east": {"uv": [8.25, 9.75, 8.375, 10.5], "texture": "#1"},
				"south": {"uv": [8, 9.75, 8.375, 10.5], "texture": "#1"},
				"west": {"uv": [8, 9.75, 8.125, 10.5], "texture": "#1"},
				"up": {"uv": [8, 9.875, 8.375, 9.75], "texture": "#1"},
				"down": {"uv": [8, 10.5, 8.375, 10.375], "texture": "#1"}
			}
		},
		{
			"from": [9.2, 4.05, 7.25],
			"to": [9.575, 4.8, 7.625],
			"rotation": {"angle": 0, "axis": "y", "origin": [0.25, -15.25, 0]},
			"faces": {
				"north": {"uv": [8.75, 9.625, 8.375, 10.375], "texture": "#1"},
				"east": {"uv": [8.625, 9.625, 8.75, 10.375], "texture": "#1"},
				"south": {"uv": [8.375, 9.625, 8.75, 10.375], "texture": "#1"},
				"west": {"uv": [8.375, 9.625, 8.5, 10.375], "texture": "#1"},
				"up": {"uv": [8.375, 9.75, 8.75, 9.625], "texture": "#1"},
				"down": {"uv": [8.375, 10.375, 8.75, 10.25], "texture": "#1"}
			}
		},
		{
			"from": [9.95, 4.05, 7.25],
			"to": [10.575, 4.8, 7.625],
			"rotation": {"angle": 0, "axis": "y", "origin": [1, -15.25, 0]},
			"faces": {
				"north": {"uv": [9.75, 9.625, 9.125, 10.375], "texture": "#1"},
				"east": {"uv": [9.625, 9.625, 9.75, 10.375], "texture": "#1"},
				"south": {"uv": [9.125, 9.625, 9.75, 10.375], "texture": "#1"},
				"west": {"uv": [9.125, 9.625, 9.25, 10.375], "texture": "#1"},
				"up": {"uv": [9.125, 9.75, 9.75, 9.625], "texture": "#1"},
				"down": {"uv": [9.125, 10.375, 9.75, 10.25], "texture": "#1"}
			}
		},
		{
			"from": [10.575, 3.925, 7.25],
			"to": [11.075, 4.675, 7.625],
			"rotation": {"angle": 0, "axis": "y", "origin": [1.625, -15.375, 0]},
			"faces": {
				"north": {"uv": [10.25, 9.75, 9.75, 10.5], "texture": "#1"},
				"east": {"uv": [10.125, 9.75, 10.25, 10.5], "texture": "#1"},
				"south": {"uv": [9.75, 9.75, 10.25, 10.5], "texture": "#1"},
				"west": {"uv": [9.75, 9.75, 9.875, 10.5], "texture": "#1"},
				"up": {"uv": [9.75, 9.875, 10.25, 9.75], "texture": "#1"},
				"down": {"uv": [9.75, 10.5, 10.25, 10.375], "texture": "#1"}
			}
		},
		{
			"from": [11.075, 3.8, 7.25],
			"to": [11.575, 4.55, 7.625],
			"rotation": {"angle": 0, "axis": "y", "origin": [2.125, -15.5, 0]},
			"faces": {
				"north": {"uv": [10.75, 9.875, 10.25, 10.625], "texture": "#1"},
				"east": {"uv": [10.625, 9.875, 10.75, 10.625], "texture": "#1"},
				"south": {"uv": [10.25, 9.875, 10.75, 10.625], "texture": "#1"},
				"west": {"uv": [10.25, 9.875, 10.375, 10.625], "texture": "#1"},
				"up": {"uv": [10.25, 10, 10.75, 9.875], "texture": "#1"},
				"down": {"uv": [10.25, 10.625, 10.75, 10.5], "texture": "#1"}
			}
		},
		{
			"from": [11.575, 3.675, 7.25],
			"to": [11.95, 4.425, 7.625],
			"rotation": {"angle": 0, "axis": "y", "origin": [2.625, -15.625, 0]},
			"faces": {
				"north": {"uv": [11.125, 10, 10.75, 10.75], "texture": "#1"},
				"east": {"uv": [11, 10, 11.125, 10.75], "texture": "#1"},
				"south": {"uv": [10.75, 10, 11.125, 10.75], "texture": "#1"},
				"west": {"uv": [10.75, 10, 10.875, 10.75], "texture": "#1"},
				"up": {"uv": [10.75, 10.125, 11.125, 10], "texture": "#1"},
				"down": {"uv": [10.75, 10.75, 11.125, 10.625], "texture": "#1"}
			}
		},
		{
			"from": [11.95, 3.55, 7.25],
			"to": [12.325, 4.3, 7.625],
			"rotation": {"angle": 0, "axis": "y", "origin": [3, -15.75, 0]},
			"faces": {
				"north": {"uv": [11.5, 10.125, 11.125, 10.875], "texture": "#1"},
				"east": {"uv": [11.375, 10.125, 11.5, 10.875], "texture": "#1"},
				"south": {"uv": [11.125, 10.125, 11.5, 10.875], "texture": "#1"},
				"west": {"uv": [11.125, 10.125, 11.25, 10.875], "texture": "#1"},
				"up": {"uv": [11.125, 10.25, 11.5, 10.125], "texture": "#1"},
				"down": {"uv": [11.125, 10.875, 11.5, 10.75], "texture": "#1"}
			}
		},
		{
			"from": [12.325, 3.425, 7.15],
			"to": [12.7, 4.425, 7.725],
			"rotation": {"angle": 0, "axis": "y", "origin": [3.375, -15.875, 0]},
			"faces": {
				"north": {"uv": [11.875, 10, 11.5, 11], "texture": "#1"},
				"east": {"uv": [11.75, 10, 11.875, 11], "texture": "#1"},
				"south": {"uv": [11.5, 10, 11.875, 11], "texture": "#1"},
				"west": {"uv": [11.5, 10, 11.625, 11], "texture": "#1"},
				"up": {"uv": [11.5, 10.125, 11.875, 10], "texture": "#1"},
				"down": {"uv": [11.5, 11, 11.875, 10.875], "texture": "#1"}
			}
		},
		{
			"from": [9.575, 4.05, 7.25],
			"to": [9.95, 4.925, 7.625],
			"rotation": {"angle": 0, "axis": "y", "origin": [0.625, -15.25, 0]},
			"faces": {
				"north": {"uv": [9.125, 9.5, 8.75, 10.375], "texture": "#1"},
				"east": {"uv": [9, 9.5, 9.125, 10.375], "texture": "#1"},
				"south": {"uv": [8.75, 9.5, 9.125, 10.375], "texture": "#1"},
				"west": {"uv": [8.75, 9.5, 8.875, 10.375], "texture": "#1"},
				"up": {"uv": [8.75, 9.625, 9.125, 9.5], "texture": "#1"},
				"down": {"uv": [8.75, 10.375, 9.125, 10.25], "texture": "#1"}
			}
		},
		{
			"from": [7.95, 4.05, 7.2],
			"to": [8.2, 5.3, 7.675],
			"rotation": {"angle": 0, "axis": "y", "origin": [-1, -14.625, 0]},
			"faces": {
				"north": {"uv": [7.375, 9.125, 7.125, 10.375], "texture": "#1"},
				"east": {"uv": [7.25, 9.125, 7.375, 10.375], "texture": "#1"},
				"south": {"uv": [7.125, 9.125, 7.375, 10.375], "texture": "#1"},
				"west": {"uv": [7.125, 9.125, 7.25, 10.375], "texture": "#1"},
				"up": {"uv": [7.125, 9.25, 7.375, 9.125], "texture": "#1"},
				"down": {"uv": [7.125, 10.375, 7.375, 10.25], "texture": "#1"}
			}
		},
		{
			"from": [8.075, 5.55, 7.2],
			"to": [8.45, 5.675, 7.675],
			"rotation": {"angle": 0, "axis": "y", "origin": [-0.875, -14.25, 0]},
			"faces": {
				"north": {"uv": [7.625, 8.75, 7.25, 8.875], "texture": "#1"},
				"east": {"uv": [7.5, 8.75, 7.625, 8.875], "texture": "#1"},
				"south": {"uv": [7.25, 8.75, 7.625, 8.875], "texture": "#1"},
				"west": {"uv": [7.25, 8.75, 7.375, 8.875], "texture": "#1"},
				"up": {"uv": [7.25, 8.875, 7.625, 8.75], "texture": "#1"},
				"down": {"uv": [7.25, 8.875, 7.625, 8.75], "texture": "#1"}
			}
		},
		{
			"from": [8.2, 6.425, 7.2],
			"to": [8.7, 6.925, 7.675],
			"rotation": {"angle": 0, "axis": "y", "origin": [-0.75, -13, 0]},
			"faces": {
				"north": {"uv": [7.875, 7.5, 7.375, 8], "texture": "#1"},
				"east": {"uv": [7.75, 7.5, 7.875, 8], "texture": "#1"},
				"south": {"uv": [7.375, 7.5, 7.875, 8], "texture": "#1"},
				"west": {"uv": [7.375, 7.5, 7.5, 8], "texture": "#1"},
				"up": {"uv": [7.375, 7.625, 7.875, 7.5], "texture": "#1"},
				"down": {"uv": [7.375, 8, 7.875, 7.875], "texture": "#1"}
			}
		},
		{
			"from": [8.075, 5.675, 7.2],
			"to": [8.575, 6.3, 7.675],
			"rotation": {"angle": 0, "axis": "y", "origin": [-0.875, -13.75, 0]},
			"faces": {
				"north": {"uv": [7.75, 8.125, 7.25, 8.75], "texture": "#1"},
				"east": {"uv": [7.625, 8.125, 7.75, 8.75], "texture": "#1"},
				"south": {"uv": [7.25, 8.125, 7.75, 8.75], "texture": "#1"},
				"west": {"uv": [7.25, 8.125, 7.375, 8.75], "texture": "#1"},
				"up": {"uv": [7.25, 8.25, 7.75, 8.125], "texture": "#1"},
				"down": {"uv": [7.25, 8.75, 7.75, 8.625], "texture": "#1"}
			}
		},
		{
			"from": [7.825, 3.175, 7.2],
			"to": [8.325, 3.425, 7.675],
			"rotation": {"angle": 0, "axis": "y", "origin": [-1.125, -16.5, 0]},
			"faces": {
				"north": {"uv": [7.5, 11, 7, 11.25], "texture": "#1"},
				"east": {"uv": [7.375, 11, 7.5, 11.25], "texture": "#1"},
				"south": {"uv": [7, 11, 7.5, 11.25], "texture": "#1"},
				"west": {"uv": [7, 11, 7.125, 11.25], "texture": "#1"},
				"up": {"uv": [7, 11.125, 7.5, 11], "texture": "#1"},
				"down": {"uv": [7, 11.25, 7.5, 11.125], "texture": "#1"}
			}
		},
		{
			"from": [7.825, 2.925, 7.2],
			"to": [8.45, 3.175, 7.675],
			"rotation": {"angle": 0, "axis": "y", "origin": [-1.125, -16.75, 0]},
			"faces": {
				"north": {"uv": [7.625, 11.25, 7, 11.5], "texture": "#1"},
				"east": {"uv": [7.5, 11.25, 7.625, 11.5], "texture": "#1"},
				"south": {"uv": [7, 11.25, 7.625, 11.5], "texture": "#1"},
				"west": {"uv": [7, 11.25, 7.125, 11.5], "texture": "#1"},
				"up": {"uv": [7, 11.375, 7.625, 11.25], "texture": "#1"},
				"down": {"uv": [7, 11.5, 7.625, 11.375], "texture": "#1"}
			}
		},
		{
			"from": [8.45, 1.55, 7.275],
			"to": [9.075, 1.8, 7.625],
			"rotation": {"angle": 0, "axis": "y", "origin": [-0.5, -18.125, 0]},
			"faces": {
				"north": {"uv": [8.25, 12.625, 7.625, 12.875], "texture": "#1"},
				"east": {"uv": [8.125, 12.625, 8.25, 12.875], "texture": "#1"},
				"south": {"uv": [7.625, 12.625, 8.25, 12.875], "texture": "#1"},
				"west": {"uv": [7.625, 12.625, 7.75, 12.875], "texture": "#1"},
				"up": {"uv": [7.625, 12.75, 8.25, 12.625], "texture": "#1"},
				"down": {"uv": [7.625, 12.875, 8.25, 12.75], "texture": "#1"}
			}
		},
		{
			"from": [8.325, 1.05, 7.25],
			"to": [8.575, 1.3, 7.65],
			"rotation": {"angle": 0, "axis": "y", "origin": [-0.625, -18.625, 0]},
			"faces": {
				"north": {"uv": [7.75, 13.125, 7.5, 13.375], "texture": "#1"},
				"east": {"uv": [7.625, 13.125, 7.75, 13.375], "texture": "#1"},
				"south": {"uv": [7.5, 13.125, 7.75, 13.375], "texture": "#1"},
				"west": {"uv": [7.5, 13.125, 7.625, 13.375], "texture": "#1"},
				"up": {"uv": [7.5, 13.25, 7.75, 13.125], "texture": "#1"},
				"down": {"uv": [7.5, 13.375, 7.75, 13.25], "texture": "#1"}
			}
		},
		{
			"from": [8.2, 0.175, 7.25],
			"to": [8.325, 0.3, 7.65],
			"rotation": {"angle": 0, "axis": "y", "origin": [-0.75, -19.625, 0]},
			"faces": {
				"north": {"uv": [7.5, 14.125, 7.375, 14.25], "texture": "#1"},
				"east": {"uv": [7.375, 14.125, 7.5, 14.25], "texture": "#1"},
				"south": {"uv": [7.375, 14.125, 7.5, 14.25], "texture": "#1"},
				"west": {"uv": [7.375, 14.125, 7.5, 14.25], "texture": "#1"},
				"up": {"uv": [7.375, 14.25, 7.5, 14.125], "texture": "#1"},
				"down": {"uv": [7.375, 14.25, 7.5, 14.125], "texture": "#1"}
			}
		},
		{
			"from": [8.2, 0.675, 7.25],
			"to": [8.45, 1.05, 7.65],
			"rotation": {"angle": 0, "axis": "y", "origin": [-0.75, -18.875, 0]},
			"faces": {
				"north": {"uv": [7.625, 13.375, 7.375, 13.75], "texture": "#1"},
				"east": {"uv": [7.5, 13.375, 7.625, 13.75], "texture": "#1"},
				"south": {"uv": [7.375, 13.375, 7.625, 13.75], "texture": "#1"},
				"west": {"uv": [7.375, 13.375, 7.5, 13.75], "texture": "#1"},
				"up": {"uv": [7.375, 13.5, 7.625, 13.375], "texture": "#1"},
				"down": {"uv": [7.375, 13.75, 7.625, 13.625], "texture": "#1"}
			}
		},
		{
			"from": [8.075, 0.3, 7.25],
			"to": [8.325, 0.675, 7.65],
			"rotation": {"angle": 0, "axis": "y", "origin": [-0.875, -19.25, 0]},
			"faces": {
				"north": {"uv": [7.5, 13.75, 7.25, 14.125], "texture": "#1"},
				"east": {"uv": [7.375, 13.75, 7.5, 14.125], "texture": "#1"},
				"south": {"uv": [7.25, 13.75, 7.5, 14.125], "texture": "#1"},
				"west": {"uv": [7.25, 13.75, 7.375, 14.125], "texture": "#1"},
				"up": {"uv": [7.25, 13.875, 7.5, 13.75], "texture": "#1"},
				"down": {"uv": [7.25, 14.125, 7.5, 14], "texture": "#1"}
			}
		},
		{
			"from": [8.45, 1.8, 7.275],
			"to": [8.95, 2.05, 7.625],
			"rotation": {"angle": 0, "axis": "y", "origin": [-0.5, -17.875, 0]},
			"faces": {
				"north": {"uv": [8.125, 12.375, 7.625, 12.625], "texture": "#1"},
				"east": {"uv": [8, 12.375, 8.125, 12.625], "texture": "#1"},
				"south": {"uv": [7.625, 12.375, 8.125, 12.625], "texture": "#1"},
				"west": {"uv": [7.625, 12.375, 7.75, 12.625], "texture": "#1"},
				"up": {"uv": [7.625, 12.5, 8.125, 12.375], "texture": "#1"},
				"down": {"uv": [7.625, 12.625, 8.125, 12.5], "texture": "#1"}
			}
		},
		{
			"from": [8.45, 2.05, 7.275],
			"to": [8.825, 2.175, 7.625],
			"rotation": {"angle": 0, "axis": "y", "origin": [-0.5, -17.75, 0]},
			"faces": {
				"north": {"uv": [8, 12.25, 7.625, 12.375], "texture": "#1"},
				"east": {"uv": [7.875, 12.25, 8, 12.375], "texture": "#1"},
				"south": {"uv": [7.625, 12.25, 8, 12.375], "texture": "#1"},
				"west": {"uv": [7.625, 12.25, 7.75, 12.375], "texture": "#1"},
				"up": {"uv": [7.625, 12.375, 8, 12.25], "texture": "#1"},
				"down": {"uv": [7.625, 12.375, 8, 12.25], "texture": "#1"}
			}
		},
		{
			"from": [7.825, 2.8, 7.2],
			"to": [8.575, 2.925, 7.675],
			"rotation": {"angle": 0, "axis": "y", "origin": [-1, -17, 0]},
			"faces": {
				"north": {"uv": [7.75, 11.5, 7, 11.625], "texture": "#1"},
				"east": {"uv": [7.625, 11.5, 7.75, 11.625], "texture": "#1"},
				"south": {"uv": [7, 11.5, 7.75, 11.625], "texture": "#1"},
				"west": {"uv": [7, 11.5, 7.125, 11.625], "texture": "#1"},
				"up": {"uv": [7, 11.625, 7.75, 11.5], "texture": "#1"},
				"down": {"uv": [7, 11.625, 7.75, 11.5], "texture": "#1"}
			}
		},
		{
			"from": [7.95, 2.675, 7.2],
			"to": [8.7, 2.8, 7.675],
			"rotation": {"angle": 0, "axis": "y", "origin": [-0.875, -17.125, 0]},
			"faces": {
				"north": {"uv": [7.875, 11.625, 7.125, 11.75], "texture": "#1"},
				"east": {"uv": [7.75, 11.625, 7.875, 11.75], "texture": "#1"},
				"south": {"uv": [7.125, 11.625, 7.875, 11.75], "texture": "#1"},
				"west": {"uv": [7.125, 11.625, 7.25, 11.75], "texture": "#1"},
				"up": {"uv": [7.125, 11.75, 7.875, 11.625], "texture": "#1"},
				"down": {"uv": [7.125, 11.75, 7.875, 11.625], "texture": "#1"}
			}
		},
		{
			"from": [7.95, 2.3, 7.15],
			"to": [9.075, 2.425, 7.725],
			"rotation": {"angle": 0, "axis": "y", "origin": [-0.875, -17.5, 0]},
			"faces": {
				"north": {"uv": [8.25, 12, 7.125, 12.125], "texture": "#1"},
				"east": {"uv": [8.125, 12, 8.25, 12.125], "texture": "#1"},
				"south": {"uv": [7.125, 12, 8.25, 12.125], "texture": "#1"},
				"west": {"uv": [7.125, 12, 7.25, 12.125], "texture": "#1"},
				"up": {"uv": [7.125, 12.125, 8.25, 12], "texture": "#1"},
				"down": {"uv": [7.125, 12.125, 8.25, 12], "texture": "#1"}
			}
		},
		{
			"from": [8.075, 2.175, 7.15],
			"to": [9.2, 2.3, 7.725],
			"rotation": {"angle": 0, "axis": "y", "origin": [-0.75, -17.625, 0]},
			"faces": {
				"north": {"uv": [8.375, 12.125, 7.25, 12.25], "texture": "#1"},
				"east": {"uv": [8.25, 12.125, 8.375, 12.25], "texture": "#1"},
				"south": {"uv": [7.25, 12.125, 8.375, 12.25], "texture": "#1"},
				"west": {"uv": [7.25, 12.125, 7.375, 12.25], "texture": "#1"},
				"up": {"uv": [7.25, 12.25, 8.375, 12.125], "texture": "#1"},
				"down": {"uv": [7.25, 12.25, 8.375, 12.125], "texture": "#1"}
			}
		},
		{
			"from": [8.2, 1.425, 7.225],
			"to": [9.2, 1.55, 7.675],
			"rotation": {"angle": 0, "axis": "y", "origin": [-0.625, -18.375, 0]},
			"faces": {
				"north": {"uv": [8.375, 12.875, 7.375, 13], "texture": "#1"},
				"east": {"uv": [8.25, 12.875, 8.375, 13], "texture": "#1"},
				"south": {"uv": [7.375, 12.875, 8.375, 13], "texture": "#1"},
				"west": {"uv": [7.375, 12.875, 7.5, 13], "texture": "#1"},
				"up": {"uv": [7.375, 13, 8.375, 12.875], "texture": "#1"},
				"down": {"uv": [7.375, 13, 8.375, 12.875], "texture": "#1"}
			}
		},
		{
			"from": [8.325, 1.3, 7.225],
			"to": [9.2, 1.425, 7.675],
			"rotation": {"angle": 0, "axis": "y", "origin": [-0.5, -18.5, 0]},
			"faces": {
				"north": {"uv": [8.375, 13, 7.5, 13.125], "texture": "#1"},
				"east": {"uv": [8.25, 13, 8.375, 13.125], "texture": "#1"},
				"south": {"uv": [7.5, 13, 8.375, 13.125], "texture": "#1"},
				"west": {"uv": [7.5, 13, 7.625, 13.125], "texture": "#1"},
				"up": {"uv": [7.5, 13.125, 8.375, 13], "texture": "#1"},
				"down": {"uv": [7.5, 13.125, 8.375, 13], "texture": "#1"}
			}
		},
		{
			"from": [7.825, 2.425, 7.15],
			"to": [8.2, 2.55, 7.725],
			"rotation": {"angle": 0, "axis": "y", "origin": [-1, -17.375, 0]},
			"faces": {
				"north": {"uv": [7.375, 11.875, 7, 12], "texture": "#1"},
				"east": {"uv": [7.25, 11.875, 7.375, 12], "texture": "#1"},
				"south": {"uv": [7, 11.875, 7.375, 12], "texture": "#1"},
				"west": {"uv": [7, 11.875, 7.125, 12], "texture": "#1"},
				"up": {"uv": [7, 12, 7.375, 11.875], "texture": "#1"},
				"down": {"uv": [7, 12, 7.375, 11.875], "texture": "#1"}
			}
		},
		{
			"from": [7.575, 2.675, 7.15],
			"to": [7.95, 2.8, 7.725],
			"rotation": {"angle": 0, "axis": "y", "origin": [-1.25, -17.125, 0]},
			"faces": {
				"north": {"uv": [7.125, 11.625, 6.75, 11.75], "texture": "#1"},
				"east": {"uv": [7, 11.625, 7.125, 11.75], "texture": "#1"},
				"south": {"uv": [6.75, 11.625, 7.125, 11.75], "texture": "#1"},
				"west": {"uv": [6.75, 11.625, 6.875, 11.75], "texture": "#1"},
				"up": {"uv": [6.75, 11.75, 7.125, 11.625], "texture": "#1"},
				"down": {"uv": [6.75, 11.75, 7.125, 11.625], "texture": "#1"}
			}
		},
		{
			"from": [7.7, 2.55, 7.15],
			"to": [8.075, 2.675, 7.725],
			"rotation": {"angle": 0, "axis": "y", "origin": [-1.125, -17.25, 0]},
			"faces": {
				"north": {"uv": [7.25, 11.75, 6.875, 11.875], "texture": "#1"},
				"east": {"uv": [7.125, 11.75, 7.25, 11.875], "texture": "#1"},
				"south": {"uv": [6.875, 11.75, 7.25, 11.875], "texture": "#1"},
				"west": {"uv": [6.875, 11.75, 7, 11.875], "texture": "#1"},
				"up": {"uv": [6.875, 11.875, 7.25, 11.75], "texture": "#1"},
				"down": {"uv": [6.875, 11.875, 7.25, 11.75], "texture": "#1"}
			}
		},
		{
			"from": [8.075, 2.55, 7.2],
			"to": [8.825, 2.675, 7.675],
			"rotation": {"angle": 0, "axis": "y", "origin": [-0.75, -17.25, 0]},
			"faces": {
				"north": {"uv": [8, 11.75, 7.25, 11.875], "texture": "#1"},
				"east": {"uv": [7.875, 11.75, 8, 11.875], "texture": "#1"},
				"south": {"uv": [7.25, 11.75, 8, 11.875], "texture": "#1"},
				"west": {"uv": [7.25, 11.75, 7.375, 11.875], "texture": "#1"},
				"up": {"uv": [7.25, 11.875, 8, 11.75], "texture": "#1"},
				"down": {"uv": [7.25, 11.875, 8, 11.75], "texture": "#1"}
			}
		},
		{
			"from": [8.2, 2.425, 7.2],
			"to": [8.95, 2.55, 7.675],
			"rotation": {"angle": 0, "axis": "y", "origin": [-0.625, -17.375, 0]},
			"faces": {
				"north": {"uv": [8.125, 11.875, 7.375, 12], "texture": "#1"},
				"east": {"uv": [8, 11.875, 8.125, 12], "texture": "#1"},
				"south": {"uv": [7.375, 11.875, 8.125, 12], "texture": "#1"},
				"west": {"uv": [7.375, 11.875, 7.5, 12], "texture": "#1"},
				"up": {"uv": [7.375, 12, 8.125, 11.875], "texture": "#1"},
				"down": {"uv": [7.375, 12, 8.125, 11.875], "texture": "#1"}
			}
		},
		{
			"from": [7.825, 3.425, 7.2],
			"to": [8.2, 4.05, 7.675],
			"rotation": {"angle": 0, "axis": "y", "origin": [-1.125, -15.875, 0]},
			"faces": {
				"north": {"uv": [7.375, 10.375, 7, 11], "texture": "#1"},
				"east": {"uv": [7.25, 10.375, 7.375, 11], "texture": "#1"},
				"south": {"uv": [7, 10.375, 7.375, 11], "texture": "#1"},
				"west": {"uv": [7, 10.375, 7.125, 11], "texture": "#1"},
				"up": {"uv": [7, 10.5, 7.375, 10.375], "texture": "#1"},
				"down": {"uv": [7, 11, 7.375, 10.875], "texture": "#1"}
			}
		},
		{
			"from": [8.2, 6.925, 7.15],
			"to": [8.325, 7.05, 7.725],
			"rotation": {"angle": 0, "axis": "y", "origin": [-1.125, -12.875, 0]},
			"faces": {
				"north": {"uv": [7.5, 7.375, 7.375, 7.5], "texture": "#1"},
				"east": {"uv": [7.375, 7.375, 7.5, 7.5], "texture": "#1"},
				"south": {"uv": [7.375, 7.375, 7.5, 7.5], "texture": "#1"},
				"west": {"uv": [7.375, 7.375, 7.5, 7.5], "texture": "#1"},
				"up": {"uv": [7.375, 7.5, 7.5, 7.375], "texture": "#1"},
				"down": {"uv": [7.375, 7.5, 7.5, 7.375], "texture": "#1"}
			}
		},
		{
			"from": [7.95, 6.3, 7.15],
			"to": [8.2, 7.05, 7.725],
			"rotation": {"angle": 0, "axis": "y", "origin": [-1.25, -13, 0]},
			"faces": {
				"north": {"uv": [7.375, 7.375, 7.125, 8.125], "texture": "#1"},
				"east": {"uv": [7.25, 7.375, 7.375, 8.125], "texture": "#1"},
				"south": {"uv": [7.125, 7.375, 7.375, 8.125], "texture": "#1"},
				"west": {"uv": [7.125, 7.375, 7.25, 8.125], "texture": "#1"},
				"up": {"uv": [7.125, 7.5, 7.375, 7.375], "texture": "#1"},
				"down": {"uv": [7.125, 8.125, 7.375, 8], "texture": "#1"}
			}
		},
		{
			"from": [7.825, 5.3, 7.15],
			"to": [8.075, 6.3, 7.725],
			"rotation": {"angle": 0, "axis": "y", "origin": [-1.375, -13.75, 0]},
			"faces": {
				"north": {"uv": [7.25, 8.125, 7, 9.125], "texture": "#1"},
				"east": {"uv": [7.125, 8.125, 7.25, 9.125], "texture": "#1"},
				"south": {"uv": [7, 8.125, 7.25, 9.125], "texture": "#1"},
				"west": {"uv": [7, 8.125, 7.125, 9.125], "texture": "#1"},
				"up": {"uv": [7, 8.25, 7.25, 8.125], "texture": "#1"},
				"down": {"uv": [7, 9.125, 7.25, 9], "texture": "#1"}
			}
		},
		{
			"from": [7.7, 4.05, 7.15],
			"to": [7.95, 5.3, 7.725],
			"rotation": {"angle": 0, "axis": "y", "origin": [-1.5, -14.75, 0]},
			"faces": {
				"north": {"uv": [7.125, 9.125, 6.875, 10.375], "texture": "#1"},
				"east": {"uv": [7, 9.125, 7.125, 10.375], "texture": "#1"},
				"south": {"uv": [6.875, 9.125, 7.125, 10.375], "texture": "#1"},
				"west": {"uv": [6.875, 9.125, 7, 10.375], "texture": "#1"},
				"up": {"uv": [6.875, 9.25, 7.125, 9.125], "texture": "#1"},
				"down": {"uv": [6.875, 10.375, 7.125, 10.25], "texture": "#1"}
			}
		},
		{
			"from": [7.575, 2.8, 7.15],
			"to": [7.825, 4.05, 7.725],
			"rotation": {"angle": 0, "axis": "y", "origin": [-1.625, -16, 0]},
			"faces": {
				"north": {"uv": [7, 10.375, 6.75, 11.625], "texture": "#1"},
				"east": {"uv": [6.875, 10.375, 7, 11.625], "texture": "#1"},
				"south": {"uv": [6.75, 10.375, 7, 11.625], "texture": "#1"},
				"west": {"uv": [6.75, 10.375, 6.875, 11.625], "texture": "#1"},
				"up": {"uv": [6.75, 10.5, 7, 10.375], "texture": "#1"},
				"down": {"uv": [6.75, 11.625, 7, 11.5], "texture": "#1"}
			}
		},
		{
			"from": [8.2, 1.55, 7.225],
			"to": [8.45, 2.175, 7.675],
			"rotation": {"angle": 0, "axis": "y", "origin": [-1, -17.875, 0]},
			"faces": {
				"north": {"uv": [7.625, 12.25, 7.375, 12.875], "texture": "#1"},
				"east": {"uv": [7.5, 12.25, 7.625, 12.875], "texture": "#1"},
				"south": {"uv": [7.375, 12.25, 7.625, 12.875], "texture": "#1"},
				"west": {"uv": [7.375, 12.25, 7.5, 12.875], "texture": "#1"},
				"up": {"uv": [7.375, 12.375, 7.625, 12.25], "texture": "#1"},
				"down": {"uv": [7.375, 12.875, 7.625, 12.75], "texture": "#1"}
			}
		},
		{
			"from": [8.575, 7.175, 7.15],
			"to": [8.825, 7.425, 7.725],
			"rotation": {"angle": 0, "axis": "y", "origin": [-0.625, -12.625, 0]},
			"faces": {
				"north": {"uv": [8, 7, 7.75, 7.25], "texture": "#1"},
				"east": {"uv": [7.875, 7, 8, 7.25], "texture": "#1"},
				"south": {"uv": [7.75, 7, 8, 7.25], "texture": "#1"},
				"west": {"uv": [7.75, 7, 7.875, 7.25], "texture": "#1"},
				"up": {"uv": [7.75, 7.125, 8, 7], "texture": "#1"},
				"down": {"uv": [7.75, 7.25, 8, 7.125], "texture": "#1"}
			}
		},
		{
			"from": [8.075, 11.8, 7.275],
			"to": [8.825, 12.05, 7.6],
			"rotation": {"angle": 0, "axis": "y", "origin": [-1.125, -8, 0]},
			"faces": {
				"north": {"uv": [8, 2.375, 7.25, 2.625], "texture": "#1"},
				"east": {"uv": [7.875, 2.375, 8, 2.625], "texture": "#1"},
				"south": {"uv": [7.25, 2.375, 8, 2.625], "texture": "#1"},
				"west": {"uv": [7.25, 2.375, 7.375, 2.625], "texture": "#1"},
				"up": {"uv": [7.25, 2.5, 8, 2.375], "texture": "#1"},
				"down": {"uv": [7.25, 2.625, 8, 2.5], "texture": "#1"}
			}
		},
		{
			"from": [7.325, 3.3, 7.35],
			"to": [7.7, 4.3, 7.525],
			"rotation": {"angle": 0, "axis": "y", "origin": [-2.125, -15.875, 0]},
			"faces": {
				"north": {"uv": [6.875, 10.125, 6.5, 11.125], "texture": "#1"},
				"east": {"uv": [6.75, 10.125, 6.875, 11.125], "texture": "#1"},
				"south": {"uv": [6.5, 10.125, 6.875, 11.125], "texture": "#1"},
				"west": {"uv": [6.5, 10.125, 6.625, 11.125], "texture": "#1"},
				"up": {"uv": [6.5, 10.25, 6.875, 10.125], "texture": "#1"},
				"down": {"uv": [6.5, 11.125, 6.875, 11], "texture": "#1"}
			}
		},
		{
			"from": [7.2, 2.925, 7.35],
			"to": [7.45, 3.3, 7.525],
			"rotation": {"angle": 0, "axis": "y", "origin": [-2.25, -16.875, 0]},
			"faces": {
				"north": {"uv": [6.625, 11.125, 6.375, 11.5], "texture": "#1"},
				"east": {"uv": [6.5, 11.125, 6.625, 11.5], "texture": "#1"},
				"south": {"uv": [6.375, 11.125, 6.625, 11.5], "texture": "#1"},
				"west": {"uv": [6.375, 11.125, 6.5, 11.5], "texture": "#1"},
				"up": {"uv": [6.375, 11.25, 6.625, 11.125], "texture": "#1"},
				"down": {"uv": [6.375, 11.5, 6.625, 11.375], "texture": "#1"}
			}
		},
		{
			"from": [7.575, 1.55, 7.35],
			"to": [7.95, 1.925, 7.525],
			"rotation": {"angle": 0, "axis": "y", "origin": [-1.875, -18.25, 0]},
			"faces": {
				"north": {"uv": [7.125, 12.5, 6.75, 12.875], "texture": "#1"},
				"east": {"uv": [7, 12.5, 7.125, 12.875], "texture": "#1"},
				"south": {"uv": [6.75, 12.5, 7.125, 12.875], "texture": "#1"},
				"west": {"uv": [6.75, 12.5, 6.875, 12.875], "texture": "#1"},
				"up": {"uv": [6.75, 12.625, 7.125, 12.5], "texture": "#1"},
				"down": {"uv": [6.75, 12.875, 7.125, 12.75], "texture": "#1"}
			}
		},
		{
			"from": [7.7, 1.925, 7.35],
			"to": [7.825, 2.3, 7.525],
			"rotation": {"angle": 0, "axis": "y", "origin": [-2, -17.875, 0]},
			"faces": {
				"north": {"uv": [7, 12.125, 6.875, 12.5], "texture": "#1"},
				"east": {"uv": [6.875, 12.125, 7, 12.5], "texture": "#1"},
				"south": {"uv": [6.875, 12.125, 7, 12.5], "texture": "#1"},
				"west": {"uv": [6.875, 12.125, 7, 12.5], "texture": "#1"},
				"up": {"uv": [6.875, 12.25, 7, 12.125], "texture": "#1"},
				"down": {"uv": [6.875, 12.5, 7, 12.375], "texture": "#1"}
			}
		},
		{
			"from": [7.075, 0.425, 7.35],
			"to": [7.45, 0.8, 7.525],
			"rotation": {"angle": 0, "axis": "y", "origin": [-2.375, -19.375, 0]},
			"faces": {
				"north": {"uv": [6.625, 13.625, 6.25, 14], "texture": "#1"},
				"east": {"uv": [6.5, 13.625, 6.625, 14], "texture": "#1"},
				"south": {"uv": [6.25, 13.625, 6.625, 14], "texture": "#1"},
				"west": {"uv": [6.25, 13.625, 6.375, 14], "texture": "#1"},
				"up": {"uv": [6.25, 13.75, 6.625, 13.625], "texture": "#1"},
				"down": {"uv": [6.25, 14, 6.625, 13.875], "texture": "#1"}
			}
		},
		{
			"from": [6.95, -0.2, 7.35],
			"to": [7.325, 0.425, 7.525],
			"rotation": {"angle": 0, "axis": "y", "origin": [-2.5, -19.75, 0]},
			"faces": {
				"north": {"uv": [6.5, 14, 6.125, 14.625], "texture": "#1"},
				"east": {"uv": [6.375, 14, 6.5, 14.625], "texture": "#1"},
				"south": {"uv": [6.125, 14, 6.5, 14.625], "texture": "#1"},
				"west": {"uv": [6.125, 14, 6.25, 14.625], "texture": "#1"},
				"up": {"uv": [6.125, 14.125, 6.5, 14], "texture": "#1"},
				"down": {"uv": [6.125, 14.625, 6.5, 14.5], "texture": "#1"}
			}
		},
		{
			"from": [7.2, -0.825, 7.35],
			"to": [7.575, -0.575, 7.525],
			"rotation": {"angle": 0, "axis": "y", "origin": [-2.25, -20.625, 0]},
			"faces": {
				"north": {"uv": [6.75, 15, 6.375, 15.25], "texture": "#1"},
				"east": {"uv": [6.625, 15, 6.75, 15.25], "texture": "#1"},
				"south": {"uv": [6.375, 15, 6.75, 15.25], "texture": "#1"},
				"west": {"uv": [6.375, 15, 6.5, 15.25], "texture": "#1"},
				"up": {"uv": [6.375, 15.125, 6.75, 15], "texture": "#1"},
				"down": {"uv": [6.375, 15.25, 6.75, 15.125], "texture": "#1"}
			}
		},
		{
			"from": [7.325, -1.075, 7.35],
			"to": [7.7, -0.825, 7.525],
			"rotation": {"angle": 0, "axis": "y", "origin": [-2.125, -20.875, 0]},
			"faces": {
				"north": {"uv": [6.875, 15.25, 6.5, 15.5], "texture": "#1"},
				"east": {"uv": [6.75, 15.25, 6.875, 15.5], "texture": "#1"},
				"south": {"uv": [6.5, 15.25, 6.875, 15.5], "texture": "#1"},
				"west": {"uv": [6.5, 15.25, 6.625, 15.5], "texture": "#1"},
				"up": {"uv": [6.5, 15.375, 6.875, 15.25], "texture": "#1"},
				"down": {"uv": [6.5, 15.5, 6.875, 15.375], "texture": "#1"}
			}
		},
		{
			"from": [7.45, -1.2, 7.35],
			"to": [7.7, -1.075, 7.525],
			"rotation": {"angle": 0, "axis": "y", "origin": [-2.125, -21.125, 0]},
			"faces": {
				"north": {"uv": [6.875, 15.5, 6.625, 15.625], "texture": "#1"},
				"east": {"uv": [6.75, 15.5, 6.875, 15.625], "texture": "#1"},
				"south": {"uv": [6.625, 15.5, 6.875, 15.625], "texture": "#1"},
				"west": {"uv": [6.625, 15.5, 6.75, 15.625], "texture": "#1"},
				"up": {"uv": [6.625, 15.625, 6.875, 15.5], "texture": "#1"},
				"down": {"uv": [6.625, 15.625, 6.875, 15.5], "texture": "#1"}
			}
		},
		{
			"from": [7.575, -1.325, 7.35],
			"to": [7.825, -1.2, 7.525],
			"rotation": {"angle": 0, "axis": "y", "origin": [-2, -21.25, 0]},
			"faces": {
				"north": {"uv": [7, 15.625, 6.75, 15.75], "texture": "#1"},
				"east": {"uv": [6.875, 15.625, 7, 15.75], "texture": "#1"},
				"south": {"uv": [6.75, 15.625, 7, 15.75], "texture": "#1"},
				"west": {"uv": [6.75, 15.625, 6.875, 15.75], "texture": "#1"},
				"up": {"uv": [6.75, 15.75, 7, 15.625], "texture": "#1"},
				"down": {"uv": [6.75, 15.75, 7, 15.625], "texture": "#1"}
			}
		},
		{
			"from": [7.7, -1.45, 7.35],
			"to": [7.825, -1.325, 7.525],
			"rotation": {"angle": 0, "axis": "y", "origin": [-2, -21.375, 0]},
			"faces": {
				"north": {"uv": [7, 15.75, 6.875, 15.875], "texture": "#1"},
				"east": {"uv": [6.875, 15.75, 7, 15.875], "texture": "#1"},
				"south": {"uv": [6.875, 15.75, 7, 15.875], "texture": "#1"},
				"west": {"uv": [6.875, 15.75, 7, 15.875], "texture": "#1"},
				"up": {"uv": [6.875, 15.875, 7, 15.75], "texture": "#1"},
				"down": {"uv": [6.875, 15.875, 7, 15.75], "texture": "#1"}
			}
		},
		{
			"from": [7.825, -1.575, 7.35],
			"to": [7.95, -1.45, 7.525],
			"rotation": {"angle": 0, "axis": "y", "origin": [-1.875, -21.5, 0]},
			"faces": {
				"north": {"uv": [7.125, 15.875, 7, 16], "texture": "#1"},
				"east": {"uv": [7, 15.875, 7.125, 16], "texture": "#1"},
				"south": {"uv": [7, 15.875, 7.125, 16], "texture": "#1"},
				"west": {"uv": [7, 15.875, 7.125, 16], "texture": "#1"},
				"up": {"uv": [7, 16, 7.125, 15.875], "texture": "#1"},
				"down": {"uv": [7, 16, 7.125, 15.875], "texture": "#1"}
			}
		},
		{
			"from": [7.075, -0.575, 7.35],
			"to": [7.45, -0.2, 7.525],
			"rotation": {"angle": 0, "axis": "y", "origin": [-2.375, -20.375, 0]},
			"faces": {
				"north": {"uv": [6.625, 14.625, 6.25, 15], "texture": "#1"},
				"east": {"uv": [6.5, 14.625, 6.625, 15], "texture": "#1"},
				"south": {"uv": [6.25, 14.625, 6.625, 15], "texture": "#1"},
				"west": {"uv": [6.25, 14.625, 6.375, 15], "texture": "#1"},
				"up": {"uv": [6.25, 14.75, 6.625, 14.625], "texture": "#1"},
				"down": {"uv": [6.25, 15, 6.625, 14.875], "texture": "#1"}
			}
		},
		{
			"from": [7.2, 0.8, 7.35],
			"to": [7.575, 1.05, 7.525],
			"rotation": {"angle": 0, "axis": "y", "origin": [-2.25, -19, 0]},
			"faces": {
				"north": {"uv": [6.75, 13.375, 6.375, 13.625], "texture": "#1"},
				"east": {"uv": [6.625, 13.375, 6.75, 13.625], "texture": "#1"},
				"south": {"uv": [6.375, 13.375, 6.75, 13.625], "texture": "#1"},
				"west": {"uv": [6.375, 13.375, 6.5, 13.625], "texture": "#1"},
				"up": {"uv": [6.375, 13.5, 6.75, 13.375], "texture": "#1"},
				"down": {"uv": [6.375, 13.625, 6.75, 13.5], "texture": "#1"}
			}
		},
		{
			"from": [7.325, 1.05, 7.35],
			"to": [7.7, 1.3, 7.525],
			"rotation": {"angle": 0, "axis": "y", "origin": [-2.125, -18.75, 0]},
			"faces": {
				"north": {"uv": [6.875, 13.125, 6.5, 13.375], "texture": "#1"},
				"east": {"uv": [6.75, 13.125, 6.875, 13.375], "texture": "#1"},
				"south": {"uv": [6.5, 13.125, 6.875, 13.375], "texture": "#1"},
				"west": {"uv": [6.5, 13.125, 6.625, 13.375], "texture": "#1"},
				"up": {"uv": [6.5, 13.25, 6.875, 13.125], "texture": "#1"},
				"down": {"uv": [6.5, 13.375, 6.875, 13.25], "texture": "#1"}
			}
		},
		{
			"from": [7.45, 1.3, 7.35],
			"to": [7.825, 1.55, 7.525],
			"rotation": {"angle": 0, "axis": "y", "origin": [-2, -18.5, 0]},
			"faces": {
				"north": {"uv": [7, 12.875, 6.625, 13.125], "texture": "#1"},
				"east": {"uv": [6.875, 12.875, 7, 13.125], "texture": "#1"},
				"south": {"uv": [6.625, 12.875, 7, 13.125], "texture": "#1"},
				"west": {"uv": [6.625, 12.875, 6.75, 13.125], "texture": "#1"},
				"up": {"uv": [6.625, 13, 7, 12.875], "texture": "#1"},
				"down": {"uv": [6.625, 13.125, 7, 13], "texture": "#1"}
			}
		},
		{
			"from": [7.075, 2.55, 7.35],
			"to": [7.325, 2.925, 7.525],
			"rotation": {"angle": 0, "axis": "y", "origin": [-2.375, -17.25, 0]},
			"faces": {
				"north": {"uv": [6.5, 11.5, 6.25, 11.875], "texture": "#1"},
				"east": {"uv": [6.375, 11.5, 6.5, 11.875], "texture": "#1"},
				"south": {"uv": [6.25, 11.5, 6.5, 11.875], "texture": "#1"},
				"west": {"uv": [6.25, 11.5, 6.375, 11.875], "texture": "#1"},
				"up": {"uv": [6.25, 11.625, 6.5, 11.5], "texture": "#1"},
				"down": {"uv": [6.25, 11.875, 6.5, 11.75], "texture": "#1"}
			}
		},
		{
			"from": [6.95, 2.3, 7.35],
			"to": [7.075, 2.55, 7.525],
			"rotation": {"angle": 0, "axis": "y", "origin": [-2.5, -17.75, 0]},
			"faces": {
				"north": {"uv": [6.25, 11.875, 6.125, 12.125], "texture": "#1"},
				"east": {"uv": [6.125, 11.875, 6.25, 12.125], "texture": "#1"},
				"south": {"uv": [6.125, 11.875, 6.25, 12.125], "texture": "#1"},
				"west": {"uv": [6.125, 11.875, 6.25, 12.125], "texture": "#1"},
				"up": {"uv": [6.125, 12, 6.25, 11.875], "texture": "#1"},
				"down": {"uv": [6.125, 12.125, 6.25, 12], "texture": "#1"}
			}
		},
		{
			"from": [7.2, 2.425, 7.275],
			"to": [7.325, 2.675, 7.6],
			"rotation": {"angle": 0, "axis": "y", "origin": [-2.25, -17.5, 0]},
			"faces": {
				"north": {"uv": [6.5, 11.75, 6.375, 12], "texture": "#1"},
				"east": {"uv": [6.375, 11.75, 6.5, 12], "texture": "#1"},
				"south": {"uv": [6.375, 11.75, 6.5, 12], "texture": "#1"},
				"west": {"uv": [6.375, 11.75, 6.5, 12], "texture": "#1"},
				"up": {"uv": [6.375, 11.875, 6.5, 11.75], "texture": "#1"},
				"down": {"uv": [6.375, 12, 6.5, 11.875], "texture": "#1"}
			}
		},
		{
			"from": [7.075, 2.425, 7.275],
			"to": [7.2, 2.55, 7.6],
			"rotation": {"angle": 0, "axis": "y", "origin": [-2.375, -17.5, 0]},
			"faces": {
				"north": {"uv": [6.375, 11.875, 6.25, 12], "texture": "#1"},
				"east": {"uv": [6.25, 11.875, 6.375, 12], "texture": "#1"},
				"south": {"uv": [6.25, 11.875, 6.375, 12], "texture": "#1"},
				"west": {"uv": [6.25, 11.875, 6.375, 12], "texture": "#1"},
				"up": {"uv": [6.25, 12, 6.375, 11.875], "texture": "#1"},
				"down": {"uv": [6.25, 12, 6.375, 11.875], "texture": "#1"}
			}
		},
		{
			"from": [7.825, 1.925, 7.275],
			"to": [8.2, 2.425, 7.6],
			"rotation": {"angle": 0, "axis": "y", "origin": [-1.625, -17.75, 0]},
			"faces": {
				"north": {"uv": [7.375, 12, 7, 12.5], "texture": "#1"},
				"east": {"uv": [7.25, 12, 7.375, 12.5], "texture": "#1"},
				"south": {"uv": [7, 12, 7.375, 12.5], "texture": "#1"},
				"west": {"uv": [7, 12, 7.125, 12.5], "texture": "#1"},
				"up": {"uv": [7, 12.125, 7.375, 12], "texture": "#1"},
				"down": {"uv": [7, 12.5, 7.375, 12.375], "texture": "#1"}
			}
		},
		{
			"from": [7.825, 1.3, 7.275],
			"to": [8.325, 1.55, 7.6],
			"rotation": {"angle": 0, "axis": "y", "origin": [-1.625, -18.625, 0]},
			"faces": {
				"north": {"uv": [7.5, 12.875, 7, 13.125], "texture": "#1"},
				"east": {"uv": [7.375, 12.875, 7.5, 13.125], "texture": "#1"},
				"south": {"uv": [7, 12.875, 7.5, 13.125], "texture": "#1"},
				"west": {"uv": [7, 12.875, 7.125, 13.125], "texture": "#1"},
				"up": {"uv": [7, 13, 7.5, 12.875], "texture": "#1"},
				"down": {"uv": [7, 13.125, 7.5, 13], "texture": "#1"}
			}
		},
		{
			"from": [7.7, 1.05, 7.275],
			"to": [8.325, 1.3, 7.6],
			"rotation": {"angle": 0, "axis": "y", "origin": [-1.625, -18.875, 0]},
			"faces": {
				"north": {"uv": [7.5, 13.125, 6.875, 13.375], "texture": "#1"},
				"east": {"uv": [7.375, 13.125, 7.5, 13.375], "texture": "#1"},
				"south": {"uv": [6.875, 13.125, 7.5, 13.375], "texture": "#1"},
				"west": {"uv": [6.875, 13.125, 7, 13.375], "texture": "#1"},
				"up": {"uv": [6.875, 13.25, 7.5, 13.125], "texture": "#1"},
				"down": {"uv": [6.875, 13.375, 7.5, 13.25], "texture": "#1"}
			}
		},
		{
			"from": [7.575, 0.8, 7.275],
			"to": [8.2, 1.05, 7.6],
			"rotation": {"angle": 0, "axis": "y", "origin": [-1.75, -19.125, 0]},
			"faces": {
				"north": {"uv": [7.375, 13.375, 6.75, 13.625], "texture": "#1"},
				"east": {"uv": [7.25, 13.375, 7.375, 13.625], "texture": "#1"},
				"south": {"uv": [6.75, 13.375, 7.375, 13.625], "texture": "#1"},
				"west": {"uv": [6.75, 13.375, 6.875, 13.625], "texture": "#1"},
				"up": {"uv": [6.75, 13.5, 7.375, 13.375], "texture": "#1"},
				"down": {"uv": [6.75, 13.625, 7.375, 13.5], "texture": "#1"}
			}
		},
		{
			"from": [7.325, 0.175, 7.275],
			"to": [7.7, 0.425, 7.6],
			"rotation": {"angle": 0, "axis": "y", "origin": [-2, -19.75, 0]},
			"faces": {
				"north": {"uv": [6.875, 14, 6.5, 14.25], "texture": "#1"},
				"east": {"uv": [6.75, 14, 6.875, 14.25], "texture": "#1"},
				"south": {"uv": [6.5, 14, 6.875, 14.25], "texture": "#1"},
				"west": {"uv": [6.5, 14, 6.625, 14.25], "texture": "#1"},
				"up": {"uv": [6.5, 14.125, 6.875, 14], "texture": "#1"},
				"down": {"uv": [6.5, 14.25, 6.875, 14.125], "texture": "#1"}
			}
		},
		{
			"from": [7.325, -0.2, 7.275],
			"to": [7.575, 0.175, 7.6],
			"rotation": {"angle": 0, "axis": "y", "origin": [-2, -20, 0]},
			"faces": {
				"north": {"uv": [6.75, 14.25, 6.5, 14.625], "texture": "#1"},
				"east": {"uv": [6.625, 14.25, 6.75, 14.625], "texture": "#1"},
				"south": {"uv": [6.5, 14.25, 6.75, 14.625], "texture": "#1"},
				"west": {"uv": [6.5, 14.25, 6.625, 14.625], "texture": "#1"},
				"up": {"uv": [6.5, 14.375, 6.75, 14.25], "texture": "#1"},
				"down": {"uv": [6.5, 14.625, 6.75, 14.5], "texture": "#1"}
			}
		},
		{
			"from": [7.45, -0.575, 7.275],
			"to": [7.7, -0.2, 7.6],
			"rotation": {"angle": 0, "axis": "y", "origin": [-1.875, -20.375, 0]},
			"faces": {
				"north": {"uv": [6.875, 14.625, 6.625, 15], "texture": "#1"},
				"east": {"uv": [6.75, 14.625, 6.875, 15], "texture": "#1"},
				"south": {"uv": [6.625, 14.625, 6.875, 15], "texture": "#1"},
				"west": {"uv": [6.625, 14.625, 6.75, 15], "texture": "#1"},
				"up": {"uv": [6.625, 14.75, 6.875, 14.625], "texture": "#1"},
				"down": {"uv": [6.625, 15, 6.875, 14.875], "texture": "#1"}
			}
		},
		{
			"from": [7.575, -0.825, 7.275],
			"to": [7.7, -0.575, 7.6],
			"rotation": {"angle": 0, "axis": "y", "origin": [-1.875, -20.75, 0]},
			"faces": {
				"north": {"uv": [6.875, 15, 6.75, 15.25], "texture": "#1"},
				"east": {"uv": [6.75, 15, 6.875, 15.25], "texture": "#1"},
				"south": {"uv": [6.75, 15, 6.875, 15.25], "texture": "#1"},
				"west": {"uv": [6.75, 15, 6.875, 15.25], "texture": "#1"},
				"up": {"uv": [6.75, 15.125, 6.875, 15], "texture": "#1"},
				"down": {"uv": [6.75, 15.25, 6.875, 15.125], "texture": "#1"}
			}
		},
		{
			"from": [7.825, -1.45, 7.275],
			"to": [7.95, -1.2, 7.6],
			"rotation": {"angle": 0, "axis": "y", "origin": [-1.625, -21.375, 0]},
			"faces": {
				"north": {"uv": [7.125, 15.625, 7, 15.875], "texture": "#1"},
				"east": {"uv": [7, 15.625, 7.125, 15.875], "texture": "#1"},
				"south": {"uv": [7, 15.625, 7.125, 15.875], "texture": "#1"},
				"west": {"uv": [7, 15.625, 7.125, 15.875], "texture": "#1"},
				"up": {"uv": [7, 15.75, 7.125, 15.625], "texture": "#1"},
				"down": {"uv": [7, 15.875, 7.125, 15.75], "texture": "#1"}
			}
		},
		{
			"from": [7.7, -1.2, 7.275],
			"to": [7.825, -0.825, 7.6],
			"rotation": {"angle": 0, "axis": "y", "origin": [-1.75, -21, 0]},
			"faces": {
				"north": {"uv": [7, 15.25, 6.875, 15.625], "texture": "#1"},
				"east": {"uv": [6.875, 15.25, 7, 15.625], "texture": "#1"},
				"south": {"uv": [6.875, 15.25, 7, 15.625], "texture": "#1"},
				"west": {"uv": [6.875, 15.25, 7, 15.625], "texture": "#1"},
				"up": {"uv": [6.875, 15.375, 7, 15.25], "texture": "#1"},
				"down": {"uv": [6.875, 15.625, 7, 15.5], "texture": "#1"}
			}
		},
		{
			"from": [7.45, 0.425, 7.275],
			"to": [8.075, 0.675, 7.6],
			"rotation": {"angle": 0, "axis": "y", "origin": [-1.875, -19.5, 0]},
			"faces": {
				"north": {"uv": [7.25, 13.75, 6.625, 14], "texture": "#1"},
				"east": {"uv": [7.125, 13.75, 7.25, 14], "texture": "#1"},
				"south": {"uv": [6.625, 13.75, 7.25, 14], "texture": "#1"},
				"west": {"uv": [6.625, 13.75, 6.75, 14], "texture": "#1"},
				"up": {"uv": [6.625, 13.875, 7.25, 13.75], "texture": "#1"},
				"down": {"uv": [6.625, 14, 7.25, 13.875], "texture": "#1"}
			}
		},
		{
			"from": [7.45, 0.675, 7.275],
			"to": [8.2, 0.8, 7.6],
			"rotation": {"angle": 0, "axis": "y", "origin": [-1.875, -19.375, 0]},
			"faces": {
				"north": {"uv": [7.375, 13.625, 6.625, 13.75], "texture": "#1"},
				"east": {"uv": [7.25, 13.625, 7.375, 13.75], "texture": "#1"},
				"south": {"uv": [6.625, 13.625, 7.375, 13.75], "texture": "#1"},
				"west": {"uv": [6.625, 13.625, 6.75, 13.75], "texture": "#1"},
				"up": {"uv": [6.625, 13.75, 7.375, 13.625], "texture": "#1"},
				"down": {"uv": [6.625, 13.75, 7.375, 13.625], "texture": "#1"}
			}
		},
		{
			"from": [7.95, 1.55, 7.275],
			"to": [8.2, 1.925, 7.6],
			"rotation": {"angle": 0, "axis": "y", "origin": [-1.625, -18.25, 0]},
			"faces": {
				"north": {"uv": [7.375, 12.5, 7.125, 12.875], "texture": "#1"},
				"east": {"uv": [7.25, 12.5, 7.375, 12.875], "texture": "#1"},
				"south": {"uv": [7.125, 12.5, 7.375, 12.875], "texture": "#1"},
				"west": {"uv": [7.125, 12.5, 7.25, 12.875], "texture": "#1"},
				"up": {"uv": [7.125, 12.625, 7.375, 12.5], "texture": "#1"},
				"down": {"uv": [7.125, 12.875, 7.375, 12.75], "texture": "#1"}
			}
		},
		{
			"from": [7.575, 2.425, 7.275],
			"to": [7.7, 2.675, 7.6],
			"rotation": {"angle": 0, "axis": "y", "origin": [-1.875, -17.5, 0]},
			"faces": {
				"north": {"uv": [6.875, 11.75, 6.75, 12], "texture": "#1"},
				"east": {"uv": [6.75, 11.75, 6.875, 12], "texture": "#1"},
				"south": {"uv": [6.75, 11.75, 6.875, 12], "texture": "#1"},
				"west": {"uv": [6.75, 11.75, 6.875, 12], "texture": "#1"},
				"up": {"uv": [6.75, 11.875, 6.875, 11.75], "texture": "#1"},
				"down": {"uv": [6.75, 12, 6.875, 11.875], "texture": "#1"}
			}
		},
		{
			"from": [7.325, 2.55, 7.275],
			"to": [7.45, 2.925, 7.6],
			"rotation": {"angle": 0, "axis": "y", "origin": [-2.125, -17.375, 0]},
			"faces": {
				"north": {"uv": [6.625, 11.5, 6.5, 11.875], "texture": "#1"},
				"east": {"uv": [6.5, 11.5, 6.625, 11.875], "texture": "#1"},
				"south": {"uv": [6.5, 11.5, 6.625, 11.875], "texture": "#1"},
				"west": {"uv": [6.5, 11.5, 6.625, 11.875], "texture": "#1"},
				"up": {"uv": [6.5, 11.625, 6.625, 11.5], "texture": "#1"},
				"down": {"uv": [6.5, 11.875, 6.625, 11.75], "texture": "#1"}
			}
		},
		{
			"from": [7.45, 2.55, 7.275],
			"to": [7.575, 3.3, 7.6],
			"rotation": {"angle": 0, "axis": "y", "origin": [-2, -17.4, 0]},
			"faces": {
				"north": {"uv": [6.75, 11.125, 6.625, 11.875], "texture": "#1"},
				"east": {"uv": [6.625, 11.125, 6.75, 11.875], "texture": "#1"},
				"south": {"uv": [6.625, 11.125, 6.75, 11.875], "texture": "#1"},
				"west": {"uv": [6.625, 11.125, 6.75, 11.875], "texture": "#1"},
				"up": {"uv": [6.625, 11.25, 6.75, 11.125], "texture": "#1"},
				"down": {"uv": [6.625, 11.875, 6.75, 11.75], "texture": "#1"}
			}
		},
		{
			"from": [7.7, 2.3, 7.275],
			"to": [7.825, 2.55, 7.6],
			"rotation": {"angle": 0, "axis": "y", "origin": [-1.75, -17.625, 0]},
			"faces": {
				"north": {"uv": [7, 11.875, 6.875, 12.125], "texture": "#1"},
				"east": {"uv": [6.875, 11.875, 7, 12.125], "texture": "#1"},
				"south": {"uv": [6.875, 11.875, 7, 12.125], "texture": "#1"},
				"west": {"uv": [6.875, 11.875, 7, 12.125], "texture": "#1"},
				"up": {"uv": [6.875, 12, 7, 11.875], "texture": "#1"},
				"down": {"uv": [6.875, 12.125, 7, 12], "texture": "#1"}
			}
		},
		{
			"from": [7.45, 4.3, 7.35],
			"to": [7.825, 5.925, 7.525],
			"rotation": {"angle": 0, "axis": "y", "origin": [-1.125, -13.75, 0]},
			"faces": {
				"north": {"uv": [7, 8.5, 6.625, 10.125], "texture": "#1"},
				"east": {"uv": [6.875, 8.5, 7, 10.125], "texture": "#1"},
				"south": {"uv": [6.625, 8.5, 7, 10.125], "texture": "#1"},
				"west": {"uv": [6.625, 8.5, 6.75, 10.125], "texture": "#1"},
				"up": {"uv": [6.625, 8.625, 7, 8.5], "texture": "#1"},
				"down": {"uv": [6.625, 10.125, 7, 10], "texture": "#1"}
			}
		}
	],
	"gui_light": "front",
	"display": {
		"thirdperson_righthand": {
			"rotation": [-90, -90, 0],
			"translation": [-1, -5.25, -3],
			"scale": [1.2, 1.2, 1.2]
		},
		"thirdperson_lefthand": {
			"rotation": [-90, 90, 0],
			"translation": [0.35, -5.25, -3],
			"scale": [1.2, 1.2, 1.2]
		},
		"firstperson_righthand": {
			"rotation": [30, -90, 60],
			"translation": [-3.75, 6.25, 3.25],
			"scale": [0.8, 0.8, 1]
		},
		"firstperson_lefthand": {
			"rotation": [-90, 90, 60],
			"translation": [-2.5, 6.25, 3.25],
			"scale": [0.8, 0.8, 1]
		},
		"ground": {
			"rotation": [-45, -90, 0],
			"translation": [0, 1, 0],
			"scale": [0.65, 0.65, 0.65]
		},
		"gui": {
			"rotation": [0, -180, 45],
			"translation": [2.25, 1.25, 0],
			"scale": [1.4, 1.4, 1.4]
		},
		"head": {
			"translation": [0, 9.75, 0]
		},
		"fixed": {
			"rotation": [-180, 180, -135],
			"translation": [-2.75, 1.5, 0],
			"scale": [1.5, 1.5, 1.5]
		}
	}
}