{
	"credit": "Made with Blockbench",
	"textures": {
		"1": "./widow_fan",
		"particle": "./widow_fan"
	},
	"elements": [
		{
			"from": [2.2, 5.1, 7.2],
			"to": [3.45, 5.85, 7.825],
			"faces": {
				"north": {"uv": [5.375, 9.25, 4.75, 9.625], "texture": "#1"},
				"east": {"uv": [5.25, 9.25, 5.375, 9.625], "texture": "#1"},
				"south": {"uv": [4.75, 9.25, 5.375, 9.625], "texture": "#1"},
				"west": {"uv": [4.75, 9.25, 4.875, 9.625], "texture": "#1"},
				"up": {"uv": [4.75, 9.375, 5.375, 9.25], "texture": "#1"},
				"down": {"uv": [4.75, 9.625, 5.375, 9.5], "texture": "#1"}
			}
		},
		{
			"from": [0.7, 5.35, 7.2],
			"to": [2.2, 6.1, 7.825],
			"faces": {
				"north": {"uv": [4.75, 9.125, 4, 9.5], "texture": "#1"},
				"east": {"uv": [4.625, 9.125, 4.75, 9.5], "texture": "#1"},
				"south": {"uv": [4, 9.125, 4.75, 9.5], "texture": "#1"},
				"west": {"uv": [4, 9.125, 4.125, 9.5], "texture": "#1"},
				"up": {"uv": [4, 9.25, 4.75, 9.125], "texture": "#1"},
				"down": {"uv": [4, 9.5, 4.75, 9.375], "texture": "#1"}
			}
		},
		{
			"from": [-0.8, 5.6, 7.2],
			"to": [0.7, 6.35, 7.825],
			"faces": {
				"north": {"uv": [4, 9, 3.25, 9.375], "texture": "#1"},
				"east": {"uv": [3.875, 9, 4, 9.375], "texture": "#1"},
				"south": {"uv": [3.25, 9, 4, 9.375], "texture": "#1"},
				"west": {"uv": [3.25, 9, 3.375, 9.375], "texture": "#1"},
				"up": {"uv": [3.25, 9.125, 4, 9], "texture": "#1"},
				"down": {"uv": [3.25, 9.375, 4, 9.25], "texture": "#1"}
			}
		},
		{
			"from": [-2.05, 5.85, 7.2],
			"to": [-0.8, 6.6, 7.825],
			"faces": {
				"north": {"uv": [3.25, 8.875, 2.625, 9.25], "texture": "#1"},
				"east": {"uv": [3.125, 8.875, 3.25, 9.25], "texture": "#1"},
				"south": {"uv": [2.625, 8.875, 3.25, 9.25], "texture": "#1"},
				"west": {"uv": [2.625, 8.875, 2.75, 9.25], "texture": "#1"},
				"up": {"uv": [2.625, 9, 3.25, 8.875], "texture": "#1"},
				"down": {"uv": [2.625, 9.25, 3.25, 9.125], "texture": "#1"}
			}
		},
		{
			"from": [-3.3, 6.1, 7.2],
			"to": [-2.05, 6.85, 7.825],
			"faces": {
				"north": {"uv": [2.625, 8.75, 2, 9.125], "texture": "#1"},
				"east": {"uv": [2.5, 8.75, 2.625, 9.125], "texture": "#1"},
				"south": {"uv": [2, 8.75, 2.625, 9.125], "texture": "#1"},
				"west": {"uv": [2, 8.75, 2.125, 9.125], "texture": "#1"},
				"up": {"uv": [2, 8.875, 2.625, 8.75], "texture": "#1"},
				"down": {"uv": [2, 9.125, 2.625, 9], "texture": "#1"}
			}
		},
		{
			"from": [-5.8, 6.6, 7.2],
			"to": [-4.55, 7.1, 7.825],
			"faces": {
				"north": {"uv": [1.375, 8.625, 0.75, 8.875], "texture": "#1"},
				"east": {"uv": [1.25, 8.625, 1.375, 8.875], "texture": "#1"},
				"south": {"uv": [0.75, 8.625, 1.375, 8.875], "texture": "#1"},
				"west": {"uv": [0.75, 8.625, 0.875, 8.875], "texture": "#1"},
				"up": {"uv": [0.75, 8.75, 1.375, 8.625], "texture": "#1"},
				"down": {"uv": [0.75, 8.875, 1.375, 8.75], "texture": "#1"}
			}
		},
		{
			"from": [-6.8, 6.6, 7.2],
			"to": [-5.8, 6.85, 7.825],
			"faces": {
				"north": {"uv": [0.75, 8.625, 0.25, 8.75], "texture": "#1"},
				"east": {"uv": [0.625, 8.625, 0.75, 8.75], "texture": "#1"},
				"south": {"uv": [0.25, 8.625, 0.75, 8.75], "texture": "#1"},
				"west": {"uv": [0.25, 8.625, 0.375, 8.75], "texture": "#1"},
				"up": {"uv": [0.25, 8.75, 0.75, 8.625], "texture": "#1"},
				"down": {"uv": [0.25, 8.75, 0.75, 8.625], "texture": "#1"}
			}
		},
		{
			"from": [-4.55, 6.35, 7.2],
			"to": [-3.3, 7.1, 7.825],
			"faces": {
				"north": {"uv": [2, 8.625, 1.375, 9], "texture": "#1"},
				"east": {"uv": [1.875, 8.625, 2, 9], "texture": "#1"},
				"south": {"uv": [1.375, 8.625, 2, 9], "texture": "#1"},
				"west": {"uv": [1.375, 8.625, 1.5, 9], "texture": "#1"},
				"up": {"uv": [1.375, 8.75, 2, 8.625], "texture": "#1"},
				"down": {"uv": [1.375, 9, 2, 8.875], "texture": "#1"}
			}
		},
		{
			"from": [3.45, 4.85, 7.2],
			"to": [4.7, 5.6, 7.825],
			"faces": {
				"north": {"uv": [6, 9.375, 5.375, 9.75], "texture": "#1"},
				"east": {"uv": [5.875, 9.375, 6, 9.75], "texture": "#1"},
				"south": {"uv": [5.375, 9.375, 6, 9.75], "texture": "#1"},
				"west": {"uv": [5.375, 9.375, 5.5, 9.75], "texture": "#1"},
				"up": {"uv": [5.375, 9.5, 6, 9.375], "texture": "#1"},
				"down": {"uv": [5.375, 9.75, 6, 9.625], "texture": "#1"}
			}
		},
		{
			"from": [4.7, 4.6, 7.2],
			"to": [5.95, 5.35, 7.825],
			"faces": {
				"north": {"uv": [6.625, 9.5, 6, 9.875], "texture": "#1"},
				"east": {"uv": [6.5, 9.5, 6.625, 9.875], "texture": "#1"},
				"south": {"uv": [6, 9.5, 6.625, 9.875], "texture": "#1"},
				"west": {"uv": [6, 9.5, 6.125, 9.875], "texture": "#1"},
				"up": {"uv": [6, 9.625, 6.625, 9.5], "texture": "#1"},
				"down": {"uv": [6, 9.875, 6.625, 9.75], "texture": "#1"}
			}
		},
		{
			"from": [9.45, 4.6, 7.2],
			"to": [10.7, 5.35, 7.825],
			"faces": {
				"north": {"uv": [9, 9.5, 8.375, 9.875], "texture": "#1"},
				"east": {"uv": [8.875, 9.5, 9, 9.875], "texture": "#1"},
				"south": {"uv": [8.375, 9.5, 9, 9.875], "texture": "#1"},
				"west": {"uv": [8.375, 9.5, 8.5, 9.875], "texture": "#1"},
				"up": {"uv": [8.375, 9.625, 9, 9.5], "texture": "#1"},
				"down": {"uv": [8.375, 9.875, 9, 9.75], "texture": "#1"}
			}
		},
		{
			"from": [10.7, 4.85, 7.2],
			"to": [11.95, 5.6, 7.825],
			"faces": {
				"north": {"uv": [9.625, 9.375, 9, 9.75], "texture": "#1"},
				"east": {"uv": [9.5, 9.375, 9.625, 9.75], "texture": "#1"},
				"south": {"uv": [9, 9.375, 9.625, 9.75], "texture": "#1"},
				"west": {"uv": [9, 9.375, 9.125, 9.75], "texture": "#1"},
				"up": {"uv": [9, 9.5, 9.625, 9.375], "texture": "#1"},
				"down": {"uv": [9, 9.75, 9.625, 9.625], "texture": "#1"}
			}
		},
		{
			"from": [11.95, 5.1, 7.2],
			"to": [13.2, 5.85, 7.825],
			"faces": {
				"north": {"uv": [10.25, 9.25, 9.625, 9.625], "texture": "#1"},
				"east": {"uv": [10.125, 9.25, 10.25, 9.625], "texture": "#1"},
				"south": {"uv": [9.625, 9.25, 10.25, 9.625], "texture": "#1"},
				"west": {"uv": [9.625, 9.25, 9.75, 9.625], "texture": "#1"},
				"up": {"uv": [9.625, 9.375, 10.25, 9.25], "texture": "#1"},
				"down": {"uv": [9.625, 9.625, 10.25, 9.5], "texture": "#1"}
			}
		},
		{
			"from": [13.2, 5.35, 7.2],
			"to": [14.7, 6.1, 7.825],
			"faces": {
				"north": {"uv": [11, 9.125, 10.25, 9.5], "texture": "#1"},
				"east": {"uv": [10.875, 9.125, 11, 9.5], "texture": "#1"},
				"south": {"uv": [10.25, 9.125, 11, 9.5], "texture": "#1"},
				"west": {"uv": [10.25, 9.125, 10.375, 9.5], "texture": "#1"},
				"up": {"uv": [10.25, 9.25, 11, 9.125], "texture": "#1"},
				"down": {"uv": [10.25, 9.5, 11, 9.375], "texture": "#1"}
			}
		},
		{
			"from": [14.7, 5.6, 7.2],
			"to": [16.2, 6.35, 7.825],
			"faces": {
				"north": {"uv": [11.75, 9, 11, 9.375], "texture": "#1"},
				"east": {"uv": [11.625, 9, 11.75, 9.375], "texture": "#1"},
				"south": {"uv": [11, 9, 11.75, 9.375], "texture": "#1"},
				"west": {"uv": [11, 9, 11.125, 9.375], "texture": "#1"},
				"up": {"uv": [11, 9.125, 11.75, 9], "texture": "#1"},
				"down": {"uv": [11, 9.375, 11.75, 9.25], "texture": "#1"}
			}
		},
		{
			"from": [16.2, 5.85, 7.2],
			"to": [17.95, 6.6, 7.825],
			"faces": {
				"north": {"uv": [12.625, 8.875, 11.75, 9.25], "texture": "#1"},
				"east": {"uv": [12.5, 8.875, 12.625, 9.25], "texture": "#1"},
				"south": {"uv": [11.75, 8.875, 12.625, 9.25], "texture": "#1"},
				"west": {"uv": [11.75, 8.875, 11.875, 9.25], "texture": "#1"},
				"up": {"uv": [11.75, 9, 12.625, 8.875], "texture": "#1"},
				"down": {"uv": [11.75, 9.25, 12.625, 9.125], "texture": "#1"}
			}
		},
		{
			"from": [17.95, 6.1, 7.2],
			"to": [19.95, 6.85, 7.825],
			"faces": {
				"north": {"uv": [13.625, 8.75, 12.625, 9.125], "texture": "#1"},
				"east": {"uv": [13.5, 8.75, 13.625, 9.125], "texture": "#1"},
				"south": {"uv": [12.625, 8.75, 13.625, 9.125], "texture": "#1"},
				"west": {"uv": [12.625, 8.75, 12.75, 9.125], "texture": "#1"},
				"up": {"uv": [12.625, 8.875, 13.625, 8.75], "texture": "#1"},
				"down": {"uv": [12.625, 9.125, 13.625, 9], "texture": "#1"}
			}
		},
		{
			"from": [19.95, 6.35, 7.2],
			"to": [21.95, 7.1, 7.825],
			"faces": {
				"north": {"uv": [14.75, 8.625, 13.625, 9], "texture": "#1"},
				"east": {"uv": [14.625, 8.625, 14.75, 9], "texture": "#1"},
				"south": {"uv": [13.625, 8.625, 14.75, 9], "texture": "#1"},
				"west": {"uv": [13.625, 8.625, 13.75, 9], "texture": "#1"},
				"up": {"uv": [13.625, 8.75, 14.75, 8.625], "texture": "#1"},
				"down": {"uv": [13.625, 9, 14.75, 8.875], "texture": "#1"}
			}
		},
		{
			"from": [6.45, 4.35, 7.2],
			"to": [8.95, 6.1, 7.825],
			"faces": {
				"north": {"uv": [8.125, 9.125, 6.875, 10], "texture": "#1"},
				"east": {"uv": [8, 9.125, 8.125, 10], "texture": "#1"},
				"south": {"uv": [6.875, 9.125, 8.125, 10], "texture": "#1"},
				"west": {"uv": [6.875, 9.125, 7, 10], "texture": "#1"},
				"up": {"uv": [6.875, 9.25, 8.125, 9.125], "texture": "#1"},
				"down": {"uv": [6.875, 10, 8.125, 9.875], "texture": "#1"}
			}
		},
		{
			"from": [1.7, -3.9, 7.55],
			"to": [13.95, 3.85, 7.55],
			"rotation": {"angle": 0, "axis": "z", "origin": [0, 0.1, 0]},
			"faces": {
				"north": {"uv": [10.625, 10.25, 4.5, 14.125], "texture": "#1"},
				"south": {"uv": [4.5, 10.25, 10.625, 14.125], "texture": "#1"}
			}
		},
		{
			"from": [-6.8, 5.35, 7.55],
			"to": [22.2, 19.6, 7.55],
			"rotation": {"angle": 0, "axis": "y", "origin": [0, 0.1, 0]},
			"faces": {
				"north": {"uv": [14.75, 2.375, 0.25, 9.5], "texture": "#1"},
				"south": {"uv": [0.25, 2.375, 14.75, 9.5], "texture": "#1"}
			}
		},
		{
			"from": [5.95, 1.1, 7.225],
			"to": [6.2, 2.1, 7.825],
			"rotation": {"angle": 0, "axis": "z", "origin": [0, 0.1, 0]},
			"faces": {
				"north": {"uv": [6.75, 11.125, 6.625, 11.625], "texture": "#1"},
				"east": {"uv": [6.625, 11.125, 6.75, 11.625], "texture": "#1"},
				"south": {"uv": [6.625, 11.125, 6.75, 11.625], "texture": "#1"},
				"west": {"uv": [6.625, 11.125, 6.75, 11.625], "texture": "#1"},
				"up": {"uv": [6.625, 11.25, 6.75, 11.125], "texture": "#1"},
				"down": {"uv": [6.625, 11.625, 6.75, 11.5], "texture": "#1"}
			}
		},
		{
			"from": [5.2, 0.85, 7.225],
			"to": [5.95, 2.35, 7.825],
			"rotation": {"angle": 0, "axis": "z", "origin": [0, 0.1, 0]},
			"faces": {
				"north": {"uv": [6.625, 11, 6.25, 11.75], "texture": "#1"},
				"east": {"uv": [6.5, 11, 6.625, 11.75], "texture": "#1"},
				"south": {"uv": [6.25, 11, 6.625, 11.75], "texture": "#1"},
				"west": {"uv": [6.25, 11, 6.375, 11.75], "texture": "#1"},
				"up": {"uv": [6.25, 11.125, 6.625, 11], "texture": "#1"},
				"down": {"uv": [6.25, 11.75, 6.625, 11.625], "texture": "#1"}
			}
		},
		{
			"from": [8.7, 1.35, 7.125],
			"to": [8.95, 2.1, 7.825],
			"rotation": {"angle": 0, "axis": "y", "origin": [0, 0.1, 0]},
			"faces": {
				"north": {"uv": [8.125, 11.125, 8, 11.5], "texture": "#1"},
				"east": {"uv": [8, 11.125, 8.125, 11.5], "texture": "#1"},
				"south": {"uv": [8, 11.125, 8.125, 11.5], "texture": "#1"},
				"west": {"uv": [8, 11.125, 8.125, 11.5], "texture": "#1"},
				"up": {"uv": [8, 11.25, 8.125, 11.125], "texture": "#1"},
				"down": {"uv": [8, 11.5, 8.125, 11.375], "texture": "#1"}
			}
		},
		{
			"from": [9.7, 1.35, 7.225],
			"to": [9.95, 2.1, 7.825],
			"rotation": {"angle": 0, "axis": "y", "origin": [0, 0.1, 0]},
			"faces": {
				"north": {"uv": [8.625, 11.125, 8.5, 11.5], "texture": "#1"},
				"east": {"uv": [8.5, 11.125, 8.625, 11.5], "texture": "#1"},
				"south": {"uv": [8.5, 11.125, 8.625, 11.5], "texture": "#1"},
				"west": {"uv": [8.5, 11.125, 8.625, 11.5], "texture": "#1"},
				"up": {"uv": [8.5, 11.25, 8.625, 11.125], "texture": "#1"},
				"down": {"uv": [8.5, 11.5, 8.625, 11.375], "texture": "#1"}
			}
		},
		{
			"from": [8.95, 1.1, 7.225],
			"to": [9.7, 2.35, 7.825],
			"rotation": {"angle": 0, "axis": "y", "origin": [0, 0.1, 0]},
			"faces": {
				"north": {"uv": [8.5, 11, 8.125, 11.625], "texture": "#1"},
				"east": {"uv": [8.375, 11, 8.5, 11.625], "texture": "#1"},
				"south": {"uv": [8.125, 11, 8.5, 11.625], "texture": "#1"},
				"west": {"uv": [8.125, 11, 8.25, 11.625], "texture": "#1"},
				"up": {"uv": [8.125, 11.125, 8.5, 11], "texture": "#1"},
				"down": {"uv": [8.125, 11.625, 8.5, 11.5], "texture": "#1"}
			}
		},
		{
			"from": [4.95, 1.1, 7.125],
			"to": [5.2, 2.1, 7.825],
			"rotation": {"angle": 0, "axis": "z", "origin": [0, 0.1, 0]},
			"faces": {
				"north": {"uv": [6.25, 11.125, 6.125, 11.625], "texture": "#1"},
				"east": {"uv": [6.125, 11.125, 6.25, 11.625], "texture": "#1"},
				"south": {"uv": [6.125, 11.125, 6.25, 11.625], "texture": "#1"},
				"west": {"uv": [6.125, 11.125, 6.25, 11.625], "texture": "#1"},
				"up": {"uv": [6.125, 11.25, 6.25, 11.125], "texture": "#1"},
				"down": {"uv": [6.125, 11.625, 6.25, 11.5], "texture": "#1"}
			}
		},
		{
			"from": [6.2, 6.1, 7.2],
			"to": [9.2, 6.6, 7.825],
			"faces": {
				"north": {"uv": [8.25, 8.875, 6.75, 9.125], "texture": "#1"},
				"east": {"uv": [8.125, 8.875, 8.25, 9.125], "texture": "#1"},
				"south": {"uv": [6.75, 8.875, 8.25, 9.125], "texture": "#1"},
				"west": {"uv": [6.75, 8.875, 6.875, 9.125], "texture": "#1"},
				"up": {"uv": [6.75, 9, 8.25, 8.875], "texture": "#1"},
				"down": {"uv": [6.75, 9.125, 8.25, 9], "texture": "#1"}
			}
		},
		{
			"from": [6.95, 6.6, 7.2],
			"to": [8.45, 7.1, 7.825],
			"faces": {
				"north": {"uv": [7.875, 8.625, 7.125, 8.875], "texture": "#1"},
				"east": {"uv": [7.75, 8.625, 7.875, 8.875], "texture": "#1"},
				"south": {"uv": [7.125, 8.625, 7.875, 8.875], "texture": "#1"},
				"west": {"uv": [7.125, 8.625, 7.25, 8.875], "texture": "#1"},
				"up": {"uv": [7.125, 8.75, 7.875, 8.625], "texture": "#1"},
				"down": {"uv": [7.125, 8.875, 7.875, 8.75], "texture": "#1"}
			}
		},
		{
			"from": [5.45, 7.35, 7.2],
			"to": [6.2, 7.6, 7.825],
			"faces": {
				"north": {"uv": [6.75, 8.375, 6.375, 8.5], "texture": "#1"},
				"east": {"uv": [6.625, 8.375, 6.75, 8.5], "texture": "#1"},
				"south": {"uv": [6.375, 8.375, 6.75, 8.5], "texture": "#1"},
				"west": {"uv": [6.375, 8.375, 6.5, 8.5], "texture": "#1"},
				"up": {"uv": [6.375, 8.5, 6.75, 8.375], "texture": "#1"},
				"down": {"uv": [6.375, 8.5, 6.75, 8.375], "texture": "#1"}
			}
		},
		{
			"from": [2.2, 11.6, 7.2],
			"to": [2.95, 11.85, 7.825],
			"faces": {
				"north": {"uv": [5.125, 6.25, 4.75, 6.375], "texture": "#1"},
				"east": {"uv": [5, 6.25, 5.125, 6.375], "texture": "#1"},
				"south": {"uv": [4.75, 6.25, 5.125, 6.375], "texture": "#1"},
				"west": {"uv": [4.75, 6.25, 4.875, 6.375], "texture": "#1"},
				"up": {"uv": [4.75, 6.375, 5.125, 6.25], "texture": "#1"},
				"down": {"uv": [4.75, 6.375, 5.125, 6.25], "texture": "#1"}
			}
		},
		{
			"from": [2.45, 11.35, 7.2],
			"to": [3.2, 11.6, 7.825],
			"faces": {
				"north": {"uv": [5.25, 6.375, 4.875, 6.5], "texture": "#1"},
				"east": {"uv": [5.125, 6.375, 5.25, 6.5], "texture": "#1"},
				"south": {"uv": [4.875, 6.375, 5.25, 6.5], "texture": "#1"},
				"west": {"uv": [4.875, 6.375, 5, 6.5], "texture": "#1"},
				"up": {"uv": [4.875, 6.5, 5.25, 6.375], "texture": "#1"},
				"down": {"uv": [4.875, 6.5, 5.25, 6.375], "texture": "#1"}
			}
		},
		{
			"from": [2.7, 10.85, 7.2],
			"to": [3.45, 11.35, 7.825],
			"faces": {
				"north": {"uv": [5.375, 6.5, 5, 6.75], "texture": "#1"},
				"east": {"uv": [5.25, 6.5, 5.375, 6.75], "texture": "#1"},
				"south": {"uv": [5, 6.5, 5.375, 6.75], "texture": "#1"},
				"west": {"uv": [5, 6.5, 5.125, 6.75], "texture": "#1"},
				"up": {"uv": [5, 6.625, 5.375, 6.5], "texture": "#1"},
				"down": {"uv": [5, 6.75, 5.375, 6.625], "texture": "#1"}
			}
		},
		{
			"from": [2.95, 10.6, 7.2],
			"to": [3.7, 10.85, 7.825],
			"faces": {
				"north": {"uv": [5.5, 6.75, 5.125, 6.875], "texture": "#1"},
				"east": {"uv": [5.375, 6.75, 5.5, 6.875], "texture": "#1"},
				"south": {"uv": [5.125, 6.75, 5.5, 6.875], "texture": "#1"},
				"west": {"uv": [5.125, 6.75, 5.25, 6.875], "texture": "#1"},
				"up": {"uv": [5.125, 6.875, 5.5, 6.75], "texture": "#1"},
				"down": {"uv": [5.125, 6.875, 5.5, 6.75], "texture": "#1"}
			}
		},
		{
			"from": [3.2, 10.35, 7.2],
			"to": [3.95, 10.6, 7.825],
			"faces": {
				"north": {"uv": [5.625, 6.875, 5.25, 7], "texture": "#1"},
				"east": {"uv": [5.5, 6.875, 5.625, 7], "texture": "#1"},
				"south": {"uv": [5.25, 6.875, 5.625, 7], "texture": "#1"},
				"west": {"uv": [5.25, 6.875, 5.375, 7], "texture": "#1"},
				"up": {"uv": [5.25, 7, 5.625, 6.875], "texture": "#1"},
				"down": {"uv": [5.25, 7, 5.625, 6.875], "texture": "#1"}
			}
		},
		{
			"from": [4.2, 8.85, 7.2],
			"to": [4.95, 9.35, 7.825],
			"faces": {
				"north": {"uv": [6.125, 7.5, 5.75, 7.75], "texture": "#1"},
				"east": {"uv": [6, 7.5, 6.125, 7.75], "texture": "#1"},
				"south": {"uv": [5.75, 7.5, 6.125, 7.75], "texture": "#1"},
				"west": {"uv": [5.75, 7.5, 5.875, 7.75], "texture": "#1"},
				"up": {"uv": [5.75, 7.625, 6.125, 7.5], "texture": "#1"},
				"down": {"uv": [5.75, 7.75, 6.125, 7.625], "texture": "#1"}
			}
		},
		{
			"from": [4.45, 8.6, 7.2],
			"to": [5.2, 8.85, 7.825],
			"faces": {
				"north": {"uv": [6.25, 7.75, 5.875, 7.875], "texture": "#1"},
				"east": {"uv": [6.125, 7.75, 6.25, 7.875], "texture": "#1"},
				"south": {"uv": [5.875, 7.75, 6.25, 7.875], "texture": "#1"},
				"west": {"uv": [5.875, 7.75, 6, 7.875], "texture": "#1"},
				"up": {"uv": [5.875, 7.875, 6.25, 7.75], "texture": "#1"},
				"down": {"uv": [5.875, 7.875, 6.25, 7.75], "texture": "#1"}
			}
		},
		{
			"from": [4.7, 8.35, 7.2],
			"to": [5.45, 8.6, 7.825],
			"faces": {
				"north": {"uv": [6.375, 7.875, 6, 8], "texture": "#1"},
				"east": {"uv": [6.25, 7.875, 6.375, 8], "texture": "#1"},
				"south": {"uv": [6, 7.875, 6.375, 8], "texture": "#1"},
				"west": {"uv": [6, 7.875, 6.125, 8], "texture": "#1"},
				"up": {"uv": [6, 8, 6.375, 7.875], "texture": "#1"},
				"down": {"uv": [6, 8, 6.375, 7.875], "texture": "#1"}
			}
		},
		{
			"from": [5.2, 7.6, 7.2],
			"to": [5.95, 7.85, 7.825],
			"faces": {
				"north": {"uv": [6.625, 8.25, 6.25, 8.375], "texture": "#1"},
				"east": {"uv": [6.5, 8.25, 6.625, 8.375], "texture": "#1"},
				"south": {"uv": [6.25, 8.25, 6.625, 8.375], "texture": "#1"},
				"west": {"uv": [6.25, 8.25, 6.375, 8.375], "texture": "#1"},
				"up": {"uv": [6.25, 8.375, 6.625, 8.25], "texture": "#1"},
				"down": {"uv": [6.25, 8.375, 6.625, 8.25], "texture": "#1"}
			}
		},
		{
			"from": [3.7, 9.6, 7.2],
			"to": [4.45, 10.1, 7.825],
			"faces": {
				"north": {"uv": [5.875, 7.125, 5.5, 7.375], "texture": "#1"},
				"east": {"uv": [5.75, 7.125, 5.875, 7.375], "texture": "#1"},
				"south": {"uv": [5.5, 7.125, 5.875, 7.375], "texture": "#1"},
				"west": {"uv": [5.5, 7.125, 5.625, 7.375], "texture": "#1"},
				"up": {"uv": [5.5, 7.25, 5.875, 7.125], "texture": "#1"},
				"down": {"uv": [5.5, 7.375, 5.875, 7.25], "texture": "#1"}
			}
		},
		{
			"from": [1.45, 12.6, 7.2],
			"to": [2.2, 12.85, 7.825],
			"faces": {
				"north": {"uv": [4.75, 5.75, 4.375, 5.875], "texture": "#1"},
				"east": {"uv": [4.625, 5.75, 4.75, 5.875], "texture": "#1"},
				"south": {"uv": [4.375, 5.75, 4.75, 5.875], "texture": "#1"},
				"west": {"uv": [4.375, 5.75, 4.5, 5.875], "texture": "#1"},
				"up": {"uv": [4.375, 5.875, 4.75, 5.75], "texture": "#1"},
				"down": {"uv": [4.375, 5.875, 4.75, 5.75], "texture": "#1"}
			}
		},
		{
			"from": [1.7, 12.35, 7.2],
			"to": [2.45, 12.6, 7.825],
			"faces": {
				"north": {"uv": [4.875, 5.875, 4.5, 6], "texture": "#1"},
				"east": {"uv": [4.75, 5.875, 4.875, 6], "texture": "#1"},
				"south": {"uv": [4.5, 5.875, 4.875, 6], "texture": "#1"},
				"west": {"uv": [4.5, 5.875, 4.625, 6], "texture": "#1"},
				"up": {"uv": [4.5, 6, 4.875, 5.875], "texture": "#1"},
				"down": {"uv": [4.5, 6, 4.875, 5.875], "texture": "#1"}
			}
		},
		{
			"from": [1.95, 11.85, 7.2],
			"to": [2.7, 12.35, 7.825],
			"faces": {
				"north": {"uv": [5, 6, 4.625, 6.25], "texture": "#1"},
				"east": {"uv": [4.875, 6, 5, 6.25], "texture": "#1"},
				"south": {"uv": [4.625, 6, 5, 6.25], "texture": "#1"},
				"west": {"uv": [4.625, 6, 4.75, 6.25], "texture": "#1"},
				"up": {"uv": [4.625, 6.125, 5, 6], "texture": "#1"},
				"down": {"uv": [4.625, 6.25, 5, 6.125], "texture": "#1"}
			}
		},
		{
			"from": [0.95, 13.35, 7.2],
			"to": [1.7, 13.6, 7.825],
			"faces": {
				"north": {"uv": [4.5, 5.375, 4.125, 5.5], "texture": "#1"},
				"east": {"uv": [4.375, 5.375, 4.5, 5.5], "texture": "#1"},
				"south": {"uv": [4.125, 5.375, 4.5, 5.5], "texture": "#1"},
				"west": {"uv": [4.125, 5.375, 4.25, 5.5], "texture": "#1"},
				"up": {"uv": [4.125, 5.5, 4.5, 5.375], "texture": "#1"},
				"down": {"uv": [4.125, 5.5, 4.5, 5.375], "texture": "#1"}
			}
		},
		{
			"from": [0.7, 13.6, 7.2],
			"to": [1.45, 14.1, 7.825],
			"faces": {
				"north": {"uv": [4.375, 5.125, 4, 5.375], "texture": "#1"},
				"east": {"uv": [4.25, 5.125, 4.375, 5.375], "texture": "#1"},
				"south": {"uv": [4, 5.125, 4.375, 5.375], "texture": "#1"},
				"west": {"uv": [4, 5.125, 4.125, 5.375], "texture": "#1"},
				"up": {"uv": [4, 5.25, 4.375, 5.125], "texture": "#1"},
				"down": {"uv": [4, 5.375, 4.375, 5.25], "texture": "#1"}
			}
		},
		{
			"from": [0.45, 14.1, 7.2],
			"to": [1.2, 14.35, 7.825],
			"faces": {
				"north": {"uv": [4.25, 5, 3.875, 5.125], "texture": "#1"},
				"east": {"uv": [4.125, 5, 4.25, 5.125], "texture": "#1"},
				"south": {"uv": [3.875, 5, 4.25, 5.125], "texture": "#1"},
				"west": {"uv": [3.875, 5, 4, 5.125], "texture": "#1"},
				"up": {"uv": [3.875, 5.125, 4.25, 5], "texture": "#1"},
				"down": {"uv": [3.875, 5.125, 4.25, 5], "texture": "#1"}
			}
		},
		{
			"from": [0.2, 14.35, 7.2],
			"to": [0.95, 14.85, 7.825],
			"faces": {
				"north": {"uv": [4.125, 4.75, 3.75, 5], "texture": "#1"},
				"east": {"uv": [4, 4.75, 4.125, 5], "texture": "#1"},
				"south": {"uv": [3.75, 4.75, 4.125, 5], "texture": "#1"},
				"west": {"uv": [3.75, 4.75, 3.875, 5], "texture": "#1"},
				"up": {"uv": [3.75, 4.875, 4.125, 4.75], "texture": "#1"},
				"down": {"uv": [3.75, 5, 4.125, 4.875], "texture": "#1"}
			}
		},
		{
			"from": [-0.05, 14.85, 7.2],
			"to": [0.7, 15.1, 7.825],
			"faces": {
				"north": {"uv": [4, 4.625, 3.625, 4.75], "texture": "#1"},
				"east": {"uv": [3.875, 4.625, 4, 4.75], "texture": "#1"},
				"south": {"uv": [3.625, 4.625, 4, 4.75], "texture": "#1"},
				"west": {"uv": [3.625, 4.625, 3.75, 4.75], "texture": "#1"},
				"up": {"uv": [3.625, 4.75, 4, 4.625], "texture": "#1"},
				"down": {"uv": [3.625, 4.75, 4, 4.625], "texture": "#1"}
			}
		},
		{
			"from": [-0.3, 15.1, 7.2],
			"to": [0.45, 15.6, 7.825],
			"faces": {
				"north": {"uv": [3.875, 4.375, 3.5, 4.625], "texture": "#1"},
				"east": {"uv": [3.75, 4.375, 3.875, 4.625], "texture": "#1"},
				"south": {"uv": [3.5, 4.375, 3.875, 4.625], "texture": "#1"},
				"west": {"uv": [3.5, 4.375, 3.625, 4.625], "texture": "#1"},
				"up": {"uv": [3.5, 4.5, 3.875, 4.375], "texture": "#1"},
				"down": {"uv": [3.5, 4.625, 3.875, 4.5], "texture": "#1"}
			}
		},
		{
			"from": [-0.55, 15.6, 7.2],
			"to": [0.2, 15.85, 7.825],
			"faces": {
				"north": {"uv": [3.75, 4.25, 3.375, 4.375], "texture": "#1"},
				"east": {"uv": [3.625, 4.25, 3.75, 4.375], "texture": "#1"},
				"south": {"uv": [3.375, 4.25, 3.75, 4.375], "texture": "#1"},
				"west": {"uv": [3.375, 4.25, 3.5, 4.375], "texture": "#1"},
				"up": {"uv": [3.375, 4.375, 3.75, 4.25], "texture": "#1"},
				"down": {"uv": [3.375, 4.375, 3.75, 4.25], "texture": "#1"}
			}
		},
		{
			"from": [-0.8, 15.85, 7.2],
			"to": [-0.05, 16.1, 7.825],
			"faces": {
				"north": {"uv": [3.625, 4.125, 3.25, 4.25], "texture": "#1"},
				"east": {"uv": [3.5, 4.125, 3.625, 4.25], "texture": "#1"},
				"south": {"uv": [3.25, 4.125, 3.625, 4.25], "texture": "#1"},
				"west": {"uv": [3.25, 4.125, 3.375, 4.25], "texture": "#1"},
				"up": {"uv": [3.25, 4.25, 3.625, 4.125], "texture": "#1"},
				"down": {"uv": [3.25, 4.25, 3.625, 4.125], "texture": "#1"}
			}
		},
		{
			"from": [-0.8, 16.1, 7.2],
			"to": [-0.3, 16.35, 7.825],
			"faces": {
				"north": {"uv": [3.5, 4, 3.25, 4.125], "texture": "#1"},
				"east": {"uv": [3.375, 4, 3.5, 4.125], "texture": "#1"},
				"south": {"uv": [3.25, 4, 3.5, 4.125], "texture": "#1"},
				"west": {"uv": [3.25, 4, 3.375, 4.125], "texture": "#1"},
				"up": {"uv": [3.25, 4.125, 3.5, 4], "texture": "#1"},
				"down": {"uv": [3.25, 4.125, 3.5, 4], "texture": "#1"}
			}
		},
		{
			"from": [1.2, 12.85, 7.2],
			"to": [1.95, 13.35, 7.825],
			"faces": {
				"north": {"uv": [4.625, 5.5, 4.25, 5.75], "texture": "#1"},
				"east": {"uv": [4.5, 5.5, 4.625, 5.75], "texture": "#1"},
				"south": {"uv": [4.25, 5.5, 4.625, 5.75], "texture": "#1"},
				"west": {"uv": [4.25, 5.5, 4.375, 5.75], "texture": "#1"},
				"up": {"uv": [4.25, 5.625, 4.625, 5.5], "texture": "#1"},
				"down": {"uv": [4.25, 5.75, 4.625, 5.625], "texture": "#1"}
			}
		},
		{
			"from": [3.45, 10.1, 7.2],
			"to": [4.2, 10.35, 7.825],
			"faces": {
				"north": {"uv": [5.75, 7, 5.375, 7.125], "texture": "#1"},
				"east": {"uv": [5.625, 7, 5.75, 7.125], "texture": "#1"},
				"south": {"uv": [5.375, 7, 5.75, 7.125], "texture": "#1"},
				"west": {"uv": [5.375, 7, 5.5, 7.125], "texture": "#1"},
				"up": {"uv": [5.375, 7.125, 5.75, 7], "texture": "#1"},
				"down": {"uv": [5.375, 7.125, 5.75, 7], "texture": "#1"}
			}
		},
		{
			"from": [3.95, 9.35, 7.2],
			"to": [4.7, 9.6, 7.825],
			"faces": {
				"north": {"uv": [6, 7.375, 5.625, 7.5], "texture": "#1"},
				"east": {"uv": [5.875, 7.375, 6, 7.5], "texture": "#1"},
				"south": {"uv": [5.625, 7.375, 6, 7.5], "texture": "#1"},
				"west": {"uv": [5.625, 7.375, 5.75, 7.5], "texture": "#1"},
				"up": {"uv": [5.625, 7.5, 6, 7.375], "texture": "#1"},
				"down": {"uv": [5.625, 7.5, 6, 7.375], "texture": "#1"}
			}
		},
		{
			"from": [5.95, 6.6, 7.2],
			"to": [6.7, 6.85, 7.825],
			"faces": {
				"north": {"uv": [7, 8.75, 6.625, 8.875], "texture": "#1"},
				"east": {"uv": [6.875, 8.75, 7, 8.875], "texture": "#1"},
				"south": {"uv": [6.625, 8.75, 7, 8.875], "texture": "#1"},
				"west": {"uv": [6.625, 8.75, 6.75, 8.875], "texture": "#1"},
				"up": {"uv": [6.625, 8.875, 7, 8.75], "texture": "#1"},
				"down": {"uv": [6.625, 8.875, 7, 8.75], "texture": "#1"}
			}
		},
		{
			"from": [5.7, 6.85, 7.2],
			"to": [6.45, 7.35, 7.825],
			"faces": {
				"north": {"uv": [6.875, 8.5, 6.5, 8.75], "texture": "#1"},
				"east": {"uv": [6.75, 8.5, 6.875, 8.75], "texture": "#1"},
				"south": {"uv": [6.5, 8.5, 6.875, 8.75], "texture": "#1"},
				"west": {"uv": [6.5, 8.5, 6.625, 8.75], "texture": "#1"},
				"up": {"uv": [6.5, 8.625, 6.875, 8.5], "texture": "#1"},
				"down": {"uv": [6.5, 8.75, 6.875, 8.625], "texture": "#1"}
			}
		},
		{
			"from": [6.7, 7.1, 7.2],
			"to": [7.45, 8.1, 7.825],
			"faces": {
				"north": {"uv": [7.375, 8.125, 7, 8.625], "texture": "#1"},
				"east": {"uv": [7.25, 8.125, 7.375, 8.625], "texture": "#1"},
				"south": {"uv": [7, 8.125, 7.375, 8.625], "texture": "#1"},
				"west": {"uv": [7, 8.125, 7.125, 8.625], "texture": "#1"},
				"up": {"uv": [7, 8.25, 7.375, 8.125], "texture": "#1"},
				"down": {"uv": [7, 8.625, 7.375, 8.5], "texture": "#1"}
			}
		},
		{
			"from": [6.45, 8.1, 7.2],
			"to": [7.2, 9.1, 7.825],
			"faces": {
				"north": {"uv": [7.25, 7.625, 6.875, 8.125], "texture": "#1"},
				"east": {"uv": [7.125, 7.625, 7.25, 8.125], "texture": "#1"},
				"south": {"uv": [6.875, 7.625, 7.25, 8.125], "texture": "#1"},
				"west": {"uv": [6.875, 7.625, 7, 8.125], "texture": "#1"},
				"up": {"uv": [6.875, 7.75, 7.25, 7.625], "texture": "#1"},
				"down": {"uv": [6.875, 8.125, 7.25, 8], "texture": "#1"}
			}
		},
		{
			"from": [5.95, 10.85, 7.2],
			"to": [6.7, 11.85, 7.825],
			"faces": {
				"north": {"uv": [7, 6.25, 6.625, 6.75], "texture": "#1"},
				"east": {"uv": [6.875, 6.25, 7, 6.75], "texture": "#1"},
				"south": {"uv": [6.625, 6.25, 7, 6.75], "texture": "#1"},
				"west": {"uv": [6.625, 6.25, 6.75, 6.75], "texture": "#1"},
				"up": {"uv": [6.625, 6.375, 7, 6.25], "texture": "#1"},
				"down": {"uv": [6.625, 6.75, 7, 6.625], "texture": "#1"}
			}
		},
		{
			"from": [5.7, 11.85, 7.2],
			"to": [6.45, 12.85, 7.825],
			"faces": {
				"north": {"uv": [6.875, 5.75, 6.5, 6.25], "texture": "#1"},
				"east": {"uv": [6.75, 5.75, 6.875, 6.25], "texture": "#1"},
				"south": {"uv": [6.5, 5.75, 6.875, 6.25], "texture": "#1"},
				"west": {"uv": [6.5, 5.75, 6.625, 6.25], "texture": "#1"},
				"up": {"uv": [6.5, 5.875, 6.875, 5.75], "texture": "#1"},
				"down": {"uv": [6.5, 6.25, 6.875, 6.125], "texture": "#1"}
			}
		},
		{
			"from": [5.45, 12.85, 7.2],
			"to": [6.2, 13.85, 7.825],
			"faces": {
				"north": {"uv": [6.75, 5.25, 6.375, 5.75], "texture": "#1"},
				"east": {"uv": [6.625, 5.25, 6.75, 5.75], "texture": "#1"},
				"south": {"uv": [6.375, 5.25, 6.75, 5.75], "texture": "#1"},
				"west": {"uv": [6.375, 5.25, 6.5, 5.75], "texture": "#1"},
				"up": {"uv": [6.375, 5.375, 6.75, 5.25], "texture": "#1"},
				"down": {"uv": [6.375, 5.75, 6.75, 5.625], "texture": "#1"}
			}
		},
		{
			"from": [5.2, 13.85, 7.2],
			"to": [5.95, 14.85, 7.825],
			"faces": {
				"north": {"uv": [6.625, 4.75, 6.25, 5.25], "texture": "#1"},
				"east": {"uv": [6.5, 4.75, 6.625, 5.25], "texture": "#1"},
				"south": {"uv": [6.25, 4.75, 6.625, 5.25], "texture": "#1"},
				"west": {"uv": [6.25, 4.75, 6.375, 5.25], "texture": "#1"},
				"up": {"uv": [6.25, 4.875, 6.625, 4.75], "texture": "#1"},
				"down": {"uv": [6.25, 5.25, 6.625, 5.125], "texture": "#1"}
			}
		},
		{
			"from": [4.45, 17.35, 7.2],
			"to": [5.2, 18.35, 7.825],
			"faces": {
				"north": {"uv": [6.25, 3, 5.875, 3.5], "texture": "#1"},
				"east": {"uv": [6.125, 3, 6.25, 3.5], "texture": "#1"},
				"south": {"uv": [5.875, 3, 6.25, 3.5], "texture": "#1"},
				"west": {"uv": [5.875, 3, 6, 3.5], "texture": "#1"},
				"up": {"uv": [5.875, 3.125, 6.25, 3], "texture": "#1"},
				"down": {"uv": [5.875, 3.5, 6.25, 3.375], "texture": "#1"}
			}
		},
		{
			"from": [4.95, 14.85, 7.2],
			"to": [5.7, 16.1, 7.825],
			"faces": {
				"north": {"uv": [6.5, 4.125, 6.125, 4.75], "texture": "#1"},
				"east": {"uv": [6.375, 4.125, 6.5, 4.75], "texture": "#1"},
				"south": {"uv": [6.125, 4.125, 6.5, 4.75], "texture": "#1"},
				"west": {"uv": [6.125, 4.125, 6.25, 4.75], "texture": "#1"},
				"up": {"uv": [6.125, 4.25, 6.5, 4.125], "texture": "#1"},
				"down": {"uv": [6.125, 4.75, 6.5, 4.625], "texture": "#1"}
			}
		},
		{
			"from": [10.2, 17.35, 7.2],
			"to": [10.95, 18.35, 7.825],
			"faces": {
				"north": {"uv": [9.125, 3, 8.75, 3.5], "texture": "#1"},
				"east": {"uv": [9, 3, 9.125, 3.5], "texture": "#1"},
				"south": {"uv": [8.75, 3, 9.125, 3.5], "texture": "#1"},
				"west": {"uv": [8.75, 3, 8.875, 3.5], "texture": "#1"},
				"up": {"uv": [8.75, 3.125, 9.125, 3], "texture": "#1"},
				"down": {"uv": [8.75, 3.5, 9.125, 3.375], "texture": "#1"}
			}
		},
		{
			"from": [9.95, 16.1, 7.2],
			"to": [10.7, 17.35, 7.825],
			"faces": {
				"north": {"uv": [9, 3.5, 8.625, 4.125], "texture": "#1"},
				"east": {"uv": [8.875, 3.5, 9, 4.125], "texture": "#1"},
				"south": {"uv": [8.625, 3.5, 9, 4.125], "texture": "#1"},
				"west": {"uv": [8.625, 3.5, 8.75, 4.125], "texture": "#1"},
				"up": {"uv": [8.625, 3.625, 9, 3.5], "texture": "#1"},
				"down": {"uv": [8.625, 4.125, 9, 4], "texture": "#1"}
			}
		},
		{
			"from": [9.7, 14.85, 7.2],
			"to": [10.45, 16.1, 7.825],
			"faces": {
				"north": {"uv": [8.875, 4.125, 8.5, 4.75], "texture": "#1"},
				"east": {"uv": [8.75, 4.125, 8.875, 4.75], "texture": "#1"},
				"south": {"uv": [8.5, 4.125, 8.875, 4.75], "texture": "#1"},
				"west": {"uv": [8.5, 4.125, 8.625, 4.75], "texture": "#1"},
				"up": {"uv": [8.5, 4.25, 8.875, 4.125], "texture": "#1"},
				"down": {"uv": [8.5, 4.75, 8.875, 4.625], "texture": "#1"}
			}
		},
		{
			"from": [4.7, 16.1, 7.2],
			"to": [5.45, 17.35, 7.825],
			"faces": {
				"north": {"uv": [6.375, 3.5, 6, 4.125], "texture": "#1"},
				"east": {"uv": [6.25, 3.5, 6.375, 4.125], "texture": "#1"},
				"south": {"uv": [6, 3.5, 6.375, 4.125], "texture": "#1"},
				"west": {"uv": [6, 3.5, 6.125, 4.125], "texture": "#1"},
				"up": {"uv": [6, 3.625, 6.375, 3.5], "texture": "#1"},
				"down": {"uv": [6, 4.125, 6.375, 4], "texture": "#1"}
			}
		},
		{
			"from": [8.7, 10.85, 7.2],
			"to": [9.45, 11.85, 7.825],
			"faces": {
				"north": {"uv": [8.375, 6.25, 8, 6.75], "texture": "#1"},
				"east": {"uv": [8.25, 6.25, 8.375, 6.75], "texture": "#1"},
				"south": {"uv": [8, 6.25, 8.375, 6.75], "texture": "#1"},
				"west": {"uv": [8, 6.25, 8.125, 6.75], "texture": "#1"},
				"up": {"uv": [8, 6.375, 8.375, 6.25], "texture": "#1"},
				"down": {"uv": [8, 6.75, 8.375, 6.625], "texture": "#1"}
			}
		},
		{
			"from": [8.95, 11.85, 7.2],
			"to": [9.7, 12.85, 7.825],
			"faces": {
				"north": {"uv": [8.5, 5.75, 8.125, 6.25], "texture": "#1"},
				"east": {"uv": [8.375, 5.75, 8.5, 6.25], "texture": "#1"},
				"south": {"uv": [8.125, 5.75, 8.5, 6.25], "texture": "#1"},
				"west": {"uv": [8.125, 5.75, 8.25, 6.25], "texture": "#1"},
				"up": {"uv": [8.125, 5.875, 8.5, 5.75], "texture": "#1"},
				"down": {"uv": [8.125, 6.25, 8.5, 6.125], "texture": "#1"}
			}
		},
		{
			"from": [8.45, 9.1, 7.2],
			"to": [9.2, 10.85, 7.825],
			"faces": {
				"north": {"uv": [8.25, 6.75, 7.875, 7.625], "texture": "#1"},
				"east": {"uv": [8.125, 6.75, 8.25, 7.625], "texture": "#1"},
				"south": {"uv": [7.875, 6.75, 8.25, 7.625], "texture": "#1"},
				"west": {"uv": [7.875, 6.75, 8, 7.625], "texture": "#1"},
				"up": {"uv": [7.875, 6.875, 8.25, 6.75], "texture": "#1"},
				"down": {"uv": [7.875, 7.625, 8.25, 7.5], "texture": "#1"}
			}
		},
		{
			"from": [7.95, 7.1, 7.2],
			"to": [8.7, 8.1, 7.825],
			"faces": {
				"north": {"uv": [8, 8.125, 7.625, 8.625], "texture": "#1"},
				"east": {"uv": [7.875, 8.125, 8, 8.625], "texture": "#1"},
				"south": {"uv": [7.625, 8.125, 8, 8.625], "texture": "#1"},
				"west": {"uv": [7.625, 8.125, 7.75, 8.625], "texture": "#1"},
				"up": {"uv": [7.625, 8.25, 8, 8.125], "texture": "#1"},
				"down": {"uv": [7.625, 8.625, 8, 8.5], "texture": "#1"}
			}
		},
		{
			"from": [8.2, 8.1, 7.2],
			"to": [8.95, 9.1, 7.825],
			"faces": {
				"north": {"uv": [8.125, 7.625, 7.75, 8.125], "texture": "#1"},
				"east": {"uv": [8, 7.625, 8.125, 8.125], "texture": "#1"},
				"south": {"uv": [7.75, 7.625, 8.125, 8.125], "texture": "#1"},
				"west": {"uv": [7.75, 7.625, 7.875, 8.125], "texture": "#1"},
				"up": {"uv": [7.75, 7.75, 8.125, 7.625], "texture": "#1"},
				"down": {"uv": [7.75, 8.125, 8.125, 8], "texture": "#1"}
			}
		},
		{
			"from": [9.2, 12.85, 7.2],
			"to": [9.95, 13.85, 7.825],
			"faces": {
				"north": {"uv": [8.625, 5.25, 8.25, 5.75], "texture": "#1"},
				"east": {"uv": [8.5, 5.25, 8.625, 5.75], "texture": "#1"},
				"south": {"uv": [8.25, 5.25, 8.625, 5.75], "texture": "#1"},
				"west": {"uv": [8.25, 5.25, 8.375, 5.75], "texture": "#1"},
				"up": {"uv": [8.25, 5.375, 8.625, 5.25], "texture": "#1"},
				"down": {"uv": [8.25, 5.75, 8.625, 5.625], "texture": "#1"}
			}
		},
		{
			"from": [9.45, 13.85, 7.2],
			"to": [10.2, 14.85, 7.825],
			"faces": {
				"north": {"uv": [8.75, 4.75, 8.375, 5.25], "texture": "#1"},
				"east": {"uv": [8.625, 4.75, 8.75, 5.25], "texture": "#1"},
				"south": {"uv": [8.375, 4.75, 8.75, 5.25], "texture": "#1"},
				"west": {"uv": [8.375, 4.75, 8.5, 5.25], "texture": "#1"},
				"up": {"uv": [8.375, 4.875, 8.75, 4.75], "texture": "#1"},
				"down": {"uv": [8.375, 5.25, 8.75, 5.125], "texture": "#1"}
			}
		},
		{
			"from": [6.2, 9.1, 7.2],
			"to": [6.95, 10.85, 7.825],
			"faces": {
				"north": {"uv": [7.125, 6.75, 6.75, 7.625], "texture": "#1"},
				"east": {"uv": [7, 6.75, 7.125, 7.625], "texture": "#1"},
				"south": {"uv": [6.75, 6.75, 7.125, 7.625], "texture": "#1"},
				"west": {"uv": [6.75, 6.75, 6.875, 7.625], "texture": "#1"},
				"up": {"uv": [6.75, 6.875, 7.125, 6.75], "texture": "#1"},
				"down": {"uv": [6.75, 7.625, 7.125, 7.5], "texture": "#1"}
			}
		},
		{
			"from": [4.95, 7.85, 7.2],
			"to": [5.7, 8.35, 7.825],
			"faces": {
				"north": {"uv": [6.5, 8, 6.125, 8.25], "texture": "#1"},
				"east": {"uv": [6.375, 8, 6.5, 8.25], "texture": "#1"},
				"south": {"uv": [6.125, 8, 6.5, 8.25], "texture": "#1"},
				"west": {"uv": [6.125, 8, 6.25, 8.25], "texture": "#1"},
				"up": {"uv": [6.125, 8.125, 6.5, 8], "texture": "#1"},
				"down": {"uv": [6.125, 8.25, 6.5, 8.125], "texture": "#1"}
			}
		},
		{
			"from": [8.7, 6.6, 7.2],
			"to": [9.45, 6.85, 7.825],
			"faces": {
				"north": {"uv": [8.375, 8.75, 8, 8.875], "texture": "#1"},
				"east": {"uv": [8.25, 8.75, 8.375, 8.875], "texture": "#1"},
				"south": {"uv": [8, 8.75, 8.375, 8.875], "texture": "#1"},
				"west": {"uv": [8, 8.75, 8.125, 8.875], "texture": "#1"},
				"up": {"uv": [8, 8.875, 8.375, 8.75], "texture": "#1"},
				"down": {"uv": [8, 8.875, 8.375, 8.75], "texture": "#1"}
			}
		},
		{
			"from": [8.95, 6.85, 7.2],
			"to": [9.7, 7.35, 7.825],
			"faces": {
				"north": {"uv": [8.5, 8.5, 8.125, 8.75], "texture": "#1"},
				"east": {"uv": [8.375, 8.5, 8.5, 8.75], "texture": "#1"},
				"south": {"uv": [8.125, 8.5, 8.5, 8.75], "texture": "#1"},
				"west": {"uv": [8.125, 8.5, 8.25, 8.75], "texture": "#1"},
				"up": {"uv": [8.125, 8.625, 8.5, 8.5], "texture": "#1"},
				"down": {"uv": [8.125, 8.75, 8.5, 8.625], "texture": "#1"}
			}
		},
		{
			"from": [9.2, 7.35, 7.2],
			"to": [9.95, 7.6, 7.825],
			"faces": {
				"north": {"uv": [8.625, 8.375, 8.25, 8.5], "texture": "#1"},
				"east": {"uv": [8.5, 8.375, 8.625, 8.5], "texture": "#1"},
				"south": {"uv": [8.25, 8.375, 8.625, 8.5], "texture": "#1"},
				"west": {"uv": [8.25, 8.375, 8.375, 8.5], "texture": "#1"},
				"up": {"uv": [8.25, 8.5, 8.625, 8.375], "texture": "#1"},
				"down": {"uv": [8.25, 8.5, 8.625, 8.375], "texture": "#1"}
			}
		},
		{
			"from": [9.45, 7.6, 7.2],
			"to": [10.2, 7.85, 7.825],
			"faces": {
				"north": {"uv": [8.75, 8.25, 8.375, 8.375], "texture": "#1"},
				"east": {"uv": [8.625, 8.25, 8.75, 8.375], "texture": "#1"},
				"south": {"uv": [8.375, 8.25, 8.75, 8.375], "texture": "#1"},
				"west": {"uv": [8.375, 8.25, 8.5, 8.375], "texture": "#1"},
				"up": {"uv": [8.375, 8.375, 8.75, 8.25], "texture": "#1"},
				"down": {"uv": [8.375, 8.375, 8.75, 8.25], "texture": "#1"}
			}
		},
		{
			"from": [15.7, 16.1, 7.2],
			"to": [16.2, 16.35, 7.825],
			"faces": {
				"north": {"uv": [11.75, 4, 11.5, 4.125], "texture": "#1"},
				"east": {"uv": [11.625, 4, 11.75, 4.125], "texture": "#1"},
				"south": {"uv": [11.5, 4, 11.75, 4.125], "texture": "#1"},
				"west": {"uv": [11.5, 4, 11.625, 4.125], "texture": "#1"},
				"up": {"uv": [11.5, 4.125, 11.75, 4], "texture": "#1"},
				"down": {"uv": [11.5, 4.125, 11.75, 4], "texture": "#1"}
			}
		},
		{
			"from": [7.45, 3.85, 7.2],
			"to": [7.95, 4.1, 7.825],
			"faces": {
				"north": {"uv": [7.625, 10.125, 7.375, 10.25], "texture": "#1"},
				"east": {"uv": [7.5, 10.125, 7.625, 10.25], "texture": "#1"},
				"south": {"uv": [7.375, 10.125, 7.625, 10.25], "texture": "#1"},
				"west": {"uv": [7.375, 10.125, 7.5, 10.25], "texture": "#1"},
				"up": {"uv": [7.375, 10.25, 7.625, 10.125], "texture": "#1"},
				"down": {"uv": [7.375, 10.25, 7.625, 10.125], "texture": "#1"}
			}
		},
		{
			"from": [7.2, 4.1, 7.2],
			"to": [8.2, 4.35, 7.825],
			"faces": {
				"north": {"uv": [7.75, 10, 7.25, 10.125], "texture": "#1"},
				"east": {"uv": [7.625, 10, 7.75, 10.125], "texture": "#1"},
				"south": {"uv": [7.25, 10, 7.75, 10.125], "texture": "#1"},
				"west": {"uv": [7.25, 10, 7.375, 10.125], "texture": "#1"},
				"up": {"uv": [7.25, 10.125, 7.75, 10], "texture": "#1"},
				"down": {"uv": [7.25, 10.125, 7.75, 10], "texture": "#1"}
			}
		},
		{
			"from": [15.45, 15.85, 7.2],
			"to": [16.2, 16.1, 7.825],
			"faces": {
				"north": {"uv": [11.75, 4.125, 11.375, 4.25], "texture": "#1"},
				"east": {"uv": [11.625, 4.125, 11.75, 4.25], "texture": "#1"},
				"south": {"uv": [11.375, 4.125, 11.75, 4.25], "texture": "#1"},
				"west": {"uv": [11.375, 4.125, 11.5, 4.25], "texture": "#1"},
				"up": {"uv": [11.375, 4.25, 11.75, 4.125], "texture": "#1"},
				"down": {"uv": [11.375, 4.25, 11.75, 4.125], "texture": "#1"}
			}
		},
		{
			"from": [14.45, 14.35, 7.2],
			"to": [15.2, 14.85, 7.825],
			"faces": {
				"north": {"uv": [11.25, 4.75, 10.875, 5], "texture": "#1"},
				"east": {"uv": [11.125, 4.75, 11.25, 5], "texture": "#1"},
				"south": {"uv": [10.875, 4.75, 11.25, 5], "texture": "#1"},
				"west": {"uv": [10.875, 4.75, 11, 5], "texture": "#1"},
				"up": {"uv": [10.875, 4.875, 11.25, 4.75], "texture": "#1"},
				"down": {"uv": [10.875, 5, 11.25, 4.875], "texture": "#1"}
			}
		},
		{
			"from": [14.7, 14.85, 7.2],
			"to": [15.45, 15.1, 7.825],
			"faces": {
				"north": {"uv": [11.375, 4.625, 11, 4.75], "texture": "#1"},
				"east": {"uv": [11.25, 4.625, 11.375, 4.75], "texture": "#1"},
				"south": {"uv": [11, 4.625, 11.375, 4.75], "texture": "#1"},
				"west": {"uv": [11, 4.625, 11.125, 4.75], "texture": "#1"},
				"up": {"uv": [11, 4.75, 11.375, 4.625], "texture": "#1"},
				"down": {"uv": [11, 4.75, 11.375, 4.625], "texture": "#1"}
			}
		},
		{
			"from": [14.95, 15.1, 7.2],
			"to": [15.7, 15.6, 7.825],
			"faces": {
				"north": {"uv": [11.5, 4.375, 11.125, 4.625], "texture": "#1"},
				"east": {"uv": [11.375, 4.375, 11.5, 4.625], "texture": "#1"},
				"south": {"uv": [11.125, 4.375, 11.5, 4.625], "texture": "#1"},
				"west": {"uv": [11.125, 4.375, 11.25, 4.625], "texture": "#1"},
				"up": {"uv": [11.125, 4.5, 11.5, 4.375], "texture": "#1"},
				"down": {"uv": [11.125, 4.625, 11.5, 4.5], "texture": "#1"}
			}
		},
		{
			"from": [15.2, 15.6, 7.2],
			"to": [15.95, 15.85, 7.825],
			"faces": {
				"north": {"uv": [11.625, 4.25, 11.25, 4.375], "texture": "#1"},
				"east": {"uv": [11.5, 4.25, 11.625, 4.375], "texture": "#1"},
				"south": {"uv": [11.25, 4.25, 11.625, 4.375], "texture": "#1"},
				"west": {"uv": [11.25, 4.25, 11.375, 4.375], "texture": "#1"},
				"up": {"uv": [11.25, 4.375, 11.625, 4.25], "texture": "#1"},
				"down": {"uv": [11.25, 4.375, 11.625, 4.25], "texture": "#1"}
			}
		},
		{
			"from": [13.95, 13.6, 7.2],
			"to": [14.7, 14.1, 7.825],
			"faces": {
				"north": {"uv": [11, 5.125, 10.625, 5.375], "texture": "#1"},
				"east": {"uv": [10.875, 5.125, 11, 5.375], "texture": "#1"},
				"south": {"uv": [10.625, 5.125, 11, 5.375], "texture": "#1"},
				"west": {"uv": [10.625, 5.125, 10.75, 5.375], "texture": "#1"},
				"up": {"uv": [10.625, 5.25, 11, 5.125], "texture": "#1"},
				"down": {"uv": [10.625, 5.375, 11, 5.25], "texture": "#1"}
			}
		},
		{
			"from": [14.2, 14.1, 7.2],
			"to": [14.95, 14.35, 7.825],
			"faces": {
				"north": {"uv": [11.125, 5, 10.75, 5.125], "texture": "#1"},
				"east": {"uv": [11, 5, 11.125, 5.125], "texture": "#1"},
				"south": {"uv": [10.75, 5, 11.125, 5.125], "texture": "#1"},
				"west": {"uv": [10.75, 5, 10.875, 5.125], "texture": "#1"},
				"up": {"uv": [10.75, 5.125, 11.125, 5], "texture": "#1"},
				"down": {"uv": [10.75, 5.125, 11.125, 5], "texture": "#1"}
			}
		},
		{
			"from": [13.7, 13.35, 7.2],
			"to": [14.45, 13.6, 7.825],
			"faces": {
				"north": {"uv": [10.875, 5.375, 10.5, 5.5], "texture": "#1"},
				"east": {"uv": [10.75, 5.375, 10.875, 5.5], "texture": "#1"},
				"south": {"uv": [10.5, 5.375, 10.875, 5.5], "texture": "#1"},
				"west": {"uv": [10.5, 5.375, 10.625, 5.5], "texture": "#1"},
				"up": {"uv": [10.5, 5.5, 10.875, 5.375], "texture": "#1"},
				"down": {"uv": [10.5, 5.5, 10.875, 5.375], "texture": "#1"}
			}
		},
		{
			"from": [13.45, 12.85, 7.2],
			"to": [14.2, 13.35, 7.825],
			"faces": {
				"north": {"uv": [10.75, 5.5, 10.375, 5.75], "texture": "#1"},
				"east": {"uv": [10.625, 5.5, 10.75, 5.75], "texture": "#1"},
				"south": {"uv": [10.375, 5.5, 10.75, 5.75], "texture": "#1"},
				"west": {"uv": [10.375, 5.5, 10.5, 5.75], "texture": "#1"},
				"up": {"uv": [10.375, 5.625, 10.75, 5.5], "texture": "#1"},
				"down": {"uv": [10.375, 5.75, 10.75, 5.625], "texture": "#1"}
			}
		},
		{
			"from": [13.2, 12.6, 7.2],
			"to": [13.95, 12.85, 7.825],
			"faces": {
				"north": {"uv": [10.625, 5.75, 10.25, 5.875], "texture": "#1"},
				"east": {"uv": [10.5, 5.75, 10.625, 5.875], "texture": "#1"},
				"south": {"uv": [10.25, 5.75, 10.625, 5.875], "texture": "#1"},
				"west": {"uv": [10.25, 5.75, 10.375, 5.875], "texture": "#1"},
				"up": {"uv": [10.25, 5.875, 10.625, 5.75], "texture": "#1"},
				"down": {"uv": [10.25, 5.875, 10.625, 5.75], "texture": "#1"}
			}
		},
		{
			"from": [12.95, 12.35, 7.2],
			"to": [13.7, 12.6, 7.825],
			"faces": {
				"north": {"uv": [10.5, 5.875, 10.125, 6], "texture": "#1"},
				"east": {"uv": [10.375, 5.875, 10.5, 6], "texture": "#1"},
				"south": {"uv": [10.125, 5.875, 10.5, 6], "texture": "#1"},
				"west": {"uv": [10.125, 5.875, 10.25, 6], "texture": "#1"},
				"up": {"uv": [10.125, 6, 10.5, 5.875], "texture": "#1"},
				"down": {"uv": [10.125, 6, 10.5, 5.875], "texture": "#1"}
			}
		},
		{
			"from": [12.7, 11.85, 7.2],
			"to": [13.45, 12.35, 7.825],
			"faces": {
				"north": {"uv": [10.375, 6, 10, 6.25], "texture": "#1"},
				"east": {"uv": [10.25, 6, 10.375, 6.25], "texture": "#1"},
				"south": {"uv": [10, 6, 10.375, 6.25], "texture": "#1"},
				"west": {"uv": [10, 6, 10.125, 6.25], "texture": "#1"},
				"up": {"uv": [10, 6.125, 10.375, 6], "texture": "#1"},
				"down": {"uv": [10, 6.25, 10.375, 6.125], "texture": "#1"}
			}
		},
		{
			"from": [12.45, 11.6, 7.2],
			"to": [13.2, 11.85, 7.825],
			"faces": {
				"north": {"uv": [10.25, 6.25, 9.875, 6.375], "texture": "#1"},
				"east": {"uv": [10.125, 6.25, 10.25, 6.375], "texture": "#1"},
				"south": {"uv": [9.875, 6.25, 10.25, 6.375], "texture": "#1"},
				"west": {"uv": [9.875, 6.25, 10, 6.375], "texture": "#1"},
				"up": {"uv": [9.875, 6.375, 10.25, 6.25], "texture": "#1"},
				"down": {"uv": [9.875, 6.375, 10.25, 6.25], "texture": "#1"}
			}
		},
		{
			"from": [12.2, 11.35, 7.2],
			"to": [12.95, 11.6, 7.825],
			"faces": {
				"north": {"uv": [10.125, 6.375, 9.75, 6.5], "texture": "#1"},
				"east": {"uv": [10, 6.375, 10.125, 6.5], "texture": "#1"},
				"south": {"uv": [9.75, 6.375, 10.125, 6.5], "texture": "#1"},
				"west": {"uv": [9.75, 6.375, 9.875, 6.5], "texture": "#1"},
				"up": {"uv": [9.75, 6.5, 10.125, 6.375], "texture": "#1"},
				"down": {"uv": [9.75, 6.5, 10.125, 6.375], "texture": "#1"}
			}
		},
		{
			"from": [11.95, 10.85, 7.2],
			"to": [12.7, 11.35, 7.825],
			"faces": {
				"north": {"uv": [10, 6.5, 9.625, 6.75], "texture": "#1"},
				"east": {"uv": [9.875, 6.5, 10, 6.75], "texture": "#1"},
				"south": {"uv": [9.625, 6.5, 10, 6.75], "texture": "#1"},
				"west": {"uv": [9.625, 6.5, 9.75, 6.75], "texture": "#1"},
				"up": {"uv": [9.625, 6.625, 10, 6.5], "texture": "#1"},
				"down": {"uv": [9.625, 6.75, 10, 6.625], "texture": "#1"}
			}
		},
		{
			"from": [11.7, 10.6, 7.2],
			"to": [12.45, 10.85, 7.825],
			"faces": {
				"north": {"uv": [9.875, 6.75, 9.5, 6.875], "texture": "#1"},
				"east": {"uv": [9.75, 6.75, 9.875, 6.875], "texture": "#1"},
				"south": {"uv": [9.5, 6.75, 9.875, 6.875], "texture": "#1"},
				"west": {"uv": [9.5, 6.75, 9.625, 6.875], "texture": "#1"},
				"up": {"uv": [9.5, 6.875, 9.875, 6.75], "texture": "#1"},
				"down": {"uv": [9.5, 6.875, 9.875, 6.75], "texture": "#1"}
			}
		},
		{
			"from": [11.45, 10.35, 7.2],
			"to": [12.2, 10.6, 7.825],
			"faces": {
				"north": {"uv": [9.75, 6.875, 9.375, 7], "texture": "#1"},
				"east": {"uv": [9.625, 6.875, 9.75, 7], "texture": "#1"},
				"south": {"uv": [9.375, 6.875, 9.75, 7], "texture": "#1"},
				"west": {"uv": [9.375, 6.875, 9.5, 7], "texture": "#1"},
				"up": {"uv": [9.375, 7, 9.75, 6.875], "texture": "#1"},
				"down": {"uv": [9.375, 7, 9.75, 6.875], "texture": "#1"}
			}
		},
		{
			"from": [10.95, 9.6, 7.2],
			"to": [11.7, 10.1, 7.825],
			"faces": {
				"north": {"uv": [9.5, 7.125, 9.125, 7.375], "texture": "#1"},
				"east": {"uv": [9.375, 7.125, 9.5, 7.375], "texture": "#1"},
				"south": {"uv": [9.125, 7.125, 9.5, 7.375], "texture": "#1"},
				"west": {"uv": [9.125, 7.125, 9.25, 7.375], "texture": "#1"},
				"up": {"uv": [9.125, 7.25, 9.5, 7.125], "texture": "#1"},
				"down": {"uv": [9.125, 7.375, 9.5, 7.25], "texture": "#1"}
			}
		},
		{
			"from": [11.2, 10.1, 7.2],
			"to": [11.95, 10.35, 7.825],
			"faces": {
				"north": {"uv": [9.625, 7, 9.25, 7.125], "texture": "#1"},
				"east": {"uv": [9.5, 7, 9.625, 7.125], "texture": "#1"},
				"south": {"uv": [9.25, 7, 9.625, 7.125], "texture": "#1"},
				"west": {"uv": [9.25, 7, 9.375, 7.125], "texture": "#1"},
				"up": {"uv": [9.25, 7.125, 9.625, 7], "texture": "#1"},
				"down": {"uv": [9.25, 7.125, 9.625, 7], "texture": "#1"}
			}
		},
		{
			"from": [10.7, 9.35, 7.2],
			"to": [11.45, 9.6, 7.825],
			"faces": {
				"north": {"uv": [9.375, 7.375, 9, 7.5], "texture": "#1"},
				"east": {"uv": [9.25, 7.375, 9.375, 7.5], "texture": "#1"},
				"south": {"uv": [9, 7.375, 9.375, 7.5], "texture": "#1"},
				"west": {"uv": [9, 7.375, 9.125, 7.5], "texture": "#1"},
				"up": {"uv": [9, 7.5, 9.375, 7.375], "texture": "#1"},
				"down": {"uv": [9, 7.5, 9.375, 7.375], "texture": "#1"}
			}
		},
		{
			"from": [10.45, 8.85, 7.2],
			"to": [11.2, 9.35, 7.825],
			"faces": {
				"north": {"uv": [9.25, 7.5, 8.875, 7.75], "texture": "#1"},
				"east": {"uv": [9.125, 7.5, 9.25, 7.75], "texture": "#1"},
				"south": {"uv": [8.875, 7.5, 9.25, 7.75], "texture": "#1"},
				"west": {"uv": [8.875, 7.5, 9, 7.75], "texture": "#1"},
				"up": {"uv": [8.875, 7.625, 9.25, 7.5], "texture": "#1"},
				"down": {"uv": [8.875, 7.75, 9.25, 7.625], "texture": "#1"}
			}
		},
		{
			"from": [10.2, 8.6, 7.2],
			"to": [10.95, 8.85, 7.825],
			"faces": {
				"north": {"uv": [9.125, 7.75, 8.75, 7.875], "texture": "#1"},
				"east": {"uv": [9, 7.75, 9.125, 7.875], "texture": "#1"},
				"south": {"uv": [8.75, 7.75, 9.125, 7.875], "texture": "#1"},
				"west": {"uv": [8.75, 7.75, 8.875, 7.875], "texture": "#1"},
				"up": {"uv": [8.75, 7.875, 9.125, 7.75], "texture": "#1"},
				"down": {"uv": [8.75, 7.875, 9.125, 7.75], "texture": "#1"}
			}
		},
		{
			"from": [9.95, 8.35, 7.2],
			"to": [10.7, 8.6, 7.825],
			"faces": {
				"north": {"uv": [9, 7.875, 8.625, 8], "texture": "#1"},
				"east": {"uv": [8.875, 7.875, 9, 8], "texture": "#1"},
				"south": {"uv": [8.625, 7.875, 9, 8], "texture": "#1"},
				"west": {"uv": [8.625, 7.875, 8.75, 8], "texture": "#1"},
				"up": {"uv": [8.625, 8, 9, 7.875], "texture": "#1"},
				"down": {"uv": [8.625, 8, 9, 7.875], "texture": "#1"}
			}
		},
		{
			"from": [9.7, 7.85, 7.2],
			"to": [10.45, 8.35, 7.825],
			"faces": {
				"north": {"uv": [8.875, 8, 8.5, 8.25], "texture": "#1"},
				"east": {"uv": [8.75, 8, 8.875, 8.25], "texture": "#1"},
				"south": {"uv": [8.5, 8, 8.875, 8.25], "texture": "#1"},
				"west": {"uv": [8.5, 8, 8.625, 8.25], "texture": "#1"},
				"up": {"uv": [8.5, 8.125, 8.875, 8], "texture": "#1"},
				"down": {"uv": [8.5, 8.25, 8.875, 8.125], "texture": "#1"}
			}
		},
		{
			"from": [5.95, 4.35, 7.2],
			"to": [6.2, 5.85, 7.825],
			"faces": {
				"north": {"uv": [6.75, 9.25, 6.625, 10], "texture": "#1"},
				"east": {"uv": [6.625, 9.25, 6.75, 10], "texture": "#1"},
				"south": {"uv": [6.625, 9.25, 6.75, 10], "texture": "#1"},
				"west": {"uv": [6.625, 9.25, 6.75, 10], "texture": "#1"},
				"up": {"uv": [6.625, 9.375, 6.75, 9.25], "texture": "#1"},
				"down": {"uv": [6.625, 10, 6.75, 9.875], "texture": "#1"}
			}
		},
		{
			"from": [8.95, 4.35, 7.2],
			"to": [9.2, 5.6, 7.825],
			"faces": {
				"north": {"uv": [8.25, 9.375, 8.125, 10], "texture": "#1"},
				"east": {"uv": [8.125, 9.375, 8.25, 10], "texture": "#1"},
				"south": {"uv": [8.125, 9.375, 8.25, 10], "texture": "#1"},
				"west": {"uv": [8.125, 9.375, 8.25, 10], "texture": "#1"},
				"up": {"uv": [8.125, 9.5, 8.25, 9.375], "texture": "#1"},
				"down": {"uv": [8.125, 10, 8.25, 9.875], "texture": "#1"}
			}
		},
		{
			"from": [9.2, 4.35, 7.2],
			"to": [9.45, 5.85, 7.825],
			"faces": {
				"north": {"uv": [8.375, 9.25, 8.25, 10], "texture": "#1"},
				"east": {"uv": [8.25, 9.25, 8.375, 10], "texture": "#1"},
				"south": {"uv": [8.25, 9.25, 8.375, 10], "texture": "#1"},
				"west": {"uv": [8.25, 9.25, 8.375, 10], "texture": "#1"},
				"up": {"uv": [8.25, 9.375, 8.375, 9.25], "texture": "#1"},
				"down": {"uv": [8.25, 10, 8.375, 9.875], "texture": "#1"}
			}
		},
		{
			"from": [6.2, 4.35, 7.2],
			"to": [6.45, 5.6, 7.825],
			"faces": {
				"north": {"uv": [6.875, 9.375, 6.75, 10], "texture": "#1"},
				"east": {"uv": [6.75, 9.375, 6.875, 10], "texture": "#1"},
				"south": {"uv": [6.75, 9.375, 6.875, 10], "texture": "#1"},
				"west": {"uv": [6.75, 9.375, 6.875, 10], "texture": "#1"},
				"up": {"uv": [6.75, 9.5, 6.875, 9.375], "texture": "#1"},
				"down": {"uv": [6.75, 10, 6.875, 9.875], "texture": "#1"}
			}
		},
		{
			"from": [5.45, 5.35, 7.2],
			"to": [5.95, 6.1, 7.825],
			"faces": {
				"north": {"uv": [6.625, 9.125, 6.375, 9.5], "texture": "#1"},
				"east": {"uv": [6.5, 9.125, 6.625, 9.5], "texture": "#1"},
				"south": {"uv": [6.375, 9.125, 6.625, 9.5], "texture": "#1"},
				"west": {"uv": [6.375, 9.125, 6.5, 9.5], "texture": "#1"},
				"up": {"uv": [6.375, 9.25, 6.625, 9.125], "texture": "#1"},
				"down": {"uv": [6.375, 9.5, 6.625, 9.375], "texture": "#1"}
			}
		},
		{
			"from": [4.95, 5.6, 7.2],
			"to": [5.45, 6.35, 7.825],
			"faces": {
				"north": {"uv": [6.375, 9, 6.125, 9.375], "texture": "#1"},
				"east": {"uv": [6.25, 9, 6.375, 9.375], "texture": "#1"},
				"south": {"uv": [6.125, 9, 6.375, 9.375], "texture": "#1"},
				"west": {"uv": [6.125, 9, 6.25, 9.375], "texture": "#1"},
				"up": {"uv": [6.125, 9.125, 6.375, 9], "texture": "#1"},
				"down": {"uv": [6.125, 9.375, 6.375, 9.25], "texture": "#1"}
			}
		},
		{
			"from": [3.45, 6.6, 7.2],
			"to": [3.7, 7.35, 7.825],
			"faces": {
				"north": {"uv": [5.5, 8.5, 5.375, 8.875], "texture": "#1"},
				"east": {"uv": [5.375, 8.5, 5.5, 8.875], "texture": "#1"},
				"south": {"uv": [5.375, 8.5, 5.5, 8.875], "texture": "#1"},
				"west": {"uv": [5.375, 8.5, 5.5, 8.875], "texture": "#1"},
				"up": {"uv": [5.375, 8.625, 5.5, 8.5], "texture": "#1"},
				"down": {"uv": [5.375, 8.875, 5.5, 8.75], "texture": "#1"}
			}
		},
		{
			"from": [3.7, 6.35, 7.2],
			"to": [4.2, 7.1, 7.825],
			"faces": {
				"north": {"uv": [5.75, 8.625, 5.5, 9], "texture": "#1"},
				"east": {"uv": [5.625, 8.625, 5.75, 9], "texture": "#1"},
				"south": {"uv": [5.5, 8.625, 5.75, 9], "texture": "#1"},
				"west": {"uv": [5.5, 8.625, 5.625, 9], "texture": "#1"},
				"up": {"uv": [5.5, 8.75, 5.75, 8.625], "texture": "#1"},
				"down": {"uv": [5.5, 9, 5.75, 8.875], "texture": "#1"}
			}
		},
		{
			"from": [4.2, 6.1, 7.2],
			"to": [4.7, 6.85, 7.825],
			"faces": {
				"north": {"uv": [6, 8.75, 5.75, 9.125], "texture": "#1"},
				"east": {"uv": [5.875, 8.75, 6, 9.125], "texture": "#1"},
				"south": {"uv": [5.75, 8.75, 6, 9.125], "texture": "#1"},
				"west": {"uv": [5.75, 8.75, 5.875, 9.125], "texture": "#1"},
				"up": {"uv": [5.75, 8.875, 6, 8.75], "texture": "#1"},
				"down": {"uv": [5.75, 9.125, 6, 9], "texture": "#1"}
			}
		},
		{
			"from": [2.45, 7.1, 7.2],
			"to": [2.95, 7.85, 7.825],
			"faces": {
				"north": {"uv": [5.125, 8.25, 4.875, 8.625], "texture": "#1"},
				"east": {"uv": [5, 8.25, 5.125, 8.625], "texture": "#1"},
				"south": {"uv": [4.875, 8.25, 5.125, 8.625], "texture": "#1"},
				"west": {"uv": [4.875, 8.25, 5, 8.625], "texture": "#1"},
				"up": {"uv": [4.875, 8.375, 5.125, 8.25], "texture": "#1"},
				"down": {"uv": [4.875, 8.625, 5.125, 8.5], "texture": "#1"}
			}
		},
		{
			"from": [9.45, 5.35, 7.2],
			"to": [9.95, 6.1, 7.825],
			"faces": {
				"north": {"uv": [8.625, 9.125, 8.375, 9.5], "texture": "#1"},
				"east": {"uv": [8.5, 9.125, 8.625, 9.5], "texture": "#1"},
				"south": {"uv": [8.375, 9.125, 8.625, 9.5], "texture": "#1"},
				"west": {"uv": [8.375, 9.125, 8.5, 9.5], "texture": "#1"},
				"up": {"uv": [8.375, 9.25, 8.625, 9.125], "texture": "#1"},
				"down": {"uv": [8.375, 9.5, 8.625, 9.375], "texture": "#1"}
			}
		},
		{
			"from": [9.95, 5.6, 7.2],
			"to": [10.45, 6.35, 7.825],
			"faces": {
				"north": {"uv": [8.875, 9, 8.625, 9.375], "texture": "#1"},
				"east": {"uv": [8.75, 9, 8.875, 9.375], "texture": "#1"},
				"south": {"uv": [8.625, 9, 8.875, 9.375], "texture": "#1"},
				"west": {"uv": [8.625, 9, 8.75, 9.375], "texture": "#1"},
				"up": {"uv": [8.625, 9.125, 8.875, 9], "texture": "#1"},
				"down": {"uv": [8.625, 9.375, 8.875, 9.25], "texture": "#1"}
			}
		},
		{
			"from": [10.7, 6.1, 7.2],
			"to": [11.2, 6.85, 7.825],
			"faces": {
				"north": {"uv": [9.25, 8.75, 9, 9.125], "texture": "#1"},
				"east": {"uv": [9.125, 8.75, 9.25, 9.125], "texture": "#1"},
				"south": {"uv": [9, 8.75, 9.25, 9.125], "texture": "#1"},
				"west": {"uv": [9, 8.75, 9.125, 9.125], "texture": "#1"},
				"up": {"uv": [9, 8.875, 9.25, 8.75], "texture": "#1"},
				"down": {"uv": [9, 9.125, 9.25, 9], "texture": "#1"}
			}
		},
		{
			"from": [10.45, 5.85, 7.2],
			"to": [10.7, 6.6, 7.825],
			"faces": {
				"north": {"uv": [9, 8.875, 8.875, 9.25], "texture": "#1"},
				"east": {"uv": [8.875, 8.875, 9, 9.25], "texture": "#1"},
				"south": {"uv": [8.875, 8.875, 9, 9.25], "texture": "#1"},
				"west": {"uv": [8.875, 8.875, 9, 9.25], "texture": "#1"},
				"up": {"uv": [8.875, 9, 9, 8.875], "texture": "#1"},
				"down": {"uv": [8.875, 9.25, 9, 9.125], "texture": "#1"}
			}
		},
		{
			"from": [11.2, 6.35, 7.2],
			"to": [11.7, 7.1, 7.825],
			"faces": {
				"north": {"uv": [9.5, 8.625, 9.25, 9], "texture": "#1"},
				"east": {"uv": [9.375, 8.625, 9.5, 9], "texture": "#1"},
				"south": {"uv": [9.25, 8.625, 9.5, 9], "texture": "#1"},
				"west": {"uv": [9.25, 8.625, 9.375, 9], "texture": "#1"},
				"up": {"uv": [9.25, 8.75, 9.5, 8.625], "texture": "#1"},
				"down": {"uv": [9.25, 9, 9.5, 8.875], "texture": "#1"}
			}
		},
		{
			"from": [11.7, 6.6, 7.2],
			"to": [11.95, 7.35, 7.825],
			"faces": {
				"north": {"uv": [9.625, 8.5, 9.5, 8.875], "texture": "#1"},
				"east": {"uv": [9.5, 8.5, 9.625, 8.875], "texture": "#1"},
				"south": {"uv": [9.5, 8.5, 9.625, 8.875], "texture": "#1"},
				"west": {"uv": [9.5, 8.5, 9.625, 8.875], "texture": "#1"},
				"up": {"uv": [9.5, 8.625, 9.625, 8.5], "texture": "#1"},
				"down": {"uv": [9.5, 8.875, 9.625, 8.75], "texture": "#1"}
			}
		},
		{
			"from": [11.95, 6.85, 7.2],
			"to": [12.45, 7.6, 7.825],
			"faces": {
				"north": {"uv": [9.875, 8.375, 9.625, 8.75], "texture": "#1"},
				"east": {"uv": [9.75, 8.375, 9.875, 8.75], "texture": "#1"},
				"south": {"uv": [9.625, 8.375, 9.875, 8.75], "texture": "#1"},
				"west": {"uv": [9.625, 8.375, 9.75, 8.75], "texture": "#1"},
				"up": {"uv": [9.625, 8.5, 9.875, 8.375], "texture": "#1"},
				"down": {"uv": [9.625, 8.75, 9.875, 8.625], "texture": "#1"}
			}
		},
		{
			"from": [19.7, 11.35, 7.2],
			"to": [19.95, 11.6, 7.825],
			"faces": {
				"north": {"uv": [13.625, 6.375, 13.5, 6.5], "texture": "#1"},
				"east": {"uv": [13.5, 6.375, 13.625, 6.5], "texture": "#1"},
				"south": {"uv": [13.5, 6.375, 13.625, 6.5], "texture": "#1"},
				"west": {"uv": [13.5, 6.375, 13.625, 6.5], "texture": "#1"},
				"up": {"uv": [13.5, 6.5, 13.625, 6.375], "texture": "#1"},
				"down": {"uv": [13.5, 6.5, 13.625, 6.375], "texture": "#1"}
			}
		},
		{
			"from": [10.45, 18.35, 7.2],
			"to": [10.7, 18.6, 7.825],
			"faces": {
				"north": {"uv": [9, 2.875, 8.875, 3], "texture": "#1"},
				"east": {"uv": [8.875, 2.875, 9, 3], "texture": "#1"},
				"south": {"uv": [8.875, 2.875, 9, 3], "texture": "#1"},
				"west": {"uv": [8.875, 2.875, 9, 3], "texture": "#1"},
				"up": {"uv": [8.875, 3, 9, 2.875], "texture": "#1"},
				"down": {"uv": [8.875, 3, 9, 2.875], "texture": "#1"}
			}
		},
		{
			"from": [4.7, 18.35, 7.2],
			"to": [4.95, 18.6, 7.825],
			"faces": {
				"north": {"uv": [6.125, 2.875, 6, 3], "texture": "#1"},
				"east": {"uv": [6, 2.875, 6.125, 3], "texture": "#1"},
				"south": {"uv": [6, 2.875, 6.125, 3], "texture": "#1"},
				"west": {"uv": [6, 2.875, 6.125, 3], "texture": "#1"},
				"up": {"uv": [6, 3, 6.125, 2.875], "texture": "#1"},
				"down": {"uv": [6, 3, 6.125, 2.875], "texture": "#1"}
			}
		},
		{
			"from": [18.7, 10.85, 7.2],
			"to": [19.2, 11.6, 7.825],
			"faces": {
				"north": {"uv": [13.25, 6.375, 13, 6.75], "texture": "#1"},
				"east": {"uv": [13.125, 6.375, 13.25, 6.75], "texture": "#1"},
				"south": {"uv": [13, 6.375, 13.25, 6.75], "texture": "#1"},
				"west": {"uv": [13, 6.375, 13.125, 6.75], "texture": "#1"},
				"up": {"uv": [13, 6.5, 13.25, 6.375], "texture": "#1"},
				"down": {"uv": [13, 6.75, 13.25, 6.625], "texture": "#1"}
			}
		},
		{
			"from": [19.2, 11.1, 7.2],
			"to": [19.7, 11.85, 7.825],
			"faces": {
				"north": {"uv": [13.5, 6.25, 13.25, 6.625], "texture": "#1"},
				"east": {"uv": [13.375, 6.25, 13.5, 6.625], "texture": "#1"},
				"south": {"uv": [13.25, 6.25, 13.5, 6.625], "texture": "#1"},
				"west": {"uv": [13.25, 6.25, 13.375, 6.625], "texture": "#1"},
				"up": {"uv": [13.25, 6.375, 13.5, 6.25], "texture": "#1"},
				"down": {"uv": [13.25, 6.625, 13.5, 6.5], "texture": "#1"}
			}
		},
		{
			"from": [18.45, 10.6, 7.2],
			"to": [18.7, 11.35, 7.825],
			"faces": {
				"north": {"uv": [13, 6.5, 12.875, 6.875], "texture": "#1"},
				"east": {"uv": [12.875, 6.5, 13, 6.875], "texture": "#1"},
				"south": {"uv": [12.875, 6.5, 13, 6.875], "texture": "#1"},
				"west": {"uv": [12.875, 6.5, 13, 6.875], "texture": "#1"},
				"up": {"uv": [12.875, 6.625, 13, 6.5], "texture": "#1"},
				"down": {"uv": [12.875, 6.875, 13, 6.75], "texture": "#1"}
			}
		},
		{
			"from": [17.95, 10.35, 7.2],
			"to": [18.45, 11.1, 7.825],
			"faces": {
				"north": {"uv": [12.875, 6.625, 12.625, 7], "texture": "#1"},
				"east": {"uv": [12.75, 6.625, 12.875, 7], "texture": "#1"},
				"south": {"uv": [12.625, 6.625, 12.875, 7], "texture": "#1"},
				"west": {"uv": [12.625, 6.625, 12.75, 7], "texture": "#1"},
				"up": {"uv": [12.625, 6.75, 12.875, 6.625], "texture": "#1"},
				"down": {"uv": [12.625, 7, 12.875, 6.875], "texture": "#1"}
			}
		},
		{
			"from": [16.2, 9.35, 7.2],
			"to": [16.7, 10.1, 7.825],
			"faces": {
				"north": {"uv": [12, 7.125, 11.75, 7.5], "texture": "#1"},
				"east": {"uv": [11.875, 7.125, 12, 7.5], "texture": "#1"},
				"south": {"uv": [11.75, 7.125, 12, 7.5], "texture": "#1"},
				"west": {"uv": [11.75, 7.125, 11.875, 7.5], "texture": "#1"},
				"up": {"uv": [11.75, 7.25, 12, 7.125], "texture": "#1"},
				"down": {"uv": [11.75, 7.5, 12, 7.375], "texture": "#1"}
			}
		},
		{
			"from": [17.7, 10.1, 7.2],
			"to": [17.95, 10.85, 7.825],
			"faces": {
				"north": {"uv": [12.625, 6.75, 12.5, 7.125], "texture": "#1"},
				"east": {"uv": [12.5, 6.75, 12.625, 7.125], "texture": "#1"},
				"south": {"uv": [12.5, 6.75, 12.625, 7.125], "texture": "#1"},
				"west": {"uv": [12.5, 6.75, 12.625, 7.125], "texture": "#1"},
				"up": {"uv": [12.5, 6.875, 12.625, 6.75], "texture": "#1"},
				"down": {"uv": [12.5, 7.125, 12.625, 7], "texture": "#1"}
			}
		},
		{
			"from": [17.2, 9.85, 7.2],
			"to": [17.7, 10.6, 7.825],
			"faces": {
				"north": {"uv": [12.5, 6.875, 12.25, 7.25], "texture": "#1"},
				"east": {"uv": [12.375, 6.875, 12.5, 7.25], "texture": "#1"},
				"south": {"uv": [12.25, 6.875, 12.5, 7.25], "texture": "#1"},
				"west": {"uv": [12.25, 6.875, 12.375, 7.25], "texture": "#1"},
				"up": {"uv": [12.25, 7, 12.5, 6.875], "texture": "#1"},
				"down": {"uv": [12.25, 7.25, 12.5, 7.125], "texture": "#1"}
			}
		},
		{
			"from": [16.7, 9.6, 7.2],
			"to": [17.2, 10.35, 7.825],
			"faces": {
				"north": {"uv": [12.25, 7, 12, 7.375], "texture": "#1"},
				"east": {"uv": [12.125, 7, 12.25, 7.375], "texture": "#1"},
				"south": {"uv": [12, 7, 12.25, 7.375], "texture": "#1"},
				"west": {"uv": [12, 7, 12.125, 7.375], "texture": "#1"},
				"up": {"uv": [12, 7.125, 12.25, 7], "texture": "#1"},
				"down": {"uv": [12, 7.375, 12.25, 7.25], "texture": "#1"}
			}
		},
		{
			"from": [15.45, 8.85, 7.2],
			"to": [15.95, 9.6, 7.825],
			"faces": {
				"north": {"uv": [11.625, 7.375, 11.375, 7.75], "texture": "#1"},
				"east": {"uv": [11.5, 7.375, 11.625, 7.75], "texture": "#1"},
				"south": {"uv": [11.375, 7.375, 11.625, 7.75], "texture": "#1"},
				"west": {"uv": [11.375, 7.375, 11.5, 7.75], "texture": "#1"},
				"up": {"uv": [11.375, 7.5, 11.625, 7.375], "texture": "#1"},
				"down": {"uv": [11.375, 7.75, 11.625, 7.625], "texture": "#1"}
			}
		},
		{
			"from": [15.95, 9.1, 7.2],
			"to": [16.2, 9.85, 7.825],
			"faces": {
				"north": {"uv": [11.75, 7.25, 11.625, 7.625], "texture": "#1"},
				"east": {"uv": [11.625, 7.25, 11.75, 7.625], "texture": "#1"},
				"south": {"uv": [11.625, 7.25, 11.75, 7.625], "texture": "#1"},
				"west": {"uv": [11.625, 7.25, 11.75, 7.625], "texture": "#1"},
				"up": {"uv": [11.625, 7.375, 11.75, 7.25], "texture": "#1"},
				"down": {"uv": [11.625, 7.625, 11.75, 7.5], "texture": "#1"}
			}
		},
		{
			"from": [15.2, 8.6, 7.2],
			"to": [15.45, 9.35, 7.825],
			"faces": {
				"north": {"uv": [11.375, 7.5, 11.25, 7.875], "texture": "#1"},
				"east": {"uv": [11.25, 7.5, 11.375, 7.875], "texture": "#1"},
				"south": {"uv": [11.25, 7.5, 11.375, 7.875], "texture": "#1"},
				"west": {"uv": [11.25, 7.5, 11.375, 7.875], "texture": "#1"},
				"up": {"uv": [11.25, 7.625, 11.375, 7.5], "texture": "#1"},
				"down": {"uv": [11.25, 7.875, 11.375, 7.75], "texture": "#1"}
			}
		},
		{
			"from": [13.95, 7.85, 7.2],
			"to": [14.2, 8.6, 7.825],
			"faces": {
				"north": {"uv": [10.75, 7.875, 10.625, 8.25], "texture": "#1"},
				"east": {"uv": [10.625, 7.875, 10.75, 8.25], "texture": "#1"},
				"south": {"uv": [10.625, 7.875, 10.75, 8.25], "texture": "#1"},
				"west": {"uv": [10.625, 7.875, 10.75, 8.25], "texture": "#1"},
				"up": {"uv": [10.625, 8, 10.75, 7.875], "texture": "#1"},
				"down": {"uv": [10.625, 8.25, 10.75, 8.125], "texture": "#1"}
			}
		},
		{
			"from": [14.2, 8.1, 7.2],
			"to": [14.7, 8.85, 7.825],
			"faces": {
				"north": {"uv": [11, 7.75, 10.75, 8.125], "texture": "#1"},
				"east": {"uv": [10.875, 7.75, 11, 8.125], "texture": "#1"},
				"south": {"uv": [10.75, 7.75, 11, 8.125], "texture": "#1"},
				"west": {"uv": [10.75, 7.75, 10.875, 8.125], "texture": "#1"},
				"up": {"uv": [10.75, 7.875, 11, 7.75], "texture": "#1"},
				"down": {"uv": [10.75, 8.125, 11, 8], "texture": "#1"}
			}
		},
		{
			"from": [14.7, 8.35, 7.2],
			"to": [15.2, 9.1, 7.825],
			"faces": {
				"north": {"uv": [11.25, 7.625, 11, 8], "texture": "#1"},
				"east": {"uv": [11.125, 7.625, 11.25, 8], "texture": "#1"},
				"south": {"uv": [11, 7.625, 11.25, 8], "texture": "#1"},
				"west": {"uv": [11, 7.625, 11.125, 8], "texture": "#1"},
				"up": {"uv": [11, 7.75, 11.25, 7.625], "texture": "#1"},
				"down": {"uv": [11, 8, 11.25, 7.875], "texture": "#1"}
			}
		},
		{
			"from": [13.45, 7.6, 7.2],
			"to": [13.95, 8.35, 7.825],
			"faces": {
				"north": {"uv": [10.625, 8, 10.375, 8.375], "texture": "#1"},
				"east": {"uv": [10.5, 8, 10.625, 8.375], "texture": "#1"},
				"south": {"uv": [10.375, 8, 10.625, 8.375], "texture": "#1"},
				"west": {"uv": [10.375, 8, 10.5, 8.375], "texture": "#1"},
				"up": {"uv": [10.375, 8.125, 10.625, 8], "texture": "#1"},
				"down": {"uv": [10.375, 8.375, 10.625, 8.25], "texture": "#1"}
			}
		},
		{
			"from": [12.95, 7.35, 7.2],
			"to": [13.45, 8.1, 7.825],
			"faces": {
				"north": {"uv": [10.375, 8.125, 10.125, 8.5], "texture": "#1"},
				"east": {"uv": [10.25, 8.125, 10.375, 8.5], "texture": "#1"},
				"south": {"uv": [10.125, 8.125, 10.375, 8.5], "texture": "#1"},
				"west": {"uv": [10.125, 8.125, 10.25, 8.5], "texture": "#1"},
				"up": {"uv": [10.125, 8.25, 10.375, 8.125], "texture": "#1"},
				"down": {"uv": [10.125, 8.5, 10.375, 8.375], "texture": "#1"}
			}
		},
		{
			"from": [12.45, 7.1, 7.2],
			"to": [12.95, 7.85, 7.825],
			"faces": {
				"north": {"uv": [10.125, 8.25, 9.875, 8.625], "texture": "#1"},
				"east": {"uv": [10, 8.25, 10.125, 8.625], "texture": "#1"},
				"south": {"uv": [9.875, 8.25, 10.125, 8.625], "texture": "#1"},
				"west": {"uv": [9.875, 8.25, 10, 8.625], "texture": "#1"},
				"up": {"uv": [9.875, 8.375, 10.125, 8.25], "texture": "#1"},
				"down": {"uv": [9.875, 8.625, 10.125, 8.5], "texture": "#1"}
			}
		},
		{
			"from": [2.95, 6.85, 7.2],
			"to": [3.45, 7.6, 7.825],
			"faces": {
				"north": {"uv": [5.375, 8.375, 5.125, 8.75], "texture": "#1"},
				"east": {"uv": [5.25, 8.375, 5.375, 8.75], "texture": "#1"},
				"south": {"uv": [5.125, 8.375, 5.375, 8.75], "texture": "#1"},
				"west": {"uv": [5.125, 8.375, 5.25, 8.75], "texture": "#1"},
				"up": {"uv": [5.125, 8.5, 5.375, 8.375], "texture": "#1"},
				"down": {"uv": [5.125, 8.75, 5.375, 8.625], "texture": "#1"}
			}
		},
		{
			"from": [1.95, 7.35, 7.2],
			"to": [2.45, 8.1, 7.825],
			"faces": {
				"north": {"uv": [4.875, 8.125, 4.625, 8.5], "texture": "#1"},
				"east": {"uv": [4.75, 8.125, 4.875, 8.5], "texture": "#1"},
				"south": {"uv": [4.625, 8.125, 4.875, 8.5], "texture": "#1"},
				"west": {"uv": [4.625, 8.125, 4.75, 8.5], "texture": "#1"},
				"up": {"uv": [4.625, 8.25, 4.875, 8.125], "texture": "#1"},
				"down": {"uv": [4.625, 8.5, 4.875, 8.375], "texture": "#1"}
			}
		},
		{
			"from": [1.45, 7.6, 7.2],
			"to": [1.95, 8.35, 7.825],
			"faces": {
				"north": {"uv": [4.625, 8, 4.375, 8.375], "texture": "#1"},
				"east": {"uv": [4.5, 8, 4.625, 8.375], "texture": "#1"},
				"south": {"uv": [4.375, 8, 4.625, 8.375], "texture": "#1"},
				"west": {"uv": [4.375, 8, 4.5, 8.375], "texture": "#1"},
				"up": {"uv": [4.375, 8.125, 4.625, 8], "texture": "#1"},
				"down": {"uv": [4.375, 8.375, 4.625, 8.25], "texture": "#1"}
			}
		},
		{
			"from": [0.7, 8.1, 7.2],
			"to": [1.2, 8.85, 7.825],
			"faces": {
				"north": {"uv": [4.25, 7.75, 4, 8.125], "texture": "#1"},
				"east": {"uv": [4.125, 7.75, 4.25, 8.125], "texture": "#1"},
				"south": {"uv": [4, 7.75, 4.25, 8.125], "texture": "#1"},
				"west": {"uv": [4, 7.75, 4.125, 8.125], "texture": "#1"},
				"up": {"uv": [4, 7.875, 4.25, 7.75], "texture": "#1"},
				"down": {"uv": [4, 8.125, 4.25, 8], "texture": "#1"}
			}
		},
		{
			"from": [-2.55, 10.1, 7.2],
			"to": [-2.3, 10.85, 7.825],
			"faces": {
				"north": {"uv": [2.5, 6.75, 2.375, 7.125], "texture": "#1"},
				"east": {"uv": [2.375, 6.75, 2.5, 7.125], "texture": "#1"},
				"south": {"uv": [2.375, 6.75, 2.5, 7.125], "texture": "#1"},
				"west": {"uv": [2.375, 6.75, 2.5, 7.125], "texture": "#1"},
				"up": {"uv": [2.375, 6.875, 2.5, 6.75], "texture": "#1"},
				"down": {"uv": [2.375, 7.125, 2.5, 7], "texture": "#1"}
			}
		},
		{
			"from": [-2.3, 9.85, 7.2],
			"to": [-1.8, 10.6, 7.825],
			"faces": {
				"north": {"uv": [2.75, 6.875, 2.5, 7.25], "texture": "#1"},
				"east": {"uv": [2.625, 6.875, 2.75, 7.25], "texture": "#1"},
				"south": {"uv": [2.5, 6.875, 2.75, 7.25], "texture": "#1"},
				"west": {"uv": [2.5, 6.875, 2.625, 7.25], "texture": "#1"},
				"up": {"uv": [2.5, 7, 2.75, 6.875], "texture": "#1"},
				"down": {"uv": [2.5, 7.25, 2.75, 7.125], "texture": "#1"}
			}
		},
		{
			"from": [-3.8, 10.85, 7.2],
			"to": [-3.3, 11.6, 7.825],
			"faces": {
				"north": {"uv": [2, 6.375, 1.75, 6.75], "texture": "#1"},
				"east": {"uv": [1.875, 6.375, 2, 6.75], "texture": "#1"},
				"south": {"uv": [1.75, 6.375, 2, 6.75], "texture": "#1"},
				"west": {"uv": [1.75, 6.375, 1.875, 6.75], "texture": "#1"},
				"up": {"uv": [1.75, 6.5, 2, 6.375], "texture": "#1"},
				"down": {"uv": [1.75, 6.75, 2, 6.625], "texture": "#1"}
			}
		},
		{
			"from": [-4.3, 11.1, 7.2],
			"to": [-3.8, 11.85, 7.825],
			"faces": {
				"north": {"uv": [1.75, 6.25, 1.5, 6.625], "texture": "#1"},
				"east": {"uv": [1.625, 6.25, 1.75, 6.625], "texture": "#1"},
				"south": {"uv": [1.5, 6.25, 1.75, 6.625], "texture": "#1"},
				"west": {"uv": [1.5, 6.25, 1.625, 6.625], "texture": "#1"},
				"up": {"uv": [1.5, 6.375, 1.75, 6.25], "texture": "#1"},
				"down": {"uv": [1.5, 6.625, 1.75, 6.5], "texture": "#1"}
			}
		},
		{
			"from": [-3.3, 10.6, 7.2],
			"to": [-3.05, 11.35, 7.825],
			"faces": {
				"north": {"uv": [2.125, 6.5, 2, 6.875], "texture": "#1"},
				"east": {"uv": [2, 6.5, 2.125, 6.875], "texture": "#1"},
				"south": {"uv": [2, 6.5, 2.125, 6.875], "texture": "#1"},
				"west": {"uv": [2, 6.5, 2.125, 6.875], "texture": "#1"},
				"up": {"uv": [2, 6.625, 2.125, 6.5], "texture": "#1"},
				"down": {"uv": [2, 6.875, 2.125, 6.75], "texture": "#1"}
			}
		},
		{
			"from": [-4.55, 11.35, 7.2],
			"to": [-4.3, 11.6, 7.825],
			"faces": {
				"north": {"uv": [1.5, 6.375, 1.375, 6.5], "texture": "#1"},
				"east": {"uv": [1.375, 6.375, 1.5, 6.5], "texture": "#1"},
				"south": {"uv": [1.375, 6.375, 1.5, 6.5], "texture": "#1"},
				"west": {"uv": [1.375, 6.375, 1.5, 6.5], "texture": "#1"},
				"up": {"uv": [1.375, 6.5, 1.5, 6.375], "texture": "#1"},
				"down": {"uv": [1.375, 6.5, 1.5, 6.375], "texture": "#1"}
			}
		},
		{
			"from": [-3.05, 10.35, 7.2],
			"to": [-2.55, 11.1, 7.825],
			"faces": {
				"north": {"uv": [2.375, 6.625, 2.125, 7], "texture": "#1"},
				"east": {"uv": [2.25, 6.625, 2.375, 7], "texture": "#1"},
				"south": {"uv": [2.125, 6.625, 2.375, 7], "texture": "#1"},
				"west": {"uv": [2.125, 6.625, 2.25, 7], "texture": "#1"},
				"up": {"uv": [2.125, 6.75, 2.375, 6.625], "texture": "#1"},
				"down": {"uv": [2.125, 7, 2.375, 6.875], "texture": "#1"}
			}
		},
		{
			"from": [-1.8, 9.6, 7.2],
			"to": [-1.3, 10.35, 7.825],
			"faces": {
				"north": {"uv": [3, 7, 2.75, 7.375], "texture": "#1"},
				"east": {"uv": [2.875, 7, 3, 7.375], "texture": "#1"},
				"south": {"uv": [2.75, 7, 3, 7.375], "texture": "#1"},
				"west": {"uv": [2.75, 7, 2.875, 7.375], "texture": "#1"},
				"up": {"uv": [2.75, 7.125, 3, 7], "texture": "#1"},
				"down": {"uv": [2.75, 7.375, 3, 7.25], "texture": "#1"}
			}
		},
		{
			"from": [-1.3, 9.35, 7.2],
			"to": [-0.8, 10.1, 7.825],
			"faces": {
				"north": {"uv": [3.25, 7.125, 3, 7.5], "texture": "#1"},
				"east": {"uv": [3.125, 7.125, 3.25, 7.5], "texture": "#1"},
				"south": {"uv": [3, 7.125, 3.25, 7.5], "texture": "#1"},
				"west": {"uv": [3, 7.125, 3.125, 7.5], "texture": "#1"},
				"up": {"uv": [3, 7.25, 3.25, 7.125], "texture": "#1"},
				"down": {"uv": [3, 7.5, 3.25, 7.375], "texture": "#1"}
			}
		},
		{
			"from": [0.2, 8.35, 7.2],
			"to": [0.7, 9.1, 7.825],
			"faces": {
				"north": {"uv": [4, 7.625, 3.75, 8], "texture": "#1"},
				"east": {"uv": [3.875, 7.625, 4, 8], "texture": "#1"},
				"south": {"uv": [3.75, 7.625, 4, 8], "texture": "#1"},
				"west": {"uv": [3.75, 7.625, 3.875, 8], "texture": "#1"},
				"up": {"uv": [3.75, 7.75, 4, 7.625], "texture": "#1"},
				"down": {"uv": [3.75, 8, 4, 7.875], "texture": "#1"}
			}
		},
		{
			"from": [4.7, 5.85, 7.2],
			"to": [4.95, 6.6, 7.825],
			"faces": {
				"north": {"uv": [6.125, 8.875, 6, 9.25], "texture": "#1"},
				"east": {"uv": [6, 8.875, 6.125, 9.25], "texture": "#1"},
				"south": {"uv": [6, 8.875, 6.125, 9.25], "texture": "#1"},
				"west": {"uv": [6, 8.875, 6.125, 9.25], "texture": "#1"},
				"up": {"uv": [6, 9, 6.125, 8.875], "texture": "#1"},
				"down": {"uv": [6, 9.25, 6.125, 9.125], "texture": "#1"}
			}
		},
		{
			"from": [1.2, 7.85, 7.2],
			"to": [1.45, 8.6, 7.825],
			"faces": {
				"north": {"uv": [4.375, 7.875, 4.25, 8.25], "texture": "#1"},
				"east": {"uv": [4.25, 7.875, 4.375, 8.25], "texture": "#1"},
				"south": {"uv": [4.25, 7.875, 4.375, 8.25], "texture": "#1"},
				"west": {"uv": [4.25, 7.875, 4.375, 8.25], "texture": "#1"},
				"up": {"uv": [4.25, 8, 4.375, 7.875], "texture": "#1"},
				"down": {"uv": [4.25, 8.25, 4.375, 8.125], "texture": "#1"}
			}
		},
		{
			"from": [-0.05, 8.6, 7.2],
			"to": [0.2, 9.35, 7.825],
			"faces": {
				"north": {"uv": [3.75, 7.5, 3.625, 7.875], "texture": "#1"},
				"east": {"uv": [3.625, 7.5, 3.75, 7.875], "texture": "#1"},
				"south": {"uv": [3.625, 7.5, 3.75, 7.875], "texture": "#1"},
				"west": {"uv": [3.625, 7.5, 3.75, 7.875], "texture": "#1"},
				"up": {"uv": [3.625, 7.625, 3.75, 7.5], "texture": "#1"},
				"down": {"uv": [3.625, 7.875, 3.75, 7.75], "texture": "#1"}
			}
		},
		{
			"from": [-0.55, 8.85, 7.2],
			"to": [-0.05, 9.6, 7.825],
			"faces": {
				"north": {"uv": [3.625, 7.375, 3.375, 7.75], "texture": "#1"},
				"east": {"uv": [3.5, 7.375, 3.625, 7.75], "texture": "#1"},
				"south": {"uv": [3.375, 7.375, 3.625, 7.75], "texture": "#1"},
				"west": {"uv": [3.375, 7.375, 3.5, 7.75], "texture": "#1"},
				"up": {"uv": [3.375, 7.5, 3.625, 7.375], "texture": "#1"},
				"down": {"uv": [3.375, 7.75, 3.625, 7.625], "texture": "#1"}
			}
		},
		{
			"from": [-0.8, 9.1, 7.2],
			"to": [-0.55, 9.85, 7.825],
			"faces": {
				"north": {"uv": [3.375, 7.25, 3.25, 7.625], "texture": "#1"},
				"east": {"uv": [3.25, 7.25, 3.375, 7.625], "texture": "#1"},
				"south": {"uv": [3.25, 7.25, 3.375, 7.625], "texture": "#1"},
				"west": {"uv": [3.25, 7.25, 3.375, 7.625], "texture": "#1"},
				"up": {"uv": [3.25, 7.375, 3.375, 7.25], "texture": "#1"},
				"down": {"uv": [3.25, 7.625, 3.375, 7.5], "texture": "#1"}
			}
		}
	],
	"gui_light": "front",
	"display": {
		"thirdperson_righthand": {
			"rotation": [-40, 90, 0],
			"translation": [0, 0.25, -0.25],
			"scale": [0.6, 0.6, 0.7]
		},
		"thirdperson_lefthand": {
			"rotation": [-40, -90, 0],
			"translation": [-0.75, 0.25, -0.25],
			"scale": [0.6, 0.6, 0.7]
		},
		"firstperson_righthand": {
			"rotation": [-52, -90, 0],
			"translation": [-2.25, 2.5, 1.5],
			"scale": [0.6, 0.6, 0.6]
		},
		"firstperson_lefthand": {
			"rotation": [-45, 90, 0],
			"translation": [-1.75, 2.5, 1.5],
			"scale": [0.6, 0.6, 0.6]
		},
		"ground": {
			"rotation": [45, 90, 0],
			"translation": [0, 1.5, 0],
			"scale": [0.35, 0.35, 0.35]
		},
		"gui": {
			"rotation": [0, 0, -45],
			"translation": [-0.5, -1.25, 0],
			"scale": [0.7, 0.7, 0.7]
		},
		"head": {
			"translation": [0, 9.75, 0]
		},
		"fixed": {
			"rotation": [180, 0, 135],
			"translation": [0.5, -1.5, 0],
			"scale": [0.7, 0.7, 0.7]
		}
	}
}