{
	"credit": "Made with Blockbench",
	"textures": {
		"0": "./hylian_shield",
		"1": "./hylian_shield_back",
		"particle": "./hylian_shield"
	},
	"elements": [
		{
			"from": [7.65, 6.5, 4.9],
			"to": [8.4, 10.25, 5.5],
			"rotation": {"angle": 0, "axis": "y", "origin": [8.025, 8.875, 7.4]},
			"faces": {
				"north": {"uv": [14.75, 5.75, 15.5, 9.5], "texture": "#1"},
				"east": {"uv": [15.25, 5.75, 15.5, 9.5], "texture": "#1"},
				"south": {"uv": [15.5, 5.75, 14.75, 9.5], "texture": "#1"},
				"west": {"uv": [14.75, 5.75, 15, 9.5], "texture": "#1"},
				"up": {"uv": [15.5, 5.75, 14.75, 6], "texture": "#1"},
				"down": {"uv": [15.5, 9.25, 14.75, 9.5], "texture": "#1"}
			}
		},
		{
			"from": [7.65, 10.25, 5.25],
			"to": [8.4, 10.75, 7.1],
			"rotation": {"angle": 0, "axis": "y", "origin": [8.025, 8.875, 7.4]},
			"faces": {
				"north": {"uv": [14.75, 5.5, 15.5, 5.75], "texture": "#1"},
				"east": {"uv": [15.25, 5.25, 15.5, 5.75], "texture": "#1"},
				"south": {"uv": [15.5, 5.25, 14.75, 5.5], "texture": "#1"},
				"west": {"uv": [14.75, 5.25, 15, 5.75], "texture": "#1"},
				"up": {"uv": [15.5, 5.25, 14.75, 5.75], "texture": "#1"},
				"down": {"uv": [15.5, 5.25, 14.75, 5.75], "texture": "#1"}
			}
		},
		{
			"from": [7.65, 6, 5.25],
			"to": [8.4, 6.5, 7.1],
			"rotation": {"angle": 0, "axis": "y", "origin": [8.025, 8.875, 7.4]},
			"faces": {
				"north": {"uv": [14.75, 9.75, 15.5, 10], "texture": "#1"},
				"east": {"uv": [15.25, 9.5, 15.5, 10], "texture": "#1"},
				"south": {"uv": [15.5, 9.5, 14.75, 9.75], "texture": "#1"},
				"west": {"uv": [14.75, 9.5, 15, 10], "texture": "#1"},
				"up": {"uv": [15.5, 9.5, 14.75, 10], "texture": "#1"},
				"down": {"uv": [15.5, 9.5, 14.75, 10], "texture": "#1"}
			}
		},
		{
			"from": [9.15, 13.25, 6.85],
			"to": [9.4, 14.75, 7.5],
			"rotation": {"angle": 0, "axis": "y", "origin": [8.025, 8.875, 7.4]},
			"faces": {
				"north": {"uv": [6.75, 1.25, 6.5, 2.75], "texture": "#1"},
				"east": {"uv": [6.75, 1.25, 6.5, 2.75], "texture": "#0"},
				"south": {"uv": [6.5, 1.25, 6.75, 2.75], "texture": "#0"},
				"west": {"uv": [6.75, 1.25, 6.5, 2.75], "texture": "#0"},
				"up": {"uv": [6.5, 1.25, 6.75, 1.5], "texture": "#0"},
				"down": {"uv": [6.5, 2.5, 6.75, 2.75], "texture": "#0"}
			}
		},
		{
			"from": [8.9, 12.75, 6.85],
			"to": [9.15, 15, 7.5],
			"rotation": {"angle": 0, "axis": "y", "origin": [8.025, 8.875, 7.4]},
			"faces": {
				"north": {"uv": [7, 1, 6.75, 3.25], "texture": "#1"},
				"east": {"uv": [7, 1, 6.75, 3.25], "texture": "#0"},
				"south": {"uv": [6.75, 1, 7, 3.25], "texture": "#0"},
				"west": {"uv": [7, 1, 6.75, 3.25], "texture": "#0"},
				"up": {"uv": [6.75, 1, 7, 1.25], "texture": "#0"},
				"down": {"uv": [6.75, 3, 7, 3.25], "texture": "#0"}
			}
		},
		{
			"from": [7.15, 12.25, 6.85],
			"to": [7.4, 15.25, 7.5],
			"rotation": {"angle": 0, "axis": "y", "origin": [8.025, 8.875, 7.4]},
			"faces": {
				"north": {"uv": [8.75, 0.75, 8.5, 3.75], "texture": "#1"},
				"east": {"uv": [8.75, 0.75, 8.5, 3.75], "texture": "#0"},
				"south": {"uv": [8.5, 0.75, 8.75, 3.75], "texture": "#0"},
				"west": {"uv": [8.75, 0.75, 8.5, 3.75], "texture": "#0"},
				"up": {"uv": [8.5, 0.75, 8.75, 1], "texture": "#0"},
				"down": {"uv": [8.5, 3.5, 8.75, 3.75], "texture": "#0"}
			}
		},
		{
			"from": [8.4, 12.25, 6.85],
			"to": [8.65, 15.5, 7.5],
			"rotation": {"angle": 0, "axis": "y", "origin": [8.025, 8.875, 7.4]},
			"faces": {
				"north": {"uv": [7.5, 0.5, 7.25, 3.75], "texture": "#1"},
				"east": {"uv": [7.5, 0.5, 7.25, 3.75], "texture": "#0"},
				"south": {"uv": [7.25, 0.5, 7.5, 3.75], "texture": "#0"},
				"west": {"uv": [7.5, 0.5, 7.25, 3.75], "texture": "#0"},
				"up": {"uv": [7.25, 0.5, 7.5, 0.75], "texture": "#0"},
				"down": {"uv": [7.25, 3.5, 7.5, 3.75], "texture": "#0"}
			}
		},
		{
			"from": [7.9, 12.25, 6.85],
			"to": [8.15, 16, 7.5],
			"rotation": {"angle": 0, "axis": "y", "origin": [8.025, 8.875, 7.4]},
			"faces": {
				"north": {"uv": [8, 0, 7.75, 3.75], "texture": "#1"},
				"east": {"uv": [8, 0, 7.75, 3.75], "texture": "#0"},
				"south": {"uv": [7.75, 0, 8, 3.75], "texture": "#0"},
				"west": {"uv": [8, 0, 7.75, 3.75], "texture": "#0"},
				"up": {"uv": [7.75, 0, 8, 0.25], "texture": "#0"},
				"down": {"uv": [7.75, 3.5, 8, 3.75], "texture": "#0"}
			}
		},
		{
			"from": [8.15, 12.25, 6.85],
			"to": [8.4, 15.75, 7.5],
			"rotation": {"angle": 0, "axis": "y", "origin": [8.025, 8.875, 7.4]},
			"faces": {
				"north": {"uv": [7.75, 0.25, 7.5, 3.75], "texture": "#1"},
				"east": {"uv": [7.75, 0.25, 7.5, 3.75], "texture": "#0"},
				"south": {"uv": [7.5, 0.25, 7.75, 3.75], "texture": "#0"},
				"west": {"uv": [7.75, 0.25, 7.5, 3.75], "texture": "#0"},
				"up": {"uv": [7.5, 0.25, 7.75, 0.5], "texture": "#0"},
				"down": {"uv": [7.5, 3.5, 7.75, 3.75], "texture": "#0"}
			}
		},
		{
			"from": [7.65, 12.25, 6.85],
			"to": [7.9, 15.75, 7.5],
			"rotation": {"angle": 0, "axis": "y", "origin": [8.025, 8.875, 7.4]},
			"faces": {
				"north": {"uv": [8.25, 0.25, 8, 3.75], "texture": "#1"},
				"east": {"uv": [8.25, 0.25, 8, 3.75], "texture": "#0"},
				"south": {"uv": [8, 0.25, 8.25, 3.75], "texture": "#0"},
				"west": {"uv": [8.25, 0.25, 8, 3.75], "texture": "#0"},
				"up": {"uv": [8, 0.25, 8.25, 0.5], "texture": "#0"},
				"down": {"uv": [8, 3.5, 8.25, 3.75], "texture": "#0"}
			}
		},
		{
			"from": [7.4, 12.25, 6.85],
			"to": [7.65, 15.5, 7.5],
			"rotation": {"angle": 0, "axis": "y", "origin": [8.025, 8.875, 7.4]},
			"faces": {
				"north": {"uv": [8.5, 0.5, 8.25, 3.75], "texture": "#1"},
				"east": {"uv": [8.5, 0.5, 8.25, 3.75], "texture": "#0"},
				"south": {"uv": [8.25, 0.5, 8.5, 3.75], "texture": "#0"},
				"west": {"uv": [8.5, 0.5, 8.25, 3.75], "texture": "#0"},
				"up": {"uv": [8.25, 0.5, 8.5, 0.75], "texture": "#0"},
				"down": {"uv": [8.25, 3.5, 8.5, 3.75], "texture": "#0"}
			}
		},
		{
			"from": [8.65, 12.25, 6.85],
			"to": [8.9, 15.25, 7.5],
			"rotation": {"angle": 0, "axis": "y", "origin": [8.025, 8.875, 7.4]},
			"faces": {
				"north": {"uv": [7.25, 0.75, 7, 3.75], "texture": "#1"},
				"east": {"uv": [7.25, 0.75, 7, 3.75], "texture": "#0"},
				"south": {"uv": [7, 0.75, 7.25, 3.75], "texture": "#0"},
				"west": {"uv": [7.25, 0.75, 7, 3.75], "texture": "#0"},
				"up": {"uv": [7, 0.75, 7.25, 1], "texture": "#0"},
				"down": {"uv": [7, 3.5, 7.25, 3.75], "texture": "#0"}
			}
		},
		{
			"from": [6.9, 12.75, 6.85],
			"to": [7.15, 15, 7.5],
			"rotation": {"angle": 0, "axis": "y", "origin": [8.025, 8.875, 7.4]},
			"faces": {
				"north": {"uv": [9, 1, 8.75, 3.25], "texture": "#1"},
				"east": {"uv": [9, 1, 8.75, 3.25], "texture": "#0"},
				"south": {"uv": [8.75, 1, 9, 3.25], "texture": "#0"},
				"west": {"uv": [9, 1, 8.75, 3.25], "texture": "#0"},
				"up": {"uv": [8.75, 1, 9, 1.25], "texture": "#0"},
				"down": {"uv": [8.75, 3, 9, 3.25], "texture": "#0"}
			}
		},
		{
			"from": [6.65, 13.25, 6.85],
			"to": [6.9, 14.75, 7.5],
			"rotation": {"angle": 0, "axis": "y", "origin": [8.025, 8.875, 7.4]},
			"faces": {
				"north": {"uv": [9.25, 1.25, 9, 2.75], "texture": "#1"},
				"east": {"uv": [9.25, 1.25, 9, 2.75], "texture": "#0"},
				"south": {"uv": [9, 1.25, 9.25, 2.75], "texture": "#0"},
				"west": {"uv": [9.25, 1.25, 9, 2.75], "texture": "#0"},
				"up": {"uv": [9, 1.25, 9.25, 1.5], "texture": "#0"},
				"down": {"uv": [9, 2.5, 9.25, 2.75], "texture": "#0"}
			}
		},
		{
			"from": [6.275, 13.5, 7.375],
			"to": [6.525, 14.75, 8.025],
			"rotation": {"angle": -22.5, "axis": "y", "origin": [7.9, 8.875, 7.925]},
			"faces": {
				"north": {"uv": [6.5, 1.25, 6.25, 2.5], "texture": "#1"},
				"east": {"uv": [6.5, 1.25, 6.25, 2.5], "texture": "#0"},
				"south": {"uv": [6.25, 1.25, 6.5, 2.5], "texture": "#0"},
				"west": {"uv": [6.5, 1.25, 6.25, 2.5], "texture": "#0"},
				"up": {"uv": [6.25, 1.25, 6.5, 1.5], "texture": "#0"},
				"down": {"uv": [6.25, 2.25, 6.5, 2.5], "texture": "#0"}
			}
		},
		{
			"from": [5.775, 13.25, 7.375],
			"to": [6.275, 14.5, 8.025],
			"rotation": {"angle": -22.5, "axis": "y", "origin": [7.9, 8.875, 7.925]},
			"faces": {
				"north": {"uv": [6.25, 1.5, 5.75, 2.75], "texture": "#1"},
				"east": {"uv": [6.25, 1.5, 6, 2.75], "texture": "#0"},
				"south": {"uv": [5.75, 1.5, 6.25, 2.75], "texture": "#0"},
				"west": {"uv": [6, 1.5, 5.75, 2.75], "texture": "#0"},
				"up": {"uv": [5.75, 1.5, 6.25, 1.75], "texture": "#0"},
				"down": {"uv": [5.75, 2.5, 6.25, 2.75], "texture": "#0"}
			}
		},
		{
			"from": [5.275, 13, 7.375],
			"to": [5.775, 14.25, 8.025],
			"rotation": {"angle": -22.5, "axis": "y", "origin": [7.9, 8.875, 7.925]},
			"faces": {
				"north": {"uv": [5.75, 1.75, 5.25, 3], "texture": "#1"},
				"east": {"uv": [5.75, 1.75, 5.5, 3], "texture": "#0"},
				"south": {"uv": [5.25, 1.75, 5.75, 3], "texture": "#0"},
				"west": {"uv": [5.5, 1.75, 5.25, 3], "texture": "#0"},
				"up": {"uv": [5.25, 1.75, 5.75, 2], "texture": "#0"},
				"down": {"uv": [5.25, 2.75, 5.75, 3], "texture": "#0"}
			}
		},
		{
			"from": [4.275, 12.5, 7.375],
			"to": [4.775, 13.75, 8.025],
			"rotation": {"angle": -22.5, "axis": "y", "origin": [7.9, 8.875, 7.925]},
			"faces": {
				"north": {"uv": [4.75, 2.25, 4.25, 3.5], "texture": "#1"},
				"east": {"uv": [4.75, 2.25, 4.5, 3.5], "texture": "#0"},
				"south": {"uv": [4.25, 2.25, 4.75, 3.5], "texture": "#0"},
				"west": {"uv": [4.5, 2.25, 4.25, 3.5], "texture": "#0"},
				"up": {"uv": [4.25, 2.25, 4.75, 2.5], "texture": "#0"},
				"down": {"uv": [4.25, 3.25, 4.75, 3.5], "texture": "#0"}
			}
		},
		{
			"from": [4.775, 12.75, 7.375],
			"to": [5.275, 14, 8.025],
			"rotation": {"angle": -22.5, "axis": "y", "origin": [7.9, 8.875, 7.925]},
			"faces": {
				"north": {"uv": [5.25, 2, 4.75, 3.25], "texture": "#1"},
				"east": {"uv": [5.25, 2, 5, 3.25], "texture": "#0"},
				"south": {"uv": [4.75, 2, 5.25, 3.25], "texture": "#0"},
				"west": {"uv": [5, 2, 4.75, 3.25], "texture": "#0"},
				"up": {"uv": [4.75, 2, 5.25, 2.25], "texture": "#0"},
				"down": {"uv": [4.75, 3, 5.25, 3.25], "texture": "#0"}
			}
		},
		{
			"from": [3.525, 12, 7.375],
			"to": [3.775, 13.25, 8.025],
			"rotation": {"angle": -22.5, "axis": "y", "origin": [7.9, 8.875, 7.925]},
			"faces": {
				"north": {"uv": [3.75, 2.75, 3.5, 4], "texture": "#1"},
				"east": {"uv": [3.75, 2.75, 3.5, 4], "texture": "#0"},
				"south": {"uv": [3.5, 2.75, 3.75, 4], "texture": "#0"},
				"west": {"uv": [3.75, 2.75, 3.5, 4], "texture": "#0"},
				"up": {"uv": [3.5, 2.75, 3.75, 3], "texture": "#0"},
				"down": {"uv": [3.5, 3.75, 3.75, 4], "texture": "#0"}
			}
		},
		{
			"from": [3.775, 12.25, 7.375],
			"to": [4.275, 13.5, 8.025],
			"rotation": {"angle": -22.5, "axis": "y", "origin": [7.9, 8.875, 7.925]},
			"faces": {
				"north": {"uv": [4.25, 2.5, 3.75, 3.75], "texture": "#1"},
				"east": {"uv": [4.25, 2.5, 4, 3.75], "texture": "#0"},
				"south": {"uv": [3.75, 2.5, 4.25, 3.75], "texture": "#0"},
				"west": {"uv": [4, 2.5, 3.75, 3.75], "texture": "#0"},
				"up": {"uv": [3.75, 2.5, 4.25, 2.75], "texture": "#0"},
				"down": {"uv": [3.75, 3.5, 4.25, 3.75], "texture": "#0"}
			}
		},
		{
			"from": [3.525, 10.75, 7.375],
			"to": [3.775, 11.75, 8.025],
			"rotation": {"angle": -22.5, "axis": "y", "origin": [7.9, 8.875, 7.925]},
			"faces": {
				"north": {"uv": [3.75, 4.25, 3.5, 5.25], "texture": "#1"},
				"east": {"uv": [3.75, 4.25, 3.5, 5.25], "texture": "#0"},
				"south": {"uv": [3.5, 4.25, 3.75, 5.25], "texture": "#0"},
				"west": {"uv": [3.75, 4.25, 3.5, 5.25], "texture": "#0"},
				"up": {"uv": [3.5, 4.25, 3.75, 4.5], "texture": "#0"},
				"down": {"uv": [3.5, 5, 3.75, 5.25], "texture": "#0"}
			}
		},
		{
			"from": [3.775, 11, 7.375],
			"to": [4.025, 11.5, 8.025],
			"rotation": {"angle": -22.5, "axis": "y", "origin": [7.9, 8.875, 7.925]},
			"faces": {
				"north": {"uv": [4, 4.5, 3.75, 5], "texture": "#1"},
				"east": {"uv": [4, 4.5, 3.75, 5], "texture": "#0"},
				"south": {"uv": [3.75, 4.5, 4, 5], "texture": "#0"},
				"west": {"uv": [4, 4.5, 3.75, 5], "texture": "#0"},
				"up": {"uv": [3.75, 4.5, 4, 4.75], "texture": "#0"},
				"down": {"uv": [3.75, 4.75, 4, 5], "texture": "#0"}
			}
		},
		{
			"from": [3.275, 10.5, 7.375],
			"to": [3.525, 13.25, 8.025],
			"rotation": {"angle": -22.5, "axis": "y", "origin": [7.9, 8.875, 7.925]},
			"faces": {
				"north": {"uv": [3.5, 2.75, 3.25, 5.5], "texture": "#1"},
				"east": {"uv": [3.5, 2.75, 3.25, 5.5], "texture": "#0"},
				"south": {"uv": [3.25, 2.75, 3.5, 5.5], "texture": "#0"},
				"west": {"uv": [3.5, 2.75, 3.25, 5.5], "texture": "#0"},
				"up": {"uv": [3.25, 2.75, 3.5, 3], "texture": "#0"},
				"down": {"uv": [3.25, 5.25, 3.5, 5.5], "texture": "#0"}
			}
		},
		{
			"from": [3.025, 10.5, 7.375],
			"to": [3.275, 13, 8.025],
			"rotation": {"angle": -22.5, "axis": "y", "origin": [7.9, 8.875, 7.925]},
			"faces": {
				"north": {"uv": [3.25, 3, 3, 5.5], "texture": "#1"},
				"east": {"uv": [3.25, 3, 3, 5.5], "texture": "#0"},
				"south": {"uv": [3, 3, 3.25, 5.5], "texture": "#0"},
				"west": {"uv": [3.25, 3, 3, 5.5], "texture": "#0"},
				"up": {"uv": [3, 3, 3.25, 3.25], "texture": "#0"},
				"down": {"uv": [3, 5.25, 3.25, 5.5], "texture": "#0"}
			}
		},
		{
			"from": [2.775, 10.75, 7.375],
			"to": [3.025, 13, 8.025],
			"rotation": {"angle": -22.5, "axis": "y", "origin": [7.9, 8.875, 7.925]},
			"faces": {
				"north": {"uv": [3, 3, 2.75, 5.25], "texture": "#1"},
				"east": {"uv": [3, 3, 2.75, 5.25], "texture": "#0"},
				"south": {"uv": [2.75, 3, 3, 5.25], "texture": "#0"},
				"west": {"uv": [3, 3, 2.75, 5.25], "texture": "#0"},
				"up": {"uv": [2.75, 3, 3, 3.25], "texture": "#0"},
				"down": {"uv": [2.75, 5, 3, 5.25], "texture": "#0"}
			}
		},
		{
			"from": [9.525, 13.5, 7.375],
			"to": [9.775, 14.75, 8.025],
			"rotation": {"angle": 22.5, "axis": "y", "origin": [8.15, 8.875, 7.925]},
			"faces": {
				"north": {"uv": [9.5, 1.25, 9.25, 2.5], "texture": "#1"},
				"east": {"uv": [9.5, 1.25, 9.25, 2.5], "texture": "#0"},
				"south": {"uv": [9.25, 1.25, 9.5, 2.5], "texture": "#0"},
				"west": {"uv": [9.5, 1.25, 9.25, 2.5], "texture": "#0"},
				"up": {"uv": [9.25, 1.25, 9.5, 1.5], "texture": "#0"},
				"down": {"uv": [9.25, 2.25, 9.5, 2.5], "texture": "#0"}
			}
		},
		{
			"from": [9.775, 13.25, 7.375],
			"to": [10.275, 14.5, 8.025],
			"rotation": {"angle": 22.5, "axis": "y", "origin": [8.15, 8.875, 7.925]},
			"faces": {
				"north": {"uv": [10, 1.5, 9.5, 2.75], "texture": "#1"},
				"east": {"uv": [10, 1.5, 9.75, 2.75], "texture": "#0"},
				"south": {"uv": [9.5, 1.5, 10, 2.75], "texture": "#0"},
				"west": {"uv": [9.75, 1.5, 9.5, 2.75], "texture": "#0"},
				"up": {"uv": [9.5, 1.5, 10, 1.75], "texture": "#0"},
				"down": {"uv": [9.5, 2.5, 10, 2.75], "texture": "#0"}
			}
		},
		{
			"from": [10.275, 13, 7.375],
			"to": [10.775, 14.25, 8.025],
			"rotation": {"angle": 22.5, "axis": "y", "origin": [8.15, 8.875, 7.925]},
			"faces": {
				"north": {"uv": [10.5, 1.75, 10, 3], "texture": "#1"},
				"east": {"uv": [10.5, 1.75, 10.25, 3], "texture": "#0"},
				"south": {"uv": [10, 1.75, 10.5, 3], "texture": "#0"},
				"west": {"uv": [10.25, 1.75, 10, 3], "texture": "#0"},
				"up": {"uv": [10, 1.75, 10.5, 2], "texture": "#0"},
				"down": {"uv": [10, 2.75, 10.5, 3], "texture": "#0"}
			}
		},
		{
			"from": [11.275, 12.5, 7.375],
			"to": [11.775, 13.75, 8.025],
			"rotation": {"angle": 22.5, "axis": "y", "origin": [8.15, 8.875, 7.925]},
			"faces": {
				"north": {"uv": [11.5, 2.25, 11, 3.5], "texture": "#1"},
				"east": {"uv": [11.5, 2.25, 11.25, 3.5], "texture": "#0"},
				"south": {"uv": [11, 2.25, 11.5, 3.5], "texture": "#0"},
				"west": {"uv": [11.25, 2.25, 11, 3.5], "texture": "#0"},
				"up": {"uv": [11, 2.25, 11.5, 2.5], "texture": "#0"},
				"down": {"uv": [11, 3.25, 11.5, 3.5], "texture": "#0"}
			}
		},
		{
			"from": [10.775, 12.75, 7.375],
			"to": [11.275, 14, 8.025],
			"rotation": {"angle": 22.5, "axis": "y", "origin": [8.15, 8.875, 7.925]},
			"faces": {
				"north": {"uv": [11, 2, 10.5, 3.25], "texture": "#1"},
				"east": {"uv": [11, 2, 10.75, 3.25], "texture": "#0"},
				"south": {"uv": [10.5, 2, 11, 3.25], "texture": "#0"},
				"west": {"uv": [10.75, 2, 10.5, 3.25], "texture": "#0"},
				"up": {"uv": [10.5, 2, 11, 2.25], "texture": "#0"},
				"down": {"uv": [10.5, 3, 11, 3.25], "texture": "#0"}
			}
		},
		{
			"from": [12.275, 12, 7.375],
			"to": [12.525, 13.25, 8.025],
			"rotation": {"angle": 22.5, "axis": "y", "origin": [8.15, 8.875, 7.925]},
			"faces": {
				"north": {"uv": [12.25, 2.75, 12, 4], "texture": "#1"},
				"east": {"uv": [12.25, 2.75, 12, 4], "texture": "#0"},
				"south": {"uv": [12, 2.75, 12.25, 4], "texture": "#0"},
				"west": {"uv": [12.25, 2.75, 12, 4], "texture": "#0"},
				"up": {"uv": [12, 2.75, 12.25, 3], "texture": "#0"},
				"down": {"uv": [12, 3.75, 12.25, 4], "texture": "#0"}
			}
		},
		{
			"from": [11.775, 12.25, 7.375],
			"to": [12.275, 13.5, 8.025],
			"rotation": {"angle": 22.5, "axis": "y", "origin": [8.15, 8.875, 7.925]},
			"faces": {
				"north": {"uv": [12, 2.5, 11.5, 3.75], "texture": "#1"},
				"east": {"uv": [12, 2.5, 11.75, 3.75], "texture": "#0"},
				"south": {"uv": [11.5, 2.5, 12, 3.75], "texture": "#0"},
				"west": {"uv": [11.75, 2.5, 11.5, 3.75], "texture": "#0"},
				"up": {"uv": [11.5, 2.5, 12, 2.75], "texture": "#0"},
				"down": {"uv": [11.5, 3.5, 12, 3.75], "texture": "#0"}
			}
		},
		{
			"from": [12.275, 10.75, 7.375],
			"to": [12.525, 11.75, 8.025],
			"rotation": {"angle": 22.5, "axis": "y", "origin": [8.15, 8.875, 7.925]},
			"faces": {
				"north": {"uv": [12.25, 4.25, 12, 5.25], "texture": "#1"},
				"east": {"uv": [12.25, 4.25, 12, 5.25], "texture": "#0"},
				"south": {"uv": [12, 4.25, 12.25, 5.25], "texture": "#0"},
				"west": {"uv": [12.25, 4.25, 12, 5.25], "texture": "#0"},
				"up": {"uv": [12, 4.25, 12.25, 4.5], "texture": "#0"},
				"down": {"uv": [12, 5, 12.25, 5.25], "texture": "#0"}
			}
		},
		{
			"from": [12.025, 11, 7.375],
			"to": [12.275, 11.5, 8.025],
			"rotation": {"angle": 22.5, "axis": "y", "origin": [8.15, 8.875, 7.925]},
			"faces": {
				"north": {"uv": [12, 4.5, 11.75, 5], "texture": "#1"},
				"east": {"uv": [12, 4.5, 11.75, 5], "texture": "#0"},
				"south": {"uv": [11.75, 4.5, 12, 5], "texture": "#0"},
				"west": {"uv": [12, 4.5, 11.75, 5], "texture": "#0"},
				"up": {"uv": [11.75, 4.5, 12, 4.75], "texture": "#0"},
				"down": {"uv": [11.75, 4.75, 12, 5], "texture": "#0"}
			}
		},
		{
			"from": [12.525, 10.5, 7.375],
			"to": [12.775, 13.25, 8.025],
			"rotation": {"angle": 22.5, "axis": "y", "origin": [8.15, 8.875, 7.925]},
			"faces": {
				"north": {"uv": [12.5, 2.75, 12.25, 5.5], "texture": "#1"},
				"east": {"uv": [12.5, 2.75, 12.25, 5.5], "texture": "#0"},
				"south": {"uv": [12.25, 2.75, 12.5, 5.5], "texture": "#0"},
				"west": {"uv": [12.5, 2.75, 12.25, 5.5], "texture": "#0"},
				"up": {"uv": [12.25, 2.75, 12.5, 3], "texture": "#0"},
				"down": {"uv": [12.25, 5.25, 12.5, 5.5], "texture": "#0"}
			}
		},
		{
			"from": [12.775, 10.5, 7.375],
			"to": [13.025, 13, 8.025],
			"rotation": {"angle": 22.5, "axis": "y", "origin": [8.15, 8.875, 7.925]},
			"faces": {
				"north": {"uv": [12.75, 3, 12.5, 5.5], "texture": "#1"},
				"east": {"uv": [12.75, 3, 12.5, 5.5], "texture": "#0"},
				"south": {"uv": [12.5, 3, 12.75, 5.5], "texture": "#0"},
				"west": {"uv": [12.75, 3, 12.5, 5.5], "texture": "#0"},
				"up": {"uv": [12.5, 3, 12.75, 3.25], "texture": "#0"},
				"down": {"uv": [12.5, 5.25, 12.75, 5.5], "texture": "#0"}
			}
		},
		{
			"from": [13.025, 10.75, 7.375],
			"to": [13.275, 13, 8.025],
			"rotation": {"angle": 22.5, "axis": "y", "origin": [8.15, 8.875, 7.925]},
			"faces": {
				"north": {"uv": [13, 3, 12.75, 5.25], "texture": "#1"},
				"east": {"uv": [13, 3, 12.75, 5.25], "texture": "#0"},
				"south": {"uv": [12.75, 3, 13, 5.25], "texture": "#0"},
				"west": {"uv": [13, 3, 12.75, 5.25], "texture": "#0"},
				"up": {"uv": [12.75, 3, 13, 3.25], "texture": "#0"},
				"down": {"uv": [12.75, 5, 13, 5.25], "texture": "#0"}
			}
		},
		{
			"from": [2.525, 5.75, 7.375],
			"to": [2.775, 12.75, 8.025],
			"rotation": {"angle": -22.5, "axis": "y", "origin": [7.9, 8.875, 7.925]},
			"faces": {
				"north": {"uv": [2.75, 3.25, 2.5, 10.25], "texture": "#1"},
				"east": {"uv": [2.75, 3.25, 2.5, 10.25], "texture": "#0"},
				"south": {"uv": [2.5, 3.25, 2.75, 10.25], "texture": "#0"},
				"west": {"uv": [2.75, 3.25, 2.5, 10.25], "texture": "#0"},
				"up": {"uv": [2.5, 3.25, 2.75, 3.5], "texture": "#0"},
				"down": {"uv": [2.5, 10, 2.75, 10.25], "texture": "#0"}
			}
		},
		{
			"from": [2.275, 6.5, 7.375],
			"to": [2.525, 12.75, 8.025],
			"rotation": {"angle": -22.5, "axis": "y", "origin": [7.9, 8.875, 7.925]},
			"faces": {
				"north": {"uv": [2.5, 3.25, 2.25, 9.5], "texture": "#1"},
				"east": {"uv": [2.5, 3.25, 2.25, 9.5], "texture": "#0"},
				"south": {"uv": [2.25, 3.25, 2.5, 9.5], "texture": "#0"},
				"west": {"uv": [2.5, 3.25, 2.25, 9.5], "texture": "#0"},
				"up": {"uv": [2.25, 3.25, 2.5, 3.5], "texture": "#0"},
				"down": {"uv": [2.25, 9.25, 2.5, 9.5], "texture": "#0"}
			}
		},
		{
			"from": [2.025, 7.25, 7.375],
			"to": [2.275, 12.75, 8.025],
			"rotation": {"angle": -22.5, "axis": "y", "origin": [7.9, 8.875, 7.925]},
			"faces": {
				"north": {"uv": [2.25, 3.25, 2, 8.75], "texture": "#1"},
				"east": {"uv": [2.25, 3.25, 2, 8.75], "texture": "#0"},
				"south": {"uv": [2, 3.25, 2.25, 8.75], "texture": "#0"},
				"west": {"uv": [2.25, 3.25, 2, 8.75], "texture": "#0"},
				"up": {"uv": [2, 3.25, 2.25, 3.5], "texture": "#0"},
				"down": {"uv": [2, 8.5, 2.25, 8.75], "texture": "#0"}
			}
		},
		{
			"from": [1.775, 8.75, 7.375],
			"to": [2.025, 12.5, 8.025],
			"rotation": {"angle": -22.5, "axis": "y", "origin": [7.9, 8.875, 7.925]},
			"faces": {
				"north": {"uv": [2, 3.5, 1.75, 7.25], "texture": "#1"},
				"east": {"uv": [2, 3.5, 1.75, 7.25], "texture": "#0"},
				"south": {"uv": [1.75, 3.5, 2, 7.25], "texture": "#0"},
				"west": {"uv": [2, 3.5, 1.75, 7.25], "texture": "#0"},
				"up": {"uv": [1.75, 3.5, 2, 3.75], "texture": "#0"},
				"down": {"uv": [1.75, 7, 2, 7.25], "texture": "#0"}
			}
		},
		{
			"from": [1.525, 10.25, 7.375],
			"to": [1.775, 12.5, 8.025],
			"rotation": {"angle": -22.5, "axis": "y", "origin": [7.9, 8.875, 7.925]},
			"faces": {
				"north": {"uv": [1.75, 3.5, 1.5, 5.75], "texture": "#1"},
				"east": {"uv": [1.75, 3.5, 1.5, 5.75], "texture": "#0"},
				"south": {"uv": [1.5, 3.5, 1.75, 5.75], "texture": "#0"},
				"west": {"uv": [1.75, 3.5, 1.5, 5.75], "texture": "#0"},
				"up": {"uv": [1.5, 3.5, 1.75, 3.75], "texture": "#0"},
				"down": {"uv": [1.5, 5.5, 1.75, 5.75], "texture": "#0"}
			}
		},
		{
			"from": [1.275, 11.5, 7.375],
			"to": [1.525, 12.5, 8.025],
			"rotation": {"angle": -22.5, "axis": "y", "origin": [7.9, 8.875, 7.925]},
			"faces": {
				"north": {"uv": [1.5, 3.5, 1.25, 4.5], "texture": "#1"},
				"east": {"uv": [1.5, 3.5, 1.25, 4.5], "texture": "#0"},
				"south": {"uv": [1.25, 3.5, 1.5, 4.5], "texture": "#0"},
				"west": {"uv": [1.5, 3.5, 1.25, 4.5], "texture": "#0"},
				"up": {"uv": [1.25, 3.5, 1.5, 3.75], "texture": "#0"},
				"down": {"uv": [1.25, 4.25, 1.5, 4.5], "texture": "#0"}
			}
		},
		{
			"from": [13.275, 5.75, 7.375],
			"to": [13.525, 12.75, 8.025],
			"rotation": {"angle": 22.5, "axis": "y", "origin": [8.15, 8.875, 7.925]},
			"faces": {
				"north": {"uv": [13.25, 3.25, 13, 10.25], "texture": "#1"},
				"east": {"uv": [13.25, 3.25, 13, 10.25], "texture": "#0"},
				"south": {"uv": [13, 3.25, 13.25, 10.25], "texture": "#0"},
				"west": {"uv": [13.25, 3.25, 13, 10.25], "texture": "#0"},
				"up": {"uv": [13, 3.25, 13.25, 3.5], "texture": "#0"},
				"down": {"uv": [13, 10, 13.25, 10.25], "texture": "#0"}
			}
		},
		{
			"from": [13.525, 6.5, 7.375],
			"to": [13.775, 12.75, 8.025],
			"rotation": {"angle": 22.5, "axis": "y", "origin": [8.15, 8.875, 7.925]},
			"faces": {
				"north": {"uv": [13.5, 3.25, 13.25, 9.5], "texture": "#1"},
				"east": {"uv": [13.5, 3.25, 13.25, 9.5], "texture": "#0"},
				"south": {"uv": [13.25, 3.25, 13.5, 9.5], "texture": "#0"},
				"west": {"uv": [13.5, 3.25, 13.25, 9.5], "texture": "#0"},
				"up": {"uv": [13.25, 3.25, 13.5, 3.5], "texture": "#0"},
				"down": {"uv": [13.25, 9.25, 13.5, 9.5], "texture": "#0"}
			}
		},
		{
			"from": [13.775, 7.25, 7.375],
			"to": [14.025, 12.75, 8.025],
			"rotation": {"angle": 22.5, "axis": "y", "origin": [8.15, 8.875, 7.925]},
			"faces": {
				"north": {"uv": [13.75, 3.25, 13.5, 8.75], "texture": "#1"},
				"east": {"uv": [13.75, 3.25, 13.5, 8.75], "texture": "#0"},
				"south": {"uv": [13.5, 3.25, 13.75, 8.75], "texture": "#0"},
				"west": {"uv": [13.75, 3.25, 13.5, 8.75], "texture": "#0"},
				"up": {"uv": [13.5, 3.25, 13.75, 3.5], "texture": "#0"},
				"down": {"uv": [13.5, 8.5, 13.75, 8.75], "texture": "#0"}
			}
		},
		{
			"from": [14.025, 8.75, 7.375],
			"to": [14.275, 12.5, 8.025],
			"rotation": {"angle": 22.5, "axis": "y", "origin": [8.15, 8.875, 7.925]},
			"faces": {
				"north": {"uv": [14, 3.5, 13.75, 7.25], "texture": "#1"},
				"east": {"uv": [14, 3.5, 13.75, 7.25], "texture": "#0"},
				"south": {"uv": [13.75, 3.5, 14, 7.25], "texture": "#0"},
				"west": {"uv": [14, 3.5, 13.75, 7.25], "texture": "#0"},
				"up": {"uv": [13.75, 3.5, 14, 3.75], "texture": "#0"},
				"down": {"uv": [13.75, 7, 14, 7.25], "texture": "#0"}
			}
		},
		{
			"from": [14.275, 10.25, 7.375],
			"to": [14.525, 12.5, 8.025],
			"rotation": {"angle": 22.5, "axis": "y", "origin": [8.15, 8.875, 7.925]},
			"faces": {
				"north": {"uv": [14.25, 3.5, 14, 5.75], "texture": "#1"},
				"east": {"uv": [14.25, 3.5, 14, 5.75], "texture": "#0"},
				"south": {"uv": [14, 3.5, 14.25, 5.75], "texture": "#0"},
				"west": {"uv": [14.25, 3.5, 14, 5.75], "texture": "#0"},
				"up": {"uv": [14, 3.5, 14.25, 3.75], "texture": "#0"},
				"down": {"uv": [14, 5.5, 14.25, 5.75], "texture": "#0"}
			}
		},
		{
			"from": [14.525, 11.5, 7.375],
			"to": [14.775, 12.5, 8.025],
			"rotation": {"angle": 22.5, "axis": "y", "origin": [8.15, 8.875, 7.925]},
			"faces": {
				"north": {"uv": [14.5, 3.5, 14.25, 4.5], "texture": "#1"},
				"east": {"uv": [14.5, 3.5, 14.25, 4.5], "texture": "#0"},
				"south": {"uv": [14.25, 3.5, 14.5, 4.5], "texture": "#0"},
				"west": {"uv": [14.5, 3.5, 14.25, 4.5], "texture": "#0"},
				"up": {"uv": [14.25, 3.5, 14.5, 3.75], "texture": "#0"},
				"down": {"uv": [14.25, 4.25, 14.5, 4.5], "texture": "#0"}
			}
		},
		{
			"from": [2.775, 5, 7.375],
			"to": [3.025, 8.25, 8.025],
			"rotation": {"angle": -22.5, "axis": "y", "origin": [7.9, 8.875, 7.925]},
			"faces": {
				"north": {"uv": [3, 7.75, 2.75, 11], "texture": "#1"},
				"east": {"uv": [3, 7.75, 2.75, 11], "texture": "#0"},
				"south": {"uv": [2.75, 7.75, 3, 11], "texture": "#0"},
				"west": {"uv": [3, 7.75, 2.75, 11], "texture": "#0"},
				"up": {"uv": [2.75, 7.75, 3, 8], "texture": "#0"},
				"down": {"uv": [2.75, 10.75, 3, 11], "texture": "#0"}
			}
		},
		{
			"from": [13.025, 5, 7.375],
			"to": [13.275, 8.25, 8.025],
			"rotation": {"angle": 22.5, "axis": "y", "origin": [8.15, 8.875, 7.925]},
			"faces": {
				"north": {"uv": [13, 7.75, 12.75, 11], "texture": "#1"},
				"east": {"uv": [13, 7.75, 12.75, 11], "texture": "#0"},
				"south": {"uv": [12.75, 7.75, 13, 11], "texture": "#0"},
				"west": {"uv": [13, 7.75, 12.75, 11], "texture": "#0"},
				"up": {"uv": [12.75, 7.75, 13, 8], "texture": "#0"},
				"down": {"uv": [12.75, 10.75, 13, 11], "texture": "#0"}
			}
		},
		{
			"from": [3.025, 4.5, 7.375],
			"to": [3.275, 7, 8.025],
			"rotation": {"angle": -22.5, "axis": "y", "origin": [7.9, 8.875, 7.925]},
			"faces": {
				"north": {"uv": [3.25, 9, 3, 11.5], "texture": "#1"},
				"east": {"uv": [3.25, 9, 3, 11.5], "texture": "#0"},
				"south": {"uv": [3, 9, 3.25, 11.5], "texture": "#0"},
				"west": {"uv": [3.25, 9, 3, 11.5], "texture": "#0"},
				"up": {"uv": [3, 9, 3.25, 9.25], "texture": "#0"},
				"down": {"uv": [3, 11.25, 3.25, 11.5], "texture": "#0"}
			}
		},
		{
			"from": [12.775, 4.5, 7.375],
			"to": [13.025, 7, 8.025],
			"rotation": {"angle": 22.5, "axis": "y", "origin": [8.15, 8.875, 7.925]},
			"faces": {
				"north": {"uv": [12.75, 9, 12.5, 11.5], "texture": "#1"},
				"east": {"uv": [12.75, 9, 12.5, 11.5], "texture": "#0"},
				"south": {"uv": [12.5, 9, 12.75, 11.5], "texture": "#0"},
				"west": {"uv": [12.75, 9, 12.5, 11.5], "texture": "#0"},
				"up": {"uv": [12.5, 9, 12.75, 9.25], "texture": "#0"},
				"down": {"uv": [12.5, 11.25, 12.75, 11.5], "texture": "#0"}
			}
		},
		{
			"from": [12.525, 4.25, 7.375],
			"to": [12.775, 6.25, 8.025],
			"rotation": {"angle": 22.5, "axis": "y", "origin": [8.15, 8.875, 7.925]},
			"faces": {
				"north": {"uv": [12.5, 9.75, 12.25, 11.75], "texture": "#1"},
				"east": {"uv": [12.5, 9.75, 12.25, 11.75], "texture": "#0"},
				"south": {"uv": [12.25, 9.75, 12.5, 11.75], "texture": "#0"},
				"west": {"uv": [12.5, 9.75, 12.25, 11.75], "texture": "#0"},
				"up": {"uv": [12.25, 9.75, 12.5, 10], "texture": "#0"},
				"down": {"uv": [12.25, 11.5, 12.5, 11.75], "texture": "#0"}
			}
		},
		{
			"from": [3.275, 4.25, 7.375],
			"to": [3.525, 6.25, 8.025],
			"rotation": {"angle": -22.5, "axis": "y", "origin": [7.9, 8.875, 7.925]},
			"faces": {
				"north": {"uv": [3.5, 9.75, 3.25, 11.75], "texture": "#1"},
				"east": {"uv": [3.5, 9.75, 3.25, 11.75], "texture": "#0"},
				"south": {"uv": [3.25, 9.75, 3.5, 11.75], "texture": "#0"},
				"west": {"uv": [3.5, 9.75, 3.25, 11.75], "texture": "#0"},
				"up": {"uv": [3.25, 9.75, 3.5, 10], "texture": "#0"},
				"down": {"uv": [3.25, 11.5, 3.5, 11.75], "texture": "#0"}
			}
		},
		{
			"from": [3.525, 4, 7.375],
			"to": [3.775, 5.5, 8.025],
			"rotation": {"angle": -22.5, "axis": "y", "origin": [7.9, 8.875, 7.925]},
			"faces": {
				"north": {"uv": [3.75, 10.5, 3.5, 12], "texture": "#1"},
				"east": {"uv": [3.75, 10.5, 3.5, 12], "texture": "#0"},
				"south": {"uv": [3.5, 10.5, 3.75, 12], "texture": "#0"},
				"west": {"uv": [3.75, 10.5, 3.5, 12], "texture": "#0"},
				"up": {"uv": [3.5, 10.5, 3.75, 10.75], "texture": "#0"},
				"down": {"uv": [3.5, 11.75, 3.75, 12], "texture": "#0"}
			}
		},
		{
			"from": [12.275, 4, 7.375],
			"to": [12.525, 5.5, 8.025],
			"rotation": {"angle": 22.5, "axis": "y", "origin": [8.15, 8.875, 7.925]},
			"faces": {
				"north": {"uv": [12.25, 10.5, 12, 12], "texture": "#1"},
				"east": {"uv": [12.25, 10.5, 12, 12], "texture": "#0"},
				"south": {"uv": [12, 10.5, 12.25, 12], "texture": "#0"},
				"west": {"uv": [12.25, 10.5, 12, 12], "texture": "#0"},
				"up": {"uv": [12, 10.5, 12.25, 10.75], "texture": "#0"},
				"down": {"uv": [12, 11.75, 12.25, 12], "texture": "#0"}
			}
		},
		{
			"from": [3.775, 3.75, 7.375],
			"to": [4.025, 5.75, 8.025],
			"rotation": {"angle": -22.5, "axis": "y", "origin": [7.9, 8.875, 7.925]},
			"faces": {
				"north": {"uv": [4, 10.25, 3.75, 12.25], "texture": "#1"},
				"east": {"uv": [4, 10.25, 3.75, 12.25], "texture": "#0"},
				"south": {"uv": [3.75, 10.25, 4, 12.25], "texture": "#0"},
				"west": {"uv": [4, 10.25, 3.75, 12.25], "texture": "#0"},
				"up": {"uv": [3.75, 10.25, 4, 10.5], "texture": "#0"},
				"down": {"uv": [3.75, 12, 4, 12.25], "texture": "#0"}
			}
		},
		{
			"from": [4.025, 3.5, 7.375],
			"to": [4.275, 6, 8.025],
			"rotation": {"angle": -22.5, "axis": "y", "origin": [7.9, 8.875, 7.925]},
			"faces": {
				"north": {"uv": [4.25, 10, 4, 12.5], "texture": "#1"},
				"east": {"uv": [4.25, 10, 4, 12.5], "texture": "#0"},
				"south": {"uv": [4, 10, 4.25, 12.5], "texture": "#0"},
				"west": {"uv": [4.25, 10, 4, 12.5], "texture": "#0"},
				"up": {"uv": [4, 10, 4.25, 10.25], "texture": "#0"},
				"down": {"uv": [4, 12.25, 4.25, 12.5], "texture": "#0"}
			}
		},
		{
			"from": [4.275, 3.25, 7.375],
			"to": [4.525, 6, 8.025],
			"rotation": {"angle": -22.5, "axis": "y", "origin": [7.9, 8.875, 7.925]},
			"faces": {
				"north": {"uv": [4.5, 10, 4.25, 12.75], "texture": "#1"},
				"east": {"uv": [4.5, 10, 4.25, 12.75], "texture": "#0"},
				"south": {"uv": [4.25, 10, 4.5, 12.75], "texture": "#0"},
				"west": {"uv": [4.5, 10, 4.25, 12.75], "texture": "#0"},
				"up": {"uv": [4.25, 10, 4.5, 10.25], "texture": "#0"},
				"down": {"uv": [4.25, 12.5, 4.5, 12.75], "texture": "#0"}
			}
		},
		{
			"from": [4.775, 5, 7.375],
			"to": [5.025, 5.5, 8.025],
			"rotation": {"angle": -22.5, "axis": "y", "origin": [7.9, 8.875, 7.925]},
			"faces": {
				"north": {"uv": [5, 10.5, 4.75, 11], "texture": "#1"},
				"east": {"uv": [5, 10.5, 4.75, 11], "texture": "#0"},
				"south": {"uv": [4.75, 10.5, 5, 11], "texture": "#0"},
				"west": {"uv": [5, 10.5, 4.75, 11], "texture": "#0"},
				"up": {"uv": [4.75, 10.5, 5, 10.75], "texture": "#0"},
				"down": {"uv": [4.75, 10.75, 5, 11], "texture": "#0"}
			}
		},
		{
			"from": [4.525, 4.75, 7.375],
			"to": [4.775, 5.75, 8.025],
			"rotation": {"angle": -22.5, "axis": "y", "origin": [7.9, 8.875, 7.925]},
			"faces": {
				"north": {"uv": [4.75, 10.25, 4.5, 11.25], "texture": "#1"},
				"east": {"uv": [4.75, 10.25, 4.5, 11.25], "texture": "#0"},
				"south": {"uv": [4.5, 10.25, 4.75, 11.25], "texture": "#0"},
				"west": {"uv": [4.75, 10.25, 4.5, 11.25], "texture": "#0"},
				"up": {"uv": [4.5, 10.25, 4.75, 10.5], "texture": "#0"},
				"down": {"uv": [4.5, 11, 4.75, 11.25], "texture": "#0"}
			}
		},
		{
			"from": [11.275, 4.75, 7.375],
			"to": [11.525, 5.75, 8.025],
			"rotation": {"angle": 22.5, "axis": "y", "origin": [8.15, 8.875, 7.925]},
			"faces": {
				"north": {"uv": [11.25, 10.25, 11, 11.25], "texture": "#1"},
				"east": {"uv": [11.25, 10.25, 11, 11.25], "texture": "#0"},
				"south": {"uv": [11, 10.25, 11.25, 11.25], "texture": "#0"},
				"west": {"uv": [11.25, 10.25, 11, 11.25], "texture": "#0"},
				"up": {"uv": [11, 10.25, 11.25, 10.5], "texture": "#0"},
				"down": {"uv": [11, 11, 11.25, 11.25], "texture": "#0"}
			}
		},
		{
			"from": [11.025, 5, 7.375],
			"to": [11.275, 5.5, 8.025],
			"rotation": {"angle": 22.5, "axis": "y", "origin": [8.15, 8.875, 7.925]},
			"faces": {
				"north": {"uv": [11, 10.5, 10.75, 11], "texture": "#1"},
				"east": {"uv": [11, 10.5, 10.75, 11], "texture": "#0"},
				"south": {"uv": [10.75, 10.5, 11, 11], "texture": "#0"},
				"west": {"uv": [11, 10.5, 10.75, 11], "texture": "#0"},
				"up": {"uv": [10.75, 10.5, 11, 10.75], "texture": "#0"},
				"down": {"uv": [10.75, 10.75, 11, 11], "texture": "#0"}
			}
		},
		{
			"from": [12.025, 3.75, 7.375],
			"to": [12.275, 5.75, 8.025],
			"rotation": {"angle": 22.5, "axis": "y", "origin": [8.15, 8.875, 7.925]},
			"faces": {
				"north": {"uv": [12, 10.25, 11.75, 12.25], "texture": "#1"},
				"east": {"uv": [12, 10.25, 11.75, 12.25], "texture": "#0"},
				"south": {"uv": [11.75, 10.25, 12, 12.25], "texture": "#0"},
				"west": {"uv": [12, 10.25, 11.75, 12.25], "texture": "#0"},
				"up": {"uv": [11.75, 10.25, 12, 10.5], "texture": "#0"},
				"down": {"uv": [11.75, 12, 12, 12.25], "texture": "#0"}
			}
		},
		{
			"from": [11.775, 3.5, 7.375],
			"to": [12.025, 6, 8.025],
			"rotation": {"angle": 22.5, "axis": "y", "origin": [8.15, 8.875, 7.925]},
			"faces": {
				"north": {"uv": [11.75, 10, 11.5, 12.5], "texture": "#1"},
				"east": {"uv": [11.75, 10, 11.5, 12.5], "texture": "#0"},
				"south": {"uv": [11.5, 10, 11.75, 12.5], "texture": "#0"},
				"west": {"uv": [11.75, 10, 11.5, 12.5], "texture": "#0"},
				"up": {"uv": [11.5, 10, 11.75, 10.25], "texture": "#0"},
				"down": {"uv": [11.5, 12.25, 11.75, 12.5], "texture": "#0"}
			}
		},
		{
			"from": [11.525, 3.25, 7.375],
			"to": [11.775, 6, 8.025],
			"rotation": {"angle": 22.5, "axis": "y", "origin": [8.15, 8.875, 7.925]},
			"faces": {
				"north": {"uv": [11.5, 10, 11.25, 12.75], "texture": "#1"},
				"east": {"uv": [11.5, 10, 11.25, 12.75], "texture": "#0"},
				"south": {"uv": [11.25, 10, 11.5, 12.75], "texture": "#0"},
				"west": {"uv": [11.5, 10, 11.25, 12.75], "texture": "#0"},
				"up": {"uv": [11.25, 10, 11.5, 10.25], "texture": "#0"},
				"down": {"uv": [11.25, 12.5, 11.5, 12.75], "texture": "#0"}
			}
		},
		{
			"from": [4.525, 3, 7.375],
			"to": [4.775, 4.25, 8.025],
			"rotation": {"angle": -22.5, "axis": "y", "origin": [7.9, 8.875, 7.925]},
			"faces": {
				"north": {"uv": [4.75, 11.75, 4.5, 13], "texture": "#1"},
				"east": {"uv": [4.75, 11.75, 4.5, 13], "texture": "#0"},
				"south": {"uv": [4.5, 11.75, 4.75, 13], "texture": "#0"},
				"west": {"uv": [4.75, 11.75, 4.5, 13], "texture": "#0"},
				"up": {"uv": [4.5, 11.75, 4.75, 12], "texture": "#0"},
				"down": {"uv": [4.5, 12.75, 4.75, 13], "texture": "#0"}
			}
		},
		{
			"from": [4.775, 2.75, 7.375],
			"to": [5.025, 4, 8.025],
			"rotation": {"angle": -22.5, "axis": "y", "origin": [7.9, 8.875, 7.925]},
			"faces": {
				"north": {"uv": [5, 12, 4.75, 13.25], "texture": "#1"},
				"east": {"uv": [5, 12, 4.75, 13.25], "texture": "#0"},
				"south": {"uv": [4.75, 12, 5, 13.25], "texture": "#0"},
				"west": {"uv": [5, 12, 4.75, 13.25], "texture": "#0"},
				"up": {"uv": [4.75, 12, 5, 12.25], "texture": "#0"},
				"down": {"uv": [4.75, 13, 5, 13.25], "texture": "#0"}
			}
		},
		{
			"from": [5.275, 2.25, 7.375],
			"to": [5.525, 3.5, 8.025],
			"rotation": {"angle": -22.5, "axis": "y", "origin": [7.9, 8.875, 7.925]},
			"faces": {
				"north": {"uv": [5.5, 12.5, 5.25, 13.75], "texture": "#1"},
				"east": {"uv": [5.5, 12.5, 5.25, 13.75], "texture": "#0"},
				"south": {"uv": [5.25, 12.5, 5.5, 13.75], "texture": "#0"},
				"west": {"uv": [5.5, 12.5, 5.25, 13.75], "texture": "#0"},
				"up": {"uv": [5.25, 12.5, 5.5, 12.75], "texture": "#0"},
				"down": {"uv": [5.25, 13.5, 5.5, 13.75], "texture": "#0"}
			}
		},
		{
			"from": [5.025, 2.5, 7.375],
			"to": [5.275, 3.75, 8.025],
			"rotation": {"angle": -22.5, "axis": "y", "origin": [7.9, 8.875, 7.925]},
			"faces": {
				"north": {"uv": [5.25, 12.25, 5, 13.5], "texture": "#1"},
				"east": {"uv": [5.25, 12.25, 5, 13.5], "texture": "#0"},
				"south": {"uv": [5, 12.25, 5.25, 13.5], "texture": "#0"},
				"west": {"uv": [5.25, 12.25, 5, 13.5], "texture": "#0"},
				"up": {"uv": [5, 12.25, 5.25, 12.5], "texture": "#0"},
				"down": {"uv": [5, 13.25, 5.25, 13.5], "texture": "#0"}
			}
		},
		{
			"from": [6.025, 1.5, 7.375],
			"to": [6.275, 2.75, 8.025],
			"rotation": {"angle": -22.5, "axis": "y", "origin": [7.9, 8.875, 7.925]},
			"faces": {
				"north": {"uv": [6.25, 13.25, 6, 14.5], "texture": "#1"},
				"east": {"uv": [6.25, 13.25, 6, 14.5], "texture": "#0"},
				"south": {"uv": [6, 13.25, 6.25, 14.5], "texture": "#0"},
				"west": {"uv": [6.25, 13.25, 6, 14.5], "texture": "#0"},
				"up": {"uv": [6, 13.25, 6.25, 13.5], "texture": "#0"},
				"down": {"uv": [6, 14.25, 6.25, 14.5], "texture": "#0"}
			}
		},
		{
			"from": [5.775, 1.75, 7.375],
			"to": [6.025, 3, 8.025],
			"rotation": {"angle": -22.5, "axis": "y", "origin": [7.9, 8.875, 7.925]},
			"faces": {
				"north": {"uv": [6, 13, 5.75, 14.25], "texture": "#1"},
				"east": {"uv": [6, 13, 5.75, 14.25], "texture": "#0"},
				"south": {"uv": [5.75, 13, 6, 14.25], "texture": "#0"},
				"west": {"uv": [6, 13, 5.75, 14.25], "texture": "#0"},
				"up": {"uv": [5.75, 13, 6, 13.25], "texture": "#0"},
				"down": {"uv": [5.75, 14, 6, 14.25], "texture": "#0"}
			}
		},
		{
			"from": [5.525, 2, 7.375],
			"to": [5.775, 3.25, 8.025],
			"rotation": {"angle": -22.5, "axis": "y", "origin": [7.9, 8.875, 7.925]},
			"faces": {
				"north": {"uv": [5.75, 12.75, 5.5, 14], "texture": "#1"},
				"east": {"uv": [5.75, 12.75, 5.5, 14], "texture": "#0"},
				"south": {"uv": [5.5, 12.75, 5.75, 14], "texture": "#0"},
				"west": {"uv": [5.75, 12.75, 5.5, 14], "texture": "#0"},
				"up": {"uv": [5.5, 12.75, 5.75, 13], "texture": "#0"},
				"down": {"uv": [5.5, 13.75, 5.75, 14], "texture": "#0"}
			}
		},
		{
			"from": [6.275, 1.25, 7.375],
			"to": [6.525, 2.75, 8.025],
			"rotation": {"angle": -22.5, "axis": "y", "origin": [7.9, 8.875, 7.925]},
			"faces": {
				"north": {"uv": [6.5, 13.25, 6.25, 14.75], "texture": "#1"},
				"east": {"uv": [6.5, 13.25, 6.25, 14.75], "texture": "#0"},
				"south": {"uv": [6.25, 13.25, 6.5, 14.75], "texture": "#0"},
				"west": {"uv": [6.5, 13.25, 6.25, 14.75], "texture": "#0"},
				"up": {"uv": [6.25, 13.25, 6.5, 13.5], "texture": "#0"},
				"down": {"uv": [6.25, 14.5, 6.5, 14.75], "texture": "#0"}
			}
		},
		{
			"from": [9.525, 1.25, 7.375],
			"to": [9.775, 2.75, 8.025],
			"rotation": {"angle": 22.5, "axis": "y", "origin": [8.15, 8.875, 7.925]},
			"faces": {
				"north": {"uv": [9.5, 13.25, 9.25, 14.75], "texture": "#1"},
				"east": {"uv": [9.5, 13.25, 9.25, 14.75], "texture": "#0"},
				"south": {"uv": [9.25, 13.25, 9.5, 14.75], "texture": "#0"},
				"west": {"uv": [9.5, 13.25, 9.25, 14.75], "texture": "#0"},
				"up": {"uv": [9.25, 13.25, 9.5, 13.5], "texture": "#0"},
				"down": {"uv": [9.25, 14.5, 9.5, 14.75], "texture": "#0"}
			}
		},
		{
			"from": [11.275, 3, 7.375],
			"to": [11.525, 4.25, 8.025],
			"rotation": {"angle": 22.5, "axis": "y", "origin": [8.15, 8.875, 7.925]},
			"faces": {
				"north": {"uv": [11.25, 11.75, 11, 13], "texture": "#1"},
				"east": {"uv": [11.25, 11.75, 11, 13], "texture": "#0"},
				"south": {"uv": [11, 11.75, 11.25, 13], "texture": "#0"},
				"west": {"uv": [11.25, 11.75, 11, 13], "texture": "#0"},
				"up": {"uv": [11, 11.75, 11.25, 12], "texture": "#0"},
				"down": {"uv": [11, 12.75, 11.25, 13], "texture": "#0"}
			}
		},
		{
			"from": [11.025, 2.75, 7.375],
			"to": [11.275, 4, 8.025],
			"rotation": {"angle": 22.5, "axis": "y", "origin": [8.15, 8.875, 7.925]},
			"faces": {
				"north": {"uv": [11, 12, 10.75, 13.25], "texture": "#1"},
				"east": {"uv": [11, 12, 10.75, 13.25], "texture": "#0"},
				"south": {"uv": [10.75, 12, 11, 13.25], "texture": "#0"},
				"west": {"uv": [11, 12, 10.75, 13.25], "texture": "#0"},
				"up": {"uv": [10.75, 12, 11, 12.25], "texture": "#0"},
				"down": {"uv": [10.75, 13, 11, 13.25], "texture": "#0"}
			}
		},
		{
			"from": [10.775, 2.5, 7.375],
			"to": [11.025, 3.75, 8.025],
			"rotation": {"angle": 22.5, "axis": "y", "origin": [8.15, 8.875, 7.925]},
			"faces": {
				"north": {"uv": [10.75, 12.25, 10.5, 13.5], "texture": "#1"},
				"east": {"uv": [10.75, 12.25, 10.5, 13.5], "texture": "#0"},
				"south": {"uv": [10.5, 12.25, 10.75, 13.5], "texture": "#0"},
				"west": {"uv": [10.75, 12.25, 10.5, 13.5], "texture": "#0"},
				"up": {"uv": [10.5, 12.25, 10.75, 12.5], "texture": "#0"},
				"down": {"uv": [10.5, 13.25, 10.75, 13.5], "texture": "#0"}
			}
		},
		{
			"from": [10.525, 2.25, 7.375],
			"to": [10.775, 3.5, 8.025],
			"rotation": {"angle": 22.5, "axis": "y", "origin": [8.15, 8.875, 7.925]},
			"faces": {
				"north": {"uv": [10.5, 12.5, 10.25, 13.75], "texture": "#1"},
				"east": {"uv": [10.5, 12.5, 10.25, 13.75], "texture": "#0"},
				"south": {"uv": [10.25, 12.5, 10.5, 13.75], "texture": "#0"},
				"west": {"uv": [10.5, 12.5, 10.25, 13.75], "texture": "#0"},
				"up": {"uv": [10.25, 12.5, 10.5, 12.75], "texture": "#0"},
				"down": {"uv": [10.25, 13.5, 10.5, 13.75], "texture": "#0"}
			}
		},
		{
			"from": [10.275, 2, 7.375],
			"to": [10.525, 3.25, 8.025],
			"rotation": {"angle": 22.5, "axis": "y", "origin": [8.15, 8.875, 7.925]},
			"faces": {
				"north": {"uv": [10.25, 12.75, 10, 14], "texture": "#1"},
				"east": {"uv": [10.25, 12.75, 10, 14], "texture": "#0"},
				"south": {"uv": [10, 12.75, 10.25, 14], "texture": "#0"},
				"west": {"uv": [10.25, 12.75, 10, 14], "texture": "#0"},
				"up": {"uv": [10, 12.75, 10.25, 13], "texture": "#0"},
				"down": {"uv": [10, 13.75, 10.25, 14], "texture": "#0"}
			}
		},
		{
			"from": [10.025, 1.75, 7.375],
			"to": [10.275, 3, 8.025],
			"rotation": {"angle": 22.5, "axis": "y", "origin": [8.15, 8.875, 7.925]},
			"faces": {
				"north": {"uv": [10, 13, 9.75, 14.25], "texture": "#1"},
				"east": {"uv": [10, 13, 9.75, 14.25], "texture": "#0"},
				"south": {"uv": [9.75, 13, 10, 14.25], "texture": "#0"},
				"west": {"uv": [10, 13, 9.75, 14.25], "texture": "#0"},
				"up": {"uv": [9.75, 13, 10, 13.25], "texture": "#0"},
				"down": {"uv": [9.75, 14, 10, 14.25], "texture": "#0"}
			}
		},
		{
			"from": [9.775, 1.5, 7.375],
			"to": [10.025, 2.75, 8.025],
			"rotation": {"angle": 22.5, "axis": "y", "origin": [8.15, 8.875, 7.925]},
			"faces": {
				"north": {"uv": [9.75, 13.25, 9.5, 14.5], "texture": "#1"},
				"east": {"uv": [9.75, 13.25, 9.5, 14.5], "texture": "#0"},
				"south": {"uv": [9.5, 13.25, 9.75, 14.5], "texture": "#0"},
				"west": {"uv": [9.75, 13.25, 9.5, 14.5], "texture": "#0"},
				"up": {"uv": [9.5, 13.25, 9.75, 13.5], "texture": "#0"},
				"down": {"uv": [9.5, 14.25, 9.75, 14.5], "texture": "#0"}
			}
		},
		{
			"from": [9.15, 1, 6.85],
			"to": [9.4, 2.5, 7.5],
			"rotation": {"angle": 0, "axis": "y", "origin": [8.025, 8.875, 7.4]},
			"faces": {
				"north": {"uv": [6.75, 13.5, 6.5, 15], "texture": "#1"},
				"east": {"uv": [6.75, 13.5, 6.5, 15], "texture": "#0"},
				"south": {"uv": [6.5, 13.5, 6.75, 15], "texture": "#0"},
				"west": {"uv": [6.75, 13.5, 6.5, 15], "texture": "#0"},
				"up": {"uv": [6.5, 13.5, 6.75, 13.75], "texture": "#0"},
				"down": {"uv": [6.5, 14.75, 6.75, 15], "texture": "#0"}
			}
		},
		{
			"from": [8.9, 0.75, 6.85],
			"to": [9.15, 2.5, 7.5],
			"rotation": {"angle": 0, "axis": "y", "origin": [8.025, 8.875, 7.4]},
			"faces": {
				"north": {"uv": [7, 13.5, 6.75, 15.25], "texture": "#1"},
				"east": {"uv": [7, 13.5, 6.75, 15.25], "texture": "#0"},
				"south": {"uv": [6.75, 13.5, 7, 15.25], "texture": "#0"},
				"west": {"uv": [7, 13.5, 6.75, 15.25], "texture": "#0"},
				"up": {"uv": [6.75, 13.5, 7, 13.75], "texture": "#0"},
				"down": {"uv": [6.75, 15, 7, 15.25], "texture": "#0"}
			}
		},
		{
			"from": [7.15, 0.5, 6.85],
			"to": [7.4, 3, 7.5],
			"rotation": {"angle": 0, "axis": "y", "origin": [8.025, 8.875, 7.4]},
			"faces": {
				"north": {"uv": [8.75, 13, 8.5, 15.5], "texture": "#1"},
				"east": {"uv": [8.75, 13, 8.5, 15.5], "texture": "#0"},
				"south": {"uv": [8.5, 13, 8.75, 15.5], "texture": "#0"},
				"west": {"uv": [8.75, 13, 8.5, 15.5], "texture": "#0"},
				"up": {"uv": [8.5, 13, 8.75, 13.25], "texture": "#0"},
				"down": {"uv": [8.5, 15.25, 8.75, 15.5], "texture": "#0"}
			}
		},
		{
			"from": [8.4, 0.25, 6.85],
			"to": [8.65, 3.5, 7.5],
			"rotation": {"angle": 0, "axis": "y", "origin": [8.025, 8.875, 7.4]},
			"faces": {
				"north": {"uv": [7.5, 12.5, 7.25, 15.75], "texture": "#1"},
				"east": {"uv": [7.5, 12.5, 7.25, 15.75], "texture": "#0"},
				"south": {"uv": [7.25, 12.5, 7.5, 15.75], "texture": "#0"},
				"west": {"uv": [7.5, 12.5, 7.25, 15.75], "texture": "#0"},
				"up": {"uv": [7.25, 12.5, 7.5, 12.75], "texture": "#0"},
				"down": {"uv": [7.25, 15.5, 7.5, 15.75], "texture": "#0"}
			}
		},
		{
			"from": [7.9, 0, 6.85],
			"to": [8.15, 3.5, 7.5],
			"rotation": {"angle": 0, "axis": "y", "origin": [8.025, 8.875, 7.4]},
			"faces": {
				"north": {"uv": [8, 12.5, 7.75, 16], "texture": "#1"},
				"east": {"uv": [8, 12.5, 7.75, 16], "texture": "#0"},
				"south": {"uv": [7.75, 12.5, 8, 16], "texture": "#0"},
				"west": {"uv": [8, 12.5, 7.75, 16], "texture": "#0"},
				"up": {"uv": [7.75, 12.5, 8, 12.75], "texture": "#0"},
				"down": {"uv": [7.75, 15.75, 8, 16], "texture": "#0"}
			}
		},
		{
			"from": [8.15, 0, 6.85],
			"to": [8.4, 3.5, 7.5],
			"rotation": {"angle": 0, "axis": "y", "origin": [8.025, 8.875, 7.4]},
			"faces": {
				"north": {"uv": [7.75, 12.5, 7.5, 16], "texture": "#1"},
				"east": {"uv": [7.75, 12.5, 7.5, 16], "texture": "#0"},
				"south": {"uv": [7.5, 12.5, 7.75, 16], "texture": "#0"},
				"west": {"uv": [7.75, 12.5, 7.5, 16], "texture": "#0"},
				"up": {"uv": [7.5, 12.5, 7.75, 12.75], "texture": "#0"},
				"down": {"uv": [7.5, 15.75, 7.75, 16], "texture": "#0"}
			}
		},
		{
			"from": [7.65, 0, 6.85],
			"to": [7.9, 3.5, 7.5],
			"rotation": {"angle": 0, "axis": "y", "origin": [8.025, 8.875, 7.4]},
			"faces": {
				"north": {"uv": [8.25, 12.5, 8, 16], "texture": "#1"},
				"east": {"uv": [8.25, 12.5, 8, 16], "texture": "#0"},
				"south": {"uv": [8, 12.5, 8.25, 16], "texture": "#0"},
				"west": {"uv": [8.25, 12.5, 8, 16], "texture": "#0"},
				"up": {"uv": [8, 12.5, 8.25, 12.75], "texture": "#0"},
				"down": {"uv": [8, 15.75, 8.25, 16], "texture": "#0"}
			}
		},
		{
			"from": [7.4, 0.25, 6.85],
			"to": [7.65, 3.5, 7.5],
			"rotation": {"angle": 0, "axis": "y", "origin": [8.025, 8.875, 7.4]},
			"faces": {
				"north": {"uv": [8.5, 12.5, 8.25, 15.75], "texture": "#1"},
				"east": {"uv": [8.5, 12.5, 8.25, 15.75], "texture": "#0"},
				"south": {"uv": [8.25, 12.5, 8.5, 15.75], "texture": "#0"},
				"west": {"uv": [8.5, 12.5, 8.25, 15.75], "texture": "#0"},
				"up": {"uv": [8.25, 12.5, 8.5, 12.75], "texture": "#0"},
				"down": {"uv": [8.25, 15.5, 8.5, 15.75], "texture": "#0"}
			}
		},
		{
			"from": [8.65, 0.5, 6.85],
			"to": [8.9, 3, 7.5],
			"rotation": {"angle": 0, "axis": "y", "origin": [8.025, 8.875, 7.4]},
			"faces": {
				"north": {"uv": [7.25, 13, 7, 15.5], "texture": "#1"},
				"east": {"uv": [7.25, 13, 7, 15.5], "texture": "#0"},
				"south": {"uv": [7, 13, 7.25, 15.5], "texture": "#0"},
				"west": {"uv": [7.25, 13, 7, 15.5], "texture": "#0"},
				"up": {"uv": [7, 13, 7.25, 13.25], "texture": "#0"},
				"down": {"uv": [7, 15.25, 7.25, 15.5], "texture": "#0"}
			}
		},
		{
			"from": [6.9, 0.75, 6.85],
			"to": [7.15, 2.5, 7.5],
			"rotation": {"angle": 0, "axis": "y", "origin": [8.025, 8.875, 7.4]},
			"faces": {
				"north": {"uv": [9, 13.5, 8.75, 15.25], "texture": "#1"},
				"east": {"uv": [9, 13.5, 8.75, 15.25], "texture": "#0"},
				"south": {"uv": [8.75, 13.5, 9, 15.25], "texture": "#0"},
				"west": {"uv": [9, 13.5, 8.75, 15.25], "texture": "#0"},
				"up": {"uv": [8.75, 13.5, 9, 13.75], "texture": "#0"},
				"down": {"uv": [8.75, 15, 9, 15.25], "texture": "#0"}
			}
		},
		{
			"from": [6.65, 1, 6.85],
			"to": [6.9, 2.5, 7.5],
			"rotation": {"angle": 0, "axis": "y", "origin": [8.025, 8.875, 7.4]},
			"faces": {
				"north": {"uv": [9.25, 13.5, 9, 15], "texture": "#1"},
				"east": {"uv": [9.25, 13.5, 9, 15], "texture": "#0"},
				"south": {"uv": [9, 13.5, 9.25, 15], "texture": "#0"},
				"west": {"uv": [9.25, 13.5, 9, 15], "texture": "#0"},
				"up": {"uv": [9, 13.5, 9.25, 13.75], "texture": "#0"},
				"down": {"uv": [9, 14.75, 9.25, 15], "texture": "#0"}
			}
		},
		{
			"from": [6.65, 2.5, 7],
			"to": [9.4, 13.25, 7.35],
			"rotation": {"angle": 0, "axis": "y", "origin": [8.025, 8.875, 7.4]},
			"faces": {
				"north": {"uv": [9.25, 2.75, 6.5, 13.5], "texture": "#1"},
				"east": {"uv": [9.25, 2.75, 9, 13.5], "texture": "#0"},
				"south": {"uv": [6.5, 2.75, 9.25, 13.5], "texture": "#0"},
				"west": {"uv": [6.75, 2.75, 6.5, 13.5], "texture": "#0"},
				"up": {"uv": [6.5, 2.75, 9.25, 3], "texture": "#0"},
				"down": {"uv": [6.5, 13.25, 9.25, 13.5], "texture": "#0"}
			}
		},
		{
			"from": [5.275, 2.75, 7.525],
			"to": [6.525, 13.5, 7.875],
			"rotation": {"angle": -22.5, "axis": "y", "origin": [7.9, 8.875, 7.925]},
			"faces": {
				"north": {"uv": [6.5, 2.5, 5.25, 13.25], "texture": "#1"},
				"east": {"uv": [6.5, 2.5, 6.25, 13.25], "texture": "#0"},
				"south": {"uv": [5.25, 2.5, 6.5, 13.25], "texture": "#0"},
				"west": {"uv": [5.5, 2.5, 5.25, 13.25], "texture": "#0"},
				"up": {"uv": [5.25, 2.5, 6.5, 2.75], "texture": "#0"},
				"down": {"uv": [5.25, 13, 6.5, 13.25], "texture": "#0"}
			}
		},
		{
			"from": [9.525, 2.75, 7.525],
			"to": [10.775, 13.5, 7.875],
			"rotation": {"angle": 22.5, "axis": "y", "origin": [8.15, 8.875, 7.925]},
			"faces": {
				"north": {"uv": [10.5, 2.5, 9.25, 13.25], "texture": "#1"},
				"east": {"uv": [10.5, 2.5, 10.25, 13.25], "texture": "#0"},
				"south": {"uv": [9.25, 2.5, 10.5, 13.25], "texture": "#0"},
				"west": {"uv": [9.5, 2.5, 9.25, 13.25], "texture": "#0"},
				"up": {"uv": [9.25, 2.5, 10.5, 2.75], "texture": "#0"},
				"down": {"uv": [9.25, 13, 10.5, 13.25], "texture": "#0"}
			}
		},
		{
			"from": [4.025, 3.75, 7.525],
			"to": [5.275, 12.75, 7.875],
			"rotation": {"angle": -22.5, "axis": "y", "origin": [7.9, 8.875, 7.925]},
			"faces": {
				"north": {"uv": [5.25, 3.25, 4, 12.25], "texture": "#1"},
				"east": {"uv": [5.25, 3.25, 5, 12.25], "texture": "#0"},
				"south": {"uv": [4, 3.25, 5.25, 12.25], "texture": "#0"},
				"west": {"uv": [4.25, 3.25, 4, 12.25], "texture": "#0"},
				"up": {"uv": [4, 3.25, 5.25, 3.5], "texture": "#0"},
				"down": {"uv": [4, 12, 5.25, 12.25], "texture": "#0"}
			}
		},
		{
			"from": [10.775, 3.75, 7.525],
			"to": [12.025, 12.75, 7.875],
			"rotation": {"angle": 22.5, "axis": "y", "origin": [8.15, 8.875, 7.925]},
			"faces": {
				"north": {"uv": [11.75, 3.25, 10.5, 12.25], "texture": "#1"},
				"east": {"uv": [11.75, 3.25, 11.5, 12.25], "texture": "#0"},
				"south": {"uv": [10.5, 3.25, 11.75, 12.25], "texture": "#0"},
				"west": {"uv": [10.75, 3.25, 10.5, 12.25], "texture": "#0"},
				"up": {"uv": [10.5, 3.25, 11.75, 3.5], "texture": "#0"},
				"down": {"uv": [10.5, 12, 11.75, 12.25], "texture": "#0"}
			}
		},
		{
			"from": [2.775, 6.25, 7.525],
			"to": [4.025, 12.75, 7.875],
			"rotation": {"angle": -22.5, "axis": "y", "origin": [7.9, 8.875, 7.925]},
			"faces": {
				"north": {"uv": [4, 3.25, 2.75, 9.75], "texture": "#1"},
				"east": {"uv": [4, 3.25, 3.75, 9.75], "texture": "#0"},
				"south": {"uv": [2.75, 3.25, 4, 9.75], "texture": "#0"},
				"west": {"uv": [3, 3.25, 2.75, 9.75], "texture": "#0"},
				"up": {"uv": [2.75, 3.25, 4, 3.5], "texture": "#0"},
				"down": {"uv": [2.75, 9.5, 4, 9.75], "texture": "#0"}
			}
		},
		{
			"from": [12.025, 6.25, 7.525],
			"to": [13.275, 12.75, 7.875],
			"rotation": {"angle": 22.5, "axis": "y", "origin": [8.15, 8.875, 7.925]},
			"faces": {
				"north": {"uv": [13, 3.25, 11.75, 9.75], "texture": "#1"},
				"east": {"uv": [13, 3.25, 12.75, 9.75], "texture": "#0"},
				"south": {"uv": [11.75, 3.25, 13, 9.75], "texture": "#0"},
				"west": {"uv": [12, 3.25, 11.75, 9.75], "texture": "#0"},
				"up": {"uv": [11.75, 3.25, 13, 3.5], "texture": "#0"},
				"down": {"uv": [11.75, 9.5, 13, 9.75], "texture": "#0"}
			}
		},
		{
			"from": [3.025, 5, 7.525],
			"to": [4.025, 6.25, 7.875],
			"rotation": {"angle": -22.5, "axis": "y", "origin": [7.9, 8.875, 7.925]},
			"faces": {
				"north": {"uv": [4, 9.75, 3, 11], "texture": "#1"},
				"east": {"uv": [4, 9.75, 3.75, 11], "texture": "#0"},
				"south": {"uv": [3, 9.75, 4, 11], "texture": "#0"},
				"west": {"uv": [3.25, 9.75, 3, 11], "texture": "#0"},
				"up": {"uv": [3, 9.75, 4, 10], "texture": "#0"},
				"down": {"uv": [3, 10.75, 4, 11], "texture": "#0"}
			}
		},
		{
			"from": [12.025, 5, 7.525],
			"to": [13.025, 6.25, 7.875],
			"rotation": {"angle": 22.5, "axis": "y", "origin": [8.15, 8.875, 7.925]},
			"faces": {
				"north": {"uv": [12.75, 9.75, 11.75, 11], "texture": "#1"},
				"east": {"uv": [12.75, 9.75, 12.5, 11], "texture": "#0"},
				"south": {"uv": [11.75, 9.75, 12.75, 11], "texture": "#0"},
				"west": {"uv": [12, 9.75, 11.75, 11], "texture": "#0"},
				"up": {"uv": [11.75, 9.75, 12.75, 10], "texture": "#0"},
				"down": {"uv": [11.75, 10.75, 12.75, 11], "texture": "#0"}
			}
		}
	],
	"gui_light": "front",
	"overrides": [
		{"predicate": {"blocking": 1}, "model": "item/shield_blocking"}
	],
	"display": {
		"thirdperson_righthand": {
			"rotation": [0, 110, 0],
			"translation": [3.75, -2.5, 1],
			"scale": [1.3, 1.3, 1.2]
		},
		"thirdperson_lefthand": {
			"rotation": [0, 110, 0],
			"translation": [3.75, -2.5, 1],
			"scale": [1.3, 1.3, 1.2]
		},
		"firstperson_righthand": {
			"rotation": [0, 95, 0],
			"translation": [3.5, -2.5, -1],
			"scale": [1.2, 1.2, 1.2]
		},
		"firstperson_lefthand": {
			"rotation": [0, 95, 0],
			"translation": [3.5, -2.5, -1],
			"scale": [1.2, 1.2, 1.2]
		},
		"ground": {
			"translation": [0, 1, 0],
			"scale": [0.55, 0.55, 0.55]
		},
		"gui": {
			"rotation": [0, -20, -10],
			"translation": [-0.5, 0, 0]
		},
		"fixed": {
			"rotation": [0, -180, 0],
			"translation": [0, 1, -5.25],
			"scale": [2, 2, 2]
		}
	}
}